cancellation_id,booking_id,driver_id,cancelled_by,cancellation_stage,cancellation_reason,cancellation_fee_charged_inr,dispute_flag
CAN_000002,BK_000002,DRV_0144,Rider,Driver_Arrived,Driver_Not_Moving,50.0,Y
CAN_000006,BK_000006,UNASSIGNED,System,Before_Assignment,Driver_Assignment_Timeout_Exceeded,0.0,N
CAN_000012,BK_000012,DRV_0162,Driver,Driver_En_Route,Driver_Refused_Drop_Location,0.0,N
CAN_000015,BK_000015,DRV_0085,Driver,Driver_En_Route,Vehicle_Mechanical_Issue,0.0,N
CAN_000031,BK_000031,DRV_0017,Rider,Before_Assignment,Driver_Not_Moving,0.0,N
CAN_000032,BK_000032,DRV_0118,Driver,Driver_Arrived,Traffic_Gridlock_En_Route,0.0,N
CAN_000033,BK_000033,DRV_0275,Driver,Driver_En_Route,Vehicle_Mechanical_Issue,0.0,N
CAN_000034,BK_000034,DRV_0241,Driver,Driver_En_Route,Driver_Demanded_Cash_Offline,0.0,N
CAN_000035,BK_000035,DRV_0319,Driver,Driver_En_Route,Driver_Refused_Drop_Location,0.0,N
CAN_000038,BK_000038,DRV_0250,Driver,Driver_Arrived,Driver_Refused_Drop_Location,0.0,N
CAN_000046,BK_000046,DRV_0010,Driver,Driver_En_Route,Driver_Demanded_Cash_Offline,0.0,N
CAN_000050,BK_000050,DRV_0057,Driver,Driver_En_Route,Traffic_Gridlock_En_Route,0.0,N
CAN_000053,BK_000053,DRV_0167,Driver,Driver_En_Route,Traffic_Gridlock_En_Route,0.0,N
CAN_000054,BK_000054,DRV_0096,Rider,Driver_Arrived,Booked_Alternative_Ride,50.0,N
CAN_000058,BK_000058,UNASSIGNED,System,Before_Assignment,Driver_Assignment_Timeout_Exceeded,0.0,N
CAN_000059,BK_000059,DRV_0001,Driver,Driver_Arrived,Vehicle_Mechanical_Issue,0.0,N
CAN_000060,BK_000060,DRV_0225,Driver,Driver_En_Route,Traffic_Gridlock_En_Route,0.0,N
CAN_000061,BK_000061,DRV_0070,Driver,Driver_En_Route,Driver_Refused_Drop_Location,0.0,N
CAN_000063,BK_000063,DRV_0030,Rider,Driver_En_Route,High_ETA_Long_Wait_Time,0.0,N
CAN_000067,BK_000067,DRV_0259,Rider,Driver_En_Route,Change_of_Plans,0.0,N
CAN_000079,BK_000079,DRV_0183,Rider,Before_Assignment,Change_of_Plans,0.0,N
CAN_000088,BK_000088,UNASSIGNED,System,Before_Assignment,Driver_Assignment_Timeout_Exceeded,0.0,N
CAN_000089,BK_000089,DRV_0236,Driver,Driver_Arrived,Driver_Refused_Drop_Location,0.0,N
CAN_000096,BK_000096,DRV_0238,Driver,Driver_En_Route,Driver_Refused_Drop_Location,0.0,N
CAN_000097,BK_000097,DRV_0053,Driver,Driver_En_Route,Traffic_Gridlock_En_Route,0.0,N
CAN_000100,BK_000100,DRV_0275,Rider,Before_Assignment,High_ETA_Long_Wait_Time,0.0,N
CAN_000101,BK_000101,DRV_0035,Rider,Before_Assignment,High_ETA_Long_Wait_Time,0.0,N
CAN_000103,BK_000103,DRV_0175,Driver,Driver_Arrived,Driver_Demanded_Cash_Offline,0.0,N
CAN_000106,BK_000106,DRV_0152,Rider,Before_Assignment,Booked_Alternative_Ride,0.0,N
CAN_000108,BK_000108,DRV_0248,Driver,Driver_Arrived,Driver_Refused_Drop_Location,0.0,N
CAN_000110,BK_000110,DRV_0306,Driver,Driver_En_Route,Driver_Refused_Drop_Location,0.0,N
CAN_000111,BK_000111,UNASSIGNED,System,Before_Assignment,Driver_Assignment_Timeout_Exceeded,0.0,N
CAN_000112,BK_000112,DRV_0077,Driver,Driver_Arrived,Traffic_Gridlock_En_Route,0.0,N
CAN_000116,BK_000116,DRV_0184,Driver,Driver_En_Route,Driver_Refused_Drop_Location,0.0,N
CAN_000129,BK_000129,DRV_0022,Driver,Driver_Arrived,Driver_Refused_Drop_Location,0.0,N
CAN_000132,BK_000132,UNASSIGNED,System,Before_Assignment,Driver_Assignment_Timeout_Exceeded,0.0,N
CAN_000135,BK_000135,DRV_0227,Driver,Driver_Arrived,Traffic_Gridlock_En_Route,0.0,N
CAN_000138,BK_000138,DRV_0047,Rider,Before_Assignment,Booked_Alternative_Ride,0.0,N
CAN_000140,BK_000140,DRV_0151,Rider,Driver_Arrived,Booked_Alternative_Ride,50.0,Y
CAN_000143,BK_000143,UNASSIGNED,System,Before_Assignment,Driver_Assignment_Timeout_Exceeded,0.0,N
CAN_000146,BK_000146,DRV_0205,Driver,Driver_En_Route,Traffic_Gridlock_En_Route,0.0,N
CAN_000151,BK_000151,DRV_0234,Driver,Driver_En_Route,Driver_Refused_Drop_Location,0.0,N
CAN_000152,BK_000152,DRV_0008,Driver,Driver_En_Route,Vehicle_Mechanical_Issue,0.0,N
CAN_000159,BK_000159,DRV_0072,Rider,Driver_Arrived,Driver_Not_Moving,50.0,Y
CAN_000161,BK_000161,DRV_0298,Rider,Driver_Arrived,Booked_Alternative_Ride,50.0,N
CAN_000163,BK_000163,DRV_0150,Driver,Driver_Arrived,Traffic_Gridlock_En_Route,0.0,N
CAN_000173,BK_000173,UNASSIGNED,System,Before_Assignment,Driver_Assignment_Timeout_Exceeded,0.0,N
CAN_000181,BK_000181,DRV_0055,Rider,Driver_Arrived,High_ETA_Long_Wait_Time,50.0,N
CAN_000185,BK_000185,DRV_0059,Rider,Before_Assignment,Booked_Alternative_Ride,0.0,N
CAN_000186,BK_000186,DRV_0136,Rider,Driver_En_Route,Change_of_Plans,0.0,N
CAN_000192,BK_000192,DRV_0180,Rider,Before_Assignment,High_ETA_Long_Wait_Time,0.0,N
CAN_000194,BK_000194,UNASSIGNED,System,Before_Assignment,Driver_Assignment_Timeout_Exceeded,0.0,N
CAN_000200,BK_000200,DRV_0069,Rider,Driver_Arrived,Driver_Not_Moving,50.0,N
CAN_000203,BK_000203,DRV_0269,Rider,Driver_En_Route,Booked_Alternative_Ride,0.0,N
CAN_000210,BK_000210,DRV_0298,Driver,Driver_Arrived,Driver_Refused_Drop_Location,0.0,N
CAN_000211,BK_000211,DRV_0074,Rider,Driver_En_Route,Change_of_Plans,0.0,N
CAN_000212,BK_000212,DRV_0227,Rider,Driver_En_Route,High_ETA_Long_Wait_Time,0.0,N
CAN_000215,BK_000215,DRV_0286,Rider,Driver_Arrived,Driver_Not_Moving,50.0,N
CAN_000221,BK_000221,DRV_0060,Driver,Driver_En_Route,Driver_Demanded_Cash_Offline,0.0,N
CAN_000222,BK_000222,DRV_0090,Rider,Driver_En_Route,Booked_Alternative_Ride,0.0,N
CAN_000230,BK_000230,DRV_0251,Driver,Driver_Arrived,Traffic_Gridlock_En_Route,0.0,N
CAN_000233,BK_000233,DRV_0126,Driver,Driver_En_Route,Vehicle_Mechanical_Issue,0.0,N
CAN_000235,BK_000235,DRV_0055,Rider,Before_Assignment,Change_of_Plans,0.0,N
CAN_000236,BK_000236,DRV_0089,Rider,Driver_En_Route,High_ETA_Long_Wait_Time,0.0,N
CAN_000241,BK_000241,DRV_0295,Rider,Driver_Arrived,Driver_Not_Moving,50.0,N
CAN_000243,BK_000243,DRV_0275,Rider,Before_Assignment,Booked_Alternative_Ride,0.0,N
CAN_000257,BK_000257,DRV_0138,Driver,Driver_En_Route,Vehicle_Mechanical_Issue,0.0,N
CAN_000263,BK_000263,DRV_0157,Driver,Driver_En_Route,Driver_Refused_Drop_Location,0.0,N
CAN_000265,BK_000265,DRV_0293,Driver,Driver_En_Route,Driver_Refused_Drop_Location,0.0,N
CAN_000272,BK_000272,DRV_0269,Driver,Driver_Arrived,Driver_Refused_Drop_Location,0.0,N
CAN_000273,BK_000273,DRV_0091,Driver,Driver_En_Route,Traffic_Gridlock_En_Route,0.0,N
CAN_000281,BK_000281,DRV_0271,Driver,Driver_En_Route,Traffic_Gridlock_En_Route,0.0,N
CAN_000282,BK_000282,DRV_0204,Driver,Driver_En_Route,Driver_Refused_Drop_Location,0.0,N
CAN_000285,BK_000285,DRV_0245,Rider,Before_Assignment,Driver_Not_Moving,0.0,N
CAN_000288,BK_000288,DRV_0260,Driver,Driver_En_Route,Driver_Refused_Drop_Location,0.0,N
CAN_000290,BK_000290,DRV_0040,Rider,Driver_En_Route,Booked_Alternative_Ride,0.0,N
CAN_000293,BK_000293,UNASSIGNED,System,Before_Assignment,Driver_Assignment_Timeout_Exceeded,0.0,N
CAN_000303,BK_000303,DRV_0030,Driver,Driver_En_Route,Vehicle_Mechanical_Issue,0.0,N
CAN_000304,BK_000304,DRV_0209,Driver,Driver_En_Route,Driver_Demanded_Cash_Offline,0.0,N
CAN_000308,BK_000308,DRV_0005,Driver,Driver_En_Route,Traffic_Gridlock_En_Route,0.0,N
CAN_000314,BK_000314,DRV_0286,Driver,Driver_Arrived,Driver_Refused_Drop_Location,0.0,N
CAN_000315,BK_000315,DRV_0102,Driver,Driver_En_Route,Vehicle_Mechanical_Issue,0.0,N
CAN_000320,BK_000320,DRV_0251,Rider,Before_Assignment,High_ETA_Long_Wait_Time,0.0,N
CAN_000323,BK_000323,DRV_0174,Driver,Driver_Arrived,Driver_Demanded_Cash_Offline,0.0,N
CAN_000330,BK_000330,DRV_0015,Driver,Driver_Arrived,Vehicle_Mechanical_Issue,0.0,N
CAN_000334,BK_000334,DRV_0156,Driver,Driver_En_Route,Driver_Refused_Drop_Location,0.0,N
CAN_000343,BK_000343,DRV_0043,Rider,Driver_Arrived,Driver_Not_Moving,50.0,N
CAN_000344,BK_000344,DRV_0153,Rider,Driver_En_Route,High_ETA_Long_Wait_Time,0.0,N
CAN_000346,BK_000346,DRV_0052,Driver,Driver_Arrived,Driver_Demanded_Cash_Offline,0.0,N
CAN_000350,BK_000350,DRV_0142,Driver,Driver_En_Route,Driver_Refused_Drop_Location,0.0,N
CAN_000351,BK_000351,DRV_0063,Rider,Driver_En_Route,High_ETA_Long_Wait_Time,0.0,N
CAN_000357,BK_000357,DRV_0174,Rider,Driver_En_Route,Driver_Not_Moving,0.0,N
CAN_000358,BK_000358,DRV_0107,Rider,Driver_Arrived,High_ETA_Long_Wait_Time,50.0,Y
CAN_000363,BK_000363,DRV_0236,Rider,Driver_En_Route,Change_of_Plans,0.0,N
CAN_000367,BK_000367,DRV_0173,Driver,Driver_En_Route,Traffic_Gridlock_En_Route,0.0,N
CAN_000374,BK_000374,DRV_0086,Driver,Driver_Arrived,Driver_Demanded_Cash_Offline,0.0,N
CAN_000381,BK_000381,DRV_0031,Driver,Driver_En_Route,Driver_Demanded_Cash_Offline,0.0,N
CAN_000386,BK_000386,UNASSIGNED,System,Before_Assignment,Driver_Assignment_Timeout_Exceeded,0.0,N
CAN_000388,BK_000388,DRV_0195,Driver,Driver_Arrived,Traffic_Gridlock_En_Route,0.0,N
CAN_000394,BK_000394,DRV_0234,Rider,Driver_Arrived,Booked_Alternative_Ride,50.0,N
CAN_000397,BK_000397,DRV_0097,Driver,Driver_En_Route,Traffic_Gridlock_En_Route,0.0,N
CAN_000404,BK_000404,DRV_0172,Driver,Driver_En_Route,Driver_Demanded_Cash_Offline,0.0,N
CAN_000405,BK_000405,DRV_0002,Rider,Before_Assignment,Change_of_Plans,0.0,N
CAN_000411,BK_000411,UNASSIGNED,System,Before_Assignment,Driver_Assignment_Timeout_Exceeded,0.0,N
CAN_000413,BK_000413,DRV_0075,Driver,Driver_Arrived,Traffic_Gridlock_En_Route,0.0,N
CAN_000417,BK_000417,UNASSIGNED,System,Before_Assignment,Driver_Assignment_Timeout_Exceeded,0.0,N
CAN_000418,BK_000418,UNASSIGNED,System,Before_Assignment,Driver_Assignment_Timeout_Exceeded,0.0,N
CAN_000419,BK_000419,UNASSIGNED,System,Before_Assignment,Driver_Assignment_Timeout_Exceeded,0.0,N
CAN_000427,BK_000427,DRV_0053,Driver,Driver_Arrived,Driver_Demanded_Cash_Offline,0.0,N
CAN_000431,BK_000431,DRV_0243,Driver,Driver_En_Route,Traffic_Gridlock_En_Route,0.0,N
CAN_000434,BK_000434,DRV_0050,Rider,Driver_Arrived,Driver_Not_Moving,50.0,Y
CAN_000435,BK_000435,DRV_0263,Rider,Driver_En_Route,Driver_Not_Moving,0.0,N
CAN_000440,BK_000440,DRV_0004,Driver,Driver_En_Route,Driver_Demanded_Cash_Offline,0.0,N
CAN_000444,BK_000444,DRV_0173,Driver,Driver_Arrived,Driver_Demanded_Cash_Offline,0.0,N
CAN_000445,BK_000445,UNASSIGNED,System,Before_Assignment,Driver_Assignment_Timeout_Exceeded,0.0,N
CAN_000452,BK_000452,DRV_0260,Rider,Before_Assignment,High_ETA_Long_Wait_Time,0.0,N
CAN_000456,BK_000456,DRV_0229,Rider,Driver_Arrived,Change_of_Plans,50.0,Y
CAN_000457,BK_000457,DRV_0221,Rider,Driver_En_Route,Driver_Not_Moving,0.0,N
CAN_000460,BK_000460,DRV_0264,Rider,Before_Assignment,Booked_Alternative_Ride,0.0,N
CAN_000464,BK_000464,DRV_0136,Rider,Before_Assignment,Change_of_Plans,0.0,N
CAN_000469,BK_000469,DRV_0224,Rider,Before_Assignment,High_ETA_Long_Wait_Time,0.0,N
CAN_000473,BK_000473,DRV_0262,Rider,Driver_Arrived,Change_of_Plans,50.0,N
CAN_000475,BK_000475,DRV_0237,Driver,Driver_En_Route,Traffic_Gridlock_En_Route,0.0,N
CAN_000477,BK_000477,DRV_0028,Driver,Driver_En_Route,Driver_Refused_Drop_Location,0.0,N
CAN_000483,BK_000483,DRV_0303,Rider,Driver_En_Route,Booked_Alternative_Ride,0.0,N
CAN_000487,BK_000487,DRV_0020,Driver,Driver_En_Route,Driver_Refused_Drop_Location,0.0,N
CAN_000492,BK_000492,DRV_0261,Driver,Driver_En_Route,Traffic_Gridlock_En_Route,0.0,N
CAN_000497,BK_000497,DRV_0189,Driver,Driver_Arrived,Traffic_Gridlock_En_Route,0.0,N
CAN_000501,BK_000501,DRV_0112,Rider,Before_Assignment,Change_of_Plans,0.0,N
CAN_000502,BK_000502,DRV_0035,Rider,Driver_Arrived,High_ETA_Long_Wait_Time,50.0,N
CAN_000506,BK_000506,DRV_0053,Rider,Driver_En_Route,Change_of_Plans,0.0,N
CAN_000507,BK_000507,DRV_0180,Driver,Driver_Arrived,Traffic_Gridlock_En_Route,0.0,N
CAN_000512,BK_000512,DRV_0118,Driver,Driver_En_Route,Traffic_Gridlock_En_Route,0.0,N
CAN_000515,BK_000515,DRV_0306,Rider,Driver_En_Route,High_ETA_Long_Wait_Time,0.0,N
CAN_000525,BK_000525,DRV_0102,Rider,Before_Assignment,Driver_Not_Moving,0.0,N
CAN_000527,BK_000527,DRV_0102,Driver,Driver_En_Route,Driver_Refused_Drop_Location,0.0,N
CAN_000530,BK_000530,DRV_0278,Driver,Driver_En_Route,Driver_Demanded_Cash_Offline,0.0,N
CAN_000539,BK_000539,DRV_0307,Rider,Driver_En_Route,Driver_Not_Moving,0.0,N
CAN_000542,BK_000542,DRV_0177,Rider,Driver_En_Route,Booked_Alternative_Ride,0.0,N
CAN_000544,BK_000544,UNASSIGNED,System,Before_Assignment,Driver_Assignment_Timeout_Exceeded,0.0,N
CAN_000558,BK_000558,DRV_0216,Rider,Before_Assignment,Change_of_Plans,0.0,N
CAN_000559,BK_000559,DRV_0050,Rider,Driver_En_Route,Driver_Not_Moving,0.0,N
CAN_000562,BK_000562,DRV_0239,Rider,Driver_En_Route,High_ETA_Long_Wait_Time,0.0,N
CAN_000569,BK_000569,DRV_0009,Driver,Driver_Arrived,Vehicle_Mechanical_Issue,0.0,N
CAN_000571,BK_000571,DRV_0205,Rider,Driver_En_Route,Change_of_Plans,0.0,N
CAN_000572,BK_000572,DRV_0177,Rider,Before_Assignment,High_ETA_Long_Wait_Time,0.0,N
CAN_000573,BK_000573,DRV_0317,Driver,Driver_En_Route,Driver_Demanded_Cash_Offline,0.0,N
CAN_000574,BK_000574,UNASSIGNED,System,Before_Assignment,Driver_Assignment_Timeout_Exceeded,0.0,N
CAN_000577,BK_000577,DRV_0139,Driver,Driver_Arrived,Driver_Demanded_Cash_Offline,0.0,N
CAN_000581,BK_000581,DRV_0080,Driver,Driver_En_Route,Driver_Refused_Drop_Location,0.0,N
CAN_000594,BK_000594,DRV_0204,Driver,Driver_Arrived,Driver_Refused_Drop_Location,0.0,N
CAN_000595,BK_000595,DRV_0118,Rider,Driver_Arrived,Booked_Alternative_Ride,50.0,Y
CAN_000606,BK_000606,UNASSIGNED,System,Before_Assignment,Driver_Assignment_Timeout_Exceeded,0.0,N
CAN_000608,BK_000608,DRV_0187,Driver,Driver_Arrived,Vehicle_Mechanical_Issue,0.0,N
CAN_000610,BK_000610,DRV_0130,Driver,Driver_En_Route,Driver_Demanded_Cash_Offline,0.0,N
CAN_000611,BK_000611,DRV_0035,Driver,Driver_Arrived,Traffic_Gridlock_En_Route,0.0,N
CAN_000626,BK_000626,DRV_0102,Rider,Driver_Arrived,Driver_Not_Moving,50.0,N
CAN_000629,BK_000629,DRV_0242,Driver,Driver_En_Route,Driver_Demanded_Cash_Offline,0.0,N
CAN_000630,BK_000630,DRV_0047,Driver,Driver_En_Route,Driver_Refused_Drop_Location,0.0,N
CAN_000632,BK_000632,DRV_0191,Driver,Driver_En_Route,Driver_Refused_Drop_Location,0.0,N
CAN_000636,BK_000636,DRV_0287,Rider,Driver_En_Route,Change_of_Plans,0.0,N
CAN_000639,BK_000639,UNASSIGNED,System,Before_Assignment,Driver_Assignment_Timeout_Exceeded,0.0,N
CAN_000640,BK_000640,DRV_0013,Driver,Driver_En_Route,Driver_Refused_Drop_Location,0.0,N
CAN_000641,BK_000641,DRV_0320,Driver,Driver_En_Route,Driver_Refused_Drop_Location,0.0,N
CAN_000642,BK_000642,DRV_0168,Driver,Driver_Arrived,Vehicle_Mechanical_Issue,0.0,N
CAN_000647,BK_000647,DRV_0079,Rider,Before_Assignment,High_ETA_Long_Wait_Time,0.0,N
CAN_000659,BK_000659,DRV_0300,Rider,Driver_Arrived,High_ETA_Long_Wait_Time,50.0,N
CAN_000660,BK_000660,DRV_0090,Driver,Driver_Arrived,Driver_Refused_Drop_Location,0.0,N
CAN_000661,BK_000661,DRV_0007,Driver,Driver_Arrived,Driver_Demanded_Cash_Offline,0.0,N
CAN_000663,BK_000663,DRV_0110,Driver,Driver_En_Route,Driver_Demanded_Cash_Offline,0.0,N
CAN_000672,BK_000672,DRV_0015,Driver,Driver_Arrived,Vehicle_Mechanical_Issue,0.0,N
CAN_000678,BK_000678,UNASSIGNED,System,Before_Assignment,Driver_Assignment_Timeout_Exceeded,0.0,N
CAN_000687,BK_000687,DRV_0091,Driver,Driver_En_Route,Driver_Demanded_Cash_Offline,0.0,N
CAN_000695,BK_000695,UNASSIGNED,System,Before_Assignment,Driver_Assignment_Timeout_Exceeded,0.0,N
CAN_000701,BK_000701,DRV_0191,Driver,Driver_En_Route,Traffic_Gridlock_En_Route,0.0,N
CAN_000702,BK_000702,DRV_0282,Rider,Driver_En_Route,Change_of_Plans,0.0,N
CAN_000705,BK_000705,DRV_0135,Driver,Driver_Arrived,Driver_Refused_Drop_Location,0.0,N
CAN_000707,BK_000707,DRV_0024,Driver,Driver_Arrived,Traffic_Gridlock_En_Route,0.0,N
CAN_000708,BK_000708,DRV_0201,Rider,Driver_Arrived,High_ETA_Long_Wait_Time,50.0,N
CAN_000715,BK_000715,DRV_0266,Rider,Driver_En_Route,Driver_Not_Moving,0.0,N
CAN_000716,BK_000716,DRV_0080,Rider,Driver_Arrived,Driver_Not_Moving,50.0,N
CAN_000725,BK_000725,DRV_0019,Rider,Driver_En_Route,High_ETA_Long_Wait_Time,0.0,N
CAN_000727,BK_000727,DRV_0227,Rider,Before_Assignment,Booked_Alternative_Ride,0.0,N
CAN_000734,BK_000734,DRV_0236,Rider,Driver_En_Route,Booked_Alternative_Ride,0.0,N
CAN_000738,BK_000738,DRV_0028,Rider,Driver_En_Route,Change_of_Plans,0.0,N
CAN_000740,BK_000740,UNASSIGNED,System,Before_Assignment,Driver_Assignment_Timeout_Exceeded,0.0,N
CAN_000742,BK_000742,DRV_0048,Driver,Driver_Arrived,Traffic_Gridlock_En_Route,0.0,N
CAN_000750,BK_000750,DRV_0177,Driver,Driver_En_Route,Driver_Demanded_Cash_Offline,0.0,N
CAN_000754,BK_000754,DRV_0307,Rider,Before_Assignment,Booked_Alternative_Ride,0.0,N
CAN_000755,BK_000755,DRV_0015,Rider,Driver_Arrived,High_ETA_Long_Wait_Time,50.0,Y
CAN_000756,BK_000756,UNASSIGNED,System,Before_Assignment,Driver_Assignment_Timeout_Exceeded,0.0,N
CAN_000757,BK_000757,DRV_0078,Rider,Driver_Arrived,High_ETA_Long_Wait_Time,50.0,N
CAN_000758,BK_000758,DRV_0237,Driver,Driver_Arrived,Vehicle_Mechanical_Issue,0.0,N
CAN_000763,BK_000763,UNASSIGNED,System,Before_Assignment,Driver_Assignment_Timeout_Exceeded,0.0,N
CAN_000764,BK_000764,DRV_0049,Driver,Driver_En_Route,Driver_Demanded_Cash_Offline,0.0,N
CAN_000765,BK_000765,DRV_0132,Driver,Driver_Arrived,Driver_Demanded_Cash_Offline,0.0,N
CAN_000772,BK_000772,UNASSIGNED,System,Before_Assignment,Driver_Assignment_Timeout_Exceeded,0.0,N
CAN_000776,BK_000776,DRV_0002,Rider,Driver_Arrived,Booked_Alternative_Ride,50.0,Y
CAN_000782,BK_000782,DRV_0276,Driver,Driver_En_Route,Vehicle_Mechanical_Issue,0.0,N
CAN_000789,BK_000789,DRV_0006,Rider,Driver_En_Route,Change_of_Plans,0.0,N
CAN_000790,BK_000790,UNASSIGNED,System,Before_Assignment,Driver_Assignment_Timeout_Exceeded,0.0,N
CAN_000791,BK_000791,DRV_0183,Rider,Before_Assignment,Change_of_Plans,0.0,N
CAN_000792,BK_000792,DRV_0019,Rider,Before_Assignment,Driver_Not_Moving,0.0,N
CAN_000794,BK_000794,DRV_0028,Rider,Driver_Arrived,Change_of_Plans,50.0,Y
CAN_000800,BK_000800,DRV_0246,Driver,Driver_Arrived,Driver_Demanded_Cash_Offline,0.0,N
CAN_000801,BK_000801,DRV_0093,Rider,Driver_Arrived,Driver_Not_Moving,50.0,Y
CAN_000808,BK_000808,DRV_0151,Driver,Driver_En_Route,Driver_Demanded_Cash_Offline,0.0,N
CAN_000814,BK_000814,UNASSIGNED,System,Before_Assignment,Driver_Assignment_Timeout_Exceeded,0.0,N
CAN_000815,BK_000815,DRV_0224,Rider,Before_Assignment,Booked_Alternative_Ride,0.0,N
CAN_000816,BK_000816,DRV_0017,Driver,Driver_En_Route,Vehicle_Mechanical_Issue,0.0,N
CAN_000819,BK_000819,UNASSIGNED,System,Before_Assignment,Driver_Assignment_Timeout_Exceeded,0.0,N
CAN_000822,BK_000822,DRV_0150,Driver,Driver_En_Route,Vehicle_Mechanical_Issue,0.0,N
CAN_000828,BK_000828,DRV_0101,Rider,Before_Assignment,Change_of_Plans,0.0,N
CAN_000834,BK_000834,DRV_0270,Rider,Driver_En_Route,Driver_Not_Moving,0.0,N
CAN_000845,BK_000845,DRV_0162,Driver,Driver_En_Route,Driver_Demanded_Cash_Offline,0.0,N
CAN_000846,BK_000846,DRV_0028,Rider,Driver_En_Route,Driver_Not_Moving,0.0,N
CAN_000849,BK_000849,DRV_0171,Driver,Driver_En_Route,Driver_Demanded_Cash_Offline,0.0,N
CAN_000850,BK_000850,UNASSIGNED,System,Before_Assignment,Driver_Assignment_Timeout_Exceeded,0.0,N
CAN_000853,BK_000853,UNASSIGNED,System,Before_Assignment,Driver_Assignment_Timeout_Exceeded,0.0,N
CAN_000854,BK_000854,DRV_0175,Driver,Driver_En_Route,Vehicle_Mechanical_Issue,0.0,N
CAN_000855,BK_000855,DRV_0063,Driver,Driver_En_Route,Driver_Refused_Drop_Location,0.0,N
CAN_000857,BK_000857,UNASSIGNED,System,Before_Assignment,Driver_Assignment_Timeout_Exceeded,0.0,N
CAN_000858,BK_000858,DRV_0104,Driver,Driver_En_Route,Traffic_Gridlock_En_Route,0.0,N
CAN_000861,BK_000861,UNASSIGNED,System,Before_Assignment,Driver_Assignment_Timeout_Exceeded,0.0,N
CAN_000864,BK_000864,DRV_0262,Rider,Before_Assignment,Driver_Not_Moving,0.0,N
CAN_000865,BK_000865,DRV_0205,Rider,Driver_Arrived,Driver_Not_Moving,50.0,N
CAN_000867,BK_000867,DRV_0117,Rider,Driver_En_Route,High_ETA_Long_Wait_Time,0.0,N
CAN_000870,BK_000870,DRV_0168,Rider,Before_Assignment,Booked_Alternative_Ride,0.0,N
CAN_000878,BK_000878,UNASSIGNED,System,Before_Assignment,Driver_Assignment_Timeout_Exceeded,0.0,N
CAN_000879,BK_000879,DRV_0149,Driver,Driver_En_Route,Vehicle_Mechanical_Issue,0.0,N
CAN_000880,BK_000880,UNASSIGNED,System,Before_Assignment,Driver_Assignment_Timeout_Exceeded,0.0,N
CAN_000885,BK_000885,DRV_0076,Rider,Driver_En_Route,Driver_Not_Moving,0.0,N
CAN_000890,BK_000890,DRV_0147,Rider,Before_Assignment,Booked_Alternative_Ride,0.0,N
CAN_000891,BK_000891,DRV_0041,Driver,Driver_Arrived,Traffic_Gridlock_En_Route,0.0,N
CAN_000893,BK_000893,DRV_0299,Rider,Before_Assignment,High_ETA_Long_Wait_Time,0.0,N
CAN_000905,BK_000905,DRV_0263,Driver,Driver_En_Route,Traffic_Gridlock_En_Route,0.0,N
CAN_000916,BK_000916,DRV_0116,Driver,Driver_En_Route,Driver_Refused_Drop_Location,0.0,N
CAN_000920,BK_000920,DRV_0319,Driver,Driver_En_Route,Driver_Refused_Drop_Location,0.0,N
CAN_000922,BK_000922,DRV_0125,Driver,Driver_Arrived,Driver_Demanded_Cash_Offline,0.0,N
CAN_000924,BK_000924,UNASSIGNED,System,Before_Assignment,Driver_Assignment_Timeout_Exceeded,0.0,N
CAN_000926,BK_000926,UNASSIGNED,System,Before_Assignment,Driver_Assignment_Timeout_Exceeded,0.0,N
CAN_000927,BK_000927,DRV_0069,Driver,Driver_En_Route,Driver_Refused_Drop_Location,0.0,N
CAN_000928,BK_000928,DRV_0161,Driver,Driver_Arrived,Driver_Refused_Drop_Location,0.0,N
CAN_000931,BK_000931,DRV_0050,Rider,Before_Assignment,Change_of_Plans,0.0,N
CAN_000932,BK_000932,DRV_0227,Driver,Driver_En_Route,Vehicle_Mechanical_Issue,0.0,N
CAN_000934,BK_000934,DRV_0284,Rider,Before_Assignment,Driver_Not_Moving,0.0,N
CAN_000936,BK_000936,DRV_0071,Rider,Driver_Arrived,High_ETA_Long_Wait_Time,50.0,N
CAN_000940,BK_000940,DRV_0190,Driver,Driver_En_Route,Driver_Demanded_Cash_Offline,0.0,N
CAN_000941,BK_000941,DRV_0180,Driver,Driver_En_Route,Traffic_Gridlock_En_Route,0.0,N
CAN_000943,BK_000943,DRV_0134,Driver,Driver_Arrived,Vehicle_Mechanical_Issue,0.0,N
CAN_000944,BK_000944,UNASSIGNED,System,Before_Assignment,Driver_Assignment_Timeout_Exceeded,0.0,N
CAN_000947,BK_000947,DRV_0152,Driver,Driver_Arrived,Traffic_Gridlock_En_Route,0.0,N
CAN_000954,BK_000954,DRV_0289,Driver,Driver_Arrived,Driver_Demanded_Cash_Offline,0.0,N
CAN_000960,BK_000960,DRV_0265,Rider,Driver_En_Route,High_ETA_Long_Wait_Time,0.0,N
CAN_000963,BK_000963,DRV_0284,Rider,Before_Assignment,Change_of_Plans,0.0,N
CAN_000971,BK_000971,DRV_0101,Driver,Driver_En_Route,Vehicle_Mechanical_Issue,0.0,N
CAN_000977,BK_000977,DRV_0239,Rider,Driver_Arrived,High_ETA_Long_Wait_Time,50.0,N
CAN_000981,BK_000981,DRV_0016,Driver,Driver_En_Route,Driver_Refused_Drop_Location,0.0,N
CAN_000983,BK_000983,DRV_0174,Driver,Driver_En_Route,Traffic_Gridlock_En_Route,0.0,N
CAN_000985,BK_000985,DRV_0105,Driver,Driver_Arrived,Driver_Refused_Drop_Location,0.0,N
CAN_000989,BK_000989,DRV_0110,Rider,Before_Assignment,Booked_Alternative_Ride,0.0,N
CAN_000992,BK_000992,DRV_0289,Rider,Before_Assignment,Driver_Not_Moving,0.0,N
CAN_000997,BK_000997,UNASSIGNED,System,Before_Assignment,Driver_Assignment_Timeout_Exceeded,0.0,N
CAN_001003,BK_001003,DRV_0058,Driver,Driver_Arrived,Traffic_Gridlock_En_Route,0.0,N
CAN_001005,BK_001005,DRV_0211,Driver,Driver_En_Route,Traffic_Gridlock_En_Route,0.0,N
CAN_001006,BK_001006,DRV_0170,Rider,Driver_Arrived,Change_of_Plans,50.0,N
CAN_001007,BK_001007,DRV_0156,Rider,Before_Assignment,Driver_Not_Moving,0.0,N
CAN_001010,BK_001010,DRV_0009,Rider,Driver_En_Route,Booked_Alternative_Ride,0.0,N
CAN_001012,BK_001012,DRV_0028,Driver,Driver_En_Route,Driver_Refused_Drop_Location,0.0,N
CAN_001015,BK_001015,DRV_0305,Driver,Driver_En_Route,Driver_Demanded_Cash_Offline,0.0,N
CAN_001016,BK_001016,DRV_0110,Driver,Driver_En_Route,Vehicle_Mechanical_Issue,0.0,N
CAN_001019,BK_001019,DRV_0015,Driver,Driver_En_Route,Driver_Refused_Drop_Location,0.0,N
CAN_001024,BK_001024,DRV_0101,Driver,Driver_En_Route,Driver_Demanded_Cash_Offline,0.0,N
CAN_001026,BK_001026,DRV_0276,Rider,Driver_En_Route,High_ETA_Long_Wait_Time,0.0,N
CAN_001030,BK_001030,UNASSIGNED,System,Before_Assignment,Driver_Assignment_Timeout_Exceeded,0.0,N
CAN_001032,BK_001032,DRV_0236,Driver,Driver_Arrived,Traffic_Gridlock_En_Route,0.0,N
CAN_001037,BK_001037,DRV_0296,Rider,Before_Assignment,Change_of_Plans,0.0,N
CAN_001045,BK_001045,UNASSIGNED,System,Before_Assignment,Driver_Assignment_Timeout_Exceeded,0.0,N
CAN_001046,BK_001046,DRV_0254,Driver,Driver_En_Route,Vehicle_Mechanical_Issue,0.0,N
CAN_001048,BK_001048,DRV_0238,Driver,Driver_En_Route,Driver_Demanded_Cash_Offline,0.0,N
CAN_001051,BK_001051,DRV_0040,Rider,Before_Assignment,High_ETA_Long_Wait_Time,0.0,N
CAN_001063,BK_001063,DRV_0106,Rider,Driver_Arrived,Driver_Not_Moving,50.0,N
CAN_001064,BK_001064,UNASSIGNED,System,Before_Assignment,Driver_Assignment_Timeout_Exceeded,0.0,N
CAN_001067,BK_001067,DRV_0113,Driver,Driver_En_Route,Vehicle_Mechanical_Issue,0.0,N
CAN_001073,BK_001073,UNASSIGNED,System,Before_Assignment,Driver_Assignment_Timeout_Exceeded,0.0,N
CAN_001081,BK_001081,DRV_0260,Rider,Before_Assignment,Change_of_Plans,0.0,N
CAN_001083,BK_001083,DRV_0138,Driver,Driver_En_Route,Traffic_Gridlock_En_Route,0.0,N
CAN_001092,BK_001092,DRV_0010,Driver,Driver_Arrived,Traffic_Gridlock_En_Route,0.0,N
CAN_001096,BK_001096,UNASSIGNED,System,Before_Assignment,Driver_Assignment_Timeout_Exceeded,0.0,N
CAN_001097,BK_001097,DRV_0007,Rider,Before_Assignment,High_ETA_Long_Wait_Time,0.0,N
CAN_001104,BK_001104,DRV_0147,Rider,Before_Assignment,High_ETA_Long_Wait_Time,0.0,N
CAN_001107,BK_001107,DRV_0288,Rider,Before_Assignment,Driver_Not_Moving,0.0,N
CAN_001111,BK_001111,DRV_0299,Driver,Driver_En_Route,Vehicle_Mechanical_Issue,0.0,N
CAN_001123,BK_001123,DRV_0208,Rider,Driver_En_Route,Change_of_Plans,0.0,N
CAN_001128,BK_001128,DRV_0238,Driver,Driver_En_Route,Driver_Demanded_Cash_Offline,0.0,N
CAN_001129,BK_001129,DRV_0081,Driver,Driver_En_Route,Driver_Refused_Drop_Location,0.0,N
CAN_001130,BK_001130,DRV_0035,Rider,Before_Assignment,Driver_Not_Moving,0.0,N
CAN_001131,BK_001131,DRV_0190,Driver,Driver_Arrived,Traffic_Gridlock_En_Route,0.0,N
CAN_001134,BK_001134,DRV_0100,Rider,Driver_Arrived,High_ETA_Long_Wait_Time,50.0,N
CAN_001136,BK_001136,DRV_0042,Rider,Driver_Arrived,Change_of_Plans,50.0,N
CAN_001141,BK_001141,UNASSIGNED,System,Before_Assignment,Driver_Assignment_Timeout_Exceeded,0.0,N
CAN_001143,BK_001143,DRV_0063,Rider,Driver_Arrived,Driver_Not_Moving,50.0,N
CAN_001146,BK_001146,DRV_0236,Rider,Before_Assignment,Change_of_Plans,0.0,N
CAN_001148,BK_001148,DRV_0198,Rider,Before_Assignment,High_ETA_Long_Wait_Time,0.0,N
CAN_001150,BK_001150,DRV_0048,Rider,Driver_En_Route,High_ETA_Long_Wait_Time,0.0,N
CAN_001159,BK_001159,DRV_0272,Rider,Before_Assignment,Change_of_Plans,0.0,N
CAN_001162,BK_001162,DRV_0074,Rider,Driver_Arrived,Driver_Not_Moving,50.0,Y
CAN_001170,BK_001170,DRV_0017,Driver,Driver_Arrived,Vehicle_Mechanical_Issue,0.0,N
CAN_001171,BK_001171,DRV_0034,Driver,Driver_Arrived,Driver_Refused_Drop_Location,0.0,N
CAN_001177,BK_001177,DRV_0234,Driver,Driver_En_Route,Traffic_Gridlock_En_Route,0.0,N
CAN_001179,BK_001179,DRV_0089,Driver,Driver_En_Route,Driver_Refused_Drop_Location,0.0,N
CAN_001180,BK_001180,DRV_0210,Driver,Driver_Arrived,Vehicle_Mechanical_Issue,0.0,N
CAN_001187,BK_001187,DRV_0164,Rider,Driver_En_Route,Booked_Alternative_Ride,0.0,N
CAN_001188,BK_001188,DRV_0009,Rider,Driver_Arrived,Change_of_Plans,50.0,Y
CAN_001190,BK_001190,DRV_0289,Driver,Driver_En_Route,Traffic_Gridlock_En_Route,0.0,N
CAN_001193,BK_001193,UNASSIGNED,System,Before_Assignment,Driver_Assignment_Timeout_Exceeded,0.0,N
CAN_001197,BK_001197,DRV_0173,Rider,Before_Assignment,High_ETA_Long_Wait_Time,0.0,N
CAN_001201,BK_001201,DRV_0270,Rider,Driver_Arrived,Driver_Not_Moving,50.0,N
CAN_001206,BK_001206,DRV_0253,Rider,Driver_En_Route,High_ETA_Long_Wait_Time,0.0,N
CAN_001213,BK_001213,DRV_0177,Rider,Driver_Arrived,High_ETA_Long_Wait_Time,50.0,Y
CAN_001214,BK_001214,DRV_0135,Driver,Driver_Arrived,Driver_Demanded_Cash_Offline,0.0,N
CAN_001230,BK_001230,DRV_0113,Driver,Driver_En_Route,Traffic_Gridlock_En_Route,0.0,N
CAN_001246,BK_001246,DRV_0027,Rider,Before_Assignment,High_ETA_Long_Wait_Time,0.0,N
CAN_001248,BK_001248,DRV_0139,Driver,Driver_Arrived,Driver_Refused_Drop_Location,0.0,N
CAN_001249,BK_001249,DRV_0157,Rider,Driver_Arrived,High_ETA_Long_Wait_Time,50.0,Y
CAN_001252,BK_001252,DRV_0313,Rider,Before_Assignment,Booked_Alternative_Ride,0.0,N
CAN_001259,BK_001259,DRV_0103,Rider,Before_Assignment,High_ETA_Long_Wait_Time,0.0,N
CAN_001267,BK_001267,DRV_0251,Driver,Driver_En_Route,Traffic_Gridlock_En_Route,0.0,N
CAN_001269,BK_001269,DRV_0305,Driver,Driver_En_Route,Driver_Demanded_Cash_Offline,0.0,N
CAN_001270,BK_001270,DRV_0120,Rider,Before_Assignment,Driver_Not_Moving,0.0,N
CAN_001275,BK_001275,UNASSIGNED,System,Before_Assignment,Driver_Assignment_Timeout_Exceeded,0.0,N
CAN_001281,BK_001281,DRV_0254,Rider,Driver_En_Route,Driver_Not_Moving,0.0,N
CAN_001282,BK_001282,UNASSIGNED,System,Before_Assignment,Driver_Assignment_Timeout_Exceeded,0.0,N
CAN_001283,BK_001283,DRV_0071,Rider,Driver_Arrived,Driver_Not_Moving,50.0,N
CAN_001285,BK_001285,DRV_0106,Rider,Before_Assignment,Booked_Alternative_Ride,0.0,N
CAN_001289,BK_001289,DRV_0002,Driver,Driver_En_Route,Traffic_Gridlock_En_Route,0.0,N
CAN_001291,BK_001291,DRV_0023,Rider,Driver_Arrived,Change_of_Plans,50.0,N
CAN_001294,BK_001294,DRV_0289,Driver,Driver_En_Route,Traffic_Gridlock_En_Route,0.0,N
CAN_001295,BK_001295,DRV_0176,Driver,Driver_Arrived,Driver_Demanded_Cash_Offline,0.0,N
CAN_001296,BK_001296,UNASSIGNED,System,Before_Assignment,Driver_Assignment_Timeout_Exceeded,0.0,N
CAN_001298,BK_001298,DRV_0263,Rider,Before_Assignment,Booked_Alternative_Ride,0.0,N
CAN_001299,BK_001299,UNASSIGNED,System,Before_Assignment,Driver_Assignment_Timeout_Exceeded,0.0,N
CAN_001300,BK_001300,DRV_0034,Driver,Driver_En_Route,Driver_Refused_Drop_Location,0.0,N
CAN_001305,BK_001305,DRV_0138,Driver,Driver_En_Route,Driver_Refused_Drop_Location,0.0,N
CAN_001307,BK_001307,DRV_0244,Driver,Driver_Arrived,Traffic_Gridlock_En_Route,0.0,N
CAN_001309,BK_001309,DRV_0071,Rider,Driver_En_Route,Driver_Not_Moving,0.0,N
CAN_001313,BK_001313,DRV_0009,Rider,Driver_En_Route,Change_of_Plans,0.0,N
CAN_001316,BK_001316,DRV_0269,Driver,Driver_En_Route,Vehicle_Mechanical_Issue,0.0,N
CAN_001318,BK_001318,UNASSIGNED,System,Before_Assignment,Driver_Assignment_Timeout_Exceeded,0.0,N
CAN_001319,BK_001319,DRV_0181,Driver,Driver_Arrived,Vehicle_Mechanical_Issue,0.0,N
CAN_001320,BK_001320,DRV_0105,Driver,Driver_Arrived,Traffic_Gridlock_En_Route,0.0,N
CAN_001321,BK_001321,DRV_0112,Rider,Driver_En_Route,High_ETA_Long_Wait_Time,0.0,N
CAN_001329,BK_001329,DRV_0108,Rider,Driver_Arrived,Booked_Alternative_Ride,50.0,N
CAN_001331,BK_001331,DRV_0210,Rider,Driver_Arrived,Change_of_Plans,50.0,Y
CAN_001333,BK_001333,DRV_0020,Driver,Driver_En_Route,Vehicle_Mechanical_Issue,0.0,N
CAN_001335,BK_001335,DRV_0031,Driver,Driver_En_Route,Traffic_Gridlock_En_Route,0.0,N
CAN_001337,BK_001337,UNASSIGNED,System,Before_Assignment,Driver_Assignment_Timeout_Exceeded,0.0,N
CAN_001338,BK_001338,DRV_0006,Rider,Driver_Arrived,Driver_Not_Moving,50.0,Y
CAN_001340,BK_001340,DRV_0044,Driver,Driver_En_Route,Vehicle_Mechanical_Issue,0.0,N
CAN_001350,BK_001350,DRV_0118,Rider,Driver_Arrived,Driver_Not_Moving,50.0,N
CAN_001355,BK_001355,DRV_0259,Driver,Driver_En_Route,Traffic_Gridlock_En_Route,0.0,N
CAN_001360,BK_001360,DRV_0070,Rider,Driver_En_Route,Change_of_Plans,0.0,N
CAN_001364,BK_001364,DRV_0164,Driver,Driver_Arrived,Driver_Demanded_Cash_Offline,0.0,N
CAN_001369,BK_001369,DRV_0142,Rider,Driver_En_Route,High_ETA_Long_Wait_Time,0.0,N
CAN_001374,BK_001374,DRV_0320,Driver,Driver_En_Route,Traffic_Gridlock_En_Route,0.0,N
CAN_001383,BK_001383,DRV_0020,Rider,Driver_En_Route,High_ETA_Long_Wait_Time,0.0,N
CAN_001389,BK_001389,DRV_0276,Rider,Before_Assignment,Change_of_Plans,0.0,N
CAN_001391,BK_001391,DRV_0089,Rider,Driver_En_Route,Booked_Alternative_Ride,0.0,N
CAN_001392,BK_001392,UNASSIGNED,System,Before_Assignment,Driver_Assignment_Timeout_Exceeded,0.0,N
CAN_001400,BK_001400,DRV_0110,Rider,Driver_Arrived,High_ETA_Long_Wait_Time,50.0,N
CAN_001401,BK_001401,DRV_0249,Rider,Driver_Arrived,High_ETA_Long_Wait_Time,50.0,N
CAN_001404,BK_001404,UNASSIGNED,System,Before_Assignment,Driver_Assignment_Timeout_Exceeded,0.0,N
CAN_001406,BK_001406,DRV_0111,Rider,Driver_En_Route,Change_of_Plans,0.0,N
CAN_001411,BK_001411,UNASSIGNED,System,Before_Assignment,Driver_Assignment_Timeout_Exceeded,0.0,N
CAN_001420,BK_001420,DRV_0276,Rider,Before_Assignment,Booked_Alternative_Ride,0.0,N
CAN_001422,BK_001422,UNASSIGNED,System,Before_Assignment,Driver_Assignment_Timeout_Exceeded,0.0,N
CAN_001424,BK_001424,DRV_0266,Driver,Driver_En_Route,Traffic_Gridlock_En_Route,0.0,N
CAN_001426,BK_001426,DRV_0127,Driver,Driver_En_Route,Vehicle_Mechanical_Issue,0.0,N
CAN_001428,BK_001428,DRV_0006,Driver,Driver_En_Route,Driver_Demanded_Cash_Offline,0.0,N
CAN_001431,BK_001431,UNASSIGNED,System,Before_Assignment,Driver_Assignment_Timeout_Exceeded,0.0,N
CAN_001435,BK_001435,DRV_0126,Driver,Driver_En_Route,Vehicle_Mechanical_Issue,0.0,N
CAN_001436,BK_001436,DRV_0100,Rider,Driver_En_Route,Booked_Alternative_Ride,0.0,N
CAN_001438,BK_001438,DRV_0113,Driver,Driver_En_Route,Vehicle_Mechanical_Issue,0.0,N
CAN_001440,BK_001440,DRV_0198,Driver,Driver_En_Route,Driver_Refused_Drop_Location,0.0,N
CAN_001441,BK_001441,UNASSIGNED,System,Before_Assignment,Driver_Assignment_Timeout_Exceeded,0.0,N
CAN_001450,BK_001450,DRV_0184,Rider,Driver_En_Route,Driver_Not_Moving,0.0,N
CAN_001451,BK_001451,DRV_0042,Driver,Driver_En_Route,Driver_Demanded_Cash_Offline,0.0,N
CAN_001458,BK_001458,UNASSIGNED,System,Before_Assignment,Driver_Assignment_Timeout_Exceeded,0.0,N
CAN_001463,BK_001463,DRV_0152,Rider,Before_Assignment,High_ETA_Long_Wait_Time,0.0,N
CAN_001464,BK_001464,DRV_0152,Driver,Driver_En_Route,Driver_Refused_Drop_Location,0.0,N
CAN_001472,BK_001472,UNASSIGNED,System,Before_Assignment,Driver_Assignment_Timeout_Exceeded,0.0,N
CAN_001476,BK_001476,DRV_0057,Driver,Driver_En_Route,Driver_Refused_Drop_Location,0.0,N
CAN_001480,BK_001480,DRV_0063,Driver,Driver_En_Route,Driver_Demanded_Cash_Offline,0.0,N
CAN_001481,BK_001481,DRV_0195,Rider,Before_Assignment,Change_of_Plans,0.0,N
CAN_001482,BK_001482,DRV_0135,Driver,Driver_En_Route,Vehicle_Mechanical_Issue,0.0,N
CAN_001490,BK_001490,DRV_0002,Rider,Before_Assignment,Driver_Not_Moving,0.0,N
CAN_001491,BK_001491,DRV_0047,Rider,Before_Assignment,High_ETA_Long_Wait_Time,0.0,N
CAN_001493,BK_001493,DRV_0091,Driver,Driver_Arrived,Vehicle_Mechanical_Issue,0.0,N
CAN_001495,BK_001495,DRV_0080,Driver,Driver_Arrived,Driver_Demanded_Cash_Offline,0.0,N
CAN_001500,BK_001500,DRV_0165,Rider,Driver_Arrived,Change_of_Plans,50.0,N
CAN_001502,BK_001502,DRV_0070,Driver,Driver_Arrived,Traffic_Gridlock_En_Route,0.0,N
CAN_001509,BK_001509,DRV_0085,Driver,Driver_En_Route,Vehicle_Mechanical_Issue,0.0,N
CAN_001517,BK_001517,DRV_0092,Driver,Driver_En_Route,Traffic_Gridlock_En_Route,0.0,N
CAN_001525,BK_001525,DRV_0067,Driver,Driver_En_Route,Driver_Refused_Drop_Location,0.0,N
CAN_001535,BK_001535,DRV_0252,Driver,Driver_En_Route,Vehicle_Mechanical_Issue,0.0,N
CAN_001537,BK_001537,DRV_0316,Rider,Before_Assignment,Driver_Not_Moving,0.0,N
CAN_001538,BK_001538,DRV_0267,Rider,Before_Assignment,Booked_Alternative_Ride,0.0,N
CAN_001540,BK_001540,UNASSIGNED,System,Before_Assignment,Driver_Assignment_Timeout_Exceeded,0.0,N
CAN_001541,BK_001541,UNASSIGNED,System,Before_Assignment,Driver_Assignment_Timeout_Exceeded,0.0,N
CAN_001544,BK_001544,DRV_0171,Driver,Driver_En_Route,Driver_Demanded_Cash_Offline,0.0,N
CAN_001554,BK_001554,DRV_0198,Driver,Driver_Arrived,Vehicle_Mechanical_Issue,0.0,N
CAN_001556,BK_001556,DRV_0194,Driver,Driver_En_Route,Driver_Refused_Drop_Location,0.0,N
CAN_001568,BK_001568,DRV_0229,Rider,Before_Assignment,High_ETA_Long_Wait_Time,0.0,N
CAN_001572,BK_001572,DRV_0111,Driver,Driver_En_Route,Driver_Demanded_Cash_Offline,0.0,N
CAN_001576,BK_001576,DRV_0130,Driver,Driver_En_Route,Driver_Demanded_Cash_Offline,0.0,N
CAN_001577,BK_001577,DRV_0003,Driver,Driver_En_Route,Vehicle_Mechanical_Issue,0.0,N
CAN_001580,BK_001580,DRV_0134,Driver,Driver_En_Route,Traffic_Gridlock_En_Route,0.0,N
CAN_001581,BK_001581,DRV_0091,Rider,Driver_Arrived,High_ETA_Long_Wait_Time,50.0,N
CAN_001582,BK_001582,DRV_0153,Driver,Driver_En_Route,Driver_Demanded_Cash_Offline,0.0,N
CAN_001583,BK_001583,DRV_0238,Driver,Driver_Arrived,Driver_Demanded_Cash_Offline,0.0,N
CAN_001584,BK_001584,DRV_0123,Driver,Driver_Arrived,Vehicle_Mechanical_Issue,0.0,N
CAN_001594,BK_001594,DRV_0266,Driver,Driver_En_Route,Driver_Demanded_Cash_Offline,0.0,N
CAN_001595,BK_001595,DRV_0101,Driver,Driver_En_Route,Vehicle_Mechanical_Issue,0.0,N
CAN_001596,BK_001596,DRV_0291,Rider,Driver_Arrived,High_ETA_Long_Wait_Time,50.0,N
CAN_001598,BK_001598,DRV_0300,Rider,Before_Assignment,Driver_Not_Moving,0.0,N
CAN_001599,BK_001599,DRV_0087,Driver,Driver_En_Route,Vehicle_Mechanical_Issue,0.0,N
CAN_001602,BK_001602,DRV_0091,Driver,Driver_En_Route,Vehicle_Mechanical_Issue,0.0,N
CAN_001604,BK_001604,DRV_0070,Driver,Driver_En_Route,Driver_Refused_Drop_Location,0.0,N
CAN_001605,BK_001605,DRV_0247,Rider,Before_Assignment,Booked_Alternative_Ride,0.0,N
CAN_001606,BK_001606,DRV_0214,Driver,Driver_En_Route,Vehicle_Mechanical_Issue,0.0,N
CAN_001615,BK_001615,DRV_0134,Driver,Driver_En_Route,Driver_Refused_Drop_Location,0.0,N
CAN_001617,BK_001617,DRV_0221,Driver,Driver_En_Route,Driver_Refused_Drop_Location,0.0,N
CAN_001620,BK_001620,DRV_0103,Rider,Driver_En_Route,High_ETA_Long_Wait_Time,0.0,N
CAN_001622,BK_001622,DRV_0015,Rider,Before_Assignment,Change_of_Plans,0.0,N
CAN_001623,BK_001623,DRV_0113,Rider,Driver_Arrived,Driver_Not_Moving,50.0,N
CAN_001628,BK_001628,DRV_0262,Driver,Driver_En_Route,Traffic_Gridlock_En_Route,0.0,N
CAN_001629,BK_001629,DRV_0200,Driver,Driver_Arrived,Driver_Refused_Drop_Location,0.0,N
CAN_001632,BK_001632,DRV_0265,Driver,Driver_En_Route,Traffic_Gridlock_En_Route,0.0,N
CAN_001633,BK_001633,DRV_0146,Driver,Driver_En_Route,Traffic_Gridlock_En_Route,0.0,N
CAN_001634,BK_001634,DRV_0177,Driver,Driver_Arrived,Traffic_Gridlock_En_Route,0.0,N
CAN_001637,BK_001637,DRV_0194,Driver,Driver_Arrived,Vehicle_Mechanical_Issue,0.0,N
CAN_001638,BK_001638,UNASSIGNED,System,Before_Assignment,Driver_Assignment_Timeout_Exceeded,0.0,N
CAN_001643,BK_001643,DRV_0134,Driver,Driver_En_Route,Traffic_Gridlock_En_Route,0.0,N
CAN_001650,BK_001650,DRV_0233,Driver,Driver_Arrived,Driver_Refused_Drop_Location,0.0,N
CAN_001659,BK_001659,DRV_0299,Driver,Driver_En_Route,Driver_Refused_Drop_Location,0.0,N
CAN_001676,BK_001676,DRV_0209,Rider,Driver_Arrived,Driver_Not_Moving,50.0,N
CAN_001678,BK_001678,DRV_0154,Driver,Driver_En_Route,Driver_Demanded_Cash_Offline,0.0,N
CAN_001680,BK_001680,DRV_0147,Driver,Driver_Arrived,Traffic_Gridlock_En_Route,0.0,N
CAN_001682,BK_001682,DRV_0113,Rider,Driver_En_Route,High_ETA_Long_Wait_Time,0.0,N
CAN_001684,BK_001684,DRV_0104,Rider,Driver_Arrived,High_ETA_Long_Wait_Time,50.0,N
CAN_001697,BK_001697,DRV_0157,Rider,Before_Assignment,Booked_Alternative_Ride,0.0,N
CAN_001700,BK_001700,DRV_0191,Driver,Driver_En_Route,Vehicle_Mechanical_Issue,0.0,N
CAN_001701,BK_001701,DRV_0102,Driver,Driver_En_Route,Driver_Refused_Drop_Location,0.0,N
CAN_001702,BK_001702,DRV_0146,Rider,Driver_En_Route,Booked_Alternative_Ride,0.0,N
CAN_001704,BK_001704,DRV_0013,Driver,Driver_En_Route,Driver_Demanded_Cash_Offline,0.0,N
CAN_001709,BK_001709,DRV_0175,Rider,Before_Assignment,Change_of_Plans,0.0,N
CAN_001710,BK_001710,DRV_0153,Driver,Driver_En_Route,Driver_Demanded_Cash_Offline,0.0,N
CAN_001711,BK_001711,DRV_0173,Driver,Driver_En_Route,Driver_Refused_Drop_Location,0.0,N
CAN_001713,BK_001713,DRV_0233,Driver,Driver_En_Route,Driver_Demanded_Cash_Offline,0.0,N
CAN_001716,BK_001716,DRV_0313,Rider,Driver_En_Route,Change_of_Plans,0.0,N
CAN_001717,BK_001717,DRV_0293,Rider,Driver_Arrived,Booked_Alternative_Ride,50.0,N
CAN_001721,BK_001721,DRV_0058,Driver,Driver_En_Route,Vehicle_Mechanical_Issue,0.0,N
CAN_001723,BK_001723,DRV_0252,Rider,Driver_En_Route,Booked_Alternative_Ride,0.0,N
CAN_001727,BK_001727,DRV_0043,Driver,Driver_En_Route,Driver_Demanded_Cash_Offline,0.0,N
CAN_001728,BK_001728,DRV_0064,Driver,Driver_Arrived,Traffic_Gridlock_En_Route,0.0,N
CAN_001742,BK_001742,DRV_0074,Driver,Driver_En_Route,Driver_Refused_Drop_Location,0.0,N
CAN_001743,BK_001743,DRV_0145,Rider,Driver_En_Route,Booked_Alternative_Ride,0.0,N
CAN_001745,BK_001745,DRV_0229,Rider,Before_Assignment,Driver_Not_Moving,0.0,N
CAN_001747,BK_001747,DRV_0248,Driver,Driver_En_Route,Driver_Demanded_Cash_Offline,0.0,N
CAN_001751,BK_001751,DRV_0264,Driver,Driver_Arrived,Driver_Refused_Drop_Location,0.0,N
CAN_001759,BK_001759,DRV_0013,Rider,Driver_Arrived,High_ETA_Long_Wait_Time,50.0,N
CAN_001761,BK_001761,DRV_0108,Driver,Driver_Arrived,Driver_Demanded_Cash_Offline,0.0,N
CAN_001762,BK_001762,DRV_0269,Driver,Driver_En_Route,Driver_Refused_Drop_Location,0.0,N
CAN_001764,BK_001764,DRV_0162,Driver,Driver_En_Route,Driver_Refused_Drop_Location,0.0,N
CAN_001770,BK_001770,DRV_0304,Driver,Driver_En_Route,Driver_Demanded_Cash_Offline,0.0,N
CAN_001774,BK_001774,DRV_0218,Driver,Driver_En_Route,Traffic_Gridlock_En_Route,0.0,N
CAN_001776,BK_001776,DRV_0031,Rider,Before_Assignment,Change_of_Plans,0.0,N
CAN_001778,BK_001778,DRV_0138,Driver,Driver_En_Route,Traffic_Gridlock_En_Route,0.0,N
CAN_001779,BK_001779,DRV_0319,Driver,Driver_Arrived,Driver_Demanded_Cash_Offline,0.0,N
CAN_001780,BK_001780,DRV_0161,Driver,Driver_Arrived,Driver_Demanded_Cash_Offline,0.0,N
CAN_001782,BK_001782,DRV_0089,Rider,Driver_En_Route,Change_of_Plans,0.0,N
CAN_001784,BK_001784,DRV_0278,Rider,Before_Assignment,Change_of_Plans,0.0,N
CAN_001785,BK_001785,DRV_0130,Rider,Driver_Arrived,Booked_Alternative_Ride,50.0,Y
CAN_001786,BK_001786,DRV_0052,Driver,Driver_En_Route,Driver_Demanded_Cash_Offline,0.0,N
CAN_001787,BK_001787,UNASSIGNED,System,Before_Assignment,Driver_Assignment_Timeout_Exceeded,0.0,N
CAN_001795,BK_001795,DRV_0183,Driver,Driver_En_Route,Driver_Refused_Drop_Location,0.0,N
CAN_001802,BK_001802,DRV_0185,Rider,Driver_Arrived,High_ETA_Long_Wait_Time,50.0,Y
CAN_001803,BK_001803,DRV_0211,Driver,Driver_En_Route,Vehicle_Mechanical_Issue,0.0,N
CAN_001808,BK_001808,DRV_0291,Rider,Before_Assignment,Booked_Alternative_Ride,0.0,N
CAN_001812,BK_001812,DRV_0020,Driver,Driver_En_Route,Vehicle_Mechanical_Issue,0.0,N
CAN_001815,BK_001815,DRV_0109,Driver,Driver_En_Route,Driver_Demanded_Cash_Offline,0.0,N
CAN_001817,BK_001817,DRV_0308,Driver,Driver_En_Route,Driver_Refused_Drop_Location,0.0,N
CAN_001825,BK_001825,DRV_0164,Driver,Driver_Arrived,Traffic_Gridlock_En_Route,0.0,N
CAN_001826,BK_001826,DRV_0210,Rider,Driver_En_Route,Change_of_Plans,0.0,N
CAN_001833,BK_001833,DRV_0140,Driver,Driver_Arrived,Vehicle_Mechanical_Issue,0.0,N
CAN_001835,BK_001835,DRV_0076,Driver,Driver_En_Route,Driver_Demanded_Cash_Offline,0.0,N
CAN_001838,BK_001838,DRV_0009,Driver,Driver_En_Route,Driver_Refused_Drop_Location,0.0,N
CAN_001840,BK_001840,DRV_0086,Driver,Driver_En_Route,Traffic_Gridlock_En_Route,0.0,N
CAN_001843,BK_001843,DRV_0262,Driver,Driver_En_Route,Driver_Demanded_Cash_Offline,0.0,N
CAN_001844,BK_001844,DRV_0234,Driver,Driver_En_Route,Driver_Demanded_Cash_Offline,0.0,N
CAN_001846,BK_001846,DRV_0167,Rider,Driver_En_Route,Change_of_Plans,0.0,N
CAN_001857,BK_001857,DRV_0278,Driver,Driver_En_Route,Vehicle_Mechanical_Issue,0.0,N
CAN_001859,BK_001859,DRV_0080,Driver,Driver_En_Route,Vehicle_Mechanical_Issue,0.0,N
CAN_001868,BK_001868,DRV_0198,Driver,Driver_En_Route,Vehicle_Mechanical_Issue,0.0,N
CAN_001871,BK_001871,DRV_0015,Rider,Driver_Arrived,High_ETA_Long_Wait_Time,50.0,N
CAN_001877,BK_001877,UNASSIGNED,System,Before_Assignment,Driver_Assignment_Timeout_Exceeded,0.0,N
CAN_001879,BK_001879,DRV_0146,Driver,Driver_En_Route,Driver_Refused_Drop_Location,0.0,N
CAN_001882,BK_001882,DRV_0300,Rider,Before_Assignment,Driver_Not_Moving,0.0,N
CAN_001888,BK_001888,UNASSIGNED,System,Before_Assignment,Driver_Assignment_Timeout_Exceeded,0.0,N
CAN_001894,BK_001894,DRV_0319,Driver,Driver_Arrived,Vehicle_Mechanical_Issue,0.0,N
CAN_001904,BK_001904,DRV_0284,Driver,Driver_Arrived,Driver_Demanded_Cash_Offline,0.0,N
CAN_001907,BK_001907,DRV_0151,Rider,Driver_Arrived,Driver_Not_Moving,50.0,N
CAN_001908,BK_001908,DRV_0136,Driver,Driver_En_Route,Driver_Demanded_Cash_Offline,0.0,N
CAN_001914,BK_001914,DRV_0262,Driver,Driver_Arrived,Traffic_Gridlock_En_Route,0.0,N
CAN_001918,BK_001918,DRV_0100,Driver,Driver_En_Route,Driver_Refused_Drop_Location,0.0,N
CAN_001922,BK_001922,UNASSIGNED,System,Before_Assignment,Driver_Assignment_Timeout_Exceeded,0.0,N
CAN_001924,BK_001924,UNASSIGNED,System,Before_Assignment,Driver_Assignment_Timeout_Exceeded,0.0,N
CAN_001930,BK_001930,DRV_0170,Rider,Driver_En_Route,Booked_Alternative_Ride,0.0,N
CAN_001942,BK_001942,DRV_0041,Driver,Driver_En_Route,Driver_Refused_Drop_Location,0.0,N
CAN_001943,BK_001943,UNASSIGNED,System,Before_Assignment,Driver_Assignment_Timeout_Exceeded,0.0,N
CAN_001945,BK_001945,DRV_0038,Driver,Driver_En_Route,Vehicle_Mechanical_Issue,0.0,N
CAN_001949,BK_001949,UNASSIGNED,System,Before_Assignment,Driver_Assignment_Timeout_Exceeded,0.0,N
CAN_001951,BK_001951,UNASSIGNED,System,Before_Assignment,Driver_Assignment_Timeout_Exceeded,0.0,N
CAN_001953,BK_001953,DRV_0269,Rider,Before_Assignment,Booked_Alternative_Ride,0.0,N
CAN_001955,BK_001955,DRV_0049,Rider,Driver_En_Route,High_ETA_Long_Wait_Time,0.0,N
CAN_001956,BK_001956,DRV_0049,Rider,Driver_En_Route,Booked_Alternative_Ride,0.0,N
CAN_001962,BK_001962,DRV_0105,Rider,Driver_Arrived,Change_of_Plans,50.0,N
CAN_001964,BK_001964,DRV_0174,Driver,Driver_En_Route,Driver_Demanded_Cash_Offline,0.0,N
CAN_001965,BK_001965,DRV_0145,Driver,Driver_En_Route,Driver_Demanded_Cash_Offline,0.0,N
CAN_001966,BK_001966,DRV_0070,Rider,Driver_Arrived,High_ETA_Long_Wait_Time,50.0,Y
CAN_001973,BK_001973,DRV_0150,Rider,Driver_Arrived,Booked_Alternative_Ride,50.0,N
CAN_001978,BK_001978,DRV_0223,Driver,Driver_Arrived,Driver_Demanded_Cash_Offline,0.0,N
CAN_001985,BK_001985,DRV_0125,Rider,Driver_En_Route,Booked_Alternative_Ride,0.0,N
CAN_001988,BK_001988,DRV_0105,Driver,Driver_En_Route,Traffic_Gridlock_En_Route,0.0,N
CAN_001991,BK_001991,UNASSIGNED,System,Before_Assignment,Driver_Assignment_Timeout_Exceeded,0.0,N
CAN_001992,BK_001992,DRV_0261,Driver,Driver_Arrived,Traffic_Gridlock_En_Route,0.0,N
CAN_001997,BK_001997,DRV_0123,Driver,Driver_En_Route,Driver_Demanded_Cash_Offline,0.0,N
CAN_001998,BK_001998,DRV_0305,Driver,Driver_En_Route,Driver_Refused_Drop_Location,0.0,N
CAN_001999,BK_001999,DRV_0229,Rider,Driver_En_Route,Change_of_Plans,0.0,N
CAN_002005,BK_002005,DRV_0152,Driver,Driver_Arrived,Driver_Refused_Drop_Location,0.0,N
CAN_002007,BK_002007,DRV_0055,Driver,Driver_En_Route,Driver_Demanded_Cash_Offline,0.0,N
CAN_002009,BK_002009,DRV_0101,Rider,Driver_Arrived,Driver_Not_Moving,50.0,Y
CAN_002011,BK_002011,DRV_0067,Driver,Driver_Arrived,Driver_Refused_Drop_Location,0.0,N
CAN_002013,BK_002013,DRV_0132,Rider,Driver_Arrived,High_ETA_Long_Wait_Time,50.0,Y
CAN_002016,BK_002016,DRV_0117,Rider,Before_Assignment,High_ETA_Long_Wait_Time,0.0,N
CAN_002021,BK_002021,DRV_0069,Driver,Driver_En_Route,Traffic_Gridlock_En_Route,0.0,N
CAN_002028,BK_002028,DRV_0219,Driver,Driver_En_Route,Driver_Refused_Drop_Location,0.0,N
CAN_002035,BK_002035,DRV_0072,Driver,Driver_En_Route,Driver_Demanded_Cash_Offline,0.0,N
CAN_002036,BK_002036,DRV_0058,Driver,Driver_En_Route,Driver_Refused_Drop_Location,0.0,N
CAN_002037,BK_002037,DRV_0064,Driver,Driver_Arrived,Vehicle_Mechanical_Issue,0.0,N
CAN_002043,BK_002043,DRV_0178,Driver,Driver_En_Route,Traffic_Gridlock_En_Route,0.0,N
CAN_002050,BK_002050,DRV_0216,Rider,Before_Assignment,High_ETA_Long_Wait_Time,0.0,N
CAN_002051,BK_002051,UNASSIGNED,System,Before_Assignment,Driver_Assignment_Timeout_Exceeded,0.0,N
CAN_002052,BK_002052,DRV_0243,Rider,Before_Assignment,Change_of_Plans,0.0,N
CAN_002062,BK_002062,DRV_0261,Driver,Driver_Arrived,Driver_Refused_Drop_Location,0.0,N
CAN_002063,BK_002063,DRV_0270,Rider,Driver_Arrived,Booked_Alternative_Ride,50.0,N
CAN_002065,BK_002065,DRV_0111,Driver,Driver_En_Route,Traffic_Gridlock_En_Route,0.0,N
CAN_002070,BK_002070,DRV_0273,Driver,Driver_En_Route,Driver_Demanded_Cash_Offline,0.0,N
CAN_002073,BK_002073,DRV_0039,Driver,Driver_En_Route,Vehicle_Mechanical_Issue,0.0,N
CAN_002077,BK_002077,DRV_0030,Driver,Driver_Arrived,Traffic_Gridlock_En_Route,0.0,N
CAN_002084,BK_002084,DRV_0227,Rider,Driver_Arrived,High_ETA_Long_Wait_Time,50.0,N
CAN_002087,BK_002087,UNASSIGNED,System,Before_Assignment,Driver_Assignment_Timeout_Exceeded,0.0,N
CAN_002089,BK_002089,DRV_0199,Driver,Driver_Arrived,Traffic_Gridlock_En_Route,0.0,N
CAN_002095,BK_002095,UNASSIGNED,System,Before_Assignment,Driver_Assignment_Timeout_Exceeded,0.0,N
CAN_002098,BK_002098,DRV_0248,Driver,Driver_Arrived,Vehicle_Mechanical_Issue,0.0,N
CAN_002103,BK_002103,DRV_0137,Driver,Driver_Arrived,Vehicle_Mechanical_Issue,0.0,N
CAN_002109,BK_002109,UNASSIGNED,System,Before_Assignment,Driver_Assignment_Timeout_Exceeded,0.0,N
CAN_002111,BK_002111,DRV_0047,Driver,Driver_Arrived,Traffic_Gridlock_En_Route,0.0,N
CAN_002128,BK_002128,DRV_0007,Driver,Driver_En_Route,Traffic_Gridlock_En_Route,0.0,N
CAN_002130,BK_002130,UNASSIGNED,System,Before_Assignment,Driver_Assignment_Timeout_Exceeded,0.0,N
CAN_002132,BK_002132,DRV_0225,Driver,Driver_En_Route,Driver_Demanded_Cash_Offline,0.0,N
CAN_002135,BK_002135,DRV_0180,Rider,Driver_En_Route,Driver_Not_Moving,0.0,N
CAN_002139,BK_002139,DRV_0214,Driver,Driver_En_Route,Driver_Refused_Drop_Location,0.0,N
CAN_002143,BK_002143,DRV_0024,Driver,Driver_En_Route,Driver_Demanded_Cash_Offline,0.0,N
CAN_002147,BK_002147,DRV_0017,Driver,Driver_En_Route,Traffic_Gridlock_En_Route,0.0,N
CAN_002149,BK_002149,DRV_0064,Rider,Driver_En_Route,Driver_Not_Moving,0.0,N
CAN_002151,BK_002151,DRV_0282,Driver,Driver_En_Route,Vehicle_Mechanical_Issue,0.0,N
CAN_002155,BK_002155,DRV_0022,Rider,Before_Assignment,Booked_Alternative_Ride,0.0,N
CAN_002158,BK_002158,DRV_0016,Driver,Driver_En_Route,Vehicle_Mechanical_Issue,0.0,N
CAN_002160,BK_002160,DRV_0020,Rider,Driver_En_Route,High_ETA_Long_Wait_Time,0.0,N
CAN_002164,BK_002164,DRV_0262,Rider,Driver_En_Route,Change_of_Plans,0.0,N
CAN_002166,BK_002166,DRV_0177,Rider,Driver_En_Route,High_ETA_Long_Wait_Time,0.0,N
CAN_002178,BK_002178,DRV_0276,Rider,Driver_Arrived,High_ETA_Long_Wait_Time,50.0,N
CAN_002182,BK_002182,DRV_0057,Rider,Driver_Arrived,Booked_Alternative_Ride,50.0,Y
CAN_002190,BK_002190,DRV_0143,Driver,Driver_En_Route,Vehicle_Mechanical_Issue,0.0,N
CAN_002192,BK_002192,DRV_0001,Rider,Driver_Arrived,High_ETA_Long_Wait_Time,50.0,N
CAN_002194,BK_002194,DRV_0177,Rider,Before_Assignment,Driver_Not_Moving,0.0,N
CAN_002197,BK_002197,DRV_0120,Rider,Driver_En_Route,Change_of_Plans,0.0,N
CAN_002201,BK_002201,DRV_0196,Driver,Driver_En_Route,Traffic_Gridlock_En_Route,0.0,N
CAN_002203,BK_002203,DRV_0022,Rider,Driver_En_Route,High_ETA_Long_Wait_Time,0.0,N
CAN_002205,BK_002205,DRV_0037,Driver,Driver_En_Route,Vehicle_Mechanical_Issue,0.0,N
CAN_002210,BK_002210,UNASSIGNED,System,Before_Assignment,Driver_Assignment_Timeout_Exceeded,0.0,N
CAN_002211,BK_002211,DRV_0007,Rider,Driver_En_Route,Change_of_Plans,0.0,N
CAN_002212,BK_002212,DRV_0096,Driver,Driver_Arrived,Traffic_Gridlock_En_Route,0.0,N
CAN_002224,BK_002224,DRV_0307,Driver,Driver_En_Route,Driver_Refused_Drop_Location,0.0,N
CAN_002227,BK_002227,DRV_0252,Rider,Before_Assignment,Booked_Alternative_Ride,0.0,N
CAN_002230,BK_002230,UNASSIGNED,System,Before_Assignment,Driver_Assignment_Timeout_Exceeded,0.0,N
CAN_002232,BK_002232,UNASSIGNED,System,Before_Assignment,Driver_Assignment_Timeout_Exceeded,0.0,N
CAN_002233,BK_002233,DRV_0209,Driver,Driver_En_Route,Driver_Demanded_Cash_Offline,0.0,N
CAN_002238,BK_002238,DRV_0104,Driver,Driver_Arrived,Driver_Demanded_Cash_Offline,0.0,N
CAN_002241,BK_002241,DRV_0091,Rider,Driver_Arrived,Change_of_Plans,50.0,Y
CAN_002243,BK_002243,DRV_0075,Rider,Before_Assignment,Driver_Not_Moving,0.0,N
CAN_002245,BK_002245,DRV_0089,Driver,Driver_En_Route,Vehicle_Mechanical_Issue,0.0,N
CAN_002251,BK_002251,UNASSIGNED,System,Before_Assignment,Driver_Assignment_Timeout_Exceeded,0.0,N
CAN_002263,BK_002263,DRV_0298,Driver,Driver_Arrived,Driver_Demanded_Cash_Offline,0.0,N
CAN_002266,BK_002266,UNASSIGNED,System,Before_Assignment,Driver_Assignment_Timeout_Exceeded,0.0,N
CAN_002267,BK_002267,DRV_0050,Driver,Driver_Arrived,Traffic_Gridlock_En_Route,0.0,N
CAN_002268,BK_002268,DRV_0271,Driver,Driver_Arrived,Driver_Demanded_Cash_Offline,0.0,N
CAN_002272,BK_002272,DRV_0084,Rider,Driver_Arrived,Change_of_Plans,50.0,Y
CAN_002273,BK_002273,DRV_0194,Rider,Driver_Arrived,Driver_Not_Moving,50.0,Y
CAN_002280,BK_002280,DRV_0235,Driver,Driver_Arrived,Traffic_Gridlock_En_Route,0.0,N
CAN_002284,BK_002284,DRV_0181,Driver,Driver_En_Route,Vehicle_Mechanical_Issue,0.0,N
CAN_002293,BK_002293,DRV_0138,Driver,Driver_Arrived,Vehicle_Mechanical_Issue,0.0,N
CAN_002294,BK_002294,DRV_0084,Rider,Before_Assignment,Change_of_Plans,0.0,N
CAN_002296,BK_002296,DRV_0223,Rider,Driver_Arrived,High_ETA_Long_Wait_Time,50.0,N
CAN_002298,BK_002298,DRV_0264,Driver,Driver_Arrived,Vehicle_Mechanical_Issue,0.0,N
CAN_002302,BK_002302,DRV_0081,Driver,Driver_En_Route,Driver_Demanded_Cash_Offline,0.0,N
CAN_002303,BK_002303,DRV_0103,Rider,Driver_En_Route,Driver_Not_Moving,0.0,N
CAN_002305,BK_002305,DRV_0112,Rider,Before_Assignment,High_ETA_Long_Wait_Time,0.0,N
CAN_002309,BK_002309,UNASSIGNED,System,Before_Assignment,Driver_Assignment_Timeout_Exceeded,0.0,N
CAN_002311,BK_002311,DRV_0198,Driver,Driver_En_Route,Driver_Demanded_Cash_Offline,0.0,N
CAN_002313,BK_002313,DRV_0007,Driver,Driver_En_Route,Vehicle_Mechanical_Issue,0.0,N
CAN_002317,BK_002317,DRV_0175,Driver,Driver_En_Route,Traffic_Gridlock_En_Route,0.0,N
CAN_002326,BK_002326,DRV_0062,Driver,Driver_En_Route,Driver_Demanded_Cash_Offline,0.0,N
CAN_002333,BK_002333,DRV_0233,Driver,Driver_En_Route,Traffic_Gridlock_En_Route,0.0,N
CAN_002337,BK_002337,DRV_0149,Driver,Driver_En_Route,Vehicle_Mechanical_Issue,0.0,N
CAN_002340,BK_002340,DRV_0048,Rider,Driver_Arrived,Driver_Not_Moving,50.0,N
CAN_002343,BK_002343,DRV_0117,Rider,Before_Assignment,Change_of_Plans,0.0,N
CAN_002349,BK_002349,DRV_0111,Driver,Driver_En_Route,Traffic_Gridlock_En_Route,0.0,N
CAN_002350,BK_002350,DRV_0120,Rider,Driver_En_Route,High_ETA_Long_Wait_Time,0.0,N
CAN_002354,BK_002354,DRV_0202,Rider,Driver_En_Route,Booked_Alternative_Ride,0.0,N
CAN_002355,BK_002355,DRV_0028,Rider,Before_Assignment,High_ETA_Long_Wait_Time,0.0,N
CAN_002356,BK_002356,DRV_0194,Rider,Before_Assignment,Change_of_Plans,0.0,N
CAN_002357,BK_002357,DRV_0107,Rider,Driver_Arrived,Booked_Alternative_Ride,50.0,N
CAN_002360,BK_002360,DRV_0132,Driver,Driver_En_Route,Driver_Demanded_Cash_Offline,0.0,N
CAN_002361,BK_002361,UNASSIGNED,System,Before_Assignment,Driver_Assignment_Timeout_Exceeded,0.0,N
CAN_002364,BK_002364,UNASSIGNED,System,Before_Assignment,Driver_Assignment_Timeout_Exceeded,0.0,N
CAN_002369,BK_002369,DRV_0187,Rider,Before_Assignment,Change_of_Plans,0.0,N
CAN_002376,BK_002376,DRV_0223,Rider,Driver_En_Route,Change_of_Plans,0.0,N
CAN_002384,BK_002384,DRV_0120,Driver,Driver_En_Route,Driver_Refused_Drop_Location,0.0,N
CAN_002388,BK_002388,DRV_0113,Driver,Driver_En_Route,Driver_Demanded_Cash_Offline,0.0,N
CAN_002392,BK_002392,DRV_0140,Driver,Driver_En_Route,Driver_Refused_Drop_Location,0.0,N
CAN_002393,BK_002393,DRV_0273,Driver,Driver_Arrived,Driver_Demanded_Cash_Offline,0.0,N
CAN_002396,BK_002396,DRV_0218,Driver,Driver_Arrived,Traffic_Gridlock_En_Route,0.0,N
CAN_002397,BK_002397,DRV_0100,Driver,Driver_En_Route,Vehicle_Mechanical_Issue,0.0,N
CAN_002400,BK_002400,DRV_0202,Rider,Before_Assignment,Booked_Alternative_Ride,0.0,N
CAN_002405,BK_002405,DRV_0204,Driver,Driver_En_Route,Driver_Demanded_Cash_Offline,0.0,N
CAN_002411,BK_002411,DRV_0041,Driver,Driver_En_Route,Vehicle_Mechanical_Issue,0.0,N
CAN_002413,BK_002413,DRV_0251,Rider,Driver_Arrived,Driver_Not_Moving,50.0,N
CAN_002419,BK_002419,UNASSIGNED,System,Before_Assignment,Driver_Assignment_Timeout_Exceeded,0.0,N
CAN_002420,BK_002420,DRV_0197,Driver,Driver_En_Route,Vehicle_Mechanical_Issue,0.0,N
CAN_002423,BK_002423,DRV_0080,Driver,Driver_Arrived,Traffic_Gridlock_En_Route,0.0,N
CAN_002426,BK_002426,DRV_0146,Driver,Driver_En_Route,Driver_Demanded_Cash_Offline,0.0,N
CAN_002427,BK_002427,DRV_0259,Rider,Driver_En_Route,Change_of_Plans,0.0,N
CAN_002428,BK_002428,DRV_0218,Driver,Driver_En_Route,Vehicle_Mechanical_Issue,0.0,N
CAN_002429,BK_002429,DRV_0177,Driver,Driver_En_Route,Driver_Refused_Drop_Location,0.0,N
CAN_002431,BK_002431,DRV_0037,Driver,Driver_En_Route,Vehicle_Mechanical_Issue,0.0,N
CAN_002434,BK_002434,DRV_0149,Rider,Before_Assignment,High_ETA_Long_Wait_Time,0.0,N
CAN_002440,BK_002440,DRV_0113,Driver,Driver_En_Route,Driver_Demanded_Cash_Offline,0.0,N
CAN_002450,BK_002450,DRV_0108,Driver,Driver_En_Route,Driver_Demanded_Cash_Offline,0.0,N
CAN_002451,BK_002451,DRV_0208,Rider,Driver_En_Route,High_ETA_Long_Wait_Time,0.0,N
CAN_002454,BK_002454,DRV_0112,Rider,Driver_Arrived,High_ETA_Long_Wait_Time,50.0,Y
CAN_002456,BK_002456,UNASSIGNED,System,Before_Assignment,Driver_Assignment_Timeout_Exceeded,0.0,N
CAN_002463,BK_002463,DRV_0119,Rider,Driver_Arrived,High_ETA_Long_Wait_Time,50.0,Y
CAN_002467,BK_002467,DRV_0210,Driver,Driver_En_Route,Driver_Demanded_Cash_Offline,0.0,N
CAN_002469,BK_002469,DRV_0103,Rider,Driver_En_Route,High_ETA_Long_Wait_Time,0.0,N
CAN_002471,BK_002471,DRV_0015,Rider,Driver_Arrived,Change_of_Plans,50.0,N
CAN_002481,BK_002481,DRV_0038,Rider,Before_Assignment,Booked_Alternative_Ride,0.0,N
CAN_002487,BK_002487,DRV_0121,Driver,Driver_Arrived,Traffic_Gridlock_En_Route,0.0,N
CAN_002488,BK_002488,DRV_0147,Rider,Before_Assignment,Booked_Alternative_Ride,0.0,N
CAN_002489,BK_002489,DRV_0072,Driver,Driver_En_Route,Driver_Refused_Drop_Location,0.0,N
CAN_002497,BK_002497,DRV_0146,Driver,Driver_En_Route,Driver_Demanded_Cash_Offline,0.0,N
CAN_002505,BK_002505,DRV_0193,Rider,Driver_En_Route,Driver_Not_Moving,0.0,N
CAN_002507,BK_002507,DRV_0120,Rider,Driver_En_Route,Change_of_Plans,0.0,N
CAN_002514,BK_002514,DRV_0116,Driver,Driver_En_Route,Driver_Refused_Drop_Location,0.0,N
CAN_002517,BK_002517,DRV_0108,Driver,Driver_Arrived,Driver_Demanded_Cash_Offline,0.0,N
CAN_002518,BK_002518,DRV_0031,Driver,Driver_En_Route,Vehicle_Mechanical_Issue,0.0,N
CAN_002521,BK_002521,DRV_0181,Rider,Driver_En_Route,Driver_Not_Moving,0.0,N
CAN_002522,BK_002522,DRV_0162,Driver,Driver_Arrived,Vehicle_Mechanical_Issue,0.0,N
CAN_002523,BK_002523,DRV_0254,Driver,Driver_Arrived,Vehicle_Mechanical_Issue,0.0,N
CAN_002534,BK_002534,DRV_0293,Rider,Before_Assignment,High_ETA_Long_Wait_Time,0.0,N
CAN_002546,BK_002546,DRV_0266,Rider,Driver_En_Route,High_ETA_Long_Wait_Time,0.0,N
CAN_002550,BK_002550,DRV_0019,Driver,Driver_En_Route,Traffic_Gridlock_En_Route,0.0,N
CAN_002551,BK_002551,DRV_0038,Driver,Driver_En_Route,Traffic_Gridlock_En_Route,0.0,N
CAN_002560,BK_002560,DRV_0073,Rider,Driver_En_Route,High_ETA_Long_Wait_Time,0.0,N
CAN_002563,BK_002563,UNASSIGNED,System,Before_Assignment,Driver_Assignment_Timeout_Exceeded,0.0,N
CAN_002573,BK_002573,DRV_0320,Driver,Driver_En_Route,Traffic_Gridlock_En_Route,0.0,N
CAN_002594,BK_002594,DRV_0183,Driver,Driver_Arrived,Vehicle_Mechanical_Issue,0.0,N
CAN_002600,BK_002600,DRV_0110,Rider,Before_Assignment,High_ETA_Long_Wait_Time,0.0,N
CAN_002611,BK_002611,UNASSIGNED,System,Before_Assignment,Driver_Assignment_Timeout_Exceeded,0.0,N
CAN_002615,BK_002615,DRV_0232,Driver,Driver_Arrived,Driver_Refused_Drop_Location,0.0,N
CAN_002619,BK_002619,UNASSIGNED,System,Before_Assignment,Driver_Assignment_Timeout_Exceeded,0.0,N
CAN_002620,BK_002620,DRV_0073,Rider,Driver_Arrived,Booked_Alternative_Ride,50.0,N
CAN_002621,BK_002621,DRV_0087,Driver,Driver_En_Route,Driver_Demanded_Cash_Offline,0.0,N
CAN_002626,BK_002626,DRV_0201,Driver,Driver_En_Route,Driver_Refused_Drop_Location,0.0,N
CAN_002632,BK_002632,DRV_0108,Driver,Driver_En_Route,Driver_Refused_Drop_Location,0.0,N
CAN_002634,BK_002634,DRV_0291,Rider,Driver_Arrived,Change_of_Plans,50.0,Y
CAN_002635,BK_002635,DRV_0265,Driver,Driver_En_Route,Driver_Refused_Drop_Location,0.0,N
CAN_002641,BK_002641,DRV_0247,Rider,Before_Assignment,High_ETA_Long_Wait_Time,0.0,N
CAN_002645,BK_002645,DRV_0105,Rider,Driver_En_Route,High_ETA_Long_Wait_Time,0.0,N
CAN_002647,BK_002647,DRV_0070,Rider,Driver_Arrived,Booked_Alternative_Ride,50.0,Y
CAN_002660,BK_002660,DRV_0079,Rider,Before_Assignment,Change_of_Plans,0.0,N
CAN_002661,BK_002661,DRV_0149,Rider,Before_Assignment,Driver_Not_Moving,0.0,N
CAN_002662,BK_002662,DRV_0198,Driver,Driver_Arrived,Traffic_Gridlock_En_Route,0.0,N
CAN_002663,BK_002663,UNASSIGNED,System,Before_Assignment,Driver_Assignment_Timeout_Exceeded,0.0,N
CAN_002665,BK_002665,UNASSIGNED,System,Before_Assignment,Driver_Assignment_Timeout_Exceeded,0.0,N
CAN_002667,BK_002667,DRV_0306,Driver,Driver_Arrived,Traffic_Gridlock_En_Route,0.0,N
CAN_002676,BK_002676,DRV_0006,Driver,Driver_En_Route,Vehicle_Mechanical_Issue,0.0,N
CAN_002680,BK_002680,DRV_0071,Driver,Driver_En_Route,Driver_Demanded_Cash_Offline,0.0,N
CAN_002682,BK_002682,DRV_0121,Rider,Driver_Arrived,Booked_Alternative_Ride,50.0,Y
CAN_002683,BK_002683,DRV_0197,Rider,Driver_Arrived,High_ETA_Long_Wait_Time,50.0,N
CAN_002692,BK_002692,DRV_0174,Driver,Driver_En_Route,Driver_Demanded_Cash_Offline,0.0,N
CAN_002698,BK_002698,DRV_0090,Rider,Before_Assignment,Driver_Not_Moving,0.0,N
CAN_002702,BK_002702,DRV_0137,Rider,Driver_Arrived,High_ETA_Long_Wait_Time,50.0,N
CAN_002703,BK_002703,DRV_0136,Driver,Driver_En_Route,Driver_Demanded_Cash_Offline,0.0,N
CAN_002707,BK_002707,UNASSIGNED,System,Before_Assignment,Driver_Assignment_Timeout_Exceeded,0.0,N
CAN_002712,BK_002712,DRV_0197,Rider,Driver_En_Route,Change_of_Plans,0.0,N
CAN_002718,BK_002718,DRV_0239,Rider,Before_Assignment,High_ETA_Long_Wait_Time,0.0,N
CAN_002719,BK_002719,DRV_0211,Driver,Driver_En_Route,Driver_Refused_Drop_Location,0.0,N
CAN_002721,BK_002721,UNASSIGNED,System,Before_Assignment,Driver_Assignment_Timeout_Exceeded,0.0,N
CAN_002722,BK_002722,UNASSIGNED,System,Before_Assignment,Driver_Assignment_Timeout_Exceeded,0.0,N
CAN_002725,BK_002725,DRV_0034,Rider,Before_Assignment,High_ETA_Long_Wait_Time,0.0,N
CAN_002731,BK_002731,DRV_0314,Driver,Driver_Arrived,Vehicle_Mechanical_Issue,0.0,N
CAN_002732,BK_002732,DRV_0044,Driver,Driver_En_Route,Driver_Demanded_Cash_Offline,0.0,N
CAN_002735,BK_002735,DRV_0260,Driver,Driver_En_Route,Traffic_Gridlock_En_Route,0.0,N
CAN_002740,BK_002740,DRV_0173,Rider,Driver_En_Route,Change_of_Plans,0.0,N
CAN_002741,BK_002741,DRV_0305,Rider,Driver_En_Route,Change_of_Plans,0.0,N
CAN_002744,BK_002744,DRV_0253,Driver,Driver_Arrived,Driver_Refused_Drop_Location,0.0,N
CAN_002750,BK_002750,UNASSIGNED,System,Before_Assignment,Driver_Assignment_Timeout_Exceeded,0.0,N
CAN_002759,BK_002759,DRV_0126,Rider,Before_Assignment,High_ETA_Long_Wait_Time,0.0,N
CAN_002761,BK_002761,UNASSIGNED,System,Before_Assignment,Driver_Assignment_Timeout_Exceeded,0.0,N
CAN_002765,BK_002765,DRV_0194,Rider,Driver_Arrived,High_ETA_Long_Wait_Time,50.0,N
CAN_002769,BK_002769,DRV_0310,Driver,Driver_En_Route,Vehicle_Mechanical_Issue,0.0,N
CAN_002778,BK_002778,DRV_0290,Driver,Driver_En_Route,Driver_Refused_Drop_Location,0.0,N
CAN_002782,BK_002782,DRV_0113,Driver,Driver_En_Route,Driver_Demanded_Cash_Offline,0.0,N
CAN_002790,BK_002790,UNASSIGNED,System,Before_Assignment,Driver_Assignment_Timeout_Exceeded,0.0,N
CAN_002792,BK_002792,DRV_0265,Rider,Before_Assignment,Driver_Not_Moving,0.0,N
CAN_002795,BK_002795,DRV_0193,Rider,Driver_En_Route,Driver_Not_Moving,0.0,N
CAN_002797,BK_002797,DRV_0196,Rider,Driver_Arrived,Booked_Alternative_Ride,50.0,Y
CAN_002798,BK_002798,DRV_0299,Driver,Driver_Arrived,Driver_Demanded_Cash_Offline,0.0,N
CAN_002800,BK_002800,DRV_0156,Driver,Driver_Arrived,Driver_Demanded_Cash_Offline,0.0,N
CAN_002804,BK_002804,DRV_0106,Driver,Driver_Arrived,Traffic_Gridlock_En_Route,0.0,N
CAN_002806,BK_002806,DRV_0013,Driver,Driver_Arrived,Traffic_Gridlock_En_Route,0.0,N
CAN_002808,BK_002808,DRV_0028,Driver,Driver_Arrived,Vehicle_Mechanical_Issue,0.0,N
CAN_002811,BK_002811,DRV_0260,Driver,Driver_En_Route,Traffic_Gridlock_En_Route,0.0,N
CAN_002814,BK_002814,DRV_0190,Rider,Driver_Arrived,Booked_Alternative_Ride,50.0,Y
CAN_002817,BK_002817,UNASSIGNED,System,Before_Assignment,Driver_Assignment_Timeout_Exceeded,0.0,N
CAN_002818,BK_002818,DRV_0271,Rider,Driver_Arrived,Booked_Alternative_Ride,50.0,N
CAN_002822,BK_002822,DRV_0266,Driver,Driver_En_Route,Vehicle_Mechanical_Issue,0.0,N
CAN_002829,BK_002829,DRV_0138,Driver,Driver_En_Route,Traffic_Gridlock_En_Route,0.0,N
CAN_002834,BK_002834,DRV_0157,Driver,Driver_En_Route,Vehicle_Mechanical_Issue,0.0,N
CAN_002841,BK_002841,DRV_0067,Driver,Driver_Arrived,Driver_Demanded_Cash_Offline,0.0,N
CAN_002844,BK_002844,DRV_0201,Rider,Driver_Arrived,Booked_Alternative_Ride,50.0,Y
CAN_002852,BK_002852,UNASSIGNED,System,Before_Assignment,Driver_Assignment_Timeout_Exceeded,0.0,N
CAN_002853,BK_002853,DRV_0234,Rider,Driver_Arrived,High_ETA_Long_Wait_Time,50.0,N
CAN_002855,BK_002855,DRV_0288,Driver,Driver_En_Route,Traffic_Gridlock_En_Route,0.0,N
CAN_002858,BK_002858,DRV_0197,Driver,Driver_En_Route,Vehicle_Mechanical_Issue,0.0,N
CAN_002859,BK_002859,DRV_0046,Driver,Driver_Arrived,Driver_Demanded_Cash_Offline,0.0,N
CAN_002860,BK_002860,DRV_0038,Driver,Driver_En_Route,Driver_Refused_Drop_Location,0.0,N
CAN_002861,BK_002861,DRV_0134,Driver,Driver_En_Route,Driver_Refused_Drop_Location,0.0,N
CAN_002866,BK_002866,DRV_0116,Driver,Driver_En_Route,Driver_Demanded_Cash_Offline,0.0,N
CAN_002869,BK_002869,DRV_0072,Driver,Driver_En_Route,Driver_Refused_Drop_Location,0.0,N
CAN_002870,BK_002870,DRV_0238,Driver,Driver_En_Route,Driver_Refused_Drop_Location,0.0,N
CAN_002872,BK_002872,DRV_0097,Driver,Driver_En_Route,Driver_Refused_Drop_Location,0.0,N
CAN_002873,BK_002873,DRV_0048,Rider,Before_Assignment,Change_of_Plans,0.0,N
CAN_002878,BK_002878,DRV_0140,Rider,Before_Assignment,Driver_Not_Moving,0.0,N
CAN_002879,BK_002879,DRV_0200,Rider,Driver_En_Route,Driver_Not_Moving,0.0,N
CAN_002884,BK_002884,DRV_0261,Driver,Driver_En_Route,Vehicle_Mechanical_Issue,0.0,N
CAN_002887,BK_002887,UNASSIGNED,System,Before_Assignment,Driver_Assignment_Timeout_Exceeded,0.0,N
CAN_002894,BK_002894,DRV_0234,Driver,Driver_En_Route,Driver_Refused_Drop_Location,0.0,N
CAN_002896,BK_002896,DRV_0001,Rider,Before_Assignment,Booked_Alternative_Ride,0.0,N
CAN_002898,BK_002898,DRV_0167,Driver,Driver_En_Route,Driver_Demanded_Cash_Offline,0.0,N
CAN_002899,BK_002899,DRV_0307,Rider,Driver_Arrived,Driver_Not_Moving,50.0,N
CAN_002901,BK_002901,DRV_0074,Rider,Driver_Arrived,High_ETA_Long_Wait_Time,50.0,N
CAN_002902,BK_002902,DRV_0058,Driver,Driver_En_Route,Driver_Demanded_Cash_Offline,0.0,N
CAN_002907,BK_002907,DRV_0191,Driver,Driver_En_Route,Vehicle_Mechanical_Issue,0.0,N
CAN_002910,BK_002910,DRV_0224,Driver,Driver_En_Route,Vehicle_Mechanical_Issue,0.0,N
CAN_002926,BK_002926,DRV_0081,Driver,Driver_En_Route,Traffic_Gridlock_En_Route,0.0,N
CAN_002933,BK_002933,DRV_0150,Driver,Driver_En_Route,Traffic_Gridlock_En_Route,0.0,N
CAN_002939,BK_002939,DRV_0288,Rider,Driver_En_Route,High_ETA_Long_Wait_Time,0.0,N
CAN_002943,BK_002943,DRV_0024,Driver,Driver_En_Route,Vehicle_Mechanical_Issue,0.0,N
CAN_002945,BK_002945,DRV_0054,Rider,Driver_Arrived,Driver_Not_Moving,50.0,N
CAN_002946,BK_002946,DRV_0139,Rider,Driver_En_Route,Driver_Not_Moving,0.0,N
CAN_002950,BK_002950,DRV_0294,Rider,Driver_Arrived,Change_of_Plans,50.0,N
CAN_002952,BK_002952,DRV_0093,Driver,Driver_Arrived,Traffic_Gridlock_En_Route,0.0,N
CAN_002954,BK_002954,DRV_0054,Driver,Driver_En_Route,Driver_Demanded_Cash_Offline,0.0,N
CAN_002957,BK_002957,DRV_0299,Driver,Driver_En_Route,Driver_Demanded_Cash_Offline,0.0,N
CAN_002959,BK_002959,DRV_0152,Rider,Driver_En_Route,Booked_Alternative_Ride,0.0,N
CAN_002960,BK_002960,DRV_0259,Rider,Driver_En_Route,Change_of_Plans,0.0,N
CAN_002963,BK_002963,DRV_0105,Driver,Driver_En_Route,Driver_Refused_Drop_Location,0.0,N
CAN_002965,BK_002965,DRV_0270,Driver,Driver_Arrived,Driver_Refused_Drop_Location,0.0,N
CAN_002966,BK_002966,DRV_0008,Driver,Driver_Arrived,Driver_Refused_Drop_Location,0.0,N
CAN_002967,BK_002967,DRV_0313,Driver,Driver_En_Route,Driver_Refused_Drop_Location,0.0,N
CAN_002972,BK_002972,UNASSIGNED,System,Before_Assignment,Driver_Assignment_Timeout_Exceeded,0.0,N
CAN_002974,BK_002974,DRV_0034,Driver,Driver_Arrived,Driver_Refused_Drop_Location,0.0,N
CAN_002978,BK_002978,DRV_0260,Driver,Driver_En_Route,Driver_Demanded_Cash_Offline,0.0,N
CAN_002982,BK_002982,DRV_0242,Driver,Driver_Arrived,Traffic_Gridlock_En_Route,0.0,N
CAN_002983,BK_002983,DRV_0263,Rider,Before_Assignment,Change_of_Plans,0.0,N
CAN_002987,BK_002987,DRV_0299,Rider,Driver_En_Route,Booked_Alternative_Ride,0.0,N
CAN_002990,BK_002990,DRV_0073,Rider,Driver_Arrived,Driver_Not_Moving,50.0,N
CAN_002993,BK_002993,DRV_0100,Rider,Before_Assignment,Driver_Not_Moving,0.0,N
CAN_002995,BK_002995,DRV_0008,Rider,Driver_En_Route,High_ETA_Long_Wait_Time,0.0,N
CAN_002999,BK_002999,UNASSIGNED,System,Before_Assignment,Driver_Assignment_Timeout_Exceeded,0.0,N
CAN_003000,BK_003000,DRV_0042,Driver,Driver_En_Route,Driver_Refused_Drop_Location,0.0,N
CAN_003009,BK_003009,DRV_0134,Driver,Driver_Arrived,Driver_Demanded_Cash_Offline,0.0,N
CAN_003014,BK_003014,UNASSIGNED,System,Before_Assignment,Driver_Assignment_Timeout_Exceeded,0.0,N
CAN_003016,BK_003016,DRV_0052,Driver,Driver_En_Route,Driver_Refused_Drop_Location,0.0,N
CAN_003020,BK_003020,DRV_0239,Driver,Driver_En_Route,Vehicle_Mechanical_Issue,0.0,N
CAN_003025,BK_003025,DRV_0196,Driver,Driver_En_Route,Vehicle_Mechanical_Issue,0.0,N
CAN_003026,BK_003026,DRV_0132,Rider,Driver_Arrived,Change_of_Plans,50.0,N
CAN_003027,BK_003027,DRV_0003,Driver,Driver_En_Route,Driver_Demanded_Cash_Offline,0.0,N
CAN_003030,BK_003030,DRV_0057,Rider,Before_Assignment,Booked_Alternative_Ride,0.0,N
CAN_003031,BK_003031,UNASSIGNED,System,Before_Assignment,Driver_Assignment_Timeout_Exceeded,0.0,N
CAN_003032,BK_003032,DRV_0051,Driver,Driver_En_Route,Driver_Refused_Drop_Location,0.0,N
CAN_003046,BK_003046,DRV_0078,Driver,Driver_Arrived,Traffic_Gridlock_En_Route,0.0,N
CAN_003051,BK_003051,DRV_0062,Driver,Driver_En_Route,Driver_Refused_Drop_Location,0.0,N
CAN_003052,BK_003052,DRV_0051,Driver,Driver_En_Route,Driver_Demanded_Cash_Offline,0.0,N
CAN_003062,BK_003062,DRV_0037,Driver,Driver_En_Route,Driver_Demanded_Cash_Offline,0.0,N
CAN_003067,BK_003067,DRV_0212,Rider,Driver_Arrived,Booked_Alternative_Ride,50.0,Y
CAN_003068,BK_003068,DRV_0012,Rider,Before_Assignment,Change_of_Plans,0.0,N
CAN_003069,BK_003069,UNASSIGNED,System,Before_Assignment,Driver_Assignment_Timeout_Exceeded,0.0,N
CAN_003075,BK_003075,DRV_0112,Driver,Driver_En_Route,Traffic_Gridlock_En_Route,0.0,N
CAN_003078,BK_003078,UNASSIGNED,System,Before_Assignment,Driver_Assignment_Timeout_Exceeded,0.0,N
CAN_003082,BK_003082,DRV_0236,Driver,Driver_En_Route,Vehicle_Mechanical_Issue,0.0,N
CAN_003087,BK_003087,DRV_0197,Driver,Driver_Arrived,Driver_Refused_Drop_Location,0.0,N
CAN_003089,BK_003089,DRV_0105,Driver,Driver_Arrived,Driver_Refused_Drop_Location,0.0,N
CAN_003090,BK_003090,DRV_0050,Driver,Driver_Arrived,Driver_Demanded_Cash_Offline,0.0,N
CAN_003092,BK_003092,DRV_0002,Driver,Driver_En_Route,Traffic_Gridlock_En_Route,0.0,N
CAN_003097,BK_003097,DRV_0081,Driver,Driver_En_Route,Driver_Demanded_Cash_Offline,0.0,N
CAN_003098,BK_003098,DRV_0234,Driver,Driver_En_Route,Driver_Demanded_Cash_Offline,0.0,N
CAN_003100,BK_003100,DRV_0223,Rider,Driver_Arrived,Driver_Not_Moving,50.0,Y
CAN_003104,BK_003104,DRV_0051,Driver,Driver_En_Route,Driver_Refused_Drop_Location,0.0,N
CAN_003108,BK_003108,DRV_0237,Rider,Before_Assignment,Booked_Alternative_Ride,0.0,N
CAN_003112,BK_003112,DRV_0282,Driver,Driver_Arrived,Driver_Demanded_Cash_Offline,0.0,N
CAN_003114,BK_003114,UNASSIGNED,System,Before_Assignment,Driver_Assignment_Timeout_Exceeded,0.0,N
CAN_003115,BK_003115,DRV_0178,Driver,Driver_Arrived,Driver_Refused_Drop_Location,0.0,N
CAN_003118,BK_003118,DRV_0275,Rider,Driver_Arrived,Change_of_Plans,50.0,Y
CAN_003123,BK_003123,UNASSIGNED,System,Before_Assignment,Driver_Assignment_Timeout_Exceeded,0.0,N
CAN_003125,BK_003125,DRV_0104,Driver,Driver_En_Route,Vehicle_Mechanical_Issue,0.0,N
CAN_003128,BK_003128,DRV_0100,Driver,Driver_Arrived,Vehicle_Mechanical_Issue,0.0,N
CAN_003130,BK_003130,DRV_0025,Driver,Driver_En_Route,Driver_Refused_Drop_Location,0.0,N
CAN_003142,BK_003142,DRV_0299,Rider,Driver_Arrived,Booked_Alternative_Ride,50.0,N
CAN_003146,BK_003146,DRV_0275,Rider,Driver_Arrived,Change_of_Plans,50.0,Y
CAN_003149,BK_003149,DRV_0306,Driver,Driver_En_Route,Vehicle_Mechanical_Issue,0.0,N
CAN_003152,BK_003152,DRV_0059,Driver,Driver_Arrived,Driver_Refused_Drop_Location,0.0,N
CAN_003154,BK_003154,DRV_0025,Driver,Driver_Arrived,Vehicle_Mechanical_Issue,0.0,N
CAN_003162,BK_003162,DRV_0316,Rider,Before_Assignment,Driver_Not_Moving,0.0,N
CAN_003164,BK_003164,DRV_0023,Rider,Driver_En_Route,Change_of_Plans,0.0,N
CAN_003173,BK_003173,DRV_0015,Rider,Driver_Arrived,Driver_Not_Moving,50.0,N
CAN_003174,BK_003174,DRV_0040,Driver,Driver_Arrived,Traffic_Gridlock_En_Route,0.0,N
CAN_003175,BK_003175,DRV_0205,Driver,Driver_Arrived,Driver_Demanded_Cash_Offline,0.0,N
CAN_003179,BK_003179,DRV_0236,Rider,Before_Assignment,High_ETA_Long_Wait_Time,0.0,N
CAN_003181,BK_003181,DRV_0080,Rider,Before_Assignment,Booked_Alternative_Ride,0.0,N
CAN_003182,BK_003182,DRV_0281,Driver,Driver_Arrived,Driver_Demanded_Cash_Offline,0.0,N
CAN_003184,BK_003184,UNASSIGNED,System,Before_Assignment,Driver_Assignment_Timeout_Exceeded,0.0,N
CAN_003193,BK_003193,UNASSIGNED,System,Before_Assignment,Driver_Assignment_Timeout_Exceeded,0.0,N
CAN_003194,BK_003194,UNASSIGNED,System,Before_Assignment,Driver_Assignment_Timeout_Exceeded,0.0,N
CAN_003199,BK_003199,DRV_0005,Rider,Before_Assignment,Driver_Not_Moving,0.0,N
CAN_003202,BK_003202,DRV_0242,Driver,Driver_En_Route,Traffic_Gridlock_En_Route,0.0,N
CAN_003206,BK_003206,DRV_0072,Rider,Driver_Arrived,Driver_Not_Moving,50.0,Y
CAN_003207,BK_003207,DRV_0025,Rider,Driver_Arrived,Change_of_Plans,50.0,Y
CAN_003208,BK_003208,UNASSIGNED,System,Before_Assignment,Driver_Assignment_Timeout_Exceeded,0.0,N
CAN_003209,BK_003209,UNASSIGNED,System,Before_Assignment,Driver_Assignment_Timeout_Exceeded,0.0,N
CAN_003210,BK_003210,DRV_0119,Driver,Driver_En_Route,Vehicle_Mechanical_Issue,0.0,N
CAN_003212,BK_003212,DRV_0067,Rider,Driver_Arrived,High_ETA_Long_Wait_Time,50.0,N
CAN_003215,BK_003215,DRV_0117,Rider,Before_Assignment,Booked_Alternative_Ride,0.0,N
CAN_003218,BK_003218,DRV_0020,Rider,Driver_Arrived,Booked_Alternative_Ride,50.0,N
CAN_003226,BK_003226,DRV_0167,Rider,Before_Assignment,Booked_Alternative_Ride,0.0,N
CAN_003231,BK_003231,DRV_0319,Driver,Driver_En_Route,Driver_Refused_Drop_Location,0.0,N
CAN_003233,BK_003233,DRV_0233,Rider,Driver_Arrived,Change_of_Plans,50.0,N
CAN_003242,BK_003242,DRV_0060,Rider,Before_Assignment,Booked_Alternative_Ride,0.0,N
CAN_003243,BK_003243,DRV_0232,Driver,Driver_Arrived,Driver_Demanded_Cash_Offline,0.0,N
CAN_003247,BK_003247,DRV_0123,Driver,Driver_Arrived,Traffic_Gridlock_En_Route,0.0,N
CAN_003255,BK_003255,DRV_0210,Rider,Driver_En_Route,Driver_Not_Moving,0.0,N
CAN_003261,BK_003261,DRV_0022,Rider,Before_Assignment,Booked_Alternative_Ride,0.0,N
CAN_003262,BK_003262,DRV_0073,Driver,Driver_En_Route,Vehicle_Mechanical_Issue,0.0,N
CAN_003267,BK_003267,DRV_0028,Driver,Driver_En_Route,Driver_Refused_Drop_Location,0.0,N
CAN_003270,BK_003270,UNASSIGNED,System,Before_Assignment,Driver_Assignment_Timeout_Exceeded,0.0,N
CAN_003276,BK_003276,DRV_0225,Rider,Driver_En_Route,Driver_Not_Moving,0.0,N
CAN_003277,BK_003277,DRV_0130,Driver,Driver_Arrived,Driver_Refused_Drop_Location,0.0,N
CAN_003283,BK_003283,DRV_0311,Driver,Driver_Arrived,Driver_Refused_Drop_Location,0.0,N
CAN_003289,BK_003289,DRV_0201,Driver,Driver_En_Route,Traffic_Gridlock_En_Route,0.0,N
CAN_003309,BK_003309,DRV_0232,Rider,Driver_Arrived,Change_of_Plans,50.0,N
CAN_003323,BK_003323,DRV_0299,Driver,Driver_Arrived,Driver_Demanded_Cash_Offline,0.0,N
CAN_003325,BK_003325,DRV_0244,Driver,Driver_En_Route,Driver_Demanded_Cash_Offline,0.0,N
CAN_003337,BK_003337,DRV_0219,Rider,Driver_En_Route,Booked_Alternative_Ride,0.0,N
CAN_003341,BK_003341,DRV_0202,Driver,Driver_En_Route,Driver_Demanded_Cash_Offline,0.0,N
CAN_003342,BK_003342,DRV_0111,Driver,Driver_En_Route,Driver_Refused_Drop_Location,0.0,N
CAN_003349,BK_003349,DRV_0180,Driver,Driver_Arrived,Driver_Demanded_Cash_Offline,0.0,N
CAN_003351,BK_003351,UNASSIGNED,System,Before_Assignment,Driver_Assignment_Timeout_Exceeded,0.0,N
CAN_003354,BK_003354,DRV_0269,Driver,Driver_En_Route,Driver_Demanded_Cash_Offline,0.0,N
CAN_003358,BK_003358,DRV_0199,Rider,Before_Assignment,Driver_Not_Moving,0.0,N
CAN_003360,BK_003360,DRV_0025,Driver,Driver_Arrived,Driver_Demanded_Cash_Offline,0.0,N
CAN_003362,BK_003362,DRV_0218,Driver,Driver_En_Route,Driver_Refused_Drop_Location,0.0,N
CAN_003367,BK_003367,DRV_0236,Driver,Driver_Arrived,Vehicle_Mechanical_Issue,0.0,N
CAN_003371,BK_003371,DRV_0001,Driver,Driver_En_Route,Vehicle_Mechanical_Issue,0.0,N
CAN_003375,BK_003375,UNASSIGNED,System,Before_Assignment,Driver_Assignment_Timeout_Exceeded,0.0,N
CAN_003379,BK_003379,DRV_0172,Driver,Driver_En_Route,Vehicle_Mechanical_Issue,0.0,N
CAN_003380,BK_003380,DRV_0059,Rider,Before_Assignment,Change_of_Plans,0.0,N
CAN_003381,BK_003381,DRV_0143,Driver,Driver_En_Route,Driver_Refused_Drop_Location,0.0,N
CAN_003382,BK_003382,DRV_0196,Driver,Driver_En_Route,Driver_Demanded_Cash_Offline,0.0,N
CAN_003387,BK_003387,DRV_0126,Rider,Driver_En_Route,Booked_Alternative_Ride,0.0,N
CAN_003390,BK_003390,DRV_0145,Rider,Driver_Arrived,Booked_Alternative_Ride,50.0,Y
CAN_003397,BK_003397,UNASSIGNED,System,Before_Assignment,Driver_Assignment_Timeout_Exceeded,0.0,N
CAN_003399,BK_003399,DRV_0074,Driver,Driver_Arrived,Driver_Demanded_Cash_Offline,0.0,N
CAN_003405,BK_003405,DRV_0135,Rider,Driver_En_Route,Change_of_Plans,0.0,N
CAN_003406,BK_003406,DRV_0104,Rider,Before_Assignment,High_ETA_Long_Wait_Time,0.0,N
CAN_003414,BK_003414,DRV_0132,Rider,Driver_En_Route,High_ETA_Long_Wait_Time,0.0,N
CAN_003416,BK_003416,DRV_0187,Driver,Driver_En_Route,Traffic_Gridlock_En_Route,0.0,N
CAN_003419,BK_003419,DRV_0085,Driver,Driver_Arrived,Vehicle_Mechanical_Issue,0.0,N
CAN_003420,BK_003420,UNASSIGNED,System,Before_Assignment,Driver_Assignment_Timeout_Exceeded,0.0,N
CAN_003426,BK_003426,DRV_0149,Rider,Before_Assignment,Booked_Alternative_Ride,0.0,N
CAN_003431,BK_003431,DRV_0229,Rider,Driver_Arrived,Driver_Not_Moving,50.0,Y
CAN_003434,BK_003434,DRV_0206,Driver,Driver_En_Route,Traffic_Gridlock_En_Route,0.0,N
CAN_003438,BK_003438,DRV_0286,Driver,Driver_En_Route,Traffic_Gridlock_En_Route,0.0,N
CAN_003441,BK_003441,DRV_0156,Driver,Driver_En_Route,Vehicle_Mechanical_Issue,0.0,N
CAN_003443,BK_003443,DRV_0016,Rider,Before_Assignment,Driver_Not_Moving,0.0,N
CAN_003444,BK_003444,DRV_0248,Driver,Driver_En_Route,Traffic_Gridlock_En_Route,0.0,N
CAN_003446,BK_003446,DRV_0005,Driver,Driver_Arrived,Driver_Demanded_Cash_Offline,0.0,N
CAN_003451,BK_003451,DRV_0129,Driver,Driver_Arrived,Driver_Demanded_Cash_Offline,0.0,N
CAN_003453,BK_003453,DRV_0247,Driver,Driver_Arrived,Driver_Refused_Drop_Location,0.0,N
CAN_003455,BK_003455,DRV_0144,Driver,Driver_En_Route,Driver_Refused_Drop_Location,0.0,N
CAN_003456,BK_003456,DRV_0104,Driver,Driver_Arrived,Driver_Refused_Drop_Location,0.0,N
CAN_003459,BK_003459,DRV_0178,Rider,Driver_Arrived,Booked_Alternative_Ride,50.0,N
CAN_003463,BK_003463,UNASSIGNED,System,Before_Assignment,Driver_Assignment_Timeout_Exceeded,0.0,N
CAN_003464,BK_003464,DRV_0156,Driver,Driver_Arrived,Driver_Refused_Drop_Location,0.0,N
CAN_003466,BK_003466,DRV_0074,Driver,Driver_En_Route,Driver_Demanded_Cash_Offline,0.0,N
CAN_003467,BK_003467,DRV_0134,Driver,Driver_Arrived,Traffic_Gridlock_En_Route,0.0,N
CAN_003468,BK_003468,DRV_0061,Rider,Driver_Arrived,Booked_Alternative_Ride,50.0,N
CAN_003471,BK_003471,DRV_0082,Driver,Driver_Arrived,Traffic_Gridlock_En_Route,0.0,N
CAN_003484,BK_003484,DRV_0055,Rider,Driver_En_Route,Change_of_Plans,0.0,N
CAN_003489,BK_003489,DRV_0298,Driver,Driver_Arrived,Driver_Demanded_Cash_Offline,0.0,N
CAN_003493,BK_003493,DRV_0110,Driver,Driver_En_Route,Driver_Demanded_Cash_Offline,0.0,N
CAN_003495,BK_003495,DRV_0107,Driver,Driver_En_Route,Traffic_Gridlock_En_Route,0.0,N
CAN_003496,BK_003496,DRV_0055,Driver,Driver_Arrived,Driver_Refused_Drop_Location,0.0,N
CAN_003499,BK_003499,DRV_0288,Rider,Before_Assignment,Booked_Alternative_Ride,0.0,N
CAN_003506,BK_003506,DRV_0140,Driver,Driver_Arrived,Driver_Demanded_Cash_Offline,0.0,N
CAN_003518,BK_003518,DRV_0318,Rider,Driver_Arrived,Driver_Not_Moving,50.0,N
CAN_003522,BK_003522,DRV_0293,Driver,Driver_Arrived,Driver_Demanded_Cash_Offline,0.0,N
CAN_003524,BK_003524,DRV_0250,Driver,Driver_En_Route,Driver_Refused_Drop_Location,0.0,N
CAN_003525,BK_003525,DRV_0134,Rider,Before_Assignment,Driver_Not_Moving,0.0,N
CAN_003534,BK_003534,DRV_0067,Driver,Driver_Arrived,Driver_Demanded_Cash_Offline,0.0,N
CAN_003539,BK_003539,UNASSIGNED,System,Before_Assignment,Driver_Assignment_Timeout_Exceeded,0.0,N
CAN_003540,BK_003540,DRV_0151,Rider,Before_Assignment,High_ETA_Long_Wait_Time,0.0,N
CAN_003544,BK_003544,DRV_0070,Driver,Driver_En_Route,Driver_Refused_Drop_Location,0.0,N
CAN_003546,BK_003546,DRV_0204,Driver,Driver_En_Route,Traffic_Gridlock_En_Route,0.0,N
CAN_003555,BK_003555,DRV_0281,Driver,Driver_En_Route,Traffic_Gridlock_En_Route,0.0,N
CAN_003564,BK_003564,DRV_0123,Driver,Driver_En_Route,Vehicle_Mechanical_Issue,0.0,N
CAN_003566,BK_003566,DRV_0154,Driver,Driver_En_Route,Driver_Refused_Drop_Location,0.0,N
CAN_003567,BK_003567,DRV_0046,Driver,Driver_En_Route,Driver_Demanded_Cash_Offline,0.0,N
CAN_003568,BK_003568,DRV_0094,Rider,Driver_En_Route,Driver_Not_Moving,0.0,N
CAN_003571,BK_003571,DRV_0320,Driver,Driver_En_Route,Vehicle_Mechanical_Issue,0.0,N
CAN_003572,BK_003572,DRV_0252,Driver,Driver_En_Route,Driver_Refused_Drop_Location,0.0,N
CAN_003576,BK_003576,DRV_0237,Driver,Driver_Arrived,Traffic_Gridlock_En_Route,0.0,N
CAN_003578,BK_003578,DRV_0126,Rider,Before_Assignment,High_ETA_Long_Wait_Time,0.0,N
CAN_003586,BK_003586,DRV_0072,Rider,Driver_Arrived,High_ETA_Long_Wait_Time,50.0,N
CAN_003588,BK_003588,DRV_0022,Driver,Driver_En_Route,Traffic_Gridlock_En_Route,0.0,N
CAN_003589,BK_003589,DRV_0229,Driver,Driver_En_Route,Vehicle_Mechanical_Issue,0.0,N
CAN_003593,BK_003593,DRV_0063,Driver,Driver_En_Route,Traffic_Gridlock_En_Route,0.0,N
CAN_003595,BK_003595,DRV_0178,Driver,Driver_En_Route,Vehicle_Mechanical_Issue,0.0,N
CAN_003599,BK_003599,DRV_0189,Driver,Driver_En_Route,Traffic_Gridlock_En_Route,0.0,N
CAN_003606,BK_003606,DRV_0249,Rider,Driver_En_Route,Driver_Not_Moving,0.0,N
CAN_003611,BK_003611,DRV_0183,Rider,Before_Assignment,High_ETA_Long_Wait_Time,0.0,N
CAN_003615,BK_003615,DRV_0258,Driver,Driver_Arrived,Vehicle_Mechanical_Issue,0.0,N
CAN_003616,BK_003616,DRV_0320,Driver,Driver_Arrived,Traffic_Gridlock_En_Route,0.0,N
CAN_003618,BK_003618,DRV_0314,Rider,Driver_Arrived,Booked_Alternative_Ride,50.0,Y
CAN_003619,BK_003619,DRV_0301,Rider,Before_Assignment,High_ETA_Long_Wait_Time,0.0,N
CAN_003621,BK_003621,DRV_0089,Driver,Driver_En_Route,Driver_Demanded_Cash_Offline,0.0,N
CAN_003622,BK_003622,DRV_0222,Driver,Driver_Arrived,Driver_Demanded_Cash_Offline,0.0,N
CAN_003627,BK_003627,UNASSIGNED,System,Before_Assignment,Driver_Assignment_Timeout_Exceeded,0.0,N
CAN_003628,BK_003628,DRV_0173,Driver,Driver_En_Route,Traffic_Gridlock_En_Route,0.0,N
CAN_003635,BK_003635,DRV_0061,Rider,Before_Assignment,High_ETA_Long_Wait_Time,0.0,N
CAN_003642,BK_003642,DRV_0190,Rider,Driver_Arrived,High_ETA_Long_Wait_Time,50.0,Y
CAN_003644,BK_003644,UNASSIGNED,System,Before_Assignment,Driver_Assignment_Timeout_Exceeded,0.0,N
CAN_003647,BK_003647,DRV_0284,Rider,Driver_En_Route,Driver_Not_Moving,0.0,N
CAN_003649,BK_003649,DRV_0010,Driver,Driver_Arrived,Driver_Refused_Drop_Location,0.0,N
CAN_003651,BK_003651,DRV_0144,Driver,Driver_Arrived,Vehicle_Mechanical_Issue,0.0,N
CAN_003654,BK_003654,DRV_0211,Driver,Driver_En_Route,Driver_Refused_Drop_Location,0.0,N
CAN_003656,BK_003656,DRV_0115,Driver,Driver_Arrived,Driver_Refused_Drop_Location,0.0,N
CAN_003660,BK_003660,DRV_0100,Rider,Driver_Arrived,High_ETA_Long_Wait_Time,50.0,N
CAN_003662,BK_003662,DRV_0170,Driver,Driver_En_Route,Vehicle_Mechanical_Issue,0.0,N
CAN_003666,BK_003666,DRV_0311,Rider,Driver_En_Route,Change_of_Plans,0.0,N
CAN_003669,BK_003669,DRV_0264,Driver,Driver_Arrived,Traffic_Gridlock_En_Route,0.0,N
CAN_003673,BK_003673,DRV_0170,Driver,Driver_En_Route,Vehicle_Mechanical_Issue,0.0,N
CAN_003677,BK_003677,DRV_0272,Rider,Driver_Arrived,Driver_Not_Moving,50.0,N
CAN_003678,BK_003678,UNASSIGNED,System,Before_Assignment,Driver_Assignment_Timeout_Exceeded,0.0,N
CAN_003679,BK_003679,DRV_0260,Driver,Driver_En_Route,Traffic_Gridlock_En_Route,0.0,N
CAN_003680,BK_003680,DRV_0199,Rider,Before_Assignment,Booked_Alternative_Ride,0.0,N
CAN_003683,BK_003683,DRV_0064,Driver,Driver_Arrived,Vehicle_Mechanical_Issue,0.0,N
CAN_003684,BK_003684,DRV_0205,Driver,Driver_En_Route,Driver_Demanded_Cash_Offline,0.0,N
CAN_003686,BK_003686,DRV_0109,Rider,Before_Assignment,High_ETA_Long_Wait_Time,0.0,N
CAN_003693,BK_003693,DRV_0149,Driver,Driver_Arrived,Driver_Refused_Drop_Location,0.0,N
CAN_003697,BK_003697,UNASSIGNED,System,Before_Assignment,Driver_Assignment_Timeout_Exceeded,0.0,N
CAN_003701,BK_003701,DRV_0199,Rider,Before_Assignment,High_ETA_Long_Wait_Time,0.0,N
CAN_003704,BK_003704,DRV_0295,Driver,Driver_Arrived,Traffic_Gridlock_En_Route,0.0,N
CAN_003708,BK_003708,UNASSIGNED,System,Before_Assignment,Driver_Assignment_Timeout_Exceeded,0.0,N
CAN_003710,BK_003710,DRV_0059,Driver,Driver_En_Route,Driver_Demanded_Cash_Offline,0.0,N
CAN_003713,BK_003713,DRV_0214,Rider,Driver_Arrived,High_ETA_Long_Wait_Time,50.0,N
CAN_003715,BK_003715,DRV_0009,Rider,Driver_Arrived,High_ETA_Long_Wait_Time,50.0,Y
CAN_003720,BK_003720,DRV_0212,Driver,Driver_Arrived,Driver_Refused_Drop_Location,0.0,N
CAN_003730,BK_003730,DRV_0037,Driver,Driver_Arrived,Vehicle_Mechanical_Issue,0.0,N
CAN_003732,BK_003732,DRV_0281,Driver,Driver_Arrived,Traffic_Gridlock_En_Route,0.0,N
CAN_003733,BK_003733,DRV_0113,Rider,Driver_Arrived,High_ETA_Long_Wait_Time,50.0,Y
CAN_003737,BK_003737,DRV_0290,Rider,Driver_En_Route,Change_of_Plans,0.0,N
CAN_003741,BK_003741,DRV_0072,Driver,Driver_Arrived,Driver_Demanded_Cash_Offline,0.0,N
CAN_003744,BK_003744,DRV_0145,Driver,Driver_Arrived,Driver_Refused_Drop_Location,0.0,N
CAN_003750,BK_003750,DRV_0152,Rider,Driver_En_Route,Booked_Alternative_Ride,0.0,N
CAN_003754,BK_003754,UNASSIGNED,System,Before_Assignment,Driver_Assignment_Timeout_Exceeded,0.0,N
CAN_003760,BK_003760,DRV_0225,Rider,Driver_En_Route,Driver_Not_Moving,0.0,N
CAN_003762,BK_003762,DRV_0060,Driver,Driver_Arrived,Driver_Demanded_Cash_Offline,0.0,N
CAN_003767,BK_003767,UNASSIGNED,System,Before_Assignment,Driver_Assignment_Timeout_Exceeded,0.0,N
CAN_003768,BK_003768,DRV_0308,Rider,Driver_Arrived,Driver_Not_Moving,50.0,N
CAN_003775,BK_003775,DRV_0184,Driver,Driver_En_Route,Traffic_Gridlock_En_Route,0.0,N
CAN_003778,BK_003778,DRV_0003,Driver,Driver_En_Route,Vehicle_Mechanical_Issue,0.0,N
CAN_003781,BK_003781,DRV_0022,Driver,Driver_En_Route,Vehicle_Mechanical_Issue,0.0,N
CAN_003787,BK_003787,DRV_0208,Rider,Driver_En_Route,Change_of_Plans,0.0,N
CAN_003791,BK_003791,DRV_0155,Rider,Driver_Arrived,Driver_Not_Moving,50.0,N
CAN_003795,BK_003795,DRV_0025,Rider,Driver_En_Route,Change_of_Plans,0.0,N
CAN_003805,BK_003805,DRV_0042,Driver,Driver_En_Route,Driver_Refused_Drop_Location,0.0,N
CAN_003811,BK_003811,UNASSIGNED,System,Before_Assignment,Driver_Assignment_Timeout_Exceeded,0.0,N
CAN_003812,BK_003812,DRV_0079,Rider,Before_Assignment,High_ETA_Long_Wait_Time,0.0,N
CAN_003815,BK_003815,DRV_0068,Driver,Driver_En_Route,Traffic_Gridlock_En_Route,0.0,N
CAN_003817,BK_003817,DRV_0053,Driver,Driver_En_Route,Vehicle_Mechanical_Issue,0.0,N
CAN_003819,BK_003819,DRV_0210,Rider,Driver_Arrived,Booked_Alternative_Ride,50.0,N
CAN_003821,BK_003821,DRV_0211,Rider,Before_Assignment,Driver_Not_Moving,0.0,N
CAN_003822,BK_003822,DRV_0108,Rider,Before_Assignment,Booked_Alternative_Ride,0.0,N
CAN_003823,BK_003823,DRV_0115,Driver,Driver_En_Route,Vehicle_Mechanical_Issue,0.0,N
CAN_003831,BK_003831,DRV_0177,Driver,Driver_Arrived,Vehicle_Mechanical_Issue,0.0,N
CAN_003834,BK_003834,DRV_0227,Rider,Driver_En_Route,Driver_Not_Moving,0.0,N
CAN_003835,BK_003835,DRV_0006,Driver,Driver_Arrived,Traffic_Gridlock_En_Route,0.0,N
CAN_003839,BK_003839,DRV_0245,Driver,Driver_En_Route,Driver_Demanded_Cash_Offline,0.0,N
CAN_003842,BK_003842,DRV_0037,Driver,Driver_En_Route,Driver_Demanded_Cash_Offline,0.0,N
CAN_003857,BK_003857,DRV_0063,Rider,Driver_Arrived,Driver_Not_Moving,50.0,Y
CAN_003861,BK_003861,DRV_0120,Driver,Driver_En_Route,Driver_Refused_Drop_Location,0.0,N
CAN_003867,BK_003867,DRV_0272,Rider,Driver_Arrived,High_ETA_Long_Wait_Time,50.0,Y
CAN_003877,BK_003877,DRV_0210,Driver,Driver_En_Route,Driver_Demanded_Cash_Offline,0.0,N
CAN_003878,BK_003878,DRV_0035,Driver,Driver_En_Route,Traffic_Gridlock_En_Route,0.0,N
CAN_003879,BK_003879,DRV_0248,Driver,Driver_En_Route,Driver_Demanded_Cash_Offline,0.0,N
CAN_003883,BK_003883,DRV_0023,Driver,Driver_En_Route,Vehicle_Mechanical_Issue,0.0,N
CAN_003884,BK_003884,DRV_0200,Driver,Driver_En_Route,Driver_Demanded_Cash_Offline,0.0,N
CAN_003887,BK_003887,UNASSIGNED,System,Before_Assignment,Driver_Assignment_Timeout_Exceeded,0.0,N
CAN_003889,BK_003889,DRV_0317,Rider,Driver_En_Route,Driver_Not_Moving,0.0,N
CAN_003897,BK_003897,DRV_0271,Driver,Driver_En_Route,Traffic_Gridlock_En_Route,0.0,N
CAN_003901,BK_003901,UNASSIGNED,System,Before_Assignment,Driver_Assignment_Timeout_Exceeded,0.0,N
CAN_003903,BK_003903,UNASSIGNED,System,Before_Assignment,Driver_Assignment_Timeout_Exceeded,0.0,N
CAN_003904,BK_003904,DRV_0174,Rider,Driver_En_Route,Driver_Not_Moving,0.0,N
CAN_003909,BK_003909,DRV_0303,Driver,Driver_Arrived,Driver_Demanded_Cash_Offline,0.0,N
CAN_003912,BK_003912,DRV_0129,Rider,Driver_Arrived,Change_of_Plans,50.0,Y
CAN_003913,BK_003913,DRV_0063,Rider,Driver_Arrived,High_ETA_Long_Wait_Time,50.0,Y
CAN_003914,BK_003914,DRV_0319,Rider,Before_Assignment,Change_of_Plans,0.0,N
CAN_003916,BK_003916,DRV_0197,Rider,Driver_Arrived,Change_of_Plans,50.0,Y
CAN_003917,BK_003917,DRV_0103,Rider,Driver_En_Route,Change_of_Plans,0.0,N
CAN_003923,BK_003923,DRV_0147,Driver,Driver_Arrived,Vehicle_Mechanical_Issue,0.0,N
CAN_003931,BK_003931,UNASSIGNED,System,Before_Assignment,Driver_Assignment_Timeout_Exceeded,0.0,N
CAN_003935,BK_003935,DRV_0310,Rider,Before_Assignment,High_ETA_Long_Wait_Time,0.0,N
CAN_003937,BK_003937,DRV_0307,Driver,Driver_En_Route,Vehicle_Mechanical_Issue,0.0,N
CAN_003938,BK_003938,DRV_0054,Driver,Driver_En_Route,Driver_Refused_Drop_Location,0.0,N
CAN_003950,BK_003950,DRV_0254,Driver,Driver_En_Route,Traffic_Gridlock_En_Route,0.0,N
CAN_003955,BK_003955,DRV_0151,Driver,Driver_Arrived,Vehicle_Mechanical_Issue,0.0,N
CAN_003971,BK_003971,DRV_0052,Driver,Driver_Arrived,Driver_Refused_Drop_Location,0.0,N
CAN_003979,BK_003979,DRV_0304,Driver,Driver_En_Route,Vehicle_Mechanical_Issue,0.0,N
CAN_003981,BK_003981,DRV_0204,Driver,Driver_En_Route,Driver_Demanded_Cash_Offline,0.0,N
CAN_003984,BK_003984,UNASSIGNED,System,Before_Assignment,Driver_Assignment_Timeout_Exceeded,0.0,N
CAN_003985,BK_003985,DRV_0185,Driver,Driver_En_Route,Driver_Demanded_Cash_Offline,0.0,N
CAN_003989,BK_003989,DRV_0111,Driver,Driver_En_Route,Driver_Refused_Drop_Location,0.0,N
CAN_003990,BK_003990,DRV_0105,Driver,Driver_En_Route,Traffic_Gridlock_En_Route,0.0,N
CAN_003991,BK_003991,DRV_0157,Rider,Driver_En_Route,Booked_Alternative_Ride,0.0,N
CAN_003996,BK_003996,DRV_0136,Rider,Driver_Arrived,Change_of_Plans,50.0,N
CAN_004006,BK_004006,DRV_0051,Driver,Driver_Arrived,Vehicle_Mechanical_Issue,0.0,N
CAN_004008,BK_004008,DRV_0165,Driver,Driver_En_Route,Traffic_Gridlock_En_Route,0.0,N
CAN_004011,BK_004011,DRV_0313,Rider,Driver_En_Route,Booked_Alternative_Ride,0.0,N
CAN_004016,BK_004016,DRV_0126,Rider,Before_Assignment,Driver_Not_Moving,0.0,N
CAN_004025,BK_004025,DRV_0022,Rider,Driver_En_Route,Change_of_Plans,0.0,N
CAN_004026,BK_004026,DRV_0121,Rider,Before_Assignment,Change_of_Plans,0.0,N
CAN_004028,BK_004028,DRV_0043,Rider,Before_Assignment,High_ETA_Long_Wait_Time,0.0,N
CAN_004035,BK_004035,DRV_0173,Driver,Driver_Arrived,Traffic_Gridlock_En_Route,0.0,N
CAN_004038,BK_004038,DRV_0295,Rider,Before_Assignment,Driver_Not_Moving,0.0,N
CAN_004041,BK_004041,UNASSIGNED,System,Before_Assignment,Driver_Assignment_Timeout_Exceeded,0.0,N
CAN_004043,BK_004043,UNASSIGNED,System,Before_Assignment,Driver_Assignment_Timeout_Exceeded,0.0,N
CAN_004047,BK_004047,DRV_0019,Driver,Driver_En_Route,Driver_Demanded_Cash_Offline,0.0,N
CAN_004049,BK_004049,DRV_0079,Rider,Before_Assignment,Booked_Alternative_Ride,0.0,N
CAN_004055,BK_004055,DRV_0318,Driver,Driver_En_Route,Traffic_Gridlock_En_Route,0.0,N
CAN_004058,BK_004058,DRV_0204,Rider,Driver_En_Route,Booked_Alternative_Ride,0.0,N
CAN_004066,BK_004066,DRV_0197,Driver,Driver_En_Route,Traffic_Gridlock_En_Route,0.0,N
CAN_004070,BK_004070,DRV_0120,Rider,Before_Assignment,Booked_Alternative_Ride,0.0,N
CAN_004076,BK_004076,DRV_0214,Rider,Driver_En_Route,Change_of_Plans,0.0,N
CAN_004079,BK_004079,DRV_0305,Driver,Driver_En_Route,Vehicle_Mechanical_Issue,0.0,N
CAN_004085,BK_004085,UNASSIGNED,System,Before_Assignment,Driver_Assignment_Timeout_Exceeded,0.0,N
CAN_004087,BK_004087,DRV_0016,Rider,Driver_Arrived,Driver_Not_Moving,50.0,Y
CAN_004096,BK_004096,DRV_0134,Driver,Driver_En_Route,Vehicle_Mechanical_Issue,0.0,N
CAN_004097,BK_004097,UNASSIGNED,System,Before_Assignment,Driver_Assignment_Timeout_Exceeded,0.0,N
CAN_004098,BK_004098,DRV_0175,Driver,Driver_En_Route,Traffic_Gridlock_En_Route,0.0,N
CAN_004104,BK_004104,DRV_0161,Rider,Before_Assignment,Driver_Not_Moving,0.0,N
CAN_004105,BK_004105,DRV_0235,Rider,Before_Assignment,Driver_Not_Moving,0.0,N
CAN_004110,BK_004110,DRV_0064,Rider,Driver_Arrived,High_ETA_Long_Wait_Time,50.0,N
CAN_004114,BK_004114,UNASSIGNED,System,Before_Assignment,Driver_Assignment_Timeout_Exceeded,0.0,N
CAN_004115,BK_004115,DRV_0253,Rider,Before_Assignment,Change_of_Plans,0.0,N
CAN_004121,BK_004121,DRV_0116,Rider,Driver_En_Route,High_ETA_Long_Wait_Time,0.0,N
CAN_004122,BK_004122,DRV_0134,Rider,Driver_En_Route,Booked_Alternative_Ride,0.0,N
CAN_004126,BK_004126,DRV_0183,Driver,Driver_Arrived,Driver_Refused_Drop_Location,0.0,N
CAN_004127,BK_004127,DRV_0307,Rider,Driver_Arrived,Booked_Alternative_Ride,50.0,N
CAN_004134,BK_004134,DRV_0172,Driver,Driver_En_Route,Driver_Demanded_Cash_Offline,0.0,N
CAN_004141,BK_004141,DRV_0298,Driver,Driver_En_Route,Driver_Demanded_Cash_Offline,0.0,N
CAN_004147,BK_004147,DRV_0235,Rider,Driver_Arrived,Driver_Not_Moving,50.0,Y
CAN_004149,BK_004149,UNASSIGNED,System,Before_Assignment,Driver_Assignment_Timeout_Exceeded,0.0,N
CAN_004150,BK_004150,DRV_0219,Rider,Driver_En_Route,Driver_Not_Moving,0.0,N
CAN_004152,BK_004152,DRV_0127,Rider,Driver_En_Route,High_ETA_Long_Wait_Time,0.0,N
CAN_004155,BK_004155,DRV_0113,Driver,Driver_En_Route,Driver_Refused_Drop_Location,0.0,N
CAN_004156,BK_004156,DRV_0242,Rider,Driver_En_Route,Change_of_Plans,0.0,N
CAN_004162,BK_004162,DRV_0013,Rider,Before_Assignment,Change_of_Plans,0.0,N
CAN_004163,BK_004163,DRV_0219,Rider,Before_Assignment,Booked_Alternative_Ride,0.0,N
CAN_004165,BK_004165,DRV_0250,Rider,Driver_Arrived,Booked_Alternative_Ride,50.0,N
CAN_004169,BK_004169,DRV_0129,Driver,Driver_En_Route,Traffic_Gridlock_En_Route,0.0,N
CAN_004176,BK_004176,DRV_0085,Rider,Before_Assignment,Booked_Alternative_Ride,0.0,N
CAN_004177,BK_004177,UNASSIGNED,System,Before_Assignment,Driver_Assignment_Timeout_Exceeded,0.0,N
CAN_004189,BK_004189,DRV_0236,Driver,Driver_Arrived,Driver_Refused_Drop_Location,0.0,N
CAN_004190,BK_004190,DRV_0255,Rider,Driver_Arrived,High_ETA_Long_Wait_Time,50.0,N
CAN_004199,BK_004199,DRV_0044,Driver,Driver_Arrived,Traffic_Gridlock_En_Route,0.0,N
CAN_004200,BK_004200,DRV_0222,Rider,Before_Assignment,Driver_Not_Moving,0.0,N
CAN_004201,BK_004201,DRV_0316,Driver,Driver_En_Route,Driver_Refused_Drop_Location,0.0,N
CAN_004217,BK_004217,DRV_0185,Driver,Driver_En_Route,Driver_Refused_Drop_Location,0.0,N
CAN_004218,BK_004218,DRV_0193,Driver,Driver_En_Route,Driver_Demanded_Cash_Offline,0.0,N
CAN_004219,BK_004219,DRV_0136,Driver,Driver_En_Route,Driver_Refused_Drop_Location,0.0,N
CAN_004224,BK_004224,DRV_0076,Driver,Driver_Arrived,Driver_Refused_Drop_Location,0.0,N
CAN_004228,BK_004228,DRV_0189,Rider,Driver_Arrived,High_ETA_Long_Wait_Time,50.0,N
CAN_004245,BK_004245,DRV_0060,Driver,Driver_En_Route,Traffic_Gridlock_En_Route,0.0,N
CAN_004247,BK_004247,DRV_0028,Rider,Driver_En_Route,High_ETA_Long_Wait_Time,0.0,N
CAN_004254,BK_004254,DRV_0125,Rider,Driver_En_Route,Driver_Not_Moving,0.0,N
CAN_004255,BK_004255,DRV_0015,Driver,Driver_En_Route,Driver_Refused_Drop_Location,0.0,N
CAN_004266,BK_004266,DRV_0051,Rider,Driver_En_Route,Booked_Alternative_Ride,0.0,N
CAN_004271,BK_004271,DRV_0137,Driver,Driver_Arrived,Driver_Refused_Drop_Location,0.0,N
CAN_004273,BK_004273,DRV_0310,Driver,Driver_Arrived,Traffic_Gridlock_En_Route,0.0,N
CAN_004275,BK_004275,DRV_0108,Rider,Before_Assignment,Change_of_Plans,0.0,N
CAN_004276,BK_004276,DRV_0040,Driver,Driver_Arrived,Vehicle_Mechanical_Issue,0.0,N
CAN_004286,BK_004286,DRV_0017,Driver,Driver_En_Route,Traffic_Gridlock_En_Route,0.0,N
CAN_004288,BK_004288,UNASSIGNED,System,Before_Assignment,Driver_Assignment_Timeout_Exceeded,0.0,N
CAN_004297,BK_004297,UNASSIGNED,System,Before_Assignment,Driver_Assignment_Timeout_Exceeded,0.0,N
CAN_004298,BK_004298,DRV_0243,Rider,Driver_Arrived,Booked_Alternative_Ride,50.0,Y
CAN_004300,BK_004300,DRV_0173,Driver,Driver_En_Route,Traffic_Gridlock_En_Route,0.0,N
CAN_004304,BK_004304,DRV_0172,Rider,Before_Assignment,Change_of_Plans,0.0,N
CAN_004305,BK_004305,DRV_0172,Rider,Driver_En_Route,Change_of_Plans,0.0,N
CAN_004313,BK_004313,UNASSIGNED,System,Before_Assignment,Driver_Assignment_Timeout_Exceeded,0.0,N
CAN_004314,BK_004314,DRV_0221,Driver,Driver_Arrived,Vehicle_Mechanical_Issue,0.0,N
CAN_004317,BK_004317,DRV_0208,Driver,Driver_En_Route,Driver_Refused_Drop_Location,0.0,N
CAN_004321,BK_004321,DRV_0002,Rider,Driver_Arrived,Booked_Alternative_Ride,50.0,Y
CAN_004323,BK_004323,DRV_0149,Rider,Before_Assignment,Change_of_Plans,0.0,N
CAN_004326,BK_004326,DRV_0193,Driver,Driver_En_Route,Traffic_Gridlock_En_Route,0.0,N
CAN_004332,BK_004332,DRV_0294,Driver,Driver_En_Route,Vehicle_Mechanical_Issue,0.0,N
CAN_004333,BK_004333,DRV_0254,Rider,Driver_Arrived,Change_of_Plans,50.0,Y
CAN_004337,BK_004337,DRV_0156,Rider,Driver_En_Route,Driver_Not_Moving,0.0,N
CAN_004344,BK_004344,UNASSIGNED,System,Before_Assignment,Driver_Assignment_Timeout_Exceeded,0.0,N
CAN_004345,BK_004345,DRV_0314,Rider,Driver_En_Route,Booked_Alternative_Ride,0.0,N
CAN_004352,BK_004352,DRV_0034,Rider,Before_Assignment,Change_of_Plans,0.0,N
CAN_004353,BK_004353,DRV_0139,Rider,Before_Assignment,High_ETA_Long_Wait_Time,0.0,N
CAN_004354,BK_004354,DRV_0019,Rider,Before_Assignment,Driver_Not_Moving,0.0,N
CAN_004355,BK_004355,UNASSIGNED,System,Before_Assignment,Driver_Assignment_Timeout_Exceeded,0.0,N
CAN_004357,BK_004357,DRV_0049,Driver,Driver_En_Route,Traffic_Gridlock_En_Route,0.0,N
CAN_004359,BK_004359,DRV_0170,Driver,Driver_Arrived,Driver_Refused_Drop_Location,0.0,N
CAN_004360,BK_004360,DRV_0012,Rider,Driver_En_Route,Driver_Not_Moving,0.0,N
CAN_004366,BK_004366,DRV_0070,Driver,Driver_En_Route,Traffic_Gridlock_En_Route,0.0,N
CAN_004369,BK_004369,DRV_0057,Rider,Driver_Arrived,High_ETA_Long_Wait_Time,50.0,N
CAN_004371,BK_004371,DRV_0105,Rider,Before_Assignment,High_ETA_Long_Wait_Time,0.0,N
CAN_004372,BK_004372,DRV_0261,Driver,Driver_En_Route,Vehicle_Mechanical_Issue,0.0,N
CAN_004373,BK_004373,DRV_0316,Rider,Driver_Arrived,Booked_Alternative_Ride,50.0,N
CAN_004376,BK_004376,UNASSIGNED,System,Before_Assignment,Driver_Assignment_Timeout_Exceeded,0.0,N
CAN_004377,BK_004377,DRV_0307,Driver,Driver_En_Route,Traffic_Gridlock_En_Route,0.0,N
CAN_004382,BK_004382,DRV_0178,Driver,Driver_Arrived,Traffic_Gridlock_En_Route,0.0,N
CAN_004393,BK_004393,UNASSIGNED,System,Before_Assignment,Driver_Assignment_Timeout_Exceeded,0.0,N
CAN_004396,BK_004396,DRV_0265,Driver,Driver_En_Route,Vehicle_Mechanical_Issue,0.0,N
CAN_004397,BK_004397,UNASSIGNED,System,Before_Assignment,Driver_Assignment_Timeout_Exceeded,0.0,N
CAN_004399,BK_004399,DRV_0044,Driver,Driver_En_Route,Driver_Demanded_Cash_Offline,0.0,N
CAN_004403,BK_004403,DRV_0234,Rider,Before_Assignment,Change_of_Plans,0.0,N
CAN_004410,BK_004410,DRV_0302,Rider,Driver_Arrived,Booked_Alternative_Ride,50.0,Y
CAN_004414,BK_004414,DRV_0066,Driver,Driver_Arrived,Vehicle_Mechanical_Issue,0.0,N
CAN_004415,BK_004415,DRV_0261,Driver,Driver_Arrived,Driver_Demanded_Cash_Offline,0.0,N
CAN_004418,BK_004418,DRV_0208,Rider,Before_Assignment,Booked_Alternative_Ride,0.0,N
CAN_004419,BK_004419,DRV_0105,Driver,Driver_En_Route,Vehicle_Mechanical_Issue,0.0,N
CAN_004426,BK_004426,DRV_0173,Rider,Driver_En_Route,Change_of_Plans,0.0,N
CAN_004432,BK_004432,DRV_0281,Driver,Driver_En_Route,Driver_Refused_Drop_Location,0.0,N
CAN_004437,BK_004437,DRV_0147,Driver,Driver_En_Route,Driver_Refused_Drop_Location,0.0,N
CAN_004444,BK_004444,DRV_0140,Rider,Before_Assignment,High_ETA_Long_Wait_Time,0.0,N
CAN_004446,BK_004446,UNASSIGNED,System,Before_Assignment,Driver_Assignment_Timeout_Exceeded,0.0,N
CAN_004447,BK_004447,DRV_0184,Driver,Driver_En_Route,Driver_Refused_Drop_Location,0.0,N
CAN_004448,BK_004448,DRV_0232,Driver,Driver_En_Route,Driver_Refused_Drop_Location,0.0,N
CAN_004458,BK_004458,DRV_0278,Driver,Driver_Arrived,Driver_Demanded_Cash_Offline,0.0,N
CAN_004461,BK_004461,DRV_0078,Driver,Driver_Arrived,Vehicle_Mechanical_Issue,0.0,N
CAN_004466,BK_004466,DRV_0147,Driver,Driver_En_Route,Driver_Refused_Drop_Location,0.0,N
CAN_004469,BK_004469,DRV_0209,Rider,Driver_En_Route,Change_of_Plans,0.0,N
CAN_004470,BK_004470,DRV_0117,Driver,Driver_En_Route,Driver_Refused_Drop_Location,0.0,N
CAN_004471,BK_004471,DRV_0065,Rider,Driver_En_Route,Change_of_Plans,0.0,N
CAN_004473,BK_004473,DRV_0051,Driver,Driver_En_Route,Driver_Refused_Drop_Location,0.0,N
CAN_004475,BK_004475,DRV_0160,Driver,Driver_En_Route,Driver_Refused_Drop_Location,0.0,N
CAN_004477,BK_004477,DRV_0137,Rider,Driver_Arrived,Change_of_Plans,50.0,N
CAN_004480,BK_004480,DRV_0023,Rider,Driver_En_Route,High_ETA_Long_Wait_Time,0.0,N
CAN_004481,BK_004481,DRV_0245,Rider,Driver_En_Route,Booked_Alternative_Ride,0.0,N
CAN_004482,BK_004482,DRV_0232,Rider,Driver_En_Route,Change_of_Plans,0.0,N
CAN_004486,BK_004486,DRV_0094,Rider,Before_Assignment,Driver_Not_Moving,0.0,N
CAN_004490,BK_004490,DRV_0055,Driver,Driver_Arrived,Driver_Refused_Drop_Location,0.0,N
CAN_004506,BK_004506,DRV_0202,Rider,Driver_Arrived,High_ETA_Long_Wait_Time,50.0,N
CAN_004513,BK_004513,DRV_0205,Driver,Driver_Arrived,Vehicle_Mechanical_Issue,0.0,N
CAN_004514,BK_004514,DRV_0227,Rider,Driver_En_Route,Driver_Not_Moving,0.0,N
CAN_004515,BK_004515,DRV_0025,Rider,Driver_Arrived,Booked_Alternative_Ride,50.0,N
CAN_004521,BK_004521,DRV_0265,Rider,Driver_Arrived,Booked_Alternative_Ride,50.0,N
CAN_004525,BK_004525,DRV_0072,Rider,Driver_En_Route,Booked_Alternative_Ride,0.0,N
CAN_004531,BK_004531,DRV_0246,Driver,Driver_Arrived,Driver_Refused_Drop_Location,0.0,N
CAN_004537,BK_004537,DRV_0078,Driver,Driver_Arrived,Traffic_Gridlock_En_Route,0.0,N
CAN_004542,BK_004542,DRV_0259,Driver,Driver_En_Route,Vehicle_Mechanical_Issue,0.0,N
CAN_004545,BK_004545,UNASSIGNED,System,Before_Assignment,Driver_Assignment_Timeout_Exceeded,0.0,N
CAN_004546,BK_004546,DRV_0152,Driver,Driver_En_Route,Traffic_Gridlock_En_Route,0.0,N
CAN_004548,BK_004548,DRV_0265,Rider,Driver_En_Route,Change_of_Plans,0.0,N
CAN_004552,BK_004552,DRV_0184,Rider,Driver_Arrived,Change_of_Plans,50.0,Y
CAN_004556,BK_004556,UNASSIGNED,System,Before_Assignment,Driver_Assignment_Timeout_Exceeded,0.0,N
CAN_004559,BK_004559,DRV_0004,Rider,Before_Assignment,Driver_Not_Moving,0.0,N
CAN_004560,BK_004560,UNASSIGNED,System,Before_Assignment,Driver_Assignment_Timeout_Exceeded,0.0,N
CAN_004562,BK_004562,DRV_0025,Driver,Driver_En_Route,Driver_Refused_Drop_Location,0.0,N
CAN_004563,BK_004563,UNASSIGNED,System,Before_Assignment,Driver_Assignment_Timeout_Exceeded,0.0,N
CAN_004565,BK_004565,DRV_0143,Driver,Driver_En_Route,Traffic_Gridlock_En_Route,0.0,N
CAN_004570,BK_004570,DRV_0212,Rider,Driver_Arrived,Driver_Not_Moving,50.0,N
CAN_004574,BK_004574,DRV_0035,Rider,Before_Assignment,High_ETA_Long_Wait_Time,0.0,N
CAN_004588,BK_004588,DRV_0254,Driver,Driver_En_Route,Driver_Refused_Drop_Location,0.0,N
CAN_004597,BK_004597,DRV_0288,Driver,Driver_Arrived,Traffic_Gridlock_En_Route,0.0,N
CAN_004599,BK_004599,DRV_0067,Driver,Driver_En_Route,Driver_Refused_Drop_Location,0.0,N
CAN_004601,BK_004601,DRV_0318,Driver,Driver_En_Route,Traffic_Gridlock_En_Route,0.0,N
CAN_004602,BK_004602,DRV_0278,Rider,Driver_Arrived,Change_of_Plans,50.0,Y
CAN_004608,BK_004608,DRV_0225,Rider,Driver_En_Route,Change_of_Plans,0.0,N
CAN_004609,BK_004609,DRV_0205,Rider,Driver_Arrived,High_ETA_Long_Wait_Time,50.0,Y
CAN_004612,BK_004612,DRV_0295,Rider,Before_Assignment,Driver_Not_Moving,0.0,N
CAN_004622,BK_004622,DRV_0246,Driver,Driver_En_Route,Traffic_Gridlock_En_Route,0.0,N
CAN_004624,BK_004624,UNASSIGNED,System,Before_Assignment,Driver_Assignment_Timeout_Exceeded,0.0,N
CAN_004628,BK_004628,DRV_0196,Rider,Driver_En_Route,Change_of_Plans,0.0,N
CAN_004631,BK_004631,DRV_0316,Driver,Driver_Arrived,Driver_Refused_Drop_Location,0.0,N
CAN_004632,BK_004632,DRV_0172,Driver,Driver_En_Route,Traffic_Gridlock_En_Route,0.0,N
CAN_004634,BK_004634,DRV_0271,Rider,Driver_En_Route,Change_of_Plans,0.0,N
CAN_004635,BK_004635,UNASSIGNED,System,Before_Assignment,Driver_Assignment_Timeout_Exceeded,0.0,N
CAN_004641,BK_004641,DRV_0245,Driver,Driver_En_Route,Traffic_Gridlock_En_Route,0.0,N
CAN_004643,BK_004643,DRV_0202,Rider,Before_Assignment,High_ETA_Long_Wait_Time,0.0,N
CAN_004646,BK_004646,DRV_0244,Rider,Before_Assignment,High_ETA_Long_Wait_Time,0.0,N
CAN_004647,BK_004647,UNASSIGNED,System,Before_Assignment,Driver_Assignment_Timeout_Exceeded,0.0,N
CAN_004650,BK_004650,DRV_0287,Rider,Driver_En_Route,High_ETA_Long_Wait_Time,0.0,N
CAN_004652,BK_004652,DRV_0054,Rider,Before_Assignment,Booked_Alternative_Ride,0.0,N
CAN_004653,BK_004653,DRV_0060,Rider,Before_Assignment,High_ETA_Long_Wait_Time,0.0,N
CAN_004660,BK_004660,DRV_0076,Driver,Driver_Arrived,Driver_Demanded_Cash_Offline,0.0,N
CAN_004666,BK_004666,DRV_0265,Rider,Driver_Arrived,Change_of_Plans,50.0,N
CAN_004667,BK_004667,UNASSIGNED,System,Before_Assignment,Driver_Assignment_Timeout_Exceeded,0.0,N
CAN_004669,BK_004669,DRV_0224,Driver,Driver_En_Route,Driver_Refused_Drop_Location,0.0,N
CAN_004671,BK_004671,DRV_0115,Driver,Driver_En_Route,Driver_Refused_Drop_Location,0.0,N
CAN_004672,BK_004672,DRV_0119,Driver,Driver_Arrived,Traffic_Gridlock_En_Route,0.0,N
CAN_004675,BK_004675,UNASSIGNED,System,Before_Assignment,Driver_Assignment_Timeout_Exceeded,0.0,N
CAN_004677,BK_004677,DRV_0278,Driver,Driver_En_Route,Traffic_Gridlock_En_Route,0.0,N
CAN_004683,BK_004683,DRV_0211,Rider,Driver_Arrived,High_ETA_Long_Wait_Time,50.0,N
CAN_004685,BK_004685,DRV_0178,Driver,Driver_En_Route,Driver_Refused_Drop_Location,0.0,N
CAN_004686,BK_004686,DRV_0155,Driver,Driver_En_Route,Driver_Refused_Drop_Location,0.0,N
CAN_004688,BK_004688,DRV_0271,Rider,Driver_En_Route,High_ETA_Long_Wait_Time,0.0,N
CAN_004693,BK_004693,DRV_0108,Driver,Driver_En_Route,Vehicle_Mechanical_Issue,0.0,N
CAN_004694,BK_004694,DRV_0074,Rider,Driver_Arrived,High_ETA_Long_Wait_Time,50.0,Y
CAN_004697,BK_004697,DRV_0235,Driver,Driver_En_Route,Driver_Demanded_Cash_Offline,0.0,N
CAN_004701,BK_004701,DRV_0050,Driver,Driver_Arrived,Driver_Demanded_Cash_Offline,0.0,N
CAN_004703,BK_004703,DRV_0302,Driver,Driver_En_Route,Driver_Demanded_Cash_Offline,0.0,N
CAN_004704,BK_004704,DRV_0070,Driver,Driver_En_Route,Driver_Refused_Drop_Location,0.0,N
CAN_004705,BK_004705,DRV_0146,Rider,Driver_Arrived,High_ETA_Long_Wait_Time,50.0,N
CAN_004706,BK_004706,DRV_0048,Driver,Driver_En_Route,Driver_Refused_Drop_Location,0.0,N
CAN_004709,BK_004709,DRV_0068,Driver,Driver_Arrived,Driver_Demanded_Cash_Offline,0.0,N
CAN_004712,BK_004712,DRV_0222,Driver,Driver_Arrived,Driver_Refused_Drop_Location,0.0,N
CAN_004715,BK_004715,DRV_0110,Driver,Driver_En_Route,Traffic_Gridlock_En_Route,0.0,N
CAN_004717,BK_004717,DRV_0223,Rider,Driver_Arrived,Driver_Not_Moving,50.0,N
CAN_004721,BK_004721,DRV_0254,Rider,Driver_En_Route,Booked_Alternative_Ride,0.0,N
CAN_004722,BK_004722,DRV_0167,Rider,Driver_En_Route,Driver_Not_Moving,0.0,N
CAN_004725,BK_004725,DRV_0048,Rider,Before_Assignment,Change_of_Plans,0.0,N
CAN_004726,BK_004726,DRV_0066,Driver,Driver_Arrived,Driver_Demanded_Cash_Offline,0.0,N
CAN_004728,BK_004728,DRV_0181,Driver,Driver_En_Route,Driver_Refused_Drop_Location,0.0,N
CAN_004731,BK_004731,DRV_0081,Driver,Driver_En_Route,Driver_Refused_Drop_Location,0.0,N
CAN_004735,BK_004735,DRV_0178,Rider,Driver_En_Route,Booked_Alternative_Ride,0.0,N
CAN_004737,BK_004737,DRV_0096,Driver,Driver_En_Route,Driver_Refused_Drop_Location,0.0,N
CAN_004738,BK_004738,DRV_0290,Rider,Before_Assignment,Booked_Alternative_Ride,0.0,N
CAN_004739,BK_004739,DRV_0247,Driver,Driver_En_Route,Driver_Demanded_Cash_Offline,0.0,N
CAN_004740,BK_004740,DRV_0284,Rider,Before_Assignment,High_ETA_Long_Wait_Time,0.0,N
CAN_004741,BK_004741,DRV_0261,Driver,Driver_En_Route,Traffic_Gridlock_En_Route,0.0,N
CAN_004743,BK_004743,UNASSIGNED,System,Before_Assignment,Driver_Assignment_Timeout_Exceeded,0.0,N
CAN_004747,BK_004747,DRV_0227,Driver,Driver_En_Route,Driver_Demanded_Cash_Offline,0.0,N
CAN_004749,BK_004749,DRV_0194,Rider,Driver_Arrived,Driver_Not_Moving,50.0,N
CAN_004753,BK_004753,UNASSIGNED,System,Before_Assignment,Driver_Assignment_Timeout_Exceeded,0.0,N
CAN_004756,BK_004756,UNASSIGNED,System,Before_Assignment,Driver_Assignment_Timeout_Exceeded,0.0,N
CAN_004758,BK_004758,DRV_0121,Driver,Driver_Arrived,Vehicle_Mechanical_Issue,0.0,N
CAN_004765,BK_004765,DRV_0238,Driver,Driver_En_Route,Traffic_Gridlock_En_Route,0.0,N
CAN_004771,BK_004771,DRV_0091,Rider,Driver_Arrived,Booked_Alternative_Ride,50.0,N
CAN_004775,BK_004775,DRV_0275,Driver,Driver_En_Route,Driver_Demanded_Cash_Offline,0.0,N
CAN_004780,BK_004780,DRV_0042,Driver,Driver_Arrived,Traffic_Gridlock_En_Route,0.0,N
CAN_004787,BK_004787,DRV_0142,Driver,Driver_En_Route,Driver_Refused_Drop_Location,0.0,N
CAN_004789,BK_004789,DRV_0318,Driver,Driver_En_Route,Driver_Demanded_Cash_Offline,0.0,N
CAN_004795,BK_004795,DRV_0051,Driver,Driver_En_Route,Driver_Refused_Drop_Location,0.0,N
CAN_004800,BK_004800,UNASSIGNED,System,Before_Assignment,Driver_Assignment_Timeout_Exceeded,0.0,N
CAN_004802,BK_004802,DRV_0263,Rider,Before_Assignment,Change_of_Plans,0.0,N
CAN_004803,BK_004803,DRV_0296,Driver,Driver_Arrived,Driver_Demanded_Cash_Offline,0.0,N
CAN_004808,BK_004808,DRV_0284,Driver,Driver_En_Route,Driver_Refused_Drop_Location,0.0,N
CAN_004809,BK_004809,DRV_0086,Rider,Driver_Arrived,Driver_Not_Moving,50.0,N
CAN_004811,BK_004811,DRV_0202,Driver,Driver_En_Route,Vehicle_Mechanical_Issue,0.0,N
CAN_004812,BK_004812,UNASSIGNED,System,Before_Assignment,Driver_Assignment_Timeout_Exceeded,0.0,N
CAN_004815,BK_004815,DRV_0281,Rider,Before_Assignment,Change_of_Plans,0.0,N
CAN_004819,BK_004819,DRV_0273,Driver,Driver_Arrived,Vehicle_Mechanical_Issue,0.0,N
CAN_004829,BK_004829,DRV_0275,Driver,Driver_Arrived,Traffic_Gridlock_En_Route,0.0,N
CAN_004830,BK_004830,UNASSIGNED,System,Before_Assignment,Driver_Assignment_Timeout_Exceeded,0.0,N
CAN_004837,BK_004837,DRV_0113,Driver,Driver_En_Route,Traffic_Gridlock_En_Route,0.0,N
CAN_004843,BK_004843,DRV_0112,Driver,Driver_En_Route,Vehicle_Mechanical_Issue,0.0,N
CAN_004855,BK_004855,DRV_0242,Driver,Driver_Arrived,Driver_Refused_Drop_Location,0.0,N
CAN_004858,BK_004858,DRV_0284,Driver,Driver_En_Route,Driver_Demanded_Cash_Offline,0.0,N
CAN_004860,BK_004860,DRV_0051,Driver,Driver_Arrived,Vehicle_Mechanical_Issue,0.0,N
CAN_004862,BK_004862,DRV_0282,Driver,Driver_En_Route,Traffic_Gridlock_En_Route,0.0,N
CAN_004867,BK_004867,DRV_0120,Rider,Driver_Arrived,High_ETA_Long_Wait_Time,50.0,N
CAN_004875,BK_004875,DRV_0025,Rider,Driver_En_Route,Driver_Not_Moving,0.0,N
CAN_004877,BK_004877,UNASSIGNED,System,Before_Assignment,Driver_Assignment_Timeout_Exceeded,0.0,N
CAN_004879,BK_004879,DRV_0294,Driver,Driver_Arrived,Driver_Refused_Drop_Location,0.0,N
CAN_004882,BK_004882,DRV_0251,Driver,Driver_En_Route,Driver_Refused_Drop_Location,0.0,N
CAN_004885,BK_004885,UNASSIGNED,System,Before_Assignment,Driver_Assignment_Timeout_Exceeded,0.0,N
CAN_004886,BK_004886,DRV_0316,Driver,Driver_En_Route,Driver_Demanded_Cash_Offline,0.0,N
CAN_004897,BK_004897,DRV_0273,Rider,Driver_En_Route,Change_of_Plans,0.0,N
CAN_004899,BK_004899,DRV_0260,Driver,Driver_En_Route,Traffic_Gridlock_En_Route,0.0,N
CAN_004904,BK_004904,UNASSIGNED,System,Before_Assignment,Driver_Assignment_Timeout_Exceeded,0.0,N
CAN_004906,BK_004906,DRV_0288,Rider,Driver_Arrived,Driver_Not_Moving,50.0,N
CAN_004913,BK_004913,DRV_0175,Driver,Driver_Arrived,Driver_Demanded_Cash_Offline,0.0,N
CAN_004914,BK_004914,DRV_0301,Rider,Driver_En_Route,High_ETA_Long_Wait_Time,0.0,N
CAN_004918,BK_004918,DRV_0094,Driver,Driver_En_Route,Vehicle_Mechanical_Issue,0.0,N
CAN_004919,BK_004919,DRV_0069,Driver,Driver_En_Route,Vehicle_Mechanical_Issue,0.0,N
CAN_004922,BK_004922,DRV_0255,Driver,Driver_En_Route,Driver_Refused_Drop_Location,0.0,N
CAN_004928,BK_004928,DRV_0138,Rider,Driver_Arrived,Driver_Not_Moving,50.0,N
CAN_004929,BK_004929,DRV_0047,Driver,Driver_En_Route,Driver_Refused_Drop_Location,0.0,N
CAN_004936,BK_004936,DRV_0248,Driver,Driver_En_Route,Driver_Refused_Drop_Location,0.0,N
CAN_004946,BK_004946,DRV_0276,Rider,Driver_En_Route,Driver_Not_Moving,0.0,N
CAN_004948,BK_004948,DRV_0270,Driver,Driver_Arrived,Driver_Demanded_Cash_Offline,0.0,N
CAN_004949,BK_004949,DRV_0266,Rider,Driver_Arrived,Booked_Alternative_Ride,50.0,Y
CAN_004956,BK_004956,DRV_0137,Driver,Driver_En_Route,Driver_Demanded_Cash_Offline,0.0,N
CAN_004958,BK_004958,DRV_0262,Driver,Driver_En_Route,Driver_Refused_Drop_Location,0.0,N
CAN_004963,BK_004963,DRV_0310,Driver,Driver_En_Route,Vehicle_Mechanical_Issue,0.0,N
CAN_004964,BK_004964,DRV_0251,Rider,Driver_En_Route,Driver_Not_Moving,0.0,N
CAN_004966,BK_004966,DRV_0269,Rider,Before_Assignment,Change_of_Plans,0.0,N
CAN_004968,BK_004968,DRV_0223,Rider,Driver_En_Route,Change_of_Plans,0.0,N
CAN_004970,BK_004970,DRV_0181,Driver,Driver_En_Route,Traffic_Gridlock_En_Route,0.0,N
CAN_004976,BK_004976,DRV_0317,Driver,Driver_En_Route,Driver_Demanded_Cash_Offline,0.0,N
CAN_004981,BK_004981,DRV_0206,Rider,Driver_En_Route,Change_of_Plans,0.0,N
CAN_004985,BK_004985,DRV_0211,Rider,Driver_Arrived,Driver_Not_Moving,50.0,N
CAN_004989,BK_004989,UNASSIGNED,System,Before_Assignment,Driver_Assignment_Timeout_Exceeded,0.0,N
CAN_004990,BK_004990,DRV_0286,Driver,Driver_Arrived,Vehicle_Mechanical_Issue,0.0,N
CAN_004993,BK_004993,DRV_0266,Driver,Driver_En_Route,Driver_Demanded_Cash_Offline,0.0,N
CAN_004997,BK_004997,DRV_0107,Driver,Driver_En_Route,Traffic_Gridlock_En_Route,0.0,N
CAN_004999,BK_004999,DRV_0171,Driver,Driver_En_Route,Driver_Refused_Drop_Location,0.0,N
CAN_005000,BK_005000,DRV_0289,Rider,Driver_Arrived,Driver_Not_Moving,50.0,N
CAN_005004,BK_005004,DRV_0086,Driver,Driver_Arrived,Driver_Refused_Drop_Location,0.0,N
CAN_005005,BK_005005,UNASSIGNED,System,Before_Assignment,Driver_Assignment_Timeout_Exceeded,0.0,N
CAN_005015,BK_005015,DRV_0110,Driver,Driver_Arrived,Vehicle_Mechanical_Issue,0.0,N
CAN_005031,BK_005031,DRV_0127,Driver,Driver_En_Route,Driver_Refused_Drop_Location,0.0,N
CAN_005032,BK_005032,DRV_0216,Rider,Driver_En_Route,Driver_Not_Moving,0.0,N
CAN_005035,BK_005035,DRV_0104,Rider,Before_Assignment,High_ETA_Long_Wait_Time,0.0,N
CAN_005038,BK_005038,DRV_0176,Rider,Driver_Arrived,Booked_Alternative_Ride,50.0,N
CAN_005041,BK_005041,DRV_0259,Driver,Driver_En_Route,Driver_Refused_Drop_Location,0.0,N
CAN_005046,BK_005046,DRV_0027,Driver,Driver_En_Route,Driver_Demanded_Cash_Offline,0.0,N
CAN_005053,BK_005053,DRV_0048,Rider,Before_Assignment,High_ETA_Long_Wait_Time,0.0,N
CAN_005054,BK_005054,UNASSIGNED,System,Before_Assignment,Driver_Assignment_Timeout_Exceeded,0.0,N
CAN_005056,BK_005056,DRV_0143,Driver,Driver_En_Route,Vehicle_Mechanical_Issue,0.0,N
CAN_005057,BK_005057,DRV_0076,Driver,Driver_En_Route,Driver_Refused_Drop_Location,0.0,N
CAN_005066,BK_005066,DRV_0060,Rider,Driver_En_Route,Driver_Not_Moving,0.0,N
CAN_005072,BK_005072,DRV_0243,Driver,Driver_En_Route,Traffic_Gridlock_En_Route,0.0,N
CAN_005080,BK_005080,DRV_0086,Rider,Driver_En_Route,Booked_Alternative_Ride,0.0,N
CAN_005084,BK_005084,UNASSIGNED,System,Before_Assignment,Driver_Assignment_Timeout_Exceeded,0.0,N
CAN_005089,BK_005089,UNASSIGNED,System,Before_Assignment,Driver_Assignment_Timeout_Exceeded,0.0,N
CAN_005096,BK_005096,DRV_0293,Driver,Driver_Arrived,Driver_Refused_Drop_Location,0.0,N
CAN_005099,BK_005099,UNASSIGNED,System,Before_Assignment,Driver_Assignment_Timeout_Exceeded,0.0,N
CAN_005100,BK_005100,DRV_0248,Driver,Driver_En_Route,Vehicle_Mechanical_Issue,0.0,N
CAN_005101,BK_005101,DRV_0300,Driver,Driver_En_Route,Driver_Refused_Drop_Location,0.0,N
CAN_005104,BK_005104,DRV_0123,Driver,Driver_En_Route,Traffic_Gridlock_En_Route,0.0,N
CAN_005108,BK_005108,DRV_0115,Driver,Driver_Arrived,Driver_Demanded_Cash_Offline,0.0,N
CAN_005113,BK_005113,DRV_0147,Driver,Driver_En_Route,Driver_Refused_Drop_Location,0.0,N
CAN_005114,BK_005114,DRV_0132,Driver,Driver_Arrived,Vehicle_Mechanical_Issue,0.0,N
CAN_005115,BK_005115,DRV_0002,Driver,Driver_En_Route,Driver_Refused_Drop_Location,0.0,N
CAN_005117,BK_005117,DRV_0185,Rider,Driver_En_Route,Booked_Alternative_Ride,0.0,N
CAN_005123,BK_005123,DRV_0288,Driver,Driver_En_Route,Vehicle_Mechanical_Issue,0.0,N
CAN_005126,BK_005126,DRV_0223,Driver,Driver_Arrived,Traffic_Gridlock_En_Route,0.0,N
CAN_005128,BK_005128,UNASSIGNED,System,Before_Assignment,Driver_Assignment_Timeout_Exceeded,0.0,N
CAN_005130,BK_005130,DRV_0210,Rider,Driver_Arrived,Booked_Alternative_Ride,50.0,Y
CAN_005131,BK_005131,DRV_0013,Driver,Driver_En_Route,Driver_Refused_Drop_Location,0.0,N
CAN_005136,BK_005136,DRV_0110,Rider,Before_Assignment,High_ETA_Long_Wait_Time,0.0,N
CAN_005137,BK_005137,DRV_0290,Driver,Driver_Arrived,Driver_Refused_Drop_Location,0.0,N
CAN_005145,BK_005145,DRV_0196,Driver,Driver_En_Route,Driver_Demanded_Cash_Offline,0.0,N
CAN_005150,BK_005150,DRV_0311,Driver,Driver_En_Route,Traffic_Gridlock_En_Route,0.0,N
CAN_005152,BK_005152,DRV_0289,Driver,Driver_En_Route,Driver_Demanded_Cash_Offline,0.0,N
CAN_005155,BK_005155,DRV_0115,Driver,Driver_En_Route,Driver_Demanded_Cash_Offline,0.0,N
CAN_005157,BK_005157,DRV_0178,Driver,Driver_Arrived,Driver_Refused_Drop_Location,0.0,N
CAN_005166,BK_005166,DRV_0168,Rider,Before_Assignment,Change_of_Plans,0.0,N
CAN_005167,BK_005167,DRV_0067,Rider,Before_Assignment,High_ETA_Long_Wait_Time,0.0,N
CAN_005171,BK_005171,DRV_0295,Rider,Before_Assignment,Driver_Not_Moving,0.0,N
CAN_005173,BK_005173,DRV_0232,Rider,Driver_Arrived,Driver_Not_Moving,50.0,N
CAN_005174,BK_005174,DRV_0114,Driver,Driver_En_Route,Vehicle_Mechanical_Issue,0.0,N
CAN_005175,BK_005175,DRV_0317,Driver,Driver_Arrived,Traffic_Gridlock_En_Route,0.0,N
CAN_005186,BK_005186,DRV_0200,Driver,Driver_Arrived,Driver_Refused_Drop_Location,0.0,N
CAN_005189,BK_005189,UNASSIGNED,System,Before_Assignment,Driver_Assignment_Timeout_Exceeded,0.0,N
CAN_005205,BK_005205,DRV_0295,Rider,Driver_En_Route,Driver_Not_Moving,0.0,N
CAN_005210,BK_005210,DRV_0302,Driver,Driver_En_Route,Driver_Demanded_Cash_Offline,0.0,N
CAN_005221,BK_005221,DRV_0147,Driver,Driver_En_Route,Driver_Demanded_Cash_Offline,0.0,N
CAN_005224,BK_005224,UNASSIGNED,System,Before_Assignment,Driver_Assignment_Timeout_Exceeded,0.0,N
CAN_005229,BK_005229,DRV_0102,Rider,Driver_Arrived,High_ETA_Long_Wait_Time,50.0,N
CAN_005230,BK_005230,DRV_0274,Rider,Driver_Arrived,Booked_Alternative_Ride,50.0,N
CAN_005235,BK_005235,DRV_0193,Rider,Driver_Arrived,Change_of_Plans,50.0,Y
CAN_005237,BK_005237,UNASSIGNED,System,Before_Assignment,Driver_Assignment_Timeout_Exceeded,0.0,N
CAN_005242,BK_005242,UNASSIGNED,System,Before_Assignment,Driver_Assignment_Timeout_Exceeded,0.0,N
CAN_005253,BK_005253,DRV_0276,Driver,Driver_En_Route,Vehicle_Mechanical_Issue,0.0,N
CAN_005256,BK_005256,DRV_0156,Driver,Driver_En_Route,Vehicle_Mechanical_Issue,0.0,N
CAN_005257,BK_005257,DRV_0191,Rider,Driver_En_Route,High_ETA_Long_Wait_Time,0.0,N
CAN_005259,BK_005259,DRV_0237,Driver,Driver_Arrived,Driver_Demanded_Cash_Offline,0.0,N
CAN_005266,BK_005266,DRV_0094,Driver,Driver_En_Route,Driver_Refused_Drop_Location,0.0,N
CAN_005285,BK_005285,DRV_0259,Driver,Driver_Arrived,Vehicle_Mechanical_Issue,0.0,N
CAN_005288,BK_005288,UNASSIGNED,System,Before_Assignment,Driver_Assignment_Timeout_Exceeded,0.0,N
CAN_005296,BK_005296,DRV_0271,Rider,Driver_En_Route,High_ETA_Long_Wait_Time,0.0,N
CAN_005297,BK_005297,DRV_0245,Rider,Before_Assignment,Change_of_Plans,0.0,N
CAN_005304,BK_005304,DRV_0071,Rider,Driver_Arrived,High_ETA_Long_Wait_Time,50.0,Y
CAN_005305,BK_005305,DRV_0008,Rider,Before_Assignment,Change_of_Plans,0.0,N
CAN_005306,BK_005306,UNASSIGNED,System,Before_Assignment,Driver_Assignment_Timeout_Exceeded,0.0,N
CAN_005308,BK_005308,DRV_0140,Rider,Driver_En_Route,Booked_Alternative_Ride,0.0,N
CAN_005317,BK_005317,DRV_0047,Rider,Driver_En_Route,Change_of_Plans,0.0,N
CAN_005320,BK_005320,DRV_0068,Driver,Driver_Arrived,Driver_Refused_Drop_Location,0.0,N
CAN_005323,BK_005323,UNASSIGNED,System,Before_Assignment,Driver_Assignment_Timeout_Exceeded,0.0,N
CAN_005324,BK_005324,UNASSIGNED,System,Before_Assignment,Driver_Assignment_Timeout_Exceeded,0.0,N
CAN_005328,BK_005328,DRV_0059,Driver,Driver_Arrived,Driver_Demanded_Cash_Offline,0.0,N
CAN_005331,BK_005331,DRV_0239,Rider,Driver_En_Route,Driver_Not_Moving,0.0,N
CAN_005338,BK_005338,DRV_0222,Rider,Before_Assignment,Driver_Not_Moving,0.0,N
CAN_005339,BK_005339,UNASSIGNED,System,Before_Assignment,Driver_Assignment_Timeout_Exceeded,0.0,N
CAN_005343,BK_005343,DRV_0199,Driver,Driver_En_Route,Driver_Refused_Drop_Location,0.0,N
CAN_005345,BK_005345,DRV_0290,Rider,Before_Assignment,Driver_Not_Moving,0.0,N
CAN_005347,BK_005347,DRV_0102,Driver,Driver_En_Route,Driver_Refused_Drop_Location,0.0,N
CAN_005348,BK_005348,DRV_0219,Rider,Before_Assignment,Driver_Not_Moving,0.0,N
CAN_005354,BK_005354,DRV_0242,Rider,Driver_Arrived,Change_of_Plans,50.0,N
CAN_005362,BK_005362,DRV_0232,Driver,Driver_Arrived,Traffic_Gridlock_En_Route,0.0,N
CAN_005363,BK_005363,DRV_0223,Driver,Driver_En_Route,Traffic_Gridlock_En_Route,0.0,N
CAN_005364,BK_005364,DRV_0253,Driver,Driver_En_Route,Traffic_Gridlock_En_Route,0.0,N
CAN_005368,BK_005368,DRV_0204,Rider,Driver_En_Route,Change_of_Plans,0.0,N
CAN_005373,BK_005373,DRV_0031,Driver,Driver_Arrived,Vehicle_Mechanical_Issue,0.0,N
CAN_005374,BK_005374,DRV_0005,Rider,Before_Assignment,Change_of_Plans,0.0,N
CAN_005376,BK_005376,UNASSIGNED,System,Before_Assignment,Driver_Assignment_Timeout_Exceeded,0.0,N
CAN_005379,BK_005379,DRV_0041,Rider,Before_Assignment,High_ETA_Long_Wait_Time,0.0,N
CAN_005380,BK_005380,DRV_0248,Rider,Driver_Arrived,High_ETA_Long_Wait_Time,50.0,N
CAN_005381,BK_005381,DRV_0025,Driver,Driver_En_Route,Driver_Demanded_Cash_Offline,0.0,N
CAN_005386,BK_005386,DRV_0136,Driver,Driver_Arrived,Traffic_Gridlock_En_Route,0.0,N
CAN_005387,BK_005387,DRV_0248,Driver,Driver_Arrived,Vehicle_Mechanical_Issue,0.0,N
CAN_005393,BK_005393,DRV_0139,Rider,Before_Assignment,Change_of_Plans,0.0,N
CAN_005394,BK_005394,DRV_0137,Driver,Driver_Arrived,Vehicle_Mechanical_Issue,0.0,N
CAN_005412,BK_005412,DRV_0077,Rider,Driver_En_Route,High_ETA_Long_Wait_Time,0.0,N
CAN_005413,BK_005413,DRV_0093,Rider,Before_Assignment,High_ETA_Long_Wait_Time,0.0,N
CAN_005417,BK_005417,DRV_0262,Driver,Driver_En_Route,Driver_Demanded_Cash_Offline,0.0,N
CAN_005419,BK_005419,DRV_0263,Driver,Driver_Arrived,Traffic_Gridlock_En_Route,0.0,N
CAN_005430,BK_005430,DRV_0295,Rider,Driver_Arrived,High_ETA_Long_Wait_Time,50.0,N
CAN_005442,BK_005442,DRV_0320,Rider,Driver_Arrived,Booked_Alternative_Ride,50.0,Y
CAN_005443,BK_005443,DRV_0125,Driver,Driver_Arrived,Driver_Refused_Drop_Location,0.0,N
CAN_005447,BK_005447,DRV_0008,Driver,Driver_En_Route,Driver_Refused_Drop_Location,0.0,N
CAN_005448,BK_005448,UNASSIGNED,System,Before_Assignment,Driver_Assignment_Timeout_Exceeded,0.0,N
CAN_005451,BK_005451,DRV_0044,Rider,Before_Assignment,High_ETA_Long_Wait_Time,0.0,N
CAN_005454,BK_005454,DRV_0019,Driver,Driver_Arrived,Driver_Refused_Drop_Location,0.0,N
CAN_005461,BK_005461,DRV_0258,Rider,Before_Assignment,Driver_Not_Moving,0.0,N
CAN_005472,BK_005472,DRV_0103,Driver,Driver_En_Route,Driver_Demanded_Cash_Offline,0.0,N
CAN_005476,BK_005476,DRV_0160,Driver,Driver_En_Route,Driver_Demanded_Cash_Offline,0.0,N
CAN_005478,BK_005478,DRV_0110,Rider,Driver_Arrived,High_ETA_Long_Wait_Time,50.0,N
CAN_005483,BK_005483,DRV_0034,Rider,Before_Assignment,Driver_Not_Moving,0.0,N
CAN_005484,BK_005484,DRV_0065,Rider,Driver_En_Route,High_ETA_Long_Wait_Time,0.0,N
CAN_005485,BK_005485,DRV_0038,Driver,Driver_En_Route,Traffic_Gridlock_En_Route,0.0,N
CAN_005490,BK_005490,DRV_0007,Driver,Driver_En_Route,Driver_Demanded_Cash_Offline,0.0,N
CAN_005492,BK_005492,DRV_0146,Rider,Driver_En_Route,High_ETA_Long_Wait_Time,0.0,N
CAN_005496,BK_005496,UNASSIGNED,System,Before_Assignment,Driver_Assignment_Timeout_Exceeded,0.0,N
CAN_005498,BK_005498,DRV_0132,Driver,Driver_En_Route,Vehicle_Mechanical_Issue,0.0,N
CAN_005500,BK_005500,DRV_0048,Driver,Driver_En_Route,Driver_Refused_Drop_Location,0.0,N
CAN_005504,BK_005504,DRV_0068,Driver,Driver_En_Route,Driver_Refused_Drop_Location,0.0,N
CAN_005505,BK_005505,UNASSIGNED,System,Before_Assignment,Driver_Assignment_Timeout_Exceeded,0.0,N
CAN_005507,BK_005507,DRV_0241,Rider,Driver_En_Route,High_ETA_Long_Wait_Time,0.0,N
CAN_005511,BK_005511,DRV_0236,Rider,Before_Assignment,Driver_Not_Moving,0.0,N
CAN_005513,BK_005513,UNASSIGNED,System,Before_Assignment,Driver_Assignment_Timeout_Exceeded,0.0,N
CAN_005520,BK_005520,DRV_0302,Driver,Driver_En_Route,Vehicle_Mechanical_Issue,0.0,N
CAN_005524,BK_005524,DRV_0313,Driver,Driver_Arrived,Driver_Refused_Drop_Location,0.0,N
CAN_005527,BK_005527,DRV_0125,Driver,Driver_Arrived,Vehicle_Mechanical_Issue,0.0,N
CAN_005528,BK_005528,DRV_0270,Driver,Driver_Arrived,Vehicle_Mechanical_Issue,0.0,N
CAN_005531,BK_005531,DRV_0030,Driver,Driver_Arrived,Driver_Refused_Drop_Location,0.0,N
CAN_005532,BK_005532,DRV_0245,Driver,Driver_Arrived,Vehicle_Mechanical_Issue,0.0,N
CAN_005534,BK_005534,DRV_0259,Driver,Driver_Arrived,Vehicle_Mechanical_Issue,0.0,N
CAN_005541,BK_005541,DRV_0017,Rider,Driver_Arrived,Change_of_Plans,50.0,N
CAN_005542,BK_005542,DRV_0214,Rider,Before_Assignment,Change_of_Plans,0.0,N
CAN_005547,BK_005547,DRV_0241,Rider,Driver_Arrived,Driver_Not_Moving,50.0,N
CAN_005548,BK_005548,UNASSIGNED,System,Before_Assignment,Driver_Assignment_Timeout_Exceeded,0.0,N
CAN_005549,BK_005549,DRV_0108,Driver,Driver_En_Route,Traffic_Gridlock_En_Route,0.0,N
CAN_005555,BK_005555,DRV_0143,Rider,Driver_En_Route,High_ETA_Long_Wait_Time,0.0,N
CAN_005557,BK_005557,DRV_0114,Driver,Driver_Arrived,Driver_Demanded_Cash_Offline,0.0,N
CAN_005560,BK_005560,DRV_0058,Driver,Driver_Arrived,Driver_Refused_Drop_Location,0.0,N
CAN_005564,BK_005564,DRV_0087,Rider,Driver_En_Route,Change_of_Plans,0.0,N
CAN_005568,BK_005568,DRV_0019,Rider,Driver_En_Route,Booked_Alternative_Ride,0.0,N
CAN_005570,BK_005570,DRV_0202,Driver,Driver_En_Route,Traffic_Gridlock_En_Route,0.0,N
CAN_005571,BK_005571,DRV_0190,Rider,Driver_Arrived,High_ETA_Long_Wait_Time,50.0,Y
CAN_005574,BK_005574,DRV_0320,Rider,Driver_Arrived,High_ETA_Long_Wait_Time,50.0,N
CAN_005585,BK_005585,DRV_0278,Driver,Driver_Arrived,Vehicle_Mechanical_Issue,0.0,N
CAN_005587,BK_005587,DRV_0236,Driver,Driver_Arrived,Driver_Demanded_Cash_Offline,0.0,N
CAN_005589,BK_005589,DRV_0142,Driver,Driver_En_Route,Driver_Refused_Drop_Location,0.0,N
CAN_005590,BK_005590,DRV_0149,Rider,Driver_Arrived,Driver_Not_Moving,50.0,N
CAN_005592,BK_005592,DRV_0154,Rider,Before_Assignment,Booked_Alternative_Ride,0.0,N
CAN_005595,BK_005595,DRV_0155,Driver,Driver_En_Route,Vehicle_Mechanical_Issue,0.0,N
CAN_005597,BK_005597,DRV_0041,Rider,Before_Assignment,Change_of_Plans,0.0,N
CAN_005599,BK_005599,DRV_0008,Rider,Driver_Arrived,Booked_Alternative_Ride,50.0,N
CAN_005602,BK_005602,DRV_0242,Driver,Driver_En_Route,Vehicle_Mechanical_Issue,0.0,N
CAN_005605,BK_005605,DRV_0048,Rider,Driver_En_Route,Change_of_Plans,0.0,N
CAN_005607,BK_005607,DRV_0125,Rider,Before_Assignment,Change_of_Plans,0.0,N
CAN_005612,BK_005612,DRV_0028,Driver,Driver_En_Route,Driver_Demanded_Cash_Offline,0.0,N
CAN_005616,BK_005616,DRV_0304,Driver,Driver_En_Route,Driver_Refused_Drop_Location,0.0,N
CAN_005620,BK_005620,DRV_0318,Driver,Driver_En_Route,Traffic_Gridlock_En_Route,0.0,N
CAN_005622,BK_005622,DRV_0183,Driver,Driver_En_Route,Traffic_Gridlock_En_Route,0.0,N
CAN_005624,BK_005624,UNASSIGNED,System,Before_Assignment,Driver_Assignment_Timeout_Exceeded,0.0,N
CAN_005627,BK_005627,DRV_0152,Rider,Before_Assignment,Booked_Alternative_Ride,0.0,N
CAN_005629,BK_005629,DRV_0233,Driver,Driver_Arrived,Traffic_Gridlock_En_Route,0.0,N
CAN_005631,BK_005631,DRV_0091,Driver,Driver_Arrived,Driver_Refused_Drop_Location,0.0,N
CAN_005634,BK_005634,DRV_0211,Driver,Driver_Arrived,Vehicle_Mechanical_Issue,0.0,N
CAN_005635,BK_005635,DRV_0165,Driver,Driver_En_Route,Driver_Demanded_Cash_Offline,0.0,N
CAN_005640,BK_005640,DRV_0028,Driver,Driver_En_Route,Vehicle_Mechanical_Issue,0.0,N
CAN_005641,BK_005641,DRV_0055,Rider,Driver_Arrived,Driver_Not_Moving,50.0,Y
CAN_005644,BK_005644,DRV_0282,Driver,Driver_Arrived,Traffic_Gridlock_En_Route,0.0,N
CAN_005646,BK_005646,DRV_0232,Driver,Driver_En_Route,Driver_Demanded_Cash_Offline,0.0,N
CAN_005648,BK_005648,UNASSIGNED,System,Before_Assignment,Driver_Assignment_Timeout_Exceeded,0.0,N
CAN_005653,BK_005653,DRV_0152,Rider,Before_Assignment,High_ETA_Long_Wait_Time,0.0,N
CAN_005654,BK_005654,DRV_0089,Driver,Driver_En_Route,Driver_Refused_Drop_Location,0.0,N
CAN_005655,BK_005655,DRV_0161,Driver,Driver_En_Route,Vehicle_Mechanical_Issue,0.0,N
CAN_005656,BK_005656,UNASSIGNED,System,Before_Assignment,Driver_Assignment_Timeout_Exceeded,0.0,N
CAN_005658,BK_005658,DRV_0204,Driver,Driver_Arrived,Vehicle_Mechanical_Issue,0.0,N
CAN_005666,BK_005666,DRV_0224,Rider,Driver_En_Route,Booked_Alternative_Ride,0.0,N
CAN_005667,BK_005667,DRV_0293,Driver,Driver_En_Route,Traffic_Gridlock_En_Route,0.0,N
CAN_005677,BK_005677,DRV_0317,Rider,Driver_En_Route,Driver_Not_Moving,0.0,N
CAN_005680,BK_005680,DRV_0238,Driver,Driver_En_Route,Vehicle_Mechanical_Issue,0.0,N
CAN_005681,BK_005681,DRV_0055,Rider,Before_Assignment,Booked_Alternative_Ride,0.0,N
CAN_005684,BK_005684,DRV_0059,Driver,Driver_En_Route,Vehicle_Mechanical_Issue,0.0,N
CAN_005691,BK_005691,DRV_0317,Driver,Driver_En_Route,Driver_Refused_Drop_Location,0.0,N
CAN_005692,BK_005692,DRV_0072,Rider,Before_Assignment,Booked_Alternative_Ride,0.0,N
CAN_005702,BK_005702,DRV_0204,Rider,Driver_Arrived,Driver_Not_Moving,50.0,N
CAN_005705,BK_005705,DRV_0146,Driver,Driver_En_Route,Driver_Refused_Drop_Location,0.0,N
CAN_005706,BK_005706,DRV_0052,Rider,Before_Assignment,Driver_Not_Moving,0.0,N
CAN_005707,BK_005707,DRV_0126,Driver,Driver_En_Route,Driver_Refused_Drop_Location,0.0,N
CAN_005715,BK_005715,DRV_0077,Rider,Driver_En_Route,High_ETA_Long_Wait_Time,0.0,N
CAN_005723,BK_005723,DRV_0180,Driver,Driver_Arrived,Traffic_Gridlock_En_Route,0.0,N
CAN_005726,BK_005726,DRV_0090,Rider,Driver_Arrived,Driver_Not_Moving,50.0,N
CAN_005731,BK_005731,DRV_0225,Driver,Driver_En_Route,Driver_Refused_Drop_Location,0.0,N
CAN_005735,BK_005735,UNASSIGNED,System,Before_Assignment,Driver_Assignment_Timeout_Exceeded,0.0,N
CAN_005737,BK_005737,UNASSIGNED,System,Before_Assignment,Driver_Assignment_Timeout_Exceeded,0.0,N
CAN_005742,BK_005742,DRV_0206,Driver,Driver_En_Route,Vehicle_Mechanical_Issue,0.0,N
CAN_005749,BK_005749,DRV_0300,Rider,Driver_En_Route,Driver_Not_Moving,0.0,N
CAN_005753,BK_005753,DRV_0281,Rider,Driver_En_Route,Change_of_Plans,0.0,N
CAN_005759,BK_005759,DRV_0050,Rider,Driver_En_Route,High_ETA_Long_Wait_Time,0.0,N
CAN_005760,BK_005760,DRV_0121,Driver,Driver_En_Route,Driver_Refused_Drop_Location,0.0,N
CAN_005768,BK_005768,DRV_0067,Rider,Driver_En_Route,Booked_Alternative_Ride,0.0,N
CAN_005769,BK_005769,DRV_0034,Driver,Driver_En_Route,Traffic_Gridlock_En_Route,0.0,N
CAN_005774,BK_005774,DRV_0126,Driver,Driver_Arrived,Vehicle_Mechanical_Issue,0.0,N
CAN_005775,BK_005775,DRV_0034,Rider,Driver_En_Route,Booked_Alternative_Ride,0.0,N
CAN_005777,BK_005777,DRV_0170,Rider,Before_Assignment,Booked_Alternative_Ride,0.0,N
CAN_005779,BK_005779,DRV_0152,Rider,Before_Assignment,Driver_Not_Moving,0.0,N
CAN_005781,BK_005781,DRV_0222,Driver,Driver_Arrived,Driver_Demanded_Cash_Offline,0.0,N
CAN_005795,BK_005795,DRV_0145,Driver,Driver_En_Route,Vehicle_Mechanical_Issue,0.0,N
CAN_005806,BK_005806,DRV_0087,Driver,Driver_En_Route,Driver_Demanded_Cash_Offline,0.0,N
CAN_005812,BK_005812,DRV_0009,Driver,Driver_En_Route,Traffic_Gridlock_En_Route,0.0,N
CAN_005813,BK_005813,DRV_0048,Driver,Driver_Arrived,Vehicle_Mechanical_Issue,0.0,N
CAN_005817,BK_005817,DRV_0232,Rider,Driver_En_Route,High_ETA_Long_Wait_Time,0.0,N
CAN_005818,BK_005818,DRV_0134,Rider,Before_Assignment,Change_of_Plans,0.0,N
CAN_005820,BK_005820,DRV_0180,Driver,Driver_En_Route,Driver_Refused_Drop_Location,0.0,N
CAN_005824,BK_005824,DRV_0117,Driver,Driver_En_Route,Driver_Demanded_Cash_Offline,0.0,N
CAN_005825,BK_005825,DRV_0130,Driver,Driver_Arrived,Driver_Refused_Drop_Location,0.0,N
CAN_005827,BK_005827,DRV_0189,Driver,Driver_En_Route,Driver_Demanded_Cash_Offline,0.0,N
CAN_005831,BK_005831,DRV_0269,Rider,Driver_Arrived,Driver_Not_Moving,50.0,N
CAN_005833,BK_005833,UNASSIGNED,System,Before_Assignment,Driver_Assignment_Timeout_Exceeded,0.0,N
CAN_005836,BK_005836,UNASSIGNED,System,Before_Assignment,Driver_Assignment_Timeout_Exceeded,0.0,N
CAN_005838,BK_005838,DRV_0278,Rider,Before_Assignment,Driver_Not_Moving,0.0,N
CAN_005848,BK_005848,DRV_0180,Driver,Driver_En_Route,Vehicle_Mechanical_Issue,0.0,N
CAN_005850,BK_005850,DRV_0121,Driver,Driver_En_Route,Traffic_Gridlock_En_Route,0.0,N
CAN_005855,BK_005855,DRV_0157,Driver,Driver_En_Route,Traffic_Gridlock_En_Route,0.0,N
CAN_005858,BK_005858,DRV_0195,Driver,Driver_Arrived,Driver_Refused_Drop_Location,0.0,N
CAN_005859,BK_005859,UNASSIGNED,System,Before_Assignment,Driver_Assignment_Timeout_Exceeded,0.0,N
CAN_005860,BK_005860,DRV_0272,Rider,Driver_En_Route,Booked_Alternative_Ride,0.0,N
CAN_005861,BK_005861,UNASSIGNED,System,Before_Assignment,Driver_Assignment_Timeout_Exceeded,0.0,N
CAN_005863,BK_005863,DRV_0265,Driver,Driver_Arrived,Vehicle_Mechanical_Issue,0.0,N
CAN_005864,BK_005864,DRV_0227,Rider,Driver_Arrived,Driver_Not_Moving,50.0,N
CAN_005865,BK_005865,UNASSIGNED,System,Before_Assignment,Driver_Assignment_Timeout_Exceeded,0.0,N
CAN_005871,BK_005871,DRV_0087,Rider,Driver_En_Route,High_ETA_Long_Wait_Time,0.0,N
CAN_005876,BK_005876,DRV_0275,Driver,Driver_En_Route,Traffic_Gridlock_En_Route,0.0,N
CAN_005885,BK_005885,DRV_0261,Rider,Driver_Arrived,High_ETA_Long_Wait_Time,50.0,N
CAN_005887,BK_005887,DRV_0170,Driver,Driver_Arrived,Traffic_Gridlock_En_Route,0.0,N
CAN_005890,BK_005890,DRV_0299,Driver,Driver_En_Route,Driver_Refused_Drop_Location,0.0,N
CAN_005894,BK_005894,DRV_0139,Driver,Driver_Arrived,Driver_Demanded_Cash_Offline,0.0,N
CAN_005902,BK_005902,DRV_0260,Rider,Driver_Arrived,Booked_Alternative_Ride,50.0,N
CAN_005910,BK_005910,DRV_0156,Rider,Driver_Arrived,Change_of_Plans,50.0,N
CAN_005912,BK_005912,DRV_0305,Rider,Before_Assignment,Booked_Alternative_Ride,0.0,N
CAN_005913,BK_005913,DRV_0008,Rider,Driver_Arrived,Booked_Alternative_Ride,50.0,N
CAN_005914,BK_005914,DRV_0070,Driver,Driver_En_Route,Traffic_Gridlock_En_Route,0.0,N
CAN_005917,BK_005917,DRV_0052,Rider,Driver_En_Route,Change_of_Plans,0.0,N
CAN_005918,BK_005918,DRV_0052,Driver,Driver_Arrived,Driver_Refused_Drop_Location,0.0,N
CAN_005922,BK_005922,DRV_0183,Rider,Before_Assignment,Change_of_Plans,0.0,N
CAN_005924,BK_005924,DRV_0040,Driver,Driver_Arrived,Vehicle_Mechanical_Issue,0.0,N
CAN_005925,BK_005925,UNASSIGNED,System,Before_Assignment,Driver_Assignment_Timeout_Exceeded,0.0,N
CAN_005926,BK_005926,DRV_0311,Driver,Driver_En_Route,Vehicle_Mechanical_Issue,0.0,N
CAN_005932,BK_005932,DRV_0082,Rider,Driver_En_Route,Change_of_Plans,0.0,N
CAN_005933,BK_005933,DRV_0140,Rider,Driver_Arrived,Booked_Alternative_Ride,50.0,Y
CAN_005935,BK_005935,DRV_0216,Driver,Driver_En_Route,Traffic_Gridlock_En_Route,0.0,N
CAN_005938,BK_005938,DRV_0286,Rider,Driver_Arrived,Booked_Alternative_Ride,50.0,Y
CAN_005948,BK_005948,DRV_0076,Driver,Driver_En_Route,Traffic_Gridlock_En_Route,0.0,N
CAN_005952,BK_005952,DRV_0129,Driver,Driver_Arrived,Driver_Demanded_Cash_Offline,0.0,N
CAN_005955,BK_005955,DRV_0318,Driver,Driver_En_Route,Driver_Demanded_Cash_Offline,0.0,N
CAN_005957,BK_005957,DRV_0307,Driver,Driver_En_Route,Driver_Demanded_Cash_Offline,0.0,N
CAN_005962,BK_005962,UNASSIGNED,System,Before_Assignment,Driver_Assignment_Timeout_Exceeded,0.0,N
CAN_005963,BK_005963,DRV_0317,Driver,Driver_En_Route,Driver_Demanded_Cash_Offline,0.0,N
CAN_005964,BK_005964,DRV_0291,Rider,Before_Assignment,Change_of_Plans,0.0,N
CAN_005967,BK_005967,DRV_0265,Driver,Driver_Arrived,Vehicle_Mechanical_Issue,0.0,N
CAN_005968,BK_005968,DRV_0224,Driver,Driver_En_Route,Driver_Refused_Drop_Location,0.0,N
CAN_005974,BK_005974,DRV_0218,Driver,Driver_En_Route,Traffic_Gridlock_En_Route,0.0,N
CAN_005979,BK_005979,DRV_0096,Driver,Driver_Arrived,Vehicle_Mechanical_Issue,0.0,N
CAN_005984,BK_005984,DRV_0184,Driver,Driver_En_Route,Driver_Demanded_Cash_Offline,0.0,N
CAN_005992,BK_005992,DRV_0077,Driver,Driver_En_Route,Traffic_Gridlock_En_Route,0.0,N
CAN_005993,BK_005993,UNASSIGNED,System,Before_Assignment,Driver_Assignment_Timeout_Exceeded,0.0,N
CAN_005994,BK_005994,DRV_0235,Rider,Before_Assignment,Change_of_Plans,0.0,N
CAN_006001,BK_006001,DRV_0121,Rider,Driver_Arrived,Booked_Alternative_Ride,50.0,N
CAN_006002,BK_006002,UNASSIGNED,System,Before_Assignment,Driver_Assignment_Timeout_Exceeded,0.0,N
CAN_006005,BK_006005,DRV_0024,Driver,Driver_En_Route,Driver_Demanded_Cash_Offline,0.0,N
CAN_006010,BK_006010,DRV_0081,Rider,Driver_Arrived,Booked_Alternative_Ride,50.0,Y
CAN_006015,BK_006015,DRV_0267,Driver,Driver_En_Route,Driver_Demanded_Cash_Offline,0.0,N
CAN_006016,BK_006016,DRV_0168,Rider,Driver_Arrived,Driver_Not_Moving,50.0,N
CAN_006028,BK_006028,DRV_0114,Driver,Driver_Arrived,Driver_Demanded_Cash_Offline,0.0,N
CAN_006030,BK_006030,DRV_0157,Rider,Driver_En_Route,High_ETA_Long_Wait_Time,0.0,N
CAN_006034,BK_006034,DRV_0196,Rider,Driver_Arrived,Driver_Not_Moving,50.0,Y
CAN_006035,BK_006035,DRV_0271,Rider,Before_Assignment,Change_of_Plans,0.0,N
CAN_006038,BK_006038,DRV_0023,Driver,Driver_En_Route,Traffic_Gridlock_En_Route,0.0,N
CAN_006045,BK_006045,DRV_0071,Driver,Driver_En_Route,Traffic_Gridlock_En_Route,0.0,N
CAN_006052,BK_006052,DRV_0107,Driver,Driver_Arrived,Traffic_Gridlock_En_Route,0.0,N
CAN_006056,BK_006056,DRV_0229,Driver,Driver_En_Route,Driver_Refused_Drop_Location,0.0,N
CAN_006058,BK_006058,DRV_0123,Rider,Driver_En_Route,High_ETA_Long_Wait_Time,0.0,N
CAN_006062,BK_006062,DRV_0028,Driver,Driver_Arrived,Traffic_Gridlock_En_Route,0.0,N
CAN_006067,BK_006067,DRV_0198,Driver,Driver_Arrived,Vehicle_Mechanical_Issue,0.0,N
CAN_006077,BK_006077,DRV_0005,Rider,Driver_En_Route,Change_of_Plans,0.0,N
CAN_006079,BK_006079,DRV_0107,Driver,Driver_En_Route,Traffic_Gridlock_En_Route,0.0,N
CAN_006082,BK_006082,DRV_0079,Rider,Before_Assignment,Booked_Alternative_Ride,0.0,N
CAN_006085,BK_006085,DRV_0198,Rider,Driver_Arrived,Driver_Not_Moving,50.0,N
CAN_006092,BK_006092,DRV_0102,Driver,Driver_En_Route,Traffic_Gridlock_En_Route,0.0,N
CAN_006096,BK_006096,DRV_0271,Rider,Before_Assignment,Driver_Not_Moving,0.0,N
CAN_006098,BK_006098,DRV_0235,Rider,Before_Assignment,Change_of_Plans,0.0,N
CAN_006099,BK_006099,DRV_0174,Rider,Before_Assignment,Booked_Alternative_Ride,0.0,N
CAN_006100,BK_006100,DRV_0042,Driver,Driver_En_Route,Driver_Demanded_Cash_Offline,0.0,N
CAN_006102,BK_006102,DRV_0125,Rider,Driver_Arrived,High_ETA_Long_Wait_Time,50.0,Y
CAN_006106,BK_006106,DRV_0204,Rider,Before_Assignment,High_ETA_Long_Wait_Time,0.0,N
CAN_006108,BK_006108,DRV_0262,Driver,Driver_En_Route,Driver_Demanded_Cash_Offline,0.0,N
CAN_006112,BK_006112,DRV_0007,Rider,Driver_En_Route,Driver_Not_Moving,0.0,N
CAN_006124,BK_006124,DRV_0086,Rider,Before_Assignment,Booked_Alternative_Ride,0.0,N
CAN_006129,BK_006129,DRV_0082,Rider,Before_Assignment,Change_of_Plans,0.0,N
CAN_006132,BK_006132,UNASSIGNED,System,Before_Assignment,Driver_Assignment_Timeout_Exceeded,0.0,N
CAN_006133,BK_006133,DRV_0150,Rider,Driver_Arrived,High_ETA_Long_Wait_Time,50.0,N
CAN_006143,BK_006143,DRV_0156,Driver,Driver_En_Route,Driver_Refused_Drop_Location,0.0,N
CAN_006150,BK_006150,UNASSIGNED,System,Before_Assignment,Driver_Assignment_Timeout_Exceeded,0.0,N
CAN_006151,BK_006151,DRV_0252,Rider,Before_Assignment,High_ETA_Long_Wait_Time,0.0,N
CAN_006156,BK_006156,DRV_0034,Rider,Before_Assignment,High_ETA_Long_Wait_Time,0.0,N
CAN_006164,BK_006164,DRV_0260,Driver,Driver_En_Route,Vehicle_Mechanical_Issue,0.0,N
CAN_006167,BK_006167,DRV_0121,Rider,Driver_En_Route,Driver_Not_Moving,0.0,N
CAN_006168,BK_006168,DRV_0160,Driver,Driver_En_Route,Traffic_Gridlock_En_Route,0.0,N
CAN_006169,BK_006169,DRV_0252,Rider,Driver_Arrived,Change_of_Plans,50.0,N
CAN_006177,BK_006177,DRV_0125,Rider,Before_Assignment,Change_of_Plans,0.0,N
CAN_006178,BK_006178,DRV_0190,Rider,Before_Assignment,Booked_Alternative_Ride,0.0,N
CAN_006182,BK_006182,DRV_0233,Rider,Before_Assignment,Change_of_Plans,0.0,N
CAN_006188,BK_006188,DRV_0047,Rider,Driver_Arrived,High_ETA_Long_Wait_Time,50.0,N
CAN_006193,BK_006193,DRV_0254,Driver,Driver_Arrived,Driver_Refused_Drop_Location,0.0,N
CAN_006194,BK_006194,DRV_0290,Rider,Before_Assignment,Driver_Not_Moving,0.0,N
CAN_006196,BK_006196,DRV_0204,Driver,Driver_En_Route,Driver_Demanded_Cash_Offline,0.0,N
CAN_006199,BK_006199,DRV_0073,Driver,Driver_En_Route,Vehicle_Mechanical_Issue,0.0,N
CAN_006203,BK_006203,DRV_0278,Rider,Driver_Arrived,Change_of_Plans,50.0,N
CAN_006204,BK_006204,DRV_0281,Rider,Driver_En_Route,Booked_Alternative_Ride,0.0,N
CAN_006212,BK_006212,DRV_0089,Driver,Driver_Arrived,Driver_Demanded_Cash_Offline,0.0,N
CAN_006213,BK_006213,DRV_0301,Driver,Driver_Arrived,Traffic_Gridlock_En_Route,0.0,N
CAN_006216,BK_006216,DRV_0005,Rider,Driver_Arrived,Change_of_Plans,50.0,N
CAN_006219,BK_006219,DRV_0243,Driver,Driver_En_Route,Driver_Refused_Drop_Location,0.0,N
CAN_006221,BK_006221,DRV_0276,Rider,Driver_En_Route,Booked_Alternative_Ride,0.0,N
CAN_006222,BK_006222,DRV_0050,Rider,Driver_Arrived,Driver_Not_Moving,50.0,Y
CAN_006224,BK_006224,DRV_0295,Rider,Driver_Arrived,Change_of_Plans,50.0,Y
CAN_006231,BK_006231,UNASSIGNED,System,Before_Assignment,Driver_Assignment_Timeout_Exceeded,0.0,N
CAN_006232,BK_006232,DRV_0116,Rider,Before_Assignment,Driver_Not_Moving,0.0,N
CAN_006235,BK_006235,DRV_0168,Driver,Driver_En_Route,Vehicle_Mechanical_Issue,0.0,N
CAN_006236,BK_006236,DRV_0015,Driver,Driver_En_Route,Traffic_Gridlock_En_Route,0.0,N
CAN_006241,BK_006241,DRV_0209,Driver,Driver_En_Route,Vehicle_Mechanical_Issue,0.0,N
CAN_006243,BK_006243,DRV_0102,Rider,Driver_Arrived,Booked_Alternative_Ride,50.0,N
CAN_006247,BK_006247,DRV_0039,Driver,Driver_Arrived,Vehicle_Mechanical_Issue,0.0,N
CAN_006254,BK_006254,DRV_0225,Driver,Driver_Arrived,Vehicle_Mechanical_Issue,0.0,N
CAN_006256,BK_006256,DRV_0150,Rider,Driver_En_Route,Change_of_Plans,0.0,N
CAN_006260,BK_006260,DRV_0191,Driver,Driver_En_Route,Driver_Refused_Drop_Location,0.0,N
CAN_006267,BK_006267,UNASSIGNED,System,Before_Assignment,Driver_Assignment_Timeout_Exceeded,0.0,N
CAN_006271,BK_006271,DRV_0038,Driver,Driver_En_Route,Driver_Refused_Drop_Location,0.0,N
CAN_006277,BK_006277,DRV_0206,Rider,Driver_Arrived,High_ETA_Long_Wait_Time,50.0,Y
CAN_006282,BK_006282,DRV_0265,Rider,Driver_Arrived,Booked_Alternative_Ride,50.0,Y
CAN_006287,BK_006287,DRV_0239,Driver,Driver_Arrived,Driver_Refused_Drop_Location,0.0,N
CAN_006290,BK_006290,DRV_0053,Driver,Driver_Arrived,Driver_Demanded_Cash_Offline,0.0,N
CAN_006291,BK_006291,DRV_0137,Driver,Driver_Arrived,Traffic_Gridlock_En_Route,0.0,N
CAN_006293,BK_006293,DRV_0187,Rider,Driver_En_Route,Change_of_Plans,0.0,N
CAN_006297,BK_006297,DRV_0116,Driver,Driver_En_Route,Traffic_Gridlock_En_Route,0.0,N
CAN_006301,BK_006301,DRV_0172,Driver,Driver_Arrived,Driver_Refused_Drop_Location,0.0,N
CAN_006302,BK_006302,DRV_0145,Rider,Driver_Arrived,Booked_Alternative_Ride,50.0,Y
CAN_006307,BK_006307,UNASSIGNED,System,Before_Assignment,Driver_Assignment_Timeout_Exceeded,0.0,N
CAN_006309,BK_006309,DRV_0200,Rider,Driver_Arrived,High_ETA_Long_Wait_Time,50.0,N
CAN_006322,BK_006322,DRV_0245,Rider,Driver_En_Route,High_ETA_Long_Wait_Time,0.0,N
CAN_006323,BK_006323,DRV_0015,Rider,Before_Assignment,High_ETA_Long_Wait_Time,0.0,N
CAN_006324,BK_006324,UNASSIGNED,System,Before_Assignment,Driver_Assignment_Timeout_Exceeded,0.0,N
CAN_006325,BK_006325,DRV_0004,Rider,Driver_En_Route,Driver_Not_Moving,0.0,N
CAN_006327,BK_006327,DRV_0200,Rider,Driver_En_Route,Booked_Alternative_Ride,0.0,N
CAN_006330,BK_006330,DRV_0275,Rider,Driver_Arrived,Booked_Alternative_Ride,50.0,N
CAN_006331,BK_006331,DRV_0147,Driver,Driver_Arrived,Vehicle_Mechanical_Issue,0.0,N
CAN_006340,BK_006340,DRV_0221,Driver,Driver_Arrived,Driver_Refused_Drop_Location,0.0,N
CAN_006342,BK_006342,DRV_0085,Driver,Driver_En_Route,Driver_Refused_Drop_Location,0.0,N
CAN_006343,BK_006343,UNASSIGNED,System,Before_Assignment,Driver_Assignment_Timeout_Exceeded,0.0,N
CAN_006344,BK_006344,DRV_0127,Rider,Driver_En_Route,Booked_Alternative_Ride,0.0,N
CAN_006347,BK_006347,DRV_0115,Rider,Driver_En_Route,Booked_Alternative_Ride,0.0,N
CAN_006350,BK_006350,DRV_0165,Rider,Driver_Arrived,Driver_Not_Moving,50.0,N
CAN_006358,BK_006358,DRV_0267,Driver,Driver_Arrived,Driver_Demanded_Cash_Offline,0.0,N
CAN_006360,BK_006360,DRV_0076,Rider,Driver_En_Route,Booked_Alternative_Ride,0.0,N
CAN_006368,BK_006368,DRV_0139,Driver,Driver_En_Route,Vehicle_Mechanical_Issue,0.0,N
CAN_006370,BK_006370,DRV_0089,Driver,Driver_En_Route,Vehicle_Mechanical_Issue,0.0,N
CAN_006373,BK_006373,DRV_0039,Rider,Before_Assignment,Driver_Not_Moving,0.0,N
CAN_006375,BK_006375,DRV_0074,Rider,Before_Assignment,Driver_Not_Moving,0.0,N
CAN_006376,BK_006376,DRV_0298,Rider,Driver_En_Route,Booked_Alternative_Ride,0.0,N
CAN_006381,BK_006381,DRV_0031,Rider,Driver_En_Route,Change_of_Plans,0.0,N
CAN_006383,BK_006383,DRV_0165,Driver,Driver_En_Route,Vehicle_Mechanical_Issue,0.0,N
CAN_006385,BK_006385,DRV_0250,Rider,Before_Assignment,High_ETA_Long_Wait_Time,0.0,N
CAN_006389,BK_006389,DRV_0107,Driver,Driver_En_Route,Traffic_Gridlock_En_Route,0.0,N
CAN_006392,BK_006392,DRV_0264,Rider,Before_Assignment,Booked_Alternative_Ride,0.0,N
CAN_006397,BK_006397,DRV_0009,Rider,Driver_Arrived,High_ETA_Long_Wait_Time,50.0,N
CAN_006402,BK_006402,DRV_0172,Rider,Before_Assignment,Driver_Not_Moving,0.0,N
CAN_006404,BK_006404,UNASSIGNED,System,Before_Assignment,Driver_Assignment_Timeout_Exceeded,0.0,N
CAN_006405,BK_006405,DRV_0015,Driver,Driver_En_Route,Vehicle_Mechanical_Issue,0.0,N
CAN_006406,BK_006406,DRV_0177,Driver,Driver_En_Route,Vehicle_Mechanical_Issue,0.0,N
CAN_006413,BK_006413,DRV_0070,Rider,Driver_En_Route,Booked_Alternative_Ride,0.0,N
CAN_006415,BK_006415,DRV_0060,Driver,Driver_En_Route,Vehicle_Mechanical_Issue,0.0,N
CAN_006419,BK_006419,DRV_0289,Driver,Driver_En_Route,Vehicle_Mechanical_Issue,0.0,N
CAN_006427,BK_006427,DRV_0057,Driver,Driver_En_Route,Driver_Refused_Drop_Location,0.0,N
CAN_006430,BK_006430,DRV_0096,Rider,Before_Assignment,High_ETA_Long_Wait_Time,0.0,N
CAN_006434,BK_006434,DRV_0071,Rider,Driver_Arrived,Driver_Not_Moving,50.0,Y
CAN_006436,BK_006436,DRV_0273,Driver,Driver_En_Route,Vehicle_Mechanical_Issue,0.0,N
CAN_006438,BK_006438,DRV_0242,Driver,Driver_En_Route,Vehicle_Mechanical_Issue,0.0,N
CAN_006439,BK_006439,DRV_0061,Driver,Driver_En_Route,Vehicle_Mechanical_Issue,0.0,N
CAN_006441,BK_006441,DRV_0103,Driver,Driver_En_Route,Driver_Refused_Drop_Location,0.0,N
CAN_006445,BK_006445,UNASSIGNED,System,Before_Assignment,Driver_Assignment_Timeout_Exceeded,0.0,N
CAN_006456,BK_006456,UNASSIGNED,System,Before_Assignment,Driver_Assignment_Timeout_Exceeded,0.0,N
CAN_006457,BK_006457,DRV_0222,Driver,Driver_En_Route,Vehicle_Mechanical_Issue,0.0,N
CAN_006461,BK_006461,DRV_0252,Driver,Driver_Arrived,Driver_Refused_Drop_Location,0.0,N
CAN_006462,BK_006462,DRV_0155,Rider,Driver_En_Route,Change_of_Plans,0.0,N
CAN_006463,BK_006463,DRV_0233,Rider,Before_Assignment,Change_of_Plans,0.0,N
CAN_006464,BK_006464,DRV_0318,Driver,Driver_En_Route,Driver_Refused_Drop_Location,0.0,N
CAN_006465,BK_006465,DRV_0281,Driver,Driver_En_Route,Vehicle_Mechanical_Issue,0.0,N
CAN_006467,BK_006467,DRV_0002,Driver,Driver_En_Route,Traffic_Gridlock_En_Route,0.0,N
CAN_006473,BK_006473,DRV_0272,Driver,Driver_Arrived,Driver_Refused_Drop_Location,0.0,N
CAN_006476,BK_006476,DRV_0281,Rider,Before_Assignment,Change_of_Plans,0.0,N
CAN_006477,BK_006477,DRV_0076,Rider,Driver_En_Route,High_ETA_Long_Wait_Time,0.0,N
CAN_006478,BK_006478,DRV_0068,Driver,Driver_Arrived,Traffic_Gridlock_En_Route,0.0,N
CAN_006479,BK_006479,UNASSIGNED,System,Before_Assignment,Driver_Assignment_Timeout_Exceeded,0.0,N
CAN_006484,BK_006484,DRV_0140,Rider,Driver_Arrived,Driver_Not_Moving,50.0,N
CAN_006485,BK_006485,DRV_0155,Driver,Driver_Arrived,Traffic_Gridlock_En_Route,0.0,N
CAN_006486,BK_006486,DRV_0130,Driver,Driver_En_Route,Vehicle_Mechanical_Issue,0.0,N
CAN_006494,BK_006494,DRV_0058,Driver,Driver_Arrived,Driver_Demanded_Cash_Offline,0.0,N
CAN_006497,BK_006497,DRV_0320,Driver,Driver_En_Route,Vehicle_Mechanical_Issue,0.0,N
CAN_006501,BK_006501,DRV_0145,Driver,Driver_En_Route,Vehicle_Mechanical_Issue,0.0,N
CAN_006502,BK_006502,UNASSIGNED,System,Before_Assignment,Driver_Assignment_Timeout_Exceeded,0.0,N
CAN_006512,BK_006512,DRV_0089,Driver,Driver_En_Route,Traffic_Gridlock_En_Route,0.0,N
CAN_006514,BK_006514,DRV_0030,Driver,Driver_En_Route,Driver_Refused_Drop_Location,0.0,N
CAN_006515,BK_006515,DRV_0184,Rider,Before_Assignment,High_ETA_Long_Wait_Time,0.0,N
CAN_006516,BK_006516,UNASSIGNED,System,Before_Assignment,Driver_Assignment_Timeout_Exceeded,0.0,N
CAN_006518,BK_006518,DRV_0269,Rider,Driver_En_Route,Change_of_Plans,0.0,N
CAN_006519,BK_006519,DRV_0096,Rider,Before_Assignment,Driver_Not_Moving,0.0,N
CAN_006524,BK_006524,DRV_0114,Rider,Driver_En_Route,High_ETA_Long_Wait_Time,0.0,N
CAN_006525,BK_006525,DRV_0057,Rider,Before_Assignment,Driver_Not_Moving,0.0,N
CAN_006530,BK_006530,DRV_0266,Rider,Driver_Arrived,Booked_Alternative_Ride,50.0,N
CAN_006531,BK_006531,DRV_0218,Rider,Before_Assignment,Booked_Alternative_Ride,0.0,N
CAN_006532,BK_006532,DRV_0200,Rider,Driver_En_Route,Change_of_Plans,0.0,N
CAN_006534,BK_006534,DRV_0204,Driver,Driver_En_Route,Driver_Demanded_Cash_Offline,0.0,N
CAN_006535,BK_006535,DRV_0221,Rider,Driver_Arrived,High_ETA_Long_Wait_Time,50.0,Y
CAN_006536,BK_006536,DRV_0086,Rider,Before_Assignment,Driver_Not_Moving,0.0,N
CAN_006541,BK_006541,UNASSIGNED,System,Before_Assignment,Driver_Assignment_Timeout_Exceeded,0.0,N
CAN_006542,BK_006542,DRV_0155,Driver,Driver_En_Route,Vehicle_Mechanical_Issue,0.0,N
CAN_006545,BK_006545,DRV_0244,Rider,Before_Assignment,Driver_Not_Moving,0.0,N
CAN_006546,BK_006546,DRV_0316,Driver,Driver_En_Route,Traffic_Gridlock_En_Route,0.0,N
CAN_006548,BK_006548,DRV_0223,Rider,Before_Assignment,Driver_Not_Moving,0.0,N
CAN_006553,BK_006553,DRV_0262,Rider,Before_Assignment,Change_of_Plans,0.0,N
CAN_006554,BK_006554,DRV_0060,Driver,Driver_En_Route,Vehicle_Mechanical_Issue,0.0,N
CAN_006556,BK_006556,DRV_0318,Driver,Driver_Arrived,Driver_Demanded_Cash_Offline,0.0,N
CAN_006559,BK_006559,UNASSIGNED,System,Before_Assignment,Driver_Assignment_Timeout_Exceeded,0.0,N
CAN_006560,BK_006560,DRV_0125,Rider,Before_Assignment,High_ETA_Long_Wait_Time,0.0,N
CAN_006563,BK_006563,DRV_0071,Rider,Driver_Arrived,Change_of_Plans,50.0,Y
CAN_006574,BK_006574,UNASSIGNED,System,Before_Assignment,Driver_Assignment_Timeout_Exceeded,0.0,N
CAN_006575,BK_006575,UNASSIGNED,System,Before_Assignment,Driver_Assignment_Timeout_Exceeded,0.0,N
CAN_006585,BK_006585,DRV_0298,Rider,Driver_En_Route,Change_of_Plans,0.0,N
CAN_006587,BK_006587,DRV_0265,Driver,Driver_En_Route,Driver_Refused_Drop_Location,0.0,N
CAN_006591,BK_006591,DRV_0263,Driver,Driver_En_Route,Traffic_Gridlock_En_Route,0.0,N
CAN_006595,BK_006595,DRV_0090,Rider,Driver_En_Route,Change_of_Plans,0.0,N
CAN_006597,BK_006597,DRV_0089,Driver,Driver_En_Route,Driver_Refused_Drop_Location,0.0,N
CAN_006602,BK_006602,DRV_0205,Driver,Driver_En_Route,Vehicle_Mechanical_Issue,0.0,N
CAN_006603,BK_006603,UNASSIGNED,System,Before_Assignment,Driver_Assignment_Timeout_Exceeded,0.0,N
CAN_006608,BK_006608,DRV_0093,Driver,Driver_En_Route,Vehicle_Mechanical_Issue,0.0,N
CAN_006621,BK_006621,DRV_0009,Driver,Driver_En_Route,Driver_Refused_Drop_Location,0.0,N
CAN_006622,BK_006622,DRV_0146,Driver,Driver_En_Route,Vehicle_Mechanical_Issue,0.0,N
CAN_006626,BK_006626,DRV_0187,Rider,Driver_En_Route,Booked_Alternative_Ride,0.0,N
CAN_006629,BK_006629,DRV_0061,Driver,Driver_En_Route,Driver_Demanded_Cash_Offline,0.0,N
CAN_006630,BK_006630,DRV_0051,Driver,Driver_En_Route,Vehicle_Mechanical_Issue,0.0,N
CAN_006632,BK_006632,DRV_0132,Driver,Driver_En_Route,Driver_Refused_Drop_Location,0.0,N
CAN_006633,BK_006633,DRV_0070,Rider,Before_Assignment,Booked_Alternative_Ride,0.0,N
CAN_006634,BK_006634,DRV_0250,Rider,Driver_Arrived,Booked_Alternative_Ride,50.0,N
CAN_006637,BK_006637,DRV_0015,Rider,Driver_Arrived,Booked_Alternative_Ride,50.0,Y
CAN_006639,BK_006639,DRV_0261,Driver,Driver_En_Route,Driver_Refused_Drop_Location,0.0,N
CAN_006646,BK_006646,DRV_0275,Driver,Driver_Arrived,Traffic_Gridlock_En_Route,0.0,N
CAN_006649,BK_006649,DRV_0104,Rider,Before_Assignment,Change_of_Plans,0.0,N
CAN_006652,BK_006652,DRV_0034,Driver,Driver_En_Route,Traffic_Gridlock_En_Route,0.0,N
CAN_006663,BK_006663,DRV_0111,Rider,Driver_En_Route,High_ETA_Long_Wait_Time,0.0,N
CAN_006667,BK_006667,DRV_0270,Driver,Driver_En_Route,Vehicle_Mechanical_Issue,0.0,N
CAN_006680,BK_006680,UNASSIGNED,System,Before_Assignment,Driver_Assignment_Timeout_Exceeded,0.0,N
CAN_006681,BK_006681,DRV_0132,Rider,Driver_En_Route,High_ETA_Long_Wait_Time,0.0,N
CAN_006683,BK_006683,DRV_0167,Rider,Driver_Arrived,Booked_Alternative_Ride,50.0,N
CAN_006691,BK_006691,DRV_0195,Driver,Driver_En_Route,Driver_Demanded_Cash_Offline,0.0,N
CAN_006694,BK_006694,DRV_0144,Driver,Driver_Arrived,Driver_Demanded_Cash_Offline,0.0,N
CAN_006697,BK_006697,UNASSIGNED,System,Before_Assignment,Driver_Assignment_Timeout_Exceeded,0.0,N
CAN_006700,BK_006700,DRV_0177,Driver,Driver_Arrived,Traffic_Gridlock_En_Route,0.0,N
CAN_006702,BK_006702,DRV_0247,Rider,Driver_Arrived,Booked_Alternative_Ride,50.0,N
CAN_006710,BK_006710,UNASSIGNED,System,Before_Assignment,Driver_Assignment_Timeout_Exceeded,0.0,N
CAN_006719,BK_006719,DRV_0054,Rider,Driver_Arrived,Change_of_Plans,50.0,N
CAN_006722,BK_006722,DRV_0301,Driver,Driver_En_Route,Driver_Demanded_Cash_Offline,0.0,N
CAN_006725,BK_006725,DRV_0107,Rider,Before_Assignment,High_ETA_Long_Wait_Time,0.0,N
CAN_006729,BK_006729,DRV_0320,Rider,Driver_En_Route,Driver_Not_Moving,0.0,N
CAN_006730,BK_006730,DRV_0081,Rider,Driver_Arrived,High_ETA_Long_Wait_Time,50.0,N
CAN_006733,BK_006733,DRV_0317,Driver,Driver_En_Route,Traffic_Gridlock_En_Route,0.0,N
CAN_006734,BK_006734,DRV_0006,Driver,Driver_En_Route,Driver_Demanded_Cash_Offline,0.0,N
CAN_006736,BK_006736,DRV_0113,Driver,Driver_En_Route,Traffic_Gridlock_En_Route,0.0,N
CAN_006744,BK_006744,DRV_0125,Rider,Driver_En_Route,Booked_Alternative_Ride,0.0,N
CAN_006746,BK_006746,DRV_0117,Rider,Driver_Arrived,Change_of_Plans,50.0,Y
CAN_006752,BK_006752,DRV_0263,Rider,Driver_Arrived,Booked_Alternative_Ride,50.0,Y
CAN_006754,BK_006754,DRV_0275,Driver,Driver_En_Route,Traffic_Gridlock_En_Route,0.0,N
CAN_006756,BK_006756,DRV_0251,Rider,Driver_En_Route,High_ETA_Long_Wait_Time,0.0,N
CAN_006758,BK_006758,DRV_0027,Driver,Driver_En_Route,Traffic_Gridlock_En_Route,0.0,N
CAN_006760,BK_006760,DRV_0050,Rider,Driver_Arrived,High_ETA_Long_Wait_Time,50.0,Y
CAN_006764,BK_006764,DRV_0070,Driver,Driver_En_Route,Vehicle_Mechanical_Issue,0.0,N
CAN_006765,BK_006765,DRV_0127,Driver,Driver_En_Route,Driver_Refused_Drop_Location,0.0,N
CAN_006766,BK_006766,UNASSIGNED,System,Before_Assignment,Driver_Assignment_Timeout_Exceeded,0.0,N
CAN_006768,BK_006768,DRV_0061,Driver,Driver_En_Route,Driver_Refused_Drop_Location,0.0,N
CAN_006778,BK_006778,DRV_0149,Driver,Driver_En_Route,Vehicle_Mechanical_Issue,0.0,N
CAN_006789,BK_006789,DRV_0227,Driver,Driver_Arrived,Driver_Refused_Drop_Location,0.0,N
CAN_006790,BK_006790,DRV_0242,Rider,Driver_Arrived,High_ETA_Long_Wait_Time,50.0,N
CAN_006792,BK_006792,DRV_0198,Driver,Driver_En_Route,Traffic_Gridlock_En_Route,0.0,N
CAN_006794,BK_006794,DRV_0196,Rider,Before_Assignment,Booked_Alternative_Ride,0.0,N
CAN_006795,BK_006795,DRV_0061,Rider,Before_Assignment,Booked_Alternative_Ride,0.0,N
CAN_006798,BK_006798,DRV_0289,Driver,Driver_Arrived,Driver_Refused_Drop_Location,0.0,N
CAN_006799,BK_006799,DRV_0134,Driver,Driver_En_Route,Vehicle_Mechanical_Issue,0.0,N
