booking_id,customer_id,pickup_zone_id,drop_zone_id,vehicle_category,request_timestamp,estimated_distance_km,base_fare_inr,surge_multiplier,total_quoted_fare_inr,booking_status
BK_000001,CUST_01994,Z302,Z205,Prime_Sedan,2026-02-28 04:17:00,21.5,672.0,1.1,739.2,Completed
BK_000002,CUST_01006,Z206,Z203,EV_Sedan,2026-02-05 23:32:00,13.4,413.4,1.0,413.4,Rider_Cancelled
BK_000003,CUST_01180,Z201,Z305,Auto_Rickshaw,2026-02-20 01:10:00,27.8,540.4,1.0,540.4,Completed
BK_000004,CUST_02070,Z204,Z301,Prime_Sedan,2026-03-05 03:22:00,14.3,470.4,1.0,470.4,Completed
BK_000005,CUST_03196,Z205,Z107,Auto_Rickshaw,2026-02-21 19:36:00,9.4,209.2,1.6,334.72,Completed
BK_000006,CUST_02017,Z205,Z301,Auto_Rickshaw,2026-02-24 14:50:00,9.3,207.4,1.0,207.4,ETA_Timeout
BK_000007,CUST_01128,Z206,Z303,Bike_Taxi,2026-02-26 13:14:00,5.0,85.0,1.2,102.0,Completed
BK_000008,CUST_01345,Z202,Z103,Prime_Sedan,2026-02-02 05:48:00,26.0,798.0,1.0,798.0,Completed
BK_000009,CUST_03351,Z301,Z206,EV_Sedan,2026-02-23 19:54:00,20.3,592.8,1.2,711.36,Completed
BK_000010,CUST_03044,Z301,Z304,Auto_Rickshaw,2026-02-04 00:36:00,12.5,265.0,1.0,265.0,Completed
BK_000011,CUST_02986,Z205,Z305,EV_Sedan,2026-02-15 21:16:00,7.2,252.2,1.8,453.96,Completed
BK_000012,CUST_01954,Z106,Z104,EV_Sedan,2026-02-12 12:43:00,16.4,491.4,1.0,491.4,Driver_Cancelled
BK_000013,CUST_03359,Z206,Z205,Auto_Rickshaw,2026-03-15 19:29:00,8.7,196.6,1.4,275.24,Completed
BK_000014,CUST_03017,Z305,Z203,Auto_Rickshaw,2026-02-09 05:45:00,4.8,126.4,1.1,139.04,Completed
BK_000015,CUST_02326,Z102,Z101,Prime_Sedan,2026-02-07 23:20:00,22.6,702.8,1.2,843.36,Driver_Cancelled
BK_000016,CUST_02531,Z206,Z104,Auto_Rickshaw,2026-02-16 13:36:00,6.0,148.0,1.0,148.0,Completed
BK_000017,CUST_03413,Z106,Z301,Auto_Rickshaw,2026-02-15 05:07:00,7.1,167.8,1.0,167.8,Completed
BK_000018,CUST_01427,Z303,Z105,EV_Sedan,2026-02-16 07:43:00,11.5,364.0,1.0,364.0,Completed
BK_000019,CUST_01278,Z205,Z202,EV_Sedan,2026-03-09 01:38:00,3.8,163.8,1.0,163.8,Completed
BK_000020,CUST_03368,Z201,Z106,EV_Sedan,2026-02-21 18:55:00,10.2,330.2,1.2,396.24,Completed
BK_000021,CUST_02978,Z101,Z302,Auto_Rickshaw,2026-03-16 03:23:00,6.6,158.8,1.0,158.8,Completed
BK_000022,CUST_01393,Z102,Z301,Prime_Sedan,2026-02-27 06:31:00,6.5,252.0,1.2,302.4,Completed
BK_000023,CUST_02196,Z103,Z304,Auto_Rickshaw,2026-03-11 15:37:00,22.9,452.2,1.0,452.2,Completed
BK_000024,CUST_02802,Z302,Z202,EV_Sedan,2026-02-11 13:07:00,6.4,231.4,1.0,231.4,Completed
BK_000025,CUST_03141,Z301,Z304,Bike_Taxi,2026-02-27 07:33:00,10.3,148.6,1.0,148.6,Completed
BK_000026,CUST_02840,Z106,Z107,Auto_Rickshaw,2026-03-17 11:51:00,5.8,144.4,1.4,202.16,Completed
BK_000027,CUST_03279,Z206,Z204,Auto_Rickshaw,2026-03-12 05:39:00,26.3,513.4,1.0,513.4,Completed
BK_000028,CUST_03305,Z104,Z204,EV_Sedan,2026-03-12 17:30:00,25.3,722.8,2.1,1517.88,Completed
BK_000029,CUST_02358,Z201,Z102,Prime_Sedan,2026-03-07 04:33:00,25.8,792.4,1.1,871.64,Completed
BK_000030,CUST_02815,Z204,Z202,EV_Sedan,2026-03-06 10:02:00,7.4,257.4,1.8,463.32,Completed
BK_000031,CUST_03076,Z206,Z105,Prime_Sedan,2026-03-08 18:31:00,7.0,266.0,2.1,558.6,Rider_Cancelled
BK_000032,CUST_02022,Z102,Z303,Prime_Sedan,2026-02-03 13:13:00,9.6,338.8,1.0,338.8,Driver_Cancelled
BK_000033,CUST_01508,Z101,Z202,Prime_Sedan,2026-02-18 04:49:00,7.1,268.8,1.1,295.68,Driver_Cancelled
BK_000034,CUST_01670,Z202,Z103,Bike_Taxi,2026-02-14 05:22:00,3.8,70.6,1.0,70.6,Driver_Cancelled
BK_000035,CUST_01923,Z107,Z203,EV_Sedan,2026-03-02 21:42:00,3.0,143.0,1.8,257.4,Driver_Cancelled
BK_000036,CUST_01542,Z106,Z101,Prime_Sedan,2026-02-11 10:24:00,21.0,658.0,1.6,1052.8,Completed
BK_000037,CUST_01031,Z304,Z205,Auto_Rickshaw,2026-02-26 19:15:00,10.3,225.4,2.4,540.96,Completed
BK_000038,CUST_03119,Z201,Z102,Prime_Sedan,2026-03-09 21:44:00,19.7,621.6,2.1,1305.36,Driver_Cancelled
BK_000039,CUST_03038,Z203,Z202,EV_Sedan,2026-03-14 12:35:00,12.6,392.6,1.1,431.86,Completed
BK_000040,CUST_02469,Z304,Z203,EV_Sedan,2026-03-11 17:25:00,10.1,327.6,1.4,458.64,Completed
BK_000041,CUST_01915,Z203,Z302,EV_Sedan,2026-03-09 02:48:00,9.3,306.8,1.0,306.8,Completed
BK_000042,CUST_02564,Z304,Z203,Bike_Taxi,2026-02-20 01:13:00,6.1,98.2,1.0,98.2,Completed
BK_000043,CUST_02998,Z204,Z106,EV_Sedan,2026-02-15 12:19:00,14.3,436.8,1.0,436.8,Completed
BK_000044,CUST_02653,Z301,Z304,Auto_Rickshaw,2026-02-18 16:41:00,16.4,335.2,1.0,335.2,Completed
BK_000045,CUST_02411,Z203,Z105,EV_Sedan,2026-02-05 22:11:00,17.8,527.8,1.1,580.58,Completed
BK_000046,CUST_03008,Z205,Z107,Auto_Rickshaw,2026-02-08 18:05:00,8.4,191.2,1.8,344.16,Driver_Cancelled
BK_000047,CUST_01090,Z304,Z106,Auto_Rickshaw,2026-02-06 20:31:00,12.3,261.4,1.6,418.24,Completed
BK_000048,CUST_02708,Z302,Z206,Bike_Taxi,2026-02-06 20:59:00,14.8,202.6,2.1,425.46,Completed
BK_000049,CUST_01430,Z304,Z104,Bike_Taxi,2026-02-14 02:47:00,15.4,209.8,1.0,209.8,Completed
BK_000050,CUST_02969,Z204,Z201,EV_Sedan,2026-02-01 08:59:00,26.1,743.6,1.2,892.32,Driver_Cancelled
BK_000051,CUST_01369,Z304,Z103,EV_Sedan,2026-03-06 04:19:00,19.3,566.8,1.0,566.8,Completed
BK_000052,CUST_02281,Z301,Z104,EV_Sedan,2026-02-05 13:45:00,24.7,707.2,1.0,707.2,Completed
BK_000053,CUST_01750,Z104,Z301,Auto_Rickshaw,2026-02-19 11:10:00,24.2,475.6,1.8,856.08,Driver_Cancelled
BK_000054,CUST_01684,Z104,Z106,Bike_Taxi,2026-03-04 22:24:00,5.2,87.4,1.0,87.4,Rider_Cancelled
BK_000055,CUST_01743,Z206,Z205,EV_Sedan,2026-03-01 01:45:00,15.1,457.6,1.0,457.6,Completed
BK_000056,CUST_02386,Z304,Z305,Bike_Taxi,2026-03-04 13:44:00,13.8,190.6,1.2,228.72,Completed
BK_000057,CUST_01643,Z304,Z303,EV_Sedan,2026-03-12 00:28:00,4.4,179.4,1.1,197.34,Completed
BK_000058,CUST_02820,Z302,Z103,Prime_Sedan,2026-03-12 05:37:00,10.7,369.6,1.1,406.56,ETA_Timeout
BK_000059,CUST_01073,Z104,Z301,EV_Sedan,2026-02-20 00:23:00,24.0,689.0,1.0,689.0,Driver_Cancelled
BK_000060,CUST_03304,Z107,Z303,Auto_Rickshaw,2026-03-16 12:02:00,24.0,472.0,1.0,472.0,Driver_Cancelled
BK_000061,CUST_03295,Z303,Z205,Prime_Sedan,2026-03-05 19:58:00,5.0,210.0,1.8,378.0,Driver_Cancelled
BK_000062,CUST_02455,Z203,Z305,Bike_Taxi,2026-02-18 06:23:00,25.8,334.6,1.0,334.6,Completed
BK_000063,CUST_01781,Z204,Z104,Bike_Taxi,2026-03-07 17:00:00,26.6,344.2,1.8,619.56,Rider_Cancelled
BK_000064,CUST_02874,Z304,Z105,EV_Sedan,2026-03-17 02:47:00,16.3,488.8,1.1,537.68,Completed
BK_000065,CUST_01526,Z104,Z301,EV_Sedan,2026-03-03 04:11:00,15.6,470.6,1.2,564.72,Completed
BK_000066,CUST_03099,Z203,Z205,Prime_Sedan,2026-03-05 15:33:00,7.7,285.6,1.2,342.72,Completed
BK_000067,CUST_02321,Z104,Z206,EV_Sedan,2026-02-26 20:09:00,20.0,585.0,1.8,1053.0,Rider_Cancelled
BK_000068,CUST_01053,Z304,Z104,Bike_Taxi,2026-02-02 09:36:00,3.9,71.8,1.8,129.24,Completed
BK_000069,CUST_03217,Z102,Z206,Bike_Taxi,2026-03-10 07:08:00,18.5,247.0,1.1,271.7,Completed
BK_000070,CUST_01193,Z206,Z301,Prime_Sedan,2026-02-20 05:00:00,2.8,148.4,1.0,148.4,Completed
BK_000071,CUST_01793,Z203,Z303,Auto_Rickshaw,2026-02-09 07:47:00,27.5,535.0,1.0,535.0,Completed
BK_000072,CUST_02911,Z105,Z102,Auto_Rickshaw,2026-02-08 05:53:00,22.6,446.8,1.0,446.8,Completed
BK_000073,CUST_03133,Z103,Z305,Prime_Sedan,2026-02-08 12:04:00,4.9,207.2,1.1,227.92,Completed
BK_000074,CUST_01037,Z104,Z206,Bike_Taxi,2026-02-21 12:47:00,27.4,353.8,1.0,353.8,Completed
BK_000075,CUST_02536,Z304,Z305,Bike_Taxi,2026-02-21 12:40:00,10.2,147.4,1.1,162.14,Completed
BK_000076,CUST_01864,Z107,Z302,Auto_Rickshaw,2026-03-11 06:46:00,16.5,337.0,1.0,337.0,Completed
BK_000077,CUST_01301,Z102,Z107,EV_Sedan,2026-03-09 09:29:00,17.4,517.4,1.6,827.84,Completed
BK_000078,CUST_01260,Z102,Z104,Bike_Taxi,2026-02-17 12:42:00,10.0,145.0,1.2,174.0,Completed
BK_000079,CUST_01559,Z206,Z203,Auto_Rickshaw,2026-03-16 22:43:00,20.1,401.8,1.0,401.8,Rider_Cancelled
BK_000080,CUST_03268,Z305,Z105,EV_Sedan,2026-02-06 20:36:00,17.4,517.4,1.2,620.88,Completed
BK_000081,CUST_03100,Z105,Z107,Bike_Taxi,2026-02-09 14:58:00,7.6,116.2,1.0,116.2,Completed
BK_000082,CUST_01276,Z202,Z104,EV_Sedan,2026-02-10 05:37:00,27.2,772.2,1.2,926.64,Completed
BK_000083,CUST_01625,Z205,Z204,Auto_Rickshaw,2026-03-16 21:06:00,2.6,86.8,1.8,156.24,Completed
BK_000084,CUST_02896,Z302,Z205,EV_Sedan,2026-03-08 12:15:00,16.8,501.8,1.0,501.8,Completed
BK_000085,CUST_01077,Z304,Z101,EV_Sedan,2026-03-10 05:37:00,22.5,650.0,1.2,780.0,Completed
BK_000086,CUST_03416,Z203,Z105,EV_Sedan,2026-02-22 09:34:00,4.9,192.4,2.1,404.04,Completed
BK_000087,CUST_01734,Z105,Z304,Bike_Taxi,2026-03-15 23:49:00,8.2,123.4,1.0,123.4,Completed
BK_000088,CUST_02863,Z102,Z103,Auto_Rickshaw,2026-03-17 21:03:00,5.2,133.6,2.4,320.64,ETA_Timeout
BK_000089,CUST_02121,Z202,Z106,Prime_Sedan,2026-02-18 09:24:00,12.0,406.0,2.4,974.4,Driver_Cancelled
BK_000090,CUST_02031,Z206,Z201,EV_Sedan,2026-02-24 18:00:00,23.7,681.2,1.8,1226.16,Completed
BK_000091,CUST_01766,Z106,Z206,Prime_Sedan,2026-02-28 15:34:00,13.3,442.4,1.0,442.4,Completed
BK_000092,CUST_01524,Z106,Z105,Bike_Taxi,2026-03-01 21:37:00,25.7,333.4,2.1,700.14,Completed
BK_000093,CUST_02162,Z103,Z201,Auto_Rickshaw,2026-02-21 16:38:00,25.0,490.0,1.2,588.0,Completed
BK_000094,CUST_02404,Z302,Z103,Bike_Taxi,2026-02-11 17:01:00,5.9,95.8,1.8,172.44,Completed
BK_000095,CUST_03457,Z102,Z305,Bike_Taxi,2026-03-07 11:48:00,15.0,205.0,1.2,246.0,Completed
BK_000096,CUST_03171,Z301,Z201,EV_Sedan,2026-03-15 23:00:00,11.6,366.6,1.1,403.26,Driver_Cancelled
BK_000097,CUST_01549,Z202,Z304,Bike_Taxi,2026-03-08 02:31:00,9.9,143.8,1.0,143.8,Driver_Cancelled
BK_000098,CUST_01775,Z101,Z102,Prime_Sedan,2026-02-27 13:18:00,16.0,518.0,1.2,621.6,Completed
BK_000099,CUST_03196,Z301,Z205,Prime_Sedan,2026-03-01 02:20:00,22.1,688.8,1.0,688.8,Completed
BK_000100,CUST_02631,Z105,Z104,Prime_Sedan,2026-03-07 06:48:00,22.9,711.2,1.0,711.2,Rider_Cancelled
BK_000101,CUST_03083,Z206,Z204,Auto_Rickshaw,2026-03-09 16:44:00,6.7,160.6,1.2,192.72,Rider_Cancelled
BK_000102,CUST_01596,Z303,Z301,Prime_Sedan,2026-02-05 06:16:00,8.3,302.4,1.0,302.4,Completed
BK_000103,CUST_01718,Z303,Z302,Prime_Sedan,2026-02-01 17:41:00,7.6,282.8,1.4,395.92,Driver_Cancelled
BK_000104,CUST_01695,Z102,Z206,Auto_Rickshaw,2026-02-12 03:19:00,4.8,126.4,1.0,126.4,Completed
BK_000105,CUST_03252,Z203,Z206,Auto_Rickshaw,2026-02-17 01:32:00,18.3,369.4,1.0,369.4,Completed
BK_000106,CUST_01480,Z304,Z202,Auto_Rickshaw,2026-03-13 02:56:00,20.5,409.0,1.2,490.8,Rider_Cancelled
BK_000107,CUST_02392,Z302,Z303,Prime_Sedan,2026-03-14 01:14:00,15.0,490.0,1.2,588.0,Completed
BK_000108,CUST_01040,Z202,Z201,Auto_Rickshaw,2026-02-14 07:47:00,20.0,400.0,1.0,400.0,Driver_Cancelled
BK_000109,CUST_01732,Z303,Z204,Prime_Sedan,2026-02-17 08:09:00,7.3,274.4,1.4,384.16,Completed
BK_000110,CUST_02459,Z105,Z104,Auto_Rickshaw,2026-02-06 16:56:00,18.5,373.0,1.0,373.0,Driver_Cancelled
BK_000111,CUST_02521,Z204,Z304,EV_Sedan,2026-03-14 02:59:00,15.3,462.8,1.2,555.36,ETA_Timeout
BK_000112,CUST_03094,Z202,Z301,Auto_Rickshaw,2026-02-11 08:35:00,3.9,110.2,2.1,231.42,Driver_Cancelled
BK_000113,CUST_01134,Z304,Z205,Auto_Rickshaw,2026-02-19 04:02:00,27.9,542.2,1.0,542.2,Completed
BK_000114,CUST_02064,Z106,Z203,Auto_Rickshaw,2026-02-12 01:01:00,27.4,533.2,1.0,533.2,Completed
BK_000115,CUST_03341,Z105,Z202,EV_Sedan,2026-03-10 07:18:00,23.4,673.4,1.0,673.4,Completed
BK_000116,CUST_03118,Z305,Z204,Auto_Rickshaw,2026-03-08 23:47:00,9.0,202.0,1.1,222.2,Driver_Cancelled
BK_000117,CUST_01406,Z106,Z102,Bike_Taxi,2026-02-11 01:20:00,24.3,316.6,1.0,316.6,Completed
BK_000118,CUST_03481,Z107,Z106,Bike_Taxi,2026-03-17 19:44:00,11.0,157.0,1.6,251.2,Completed
BK_000119,CUST_02382,Z301,Z206,Auto_Rickshaw,2026-03-11 21:13:00,6.7,160.6,1.2,192.72,Completed
BK_000120,CUST_03134,Z302,Z301,Auto_Rickshaw,2026-02-08 20:45:00,5.8,144.4,1.4,202.16,Completed
BK_000121,CUST_02939,Z305,Z102,Bike_Taxi,2026-02-02 10:47:00,5.2,87.4,1.8,157.32,Completed
BK_000122,CUST_01699,Z101,Z103,Bike_Taxi,2026-03-03 10:46:00,25.0,325.0,1.6,520.0,Completed
BK_000123,CUST_03311,Z301,Z305,Prime_Sedan,2026-03-02 08:49:00,26.1,800.8,2.4,1921.92,Completed
BK_000124,CUST_01559,Z205,Z203,EV_Sedan,2026-02-22 14:29:00,20.4,595.4,1.2,714.48,Completed
BK_000125,CUST_03297,Z301,Z206,Bike_Taxi,2026-02-12 14:57:00,24.0,313.0,1.0,313.0,Completed
BK_000126,CUST_03179,Z202,Z302,Auto_Rickshaw,2026-02-09 19:20:00,6.1,149.8,1.2,179.76,Completed
BK_000127,CUST_01091,Z106,Z104,Auto_Rickshaw,2026-02-14 02:08:00,21.1,419.8,1.0,419.8,Completed
BK_000128,CUST_02900,Z102,Z205,EV_Sedan,2026-02-04 21:37:00,9.4,309.4,1.4,433.16,Completed
BK_000129,CUST_02020,Z206,Z303,EV_Sedan,2026-02-12 11:58:00,7.7,265.2,2.4,636.48,Driver_Cancelled
BK_000130,CUST_01854,Z303,Z206,Auto_Rickshaw,2026-03-04 06:19:00,6.6,158.8,1.0,158.8,Completed
BK_000131,CUST_01967,Z301,Z204,Auto_Rickshaw,2026-02-01 22:27:00,17.7,358.6,1.0,358.6,Completed
BK_000132,CUST_02019,Z106,Z304,Prime_Sedan,2026-02-05 09:50:00,26.7,817.6,2.4,1962.24,ETA_Timeout
BK_000133,CUST_01246,Z102,Z206,Bike_Taxi,2026-03-02 14:02:00,5.8,94.6,1.0,94.6,Completed
BK_000134,CUST_01552,Z202,Z102,Auto_Rickshaw,2026-02-23 08:04:00,17.0,346.0,2.4,830.4,Completed
BK_000135,CUST_01635,Z302,Z203,Bike_Taxi,2026-03-10 13:01:00,14.3,196.6,1.0,196.6,Driver_Cancelled
BK_000136,CUST_01760,Z101,Z206,Auto_Rickshaw,2026-03-08 13:37:00,10.8,234.4,1.2,281.28,Completed
BK_000137,CUST_02320,Z104,Z105,Bike_Taxi,2026-02-25 01:28:00,24.2,315.4,1.0,315.4,Completed
BK_000138,CUST_03418,Z202,Z102,EV_Sedan,2026-02-17 22:09:00,2.8,137.8,1.0,137.8,Rider_Cancelled
BK_000139,CUST_02918,Z102,Z206,Prime_Sedan,2026-02-26 15:30:00,23.2,719.6,1.1,791.56,Completed
BK_000140,CUST_01947,Z305,Z206,Bike_Taxi,2026-02-09 20:56:00,17.3,232.6,1.4,325.64,Rider_Cancelled
BK_000141,CUST_03362,Z205,Z303,Bike_Taxi,2026-03-05 05:22:00,6.8,106.6,1.1,117.26,Completed
BK_000142,CUST_02330,Z205,Z302,Auto_Rickshaw,2026-03-08 00:41:00,18.3,369.4,1.1,406.34,Completed
BK_000143,CUST_01142,Z203,Z101,Auto_Rickshaw,2026-02-24 19:22:00,2.7,88.6,1.4,124.04,ETA_Timeout
BK_000144,CUST_01880,Z204,Z101,Auto_Rickshaw,2026-03-08 08:42:00,26.4,515.2,2.4,1236.48,Completed
BK_000145,CUST_02024,Z201,Z203,Bike_Taxi,2026-03-10 03:54:00,17.3,232.6,1.0,232.6,Completed
BK_000146,CUST_02231,Z102,Z301,EV_Sedan,2026-02-04 19:43:00,11.5,364.0,1.2,436.8,Driver_Cancelled
BK_000147,CUST_01929,Z101,Z301,Bike_Taxi,2026-02-03 17:07:00,10.8,154.6,1.6,247.36,Completed
BK_000148,CUST_03357,Z304,Z103,Auto_Rickshaw,2026-02-11 08:34:00,22.9,452.2,1.8,813.96,Completed
BK_000149,CUST_01535,Z105,Z304,EV_Sedan,2026-02-26 16:54:00,12.8,397.8,1.0,397.8,Completed
BK_000150,CUST_03360,Z103,Z105,Prime_Sedan,2026-03-03 19:43:00,12.0,406.0,1.8,730.8,Completed
BK_000151,CUST_02805,Z102,Z202,Prime_Sedan,2026-02-10 08:06:00,6.6,254.8,2.4,611.52,Driver_Cancelled
BK_000152,CUST_01224,Z201,Z105,Auto_Rickshaw,2026-03-12 18:54:00,11.4,245.2,1.6,392.32,Driver_Cancelled
BK_000153,CUST_02930,Z101,Z205,Bike_Taxi,2026-02-10 18:17:00,7.8,118.6,2.4,284.64,Completed
BK_000154,CUST_03158,Z102,Z203,Bike_Taxi,2026-02-09 00:02:00,7.7,117.4,1.0,117.4,Completed
BK_000155,CUST_01079,Z203,Z301,EV_Sedan,2026-02-11 18:29:00,27.9,790.4,1.8,1422.72,Completed
BK_000156,CUST_03169,Z203,Z205,Auto_Rickshaw,2026-02-23 13:08:00,3.0,94.0,1.1,103.4,Completed
BK_000157,CUST_01121,Z305,Z202,Prime_Sedan,2026-02-11 12:23:00,25.8,792.4,1.0,792.4,Completed
BK_000158,CUST_01626,Z301,Z203,Auto_Rickshaw,2026-03-14 15:40:00,14.2,295.6,1.2,354.72,Completed
BK_000159,CUST_01595,Z106,Z205,Prime_Sedan,2026-02-04 08:04:00,7.3,274.4,2.1,576.24,Rider_Cancelled
BK_000160,CUST_02306,Z301,Z302,EV_Sedan,2026-02-15 01:20:00,6.5,234.0,1.1,257.4,Completed
BK_000161,CUST_01946,Z101,Z206,Bike_Taxi,2026-02-04 20:48:00,6.0,97.0,2.4,232.8,Rider_Cancelled
BK_000162,CUST_01754,Z206,Z304,Prime_Sedan,2026-02-22 19:34:00,7.5,280.0,1.4,392.0,Completed
BK_000163,CUST_02800,Z303,Z204,EV_Sedan,2026-03-12 16:44:00,13.6,418.6,1.1,460.46,Driver_Cancelled
BK_000164,CUST_02282,Z206,Z305,Auto_Rickshaw,2026-03-02 10:34:00,16.0,328.0,2.4,787.2,Completed
BK_000165,CUST_01202,Z107,Z204,Prime_Sedan,2026-02-21 06:06:00,22.6,702.8,1.1,773.08,Completed
BK_000166,CUST_03051,Z104,Z107,Prime_Sedan,2026-03-08 16:34:00,12.7,425.6,1.2,510.72,Completed
BK_000167,CUST_01672,Z104,Z103,EV_Sedan,2026-02-06 10:41:00,19.0,559.0,2.4,1341.6,Completed
BK_000168,CUST_02373,Z105,Z107,Prime_Sedan,2026-03-12 18:58:00,22.5,700.0,1.4,980.0,Completed
BK_000169,CUST_01015,Z202,Z101,EV_Sedan,2026-02-22 02:57:00,16.6,496.6,1.1,546.26,Completed
BK_000170,CUST_03242,Z202,Z107,EV_Sedan,2026-02-03 11:25:00,3.9,166.4,1.4,232.96,Completed
BK_000171,CUST_01731,Z106,Z204,Auto_Rickshaw,2026-03-01 01:28:00,27.6,536.8,1.2,644.16,Completed
BK_000172,CUST_03255,Z103,Z204,EV_Sedan,2026-02-22 16:15:00,20.6,600.6,1.0,600.6,Completed
BK_000173,CUST_03478,Z203,Z302,EV_Sedan,2026-02-28 23:01:00,16.2,486.2,1.0,486.2,ETA_Timeout
BK_000174,CUST_02450,Z105,Z304,Prime_Sedan,2026-02-24 21:39:00,15.3,498.4,2.4,1196.16,Completed
BK_000175,CUST_01850,Z301,Z302,EV_Sedan,2026-02-03 07:41:00,17.1,509.6,1.0,509.6,Completed
BK_000176,CUST_01467,Z204,Z205,Prime_Sedan,2026-02-19 06:35:00,24.1,744.8,1.2,893.76,Completed
BK_000177,CUST_03200,Z204,Z303,EV_Sedan,2026-03-08 22:19:00,24.2,694.2,1.1,763.62,Completed
BK_000178,CUST_01612,Z202,Z101,EV_Sedan,2026-02-16 16:26:00,17.3,514.8,1.1,566.28,Completed
BK_000179,CUST_01974,Z205,Z303,EV_Sedan,2026-03-10 23:59:00,16.2,486.2,1.0,486.2,Completed
BK_000180,CUST_01632,Z107,Z205,Prime_Sedan,2026-03-15 06:51:00,22.7,705.6,1.1,776.16,Completed
BK_000181,CUST_03140,Z104,Z101,Bike_Taxi,2026-02-15 09:40:00,11.2,159.4,1.2,191.28,Rider_Cancelled
BK_000182,CUST_02280,Z101,Z204,EV_Sedan,2026-03-02 07:47:00,7.7,265.2,1.0,265.2,Completed
BK_000183,CUST_03293,Z304,Z104,EV_Sedan,2026-02-10 15:38:00,16.8,501.8,1.2,602.16,Completed
BK_000184,CUST_02929,Z102,Z105,Bike_Taxi,2026-02-18 16:59:00,13.6,188.2,1.0,188.2,Completed
BK_000185,CUST_03186,Z103,Z303,Bike_Taxi,2026-02-27 02:10:00,23.6,308.2,1.0,308.2,Rider_Cancelled
BK_000186,CUST_02867,Z203,Z303,Bike_Taxi,2026-02-22 15:57:00,6.2,99.4,1.0,99.4,Rider_Cancelled
BK_000187,CUST_02606,Z106,Z205,Auto_Rickshaw,2026-03-09 03:33:00,15.2,313.6,1.0,313.6,Completed
BK_000188,CUST_02662,Z104,Z205,Auto_Rickshaw,2026-02-26 13:27:00,16.4,335.2,1.0,335.2,Completed
BK_000189,CUST_03421,Z301,Z302,EV_Sedan,2026-02-27 01:32:00,7.0,247.0,1.0,247.0,Completed
BK_000190,CUST_02663,Z103,Z105,Prime_Sedan,2026-03-04 10:45:00,11.0,378.0,2.1,793.8,Completed
BK_000191,CUST_01612,Z302,Z203,Prime_Sedan,2026-02-18 23:57:00,7.6,282.8,1.2,339.36,Completed
BK_000192,CUST_03387,Z101,Z305,Bike_Taxi,2026-02-19 15:29:00,4.1,74.2,1.0,74.2,Rider_Cancelled
BK_000193,CUST_03294,Z205,Z104,EV_Sedan,2026-03-12 10:42:00,8.6,288.6,1.6,461.76,Completed
BK_000194,CUST_01771,Z305,Z206,EV_Sedan,2026-03-11 15:08:00,6.5,234.0,1.0,234.0,ETA_Timeout
BK_000195,CUST_01515,Z105,Z101,Auto_Rickshaw,2026-02-04 12:21:00,21.3,423.4,1.0,423.4,Completed
BK_000196,CUST_02862,Z304,Z301,Auto_Rickshaw,2026-02-26 08:59:00,11.7,250.6,1.8,451.08,Completed
BK_000197,CUST_01156,Z303,Z205,Auto_Rickshaw,2026-02-06 09:36:00,27.5,535.0,2.1,1123.5,Completed
BK_000198,CUST_01320,Z305,Z203,Prime_Sedan,2026-03-01 03:36:00,16.4,529.2,1.0,529.2,Completed
BK_000199,CUST_01145,Z203,Z202,Auto_Rickshaw,2026-02-04 01:05:00,17.4,353.2,1.1,388.52,Completed
BK_000200,CUST_02151,Z202,Z203,Auto_Rickshaw,2026-02-01 21:30:00,18.2,367.6,2.4,882.24,Rider_Cancelled
BK_000201,CUST_01719,Z202,Z201,Prime_Sedan,2026-02-23 07:39:00,11.4,389.2,1.0,389.2,Completed
BK_000202,CUST_02803,Z106,Z201,Prime_Sedan,2026-02-27 13:03:00,19.2,607.6,1.0,607.6,Completed
BK_000203,CUST_02598,Z303,Z202,Auto_Rickshaw,2026-02-07 20:32:00,2.8,90.4,2.1,189.84,Rider_Cancelled
BK_000204,CUST_02294,Z304,Z102,Bike_Taxi,2026-02-05 16:20:00,27.4,353.8,1.2,424.56,Completed
BK_000205,CUST_03412,Z107,Z305,Bike_Taxi,2026-02-16 14:32:00,16.7,225.4,1.0,225.4,Completed
BK_000206,CUST_01140,Z101,Z104,Prime_Sedan,2026-02-03 20:07:00,27.2,831.6,2.1,1746.36,Completed
BK_000207,CUST_01755,Z202,Z204,Auto_Rickshaw,2026-02-22 12:02:00,26.5,517.0,1.0,517.0,Completed
BK_000208,CUST_02568,Z206,Z204,EV_Sedan,2026-02-03 23:36:00,7.1,249.6,1.0,249.6,Completed
BK_000209,CUST_01436,Z302,Z202,EV_Sedan,2026-02-05 22:49:00,4.3,176.8,1.0,176.8,Completed
BK_000210,CUST_02351,Z206,Z101,Bike_Taxi,2026-02-24 16:56:00,13.8,190.6,1.1,209.66,Driver_Cancelled
BK_000211,CUST_01926,Z101,Z301,EV_Sedan,2026-03-16 16:11:00,17.2,512.2,1.1,563.42,Rider_Cancelled
BK_000212,CUST_02241,Z206,Z102,Bike_Taxi,2026-03-02 00:36:00,16.4,221.8,1.0,221.8,Rider_Cancelled
BK_000213,CUST_02188,Z107,Z106,Auto_Rickshaw,2026-02-26 11:38:00,19.7,394.6,1.2,473.52,Completed
BK_000214,CUST_01791,Z101,Z202,EV_Sedan,2026-02-23 12:22:00,23.1,665.6,1.1,732.16,Completed
BK_000215,CUST_01176,Z206,Z104,Auto_Rickshaw,2026-02-10 21:12:00,26.9,524.2,2.4,1258.08,Rider_Cancelled
BK_000216,CUST_01296,Z102,Z106,Auto_Rickshaw,2026-02-23 12:00:00,26.1,509.8,1.0,509.8,Completed
BK_000217,CUST_01700,Z103,Z105,Auto_Rickshaw,2026-02-06 10:42:00,4.1,113.8,1.8,204.84,Completed
BK_000218,CUST_01874,Z102,Z107,Prime_Sedan,2026-02-16 12:27:00,9.6,338.8,1.0,338.8,Completed
BK_000219,CUST_02541,Z106,Z101,Bike_Taxi,2026-03-13 06:47:00,2.7,57.4,1.1,63.14,Completed
BK_000220,CUST_01845,Z105,Z203,Bike_Taxi,2026-02-25 01:21:00,8.7,129.4,1.1,142.34,Completed
BK_000221,CUST_01019,Z305,Z201,Bike_Taxi,2026-02-09 23:36:00,18.6,248.2,1.0,248.2,Driver_Cancelled
BK_000222,CUST_01853,Z202,Z102,Auto_Rickshaw,2026-02-10 01:35:00,20.3,405.4,1.0,405.4,Rider_Cancelled
BK_000223,CUST_01723,Z106,Z102,Auto_Rickshaw,2026-02-03 17:00:00,9.9,218.2,2.4,523.68,Completed
BK_000224,CUST_01120,Z303,Z305,EV_Sedan,2026-02-06 12:46:00,21.3,618.8,1.0,618.8,Completed
BK_000225,CUST_02690,Z107,Z301,EV_Sedan,2026-03-13 19:36:00,14.7,447.2,1.4,626.08,Completed
BK_000226,CUST_02105,Z107,Z205,Auto_Rickshaw,2026-02-07 00:56:00,9.8,216.4,1.0,216.4,Completed
BK_000227,CUST_03265,Z201,Z103,Prime_Sedan,2026-02-19 23:40:00,24.9,767.2,1.2,920.64,Completed
BK_000228,CUST_01911,Z105,Z101,Bike_Taxi,2026-02-20 06:19:00,28.3,364.6,1.0,364.6,Completed
BK_000229,CUST_01341,Z305,Z101,Auto_Rickshaw,2026-03-04 19:06:00,27.2,529.6,2.4,1271.04,Completed
BK_000230,CUST_03391,Z101,Z303,EV_Sedan,2026-02-22 08:33:00,7.3,254.8,1.4,356.72,Driver_Cancelled
BK_000231,CUST_01006,Z103,Z301,EV_Sedan,2026-03-13 21:52:00,16.3,488.8,2.4,1173.12,Completed
BK_000232,CUST_01225,Z304,Z205,EV_Sedan,2026-03-13 15:54:00,12.5,390.0,1.0,390.0,Completed
BK_000233,CUST_02372,Z201,Z104,Bike_Taxi,2026-03-02 18:55:00,22.1,290.2,1.8,522.36,Driver_Cancelled
BK_000234,CUST_02096,Z304,Z301,EV_Sedan,2026-02-13 20:42:00,12.2,382.2,1.2,458.64,Completed
BK_000235,CUST_02508,Z103,Z201,Bike_Taxi,2026-03-13 20:11:00,4.6,80.2,1.8,144.36,Rider_Cancelled
BK_000236,CUST_01448,Z106,Z203,EV_Sedan,2026-02-06 08:21:00,15.4,465.4,2.4,1116.96,Rider_Cancelled
BK_000237,CUST_02707,Z305,Z105,Prime_Sedan,2026-02-22 19:37:00,14.0,462.0,1.6,739.2,Completed
BK_000238,CUST_02405,Z204,Z304,EV_Sedan,2026-02-28 06:06:00,14.4,439.4,1.2,527.28,Completed
BK_000239,CUST_02165,Z302,Z106,Prime_Sedan,2026-03-01 09:42:00,7.2,271.6,1.4,380.24,Completed
BK_000240,CUST_03304,Z102,Z205,EV_Sedan,2026-03-17 18:15:00,12.2,382.2,1.6,611.52,Completed
BK_000241,CUST_01640,Z101,Z305,Prime_Sedan,2026-02-16 07:50:00,25.8,792.4,1.0,792.4,Rider_Cancelled
BK_000242,CUST_02811,Z204,Z104,Bike_Taxi,2026-03-06 13:08:00,6.1,98.2,1.1,108.02,Completed
BK_000243,CUST_01910,Z202,Z107,Prime_Sedan,2026-02-02 06:37:00,20.1,632.8,1.0,632.8,Rider_Cancelled
BK_000244,CUST_03009,Z204,Z305,Bike_Taxi,2026-03-16 04:26:00,12.8,178.6,1.0,178.6,Completed
BK_000245,CUST_02820,Z301,Z303,Bike_Taxi,2026-02-14 09:15:00,21.4,281.8,1.4,394.52,Completed
BK_000246,CUST_03420,Z206,Z103,Auto_Rickshaw,2026-02-01 13:13:00,13.3,279.4,1.1,307.34,Completed
BK_000247,CUST_02237,Z203,Z304,Bike_Taxi,2026-02-26 16:53:00,3.2,63.4,1.1,69.74,Completed
BK_000248,CUST_03015,Z201,Z101,Auto_Rickshaw,2026-02-06 16:22:00,28.4,551.2,1.0,551.2,Completed
BK_000249,CUST_03357,Z101,Z203,EV_Sedan,2026-02-08 15:52:00,6.3,228.8,1.2,274.56,Completed
BK_000250,CUST_03170,Z103,Z305,Bike_Taxi,2026-02-10 01:41:00,18.1,242.2,1.0,242.2,Completed
BK_000251,CUST_03376,Z205,Z105,Auto_Rickshaw,2026-02-01 20:05:00,12.2,259.6,1.4,363.44,Completed
BK_000252,CUST_01313,Z104,Z106,Prime_Sedan,2026-03-15 06:36:00,11.6,394.8,1.0,394.8,Completed
BK_000253,CUST_01486,Z201,Z105,Auto_Rickshaw,2026-03-12 05:52:00,10.5,229.0,1.0,229.0,Completed
BK_000254,CUST_01442,Z102,Z305,EV_Sedan,2026-02-28 05:54:00,5.6,210.6,1.0,210.6,Completed
BK_000255,CUST_02440,Z101,Z104,Bike_Taxi,2026-02-07 20:59:00,27.2,351.4,2.4,843.36,Completed
BK_000256,CUST_01785,Z203,Z106,EV_Sedan,2026-03-14 06:51:00,27.8,787.8,1.2,945.36,Completed
BK_000257,CUST_02454,Z206,Z302,Auto_Rickshaw,2026-02-11 00:02:00,13.1,275.8,1.2,330.96,Driver_Cancelled
BK_000258,CUST_02909,Z104,Z305,Bike_Taxi,2026-02-07 10:27:00,20.8,274.6,1.8,494.28,Completed
BK_000259,CUST_02669,Z203,Z302,Bike_Taxi,2026-02-09 20:12:00,26.9,347.8,1.2,417.36,Completed
BK_000260,CUST_02618,Z206,Z104,Bike_Taxi,2026-03-06 23:50:00,12.0,169.0,1.0,169.0,Completed
BK_000261,CUST_03384,Z202,Z301,EV_Sedan,2026-02-17 10:57:00,28.2,798.2,1.8,1436.76,Completed
BK_000262,CUST_01217,Z103,Z304,Prime_Sedan,2026-03-04 02:40:00,12.4,417.2,1.0,417.2,Completed
BK_000263,CUST_01828,Z203,Z304,EV_Sedan,2026-02-23 13:29:00,16.6,496.6,1.2,595.92,Driver_Cancelled
BK_000264,CUST_02763,Z104,Z301,Auto_Rickshaw,2026-02-21 17:38:00,14.0,292.0,1.6,467.2,Completed
BK_000265,CUST_02594,Z303,Z104,EV_Sedan,2026-02-27 03:20:00,14.9,452.4,1.1,497.64,Driver_Cancelled
BK_000266,CUST_02079,Z303,Z206,Bike_Taxi,2026-03-01 07:51:00,10.8,154.6,1.0,154.6,Completed
BK_000267,CUST_02754,Z205,Z206,EV_Sedan,2026-02-19 23:56:00,19.7,577.2,1.0,577.2,Completed
BK_000268,CUST_01154,Z302,Z301,Prime_Sedan,2026-02-27 02:27:00,9.4,333.2,1.2,399.84,Completed
BK_000269,CUST_01844,Z204,Z304,Prime_Sedan,2026-02-24 03:09:00,18.5,588.0,1.0,588.0,Completed
BK_000270,CUST_01195,Z203,Z301,Bike_Taxi,2026-03-09 20:50:00,21.2,279.4,1.4,391.16,Completed
BK_000271,CUST_02237,Z304,Z203,Bike_Taxi,2026-02-20 22:51:00,7.7,117.4,1.2,140.88,Completed
BK_000272,CUST_01873,Z302,Z202,Auto_Rickshaw,2026-03-15 21:37:00,26.8,522.4,2.4,1253.76,Driver_Cancelled
BK_000273,CUST_01822,Z205,Z303,Bike_Taxi,2026-02-07 23:22:00,21.9,287.8,1.0,287.8,Driver_Cancelled
BK_000274,CUST_02306,Z103,Z201,EV_Sedan,2026-03-11 18:01:00,23.9,686.4,1.8,1235.52,Completed
BK_000275,CUST_03294,Z301,Z302,Auto_Rickshaw,2026-03-02 16:36:00,6.6,158.8,1.0,158.8,Completed
BK_000276,CUST_01227,Z103,Z205,EV_Sedan,2026-02-28 15:06:00,25.9,738.4,1.0,738.4,Completed
BK_000277,CUST_03050,Z104,Z305,Auto_Rickshaw,2026-03-03 11:30:00,15.4,317.2,2.1,666.12,Completed
BK_000278,CUST_01893,Z105,Z104,EV_Sedan,2026-02-09 05:18:00,13.9,426.4,1.0,426.4,Completed
BK_000279,CUST_02138,Z105,Z206,Prime_Sedan,2026-02-22 21:04:00,23.9,739.2,2.4,1774.08,Completed
BK_000280,CUST_02576,Z203,Z206,EV_Sedan,2026-03-14 08:29:00,16.4,491.4,2.4,1179.36,Completed
BK_000281,CUST_01965,Z203,Z107,Auto_Rickshaw,2026-03-12 08:42:00,18.9,380.2,1.4,532.28,Driver_Cancelled
BK_000282,CUST_02123,Z103,Z304,EV_Sedan,2026-02-22 16:33:00,21.2,616.2,1.1,677.82,Driver_Cancelled
BK_000283,CUST_02069,Z304,Z103,Prime_Sedan,2026-02-17 06:19:00,14.3,470.4,1.1,517.44,Completed
BK_000284,CUST_02286,Z103,Z105,EV_Sedan,2026-02-08 10:23:00,24.5,702.0,1.4,982.8,Completed
BK_000285,CUST_01814,Z103,Z302,Bike_Taxi,2026-02-17 23:31:00,25.3,328.6,1.0,328.6,Rider_Cancelled
BK_000286,CUST_01095,Z305,Z201,Auto_Rickshaw,2026-03-14 12:30:00,7.7,178.6,1.0,178.6,Completed
BK_000287,CUST_01481,Z101,Z305,EV_Sedan,2026-02-21 01:18:00,5.6,210.6,1.1,231.66,Completed
BK_000288,CUST_03458,Z107,Z204,Auto_Rickshaw,2026-03-06 07:45:00,7.2,169.6,1.0,169.6,Driver_Cancelled
BK_000289,CUST_02073,Z201,Z303,EV_Sedan,2026-03-14 13:02:00,17.7,525.2,1.0,525.2,Completed
BK_000290,CUST_03447,Z202,Z103,Auto_Rickshaw,2026-02-05 14:04:00,3.9,110.2,1.2,132.24,Rider_Cancelled
BK_000291,CUST_03484,Z102,Z101,EV_Sedan,2026-02-12 19:03:00,10.4,335.4,2.1,704.34,Completed
BK_000292,CUST_02918,Z105,Z103,EV_Sedan,2026-02-15 16:35:00,6.2,226.2,1.2,271.44,Completed
BK_000293,CUST_02079,Z202,Z305,EV_Sedan,2026-02-15 11:53:00,10.7,343.2,1.8,617.76,ETA_Timeout
BK_000294,CUST_01620,Z305,Z302,Auto_Rickshaw,2026-02-03 16:07:00,3.9,110.2,1.0,110.2,Completed
BK_000295,CUST_03298,Z303,Z302,EV_Sedan,2026-02-23 16:28:00,5.7,213.2,1.0,213.2,Completed
BK_000296,CUST_01017,Z304,Z106,EV_Sedan,2026-02-20 04:50:00,22.5,650.0,1.0,650.0,Completed
BK_000297,CUST_01630,Z101,Z104,Auto_Rickshaw,2026-02-22 04:41:00,18.8,378.4,1.1,416.24,Completed
BK_000298,CUST_01200,Z203,Z205,EV_Sedan,2026-03-09 13:47:00,16.7,499.2,1.0,499.2,Completed
BK_000299,CUST_02649,Z203,Z105,Prime_Sedan,2026-02-06 17:43:00,23.3,722.4,1.6,1155.84,Completed
BK_000300,CUST_02590,Z303,Z202,Prime_Sedan,2026-02-26 21:00:00,4.8,204.4,2.1,429.24,Completed
BK_000301,CUST_01636,Z303,Z305,Bike_Taxi,2026-03-01 21:38:00,10.1,146.2,2.4,350.88,Completed
BK_000302,CUST_01196,Z305,Z103,EV_Sedan,2026-03-14 23:56:00,5.3,202.8,1.0,202.8,Completed
BK_000303,CUST_02896,Z106,Z107,Bike_Taxi,2026-03-11 14:40:00,4.7,81.4,1.1,89.54,Driver_Cancelled
BK_000304,CUST_03406,Z302,Z303,Prime_Sedan,2026-03-01 15:22:00,27.6,842.8,1.0,842.8,Driver_Cancelled
BK_000305,CUST_01759,Z103,Z203,Auto_Rickshaw,2026-03-12 22:02:00,16.4,335.2,1.0,335.2,Completed
BK_000306,CUST_02478,Z206,Z203,Prime_Sedan,2026-02-05 05:43:00,2.9,151.2,1.0,151.2,Completed
BK_000307,CUST_03207,Z107,Z103,EV_Sedan,2026-02-14 22:40:00,14.8,449.8,1.1,494.78,Completed
BK_000308,CUST_01825,Z203,Z301,EV_Sedan,2026-02-03 13:37:00,5.2,200.2,1.0,200.2,Driver_Cancelled
BK_000309,CUST_03031,Z305,Z203,Auto_Rickshaw,2026-02-02 22:25:00,15.1,311.8,1.1,342.98,Completed
BK_000310,CUST_02709,Z303,Z104,Auto_Rickshaw,2026-02-23 18:26:00,14.2,295.6,2.1,620.76,Completed
BK_000311,CUST_02919,Z105,Z204,EV_Sedan,2026-03-06 03:42:00,24.2,694.2,1.1,763.62,Completed
BK_000312,CUST_01529,Z106,Z201,Prime_Sedan,2026-02-08 08:44:00,5.1,212.8,2.1,446.88,Completed
BK_000313,CUST_01716,Z304,Z102,Bike_Taxi,2026-03-09 23:15:00,13.7,189.4,1.0,189.4,Completed
BK_000314,CUST_03112,Z104,Z102,Auto_Rickshaw,2026-03-15 10:07:00,27.5,535.0,1.8,963.0,Driver_Cancelled
BK_000315,CUST_03498,Z104,Z102,Prime_Sedan,2026-02-24 08:06:00,18.9,599.2,1.2,719.04,Driver_Cancelled
BK_000316,CUST_02197,Z302,Z305,Prime_Sedan,2026-02-23 22:22:00,19.3,610.4,1.0,610.4,Completed
BK_000317,CUST_03069,Z106,Z103,EV_Sedan,2026-02-13 08:33:00,11.9,374.4,1.6,599.04,Completed
BK_000318,CUST_03115,Z205,Z101,Bike_Taxi,2026-02-21 09:24:00,21.2,279.4,1.4,391.16,Completed
BK_000319,CUST_01619,Z102,Z305,Auto_Rickshaw,2026-03-17 12:24:00,13.0,274.0,1.0,274.0,Completed
BK_000320,CUST_02828,Z107,Z303,EV_Sedan,2026-03-04 23:49:00,22.7,655.2,1.0,655.2,Rider_Cancelled
BK_000321,CUST_03202,Z204,Z301,Bike_Taxi,2026-03-06 06:00:00,8.1,122.2,1.0,122.2,Completed
BK_000322,CUST_02245,Z301,Z305,EV_Sedan,2026-02-06 06:37:00,9.3,306.8,1.0,306.8,Completed
BK_000323,CUST_01968,Z305,Z201,Bike_Taxi,2026-02-17 04:39:00,19.8,262.6,1.0,262.6,Driver_Cancelled
BK_000324,CUST_02547,Z304,Z201,Auto_Rickshaw,2026-02-06 00:56:00,23.9,470.2,1.0,470.2,Completed
BK_000325,CUST_02828,Z103,Z206,Prime_Sedan,2026-03-04 01:16:00,17.8,568.4,1.2,682.08,Completed
BK_000326,CUST_02708,Z106,Z105,EV_Sedan,2026-02-24 06:27:00,21.0,611.0,1.0,611.0,Completed
BK_000327,CUST_01487,Z301,Z104,Auto_Rickshaw,2026-02-06 18:01:00,3.5,103.0,1.6,164.8,Completed
BK_000328,CUST_02250,Z203,Z107,Prime_Sedan,2026-02-09 13:58:00,5.7,229.6,1.1,252.56,Completed
BK_000329,CUST_03481,Z105,Z106,EV_Sedan,2026-02-24 05:20:00,19.8,579.8,1.1,637.78,Completed
BK_000330,CUST_02815,Z202,Z103,EV_Sedan,2026-03-12 15:51:00,17.4,517.4,1.0,517.4,Driver_Cancelled
BK_000331,CUST_01508,Z305,Z103,Prime_Sedan,2026-02-10 00:10:00,27.4,837.2,1.2,1004.64,Completed
BK_000332,CUST_02005,Z302,Z103,EV_Sedan,2026-03-09 23:22:00,12.9,400.4,1.2,480.48,Completed
BK_000333,CUST_01407,Z305,Z106,Auto_Rickshaw,2026-02-14 05:40:00,9.1,203.8,1.0,203.8,Completed
BK_000334,CUST_01405,Z204,Z105,EV_Sedan,2026-02-20 00:54:00,12.3,384.8,1.0,384.8,Driver_Cancelled
BK_000335,CUST_01830,Z201,Z202,EV_Sedan,2026-02-23 16:27:00,12.5,390.0,1.2,468.0,Completed
BK_000336,CUST_03401,Z104,Z202,Auto_Rickshaw,2026-03-07 23:22:00,10.4,227.2,1.2,272.64,Completed
BK_000337,CUST_03202,Z301,Z303,Auto_Rickshaw,2026-02-03 03:38:00,27.5,535.0,1.0,535.0,Completed
BK_000338,CUST_01872,Z304,Z203,Auto_Rickshaw,2026-02-03 07:40:00,10.3,225.4,1.0,225.4,Completed
BK_000339,CUST_02404,Z202,Z303,EV_Sedan,2026-02-13 16:12:00,11.4,361.4,1.0,361.4,Completed
BK_000340,CUST_02693,Z305,Z303,Bike_Taxi,2026-03-07 22:48:00,23.0,301.0,1.1,331.1,Completed
BK_000341,CUST_02467,Z206,Z106,EV_Sedan,2026-03-11 10:34:00,5.7,213.2,2.4,511.68,Completed
BK_000342,CUST_02242,Z201,Z202,EV_Sedan,2026-03-17 20:33:00,3.5,156.0,1.8,280.8,Completed
BK_000343,CUST_01794,Z106,Z103,Bike_Taxi,2026-02-28 00:25:00,5.8,94.6,1.0,94.6,Rider_Cancelled
BK_000344,CUST_02124,Z107,Z101,Bike_Taxi,2026-03-17 09:17:00,20.2,267.4,2.4,641.76,Rider_Cancelled
BK_000345,CUST_01213,Z204,Z302,EV_Sedan,2026-03-11 16:14:00,5.7,213.2,1.1,234.52,Completed
BK_000346,CUST_02296,Z101,Z301,Bike_Taxi,2026-02-10 02:33:00,25.4,329.8,1.0,329.8,Driver_Cancelled
BK_000347,CUST_02736,Z103,Z202,Auto_Rickshaw,2026-02-10 05:02:00,10.6,230.8,1.0,230.8,Completed
BK_000348,CUST_02940,Z201,Z205,EV_Sedan,2026-03-11 03:19:00,16.0,481.0,1.0,481.0,Completed
BK_000349,CUST_01137,Z206,Z204,Bike_Taxi,2026-03-13 18:12:00,22.8,298.6,2.4,716.64,Completed
BK_000350,CUST_02563,Z206,Z104,Bike_Taxi,2026-03-01 08:15:00,25.0,325.0,1.8,585.0,Driver_Cancelled
BK_000351,CUST_02573,Z302,Z301,Prime_Sedan,2026-03-13 07:07:00,11.3,386.4,1.2,463.68,Rider_Cancelled
BK_000352,CUST_03119,Z204,Z107,EV_Sedan,2026-02-06 03:58:00,18.0,533.0,1.0,533.0,Completed
BK_000353,CUST_01564,Z102,Z103,Bike_Taxi,2026-02-07 01:27:00,15.8,214.6,1.0,214.6,Completed
BK_000354,CUST_01034,Z304,Z105,Auto_Rickshaw,2026-02-03 20:36:00,23.8,468.4,1.4,655.76,Completed
BK_000355,CUST_02949,Z302,Z204,EV_Sedan,2026-03-12 00:37:00,18.5,546.0,1.2,655.2,Completed
BK_000356,CUST_02911,Z107,Z202,Auto_Rickshaw,2026-02-23 03:06:00,7.8,180.4,1.0,180.4,Completed
BK_000357,CUST_02475,Z102,Z101,Bike_Taxi,2026-02-10 07:29:00,7.0,109.0,1.0,109.0,Rider_Cancelled
BK_000358,CUST_03272,Z201,Z106,Auto_Rickshaw,2026-02-10 04:04:00,24.4,479.2,1.0,479.2,Rider_Cancelled
BK_000359,CUST_01455,Z204,Z107,Auto_Rickshaw,2026-02-15 03:13:00,12.1,257.8,1.1,283.58,Completed
BK_000360,CUST_01536,Z107,Z201,Prime_Sedan,2026-02-25 11:41:00,10.8,372.4,1.8,670.32,Completed
BK_000361,CUST_01219,Z202,Z105,Prime_Sedan,2026-03-12 00:04:00,7.9,291.2,1.2,349.44,Completed
BK_000362,CUST_02902,Z106,Z205,Auto_Rickshaw,2026-03-05 16:13:00,21.1,419.8,1.0,419.8,Completed
BK_000363,CUST_01961,Z206,Z107,Prime_Sedan,2026-02-15 04:13:00,17.4,557.2,1.1,612.92,Rider_Cancelled
BK_000364,CUST_03256,Z103,Z106,Auto_Rickshaw,2026-03-07 10:58:00,14.1,293.8,1.2,352.56,Completed
BK_000365,CUST_02299,Z202,Z301,Bike_Taxi,2026-02-02 08:59:00,8.6,128.2,1.4,179.48,Completed
BK_000366,CUST_01404,Z104,Z103,EV_Sedan,2026-02-17 15:28:00,11.2,356.2,1.0,356.2,Completed
BK_000367,CUST_03225,Z202,Z101,Auto_Rickshaw,2026-03-08 07:07:00,23.9,470.2,1.0,470.2,Driver_Cancelled
BK_000368,CUST_03376,Z101,Z304,Auto_Rickshaw,2026-03-03 00:26:00,25.0,490.0,1.2,588.0,Completed
BK_000369,CUST_01352,Z204,Z107,EV_Sedan,2026-02-20 18:21:00,7.9,270.4,2.4,648.96,Completed
BK_000370,CUST_02453,Z204,Z201,Prime_Sedan,2026-02-20 07:49:00,22.3,694.4,1.1,763.84,Completed
BK_000371,CUST_03470,Z206,Z301,EV_Sedan,2026-02-10 13:02:00,16.4,491.4,1.1,540.54,Completed
BK_000372,CUST_03472,Z303,Z101,Auto_Rickshaw,2026-02-09 17:55:00,26.2,511.6,1.4,716.24,Completed
BK_000373,CUST_02683,Z206,Z106,Auto_Rickshaw,2026-02-06 06:57:00,14.9,308.2,1.0,308.2,Completed
BK_000374,CUST_03059,Z302,Z202,Auto_Rickshaw,2026-02-10 10:18:00,14.1,293.8,1.2,352.56,Driver_Cancelled
BK_000375,CUST_02348,Z303,Z302,Bike_Taxi,2026-02-22 07:23:00,21.7,285.4,1.2,342.48,Completed
BK_000376,CUST_01736,Z301,Z303,Auto_Rickshaw,2026-02-18 18:09:00,20.7,412.6,2.4,990.24,Completed
BK_000377,CUST_01890,Z303,Z301,EV_Sedan,2026-03-07 22:09:00,28.4,803.4,1.2,964.08,Completed
BK_000378,CUST_01300,Z302,Z206,Auto_Rickshaw,2026-02-16 21:21:00,24.8,486.4,2.4,1167.36,Completed
BK_000379,CUST_03247,Z201,Z303,Bike_Taxi,2026-02-07 15:11:00,24.4,317.8,1.1,349.58,Completed
BK_000380,CUST_01629,Z302,Z205,EV_Sedan,2026-02-09 08:21:00,25.7,733.2,1.4,1026.48,Completed
BK_000381,CUST_02263,Z302,Z102,Bike_Taxi,2026-02-28 11:23:00,22.6,296.2,1.2,355.44,Driver_Cancelled
BK_000382,CUST_01978,Z107,Z103,Prime_Sedan,2026-02-01 23:31:00,28.2,859.6,1.1,945.56,Completed
BK_000383,CUST_01181,Z301,Z305,Auto_Rickshaw,2026-02-06 03:37:00,17.1,347.8,1.0,347.8,Completed
BK_000384,CUST_02648,Z204,Z101,Auto_Rickshaw,2026-02-18 23:05:00,8.2,187.6,1.0,187.6,Completed
BK_000385,CUST_01418,Z305,Z106,Bike_Taxi,2026-02-12 17:11:00,28.0,361.0,1.2,433.2,Completed
BK_000386,CUST_01073,Z302,Z206,EV_Sedan,2026-02-24 12:10:00,17.8,527.8,1.0,527.8,ETA_Timeout
BK_000387,CUST_01953,Z101,Z105,Bike_Taxi,2026-02-15 07:20:00,22.2,291.4,1.0,291.4,Completed
BK_000388,CUST_03450,Z302,Z204,Prime_Sedan,2026-02-07 08:39:00,19.2,607.6,1.6,972.16,Driver_Cancelled
BK_000389,CUST_02182,Z101,Z202,EV_Sedan,2026-03-11 19:04:00,11.4,361.4,2.4,867.36,Completed
BK_000390,CUST_01752,Z302,Z101,Auto_Rickshaw,2026-02-04 04:34:00,27.3,531.4,1.1,584.54,Completed
BK_000391,CUST_01321,Z301,Z303,Prime_Sedan,2026-02-15 10:12:00,8.9,319.2,1.4,446.88,Completed
BK_000392,CUST_02473,Z206,Z301,Auto_Rickshaw,2026-02-08 21:14:00,13.5,283.0,1.8,509.4,Completed
BK_000393,CUST_02230,Z305,Z105,Auto_Rickshaw,2026-02-26 09:51:00,9.2,205.6,2.4,493.44,Completed
BK_000394,CUST_01777,Z101,Z102,Prime_Sedan,2026-03-12 11:09:00,15.3,498.4,2.1,1046.64,Rider_Cancelled
BK_000395,CUST_03006,Z203,Z103,Auto_Rickshaw,2026-02-19 20:30:00,12.5,265.0,1.2,318.0,Completed
BK_000396,CUST_02509,Z102,Z301,EV_Sedan,2026-03-15 10:00:00,8.8,293.8,1.8,528.84,Completed
BK_000397,CUST_01604,Z202,Z201,Prime_Sedan,2026-02-28 15:42:00,2.8,148.4,1.2,178.08,Driver_Cancelled
BK_000398,CUST_03401,Z103,Z305,Prime_Sedan,2026-03-14 15:54:00,6.8,260.4,1.0,260.4,Completed
BK_000399,CUST_03346,Z205,Z105,Bike_Taxi,2026-02-13 11:50:00,26.7,345.4,2.4,828.96,Completed
BK_000400,CUST_02182,Z301,Z106,Auto_Rickshaw,2026-02-09 06:40:00,20.8,414.4,1.0,414.4,Completed
BK_000401,CUST_01786,Z202,Z302,Bike_Taxi,2026-02-21 07:23:00,25.1,326.2,1.2,391.44,Completed
BK_000402,CUST_01413,Z101,Z103,Bike_Taxi,2026-02-13 08:37:00,5.0,85.0,1.2,102.0,Completed
BK_000403,CUST_02379,Z205,Z204,Bike_Taxi,2026-02-15 14:18:00,19.8,262.6,1.0,262.6,Completed
BK_000404,CUST_01569,Z101,Z105,Auto_Rickshaw,2026-03-12 19:11:00,27.2,529.6,2.1,1112.16,Driver_Cancelled
BK_000405,CUST_02852,Z303,Z305,Prime_Sedan,2026-02-20 01:14:00,28.1,856.8,1.0,856.8,Rider_Cancelled
BK_000406,CUST_02476,Z102,Z205,Bike_Taxi,2026-03-04 02:28:00,18.3,244.6,1.1,269.06,Completed
BK_000407,CUST_02204,Z107,Z105,EV_Sedan,2026-03-12 20:07:00,3.3,150.8,2.1,316.68,Completed
BK_000408,CUST_02975,Z305,Z201,Prime_Sedan,2026-02-12 07:48:00,22.1,688.8,1.0,688.8,Completed
BK_000409,CUST_01903,Z202,Z304,Prime_Sedan,2026-03-16 13:17:00,26.5,812.0,1.0,812.0,Completed
BK_000410,CUST_02545,Z206,Z302,Bike_Taxi,2026-03-10 01:02:00,9.2,135.4,1.0,135.4,Completed
BK_000411,CUST_02284,Z206,Z101,Auto_Rickshaw,2026-02-15 09:28:00,24.5,481.0,1.2,577.2,ETA_Timeout
BK_000412,CUST_02310,Z205,Z105,Bike_Taxi,2026-02-24 21:42:00,5.3,88.6,2.4,212.64,Completed
BK_000413,CUST_01598,Z102,Z205,Auto_Rickshaw,2026-02-15 07:23:00,9.6,212.8,1.2,255.36,Driver_Cancelled
BK_000414,CUST_01884,Z303,Z203,Auto_Rickshaw,2026-03-05 07:06:00,28.0,544.0,1.1,598.4,Completed
BK_000415,CUST_02605,Z203,Z106,Prime_Sedan,2026-02-02 05:33:00,11.3,386.4,1.2,463.68,Completed
BK_000416,CUST_03245,Z206,Z104,Prime_Sedan,2026-02-07 04:58:00,24.6,758.8,1.0,758.8,Completed
BK_000417,CUST_01802,Z101,Z206,Bike_Taxi,2026-03-06 06:56:00,20.1,266.2,1.2,319.44,ETA_Timeout
BK_000418,CUST_01605,Z206,Z302,EV_Sedan,2026-03-04 04:08:00,5.0,195.0,1.0,195.0,ETA_Timeout
BK_000419,CUST_01736,Z102,Z105,Prime_Sedan,2026-03-17 20:43:00,17.9,571.2,2.1,1199.52,ETA_Timeout
BK_000420,CUST_02655,Z201,Z102,Prime_Sedan,2026-02-06 15:45:00,15.2,495.6,1.0,495.6,Completed
BK_000421,CUST_02566,Z202,Z303,Prime_Sedan,2026-02-17 23:12:00,5.5,224.0,1.0,224.0,Completed
BK_000422,CUST_01742,Z206,Z304,Auto_Rickshaw,2026-03-02 14:04:00,17.4,353.2,1.1,388.52,Completed
BK_000423,CUST_03198,Z304,Z303,Auto_Rickshaw,2026-02-04 03:49:00,22.1,437.8,1.2,525.36,Completed
BK_000424,CUST_03356,Z107,Z106,EV_Sedan,2026-02-05 05:55:00,24.6,704.6,1.2,845.52,Completed
BK_000425,CUST_01190,Z304,Z203,EV_Sedan,2026-03-03 05:58:00,6.1,223.6,1.2,268.32,Completed
BK_000426,CUST_01184,Z201,Z102,Auto_Rickshaw,2026-02-09 19:25:00,24.8,486.4,1.4,680.96,Completed
BK_000427,CUST_02068,Z206,Z106,Bike_Taxi,2026-02-19 10:58:00,27.1,350.2,1.8,630.36,Driver_Cancelled
BK_000428,CUST_01835,Z103,Z203,EV_Sedan,2026-03-02 01:32:00,17.2,512.2,1.0,512.2,Completed
BK_000429,CUST_02014,Z103,Z203,EV_Sedan,2026-02-06 22:07:00,20.3,592.8,1.2,711.36,Completed
BK_000430,CUST_01402,Z206,Z201,Auto_Rickshaw,2026-02-18 11:34:00,7.1,167.8,1.2,201.36,Completed
BK_000431,CUST_03489,Z104,Z102,Bike_Taxi,2026-02-09 00:30:00,7.2,111.4,1.0,111.4,Driver_Cancelled
BK_000432,CUST_03427,Z105,Z203,Prime_Sedan,2026-02-01 16:22:00,19.6,618.8,1.2,742.56,Completed
BK_000433,CUST_02714,Z302,Z106,Auto_Rickshaw,2026-02-21 05:27:00,15.6,320.8,1.0,320.8,Completed
BK_000434,CUST_02666,Z204,Z103,EV_Sedan,2026-03-02 03:14:00,21.5,624.0,1.0,624.0,Rider_Cancelled
BK_000435,CUST_02171,Z305,Z303,Bike_Taxi,2026-03-10 00:55:00,20.1,266.2,1.0,266.2,Rider_Cancelled
BK_000436,CUST_03040,Z304,Z104,Auto_Rickshaw,2026-02-19 16:52:00,26.2,511.6,1.0,511.6,Completed
BK_000437,CUST_01691,Z304,Z201,Bike_Taxi,2026-02-09 04:56:00,24.3,316.6,1.0,316.6,Completed
BK_000438,CUST_01483,Z203,Z204,EV_Sedan,2026-02-23 05:42:00,8.0,273.0,1.0,273.0,Completed
BK_000439,CUST_03000,Z102,Z206,Auto_Rickshaw,2026-02-01 12:26:00,11.0,238.0,1.2,285.6,Completed
BK_000440,CUST_03107,Z105,Z302,EV_Sedan,2026-02-06 21:16:00,6.5,234.0,1.8,421.2,Driver_Cancelled
BK_000441,CUST_02620,Z205,Z203,Auto_Rickshaw,2026-02-17 20:07:00,16.4,335.2,1.8,603.36,Completed
BK_000442,CUST_02167,Z102,Z106,EV_Sedan,2026-02-19 04:56:00,25.9,738.4,1.1,812.24,Completed
BK_000443,CUST_01522,Z204,Z301,EV_Sedan,2026-02-24 02:09:00,5.4,205.4,1.1,225.94,Completed
BK_000444,CUST_03446,Z101,Z302,Auto_Rickshaw,2026-02-23 02:29:00,15.1,311.8,1.0,311.8,Driver_Cancelled
BK_000445,CUST_01625,Z304,Z106,Prime_Sedan,2026-02-12 14:29:00,25.0,770.0,1.0,770.0,ETA_Timeout
BK_000446,CUST_02014,Z301,Z107,Bike_Taxi,2026-02-22 19:37:00,20.7,273.4,2.4,656.16,Completed
BK_000447,CUST_01788,Z105,Z302,EV_Sedan,2026-02-02 01:17:00,4.9,192.4,1.2,230.88,Completed
BK_000448,CUST_01212,Z203,Z104,Auto_Rickshaw,2026-02-13 12:05:00,27.0,526.0,1.0,526.0,Completed
BK_000449,CUST_02148,Z104,Z302,Prime_Sedan,2026-02-09 15:53:00,12.0,406.0,1.0,406.0,Completed
BK_000450,CUST_03413,Z304,Z205,Bike_Taxi,2026-02-12 02:14:00,17.7,237.4,1.0,237.4,Completed
BK_000451,CUST_02826,Z104,Z103,Prime_Sedan,2026-03-16 02:42:00,10.3,358.4,1.2,430.08,Completed
BK_000452,CUST_02837,Z104,Z302,Auto_Rickshaw,2026-02-04 07:57:00,16.1,329.8,1.1,362.78,Rider_Cancelled
BK_000453,CUST_03455,Z202,Z105,EV_Sedan,2026-02-14 10:22:00,23.2,668.2,1.2,801.84,Completed
BK_000454,CUST_02599,Z206,Z202,Prime_Sedan,2026-02-10 16:01:00,6.7,257.6,1.0,257.6,Completed
BK_000455,CUST_02214,Z202,Z104,Bike_Taxi,2026-02-09 00:53:00,16.4,221.8,1.0,221.8,Completed
BK_000456,CUST_01861,Z305,Z104,Prime_Sedan,2026-02-01 07:31:00,10.9,375.2,1.0,375.2,Rider_Cancelled
BK_000457,CUST_02208,Z204,Z102,Bike_Taxi,2026-03-01 17:42:00,8.2,123.4,1.2,148.08,Rider_Cancelled
BK_000458,CUST_01065,Z305,Z104,EV_Sedan,2026-03-06 03:16:00,25.1,717.6,1.1,789.36,Completed
BK_000459,CUST_01950,Z301,Z205,Bike_Taxi,2026-02-08 00:01:00,15.4,209.8,1.1,230.78,Completed
BK_000460,CUST_02615,Z107,Z103,Prime_Sedan,2026-02-07 18:45:00,8.9,319.2,1.2,383.04,Rider_Cancelled
BK_000461,CUST_03158,Z105,Z101,Prime_Sedan,2026-02-28 16:57:00,12.5,420.0,1.0,420.0,Completed
BK_000462,CUST_03457,Z101,Z102,Prime_Sedan,2026-03-16 19:58:00,24.7,761.6,1.2,913.92,Completed
BK_000463,CUST_03227,Z202,Z104,Bike_Taxi,2026-02-02 05:09:00,16.7,225.4,1.0,225.4,Completed
BK_000464,CUST_02576,Z104,Z304,Bike_Taxi,2026-02-08 23:12:00,5.1,86.2,1.0,86.2,Rider_Cancelled
BK_000465,CUST_02367,Z104,Z206,Bike_Taxi,2026-03-15 06:30:00,18.2,243.4,1.0,243.4,Completed
BK_000466,CUST_01426,Z202,Z304,EV_Sedan,2026-03-03 08:47:00,23.6,678.6,1.6,1085.76,Completed
BK_000467,CUST_02960,Z103,Z105,Bike_Taxi,2026-02-27 13:09:00,6.3,100.6,1.1,110.66,Completed
BK_000468,CUST_02366,Z105,Z202,Prime_Sedan,2026-02-18 16:32:00,16.5,532.0,1.1,585.2,Completed
BK_000469,CUST_01964,Z205,Z101,EV_Sedan,2026-02-10 12:02:00,17.0,507.0,1.0,507.0,Rider_Cancelled
BK_000470,CUST_02431,Z205,Z105,Auto_Rickshaw,2026-02-14 15:53:00,24.2,475.6,1.1,523.16,Completed
BK_000471,CUST_01108,Z301,Z205,Bike_Taxi,2026-02-03 17:04:00,19.7,261.4,2.4,627.36,Completed
BK_000472,CUST_01748,Z303,Z105,Auto_Rickshaw,2026-03-07 07:07:00,14.7,304.6,1.2,365.52,Completed
BK_000473,CUST_01711,Z304,Z106,Prime_Sedan,2026-02-01 17:52:00,20.2,635.6,1.8,1144.08,Rider_Cancelled
BK_000474,CUST_01932,Z301,Z106,Prime_Sedan,2026-02-13 14:54:00,27.9,851.2,1.0,851.2,Completed
BK_000475,CUST_02919,Z303,Z204,Prime_Sedan,2026-03-02 22:55:00,6.8,260.4,1.1,286.44,Driver_Cancelled
BK_000476,CUST_02106,Z104,Z105,EV_Sedan,2026-02-04 18:59:00,3.2,148.2,1.6,237.12,Completed
BK_000477,CUST_01133,Z201,Z203,Bike_Taxi,2026-02-05 02:53:00,17.2,231.4,1.2,277.68,Driver_Cancelled
BK_000478,CUST_02289,Z103,Z204,Auto_Rickshaw,2026-02-01 15:15:00,27.4,533.2,1.0,533.2,Completed
BK_000479,CUST_03063,Z104,Z305,EV_Sedan,2026-03-09 23:59:00,17.8,527.8,1.0,527.8,Completed
BK_000480,CUST_01949,Z107,Z105,Auto_Rickshaw,2026-03-08 05:45:00,15.9,326.2,1.0,326.2,Completed
BK_000481,CUST_02588,Z201,Z107,Prime_Sedan,2026-03-01 00:42:00,27.4,837.2,1.2,1004.64,Completed
BK_000482,CUST_02863,Z204,Z106,Prime_Sedan,2026-03-15 18:14:00,4.3,190.4,1.6,304.64,Completed
BK_000483,CUST_02811,Z105,Z104,EV_Sedan,2026-03-17 11:20:00,3.5,156.0,2.1,327.6,Rider_Cancelled
BK_000484,CUST_01529,Z302,Z205,Bike_Taxi,2026-02-24 13:45:00,12.2,171.4,1.2,205.68,Completed
BK_000485,CUST_02003,Z305,Z101,Auto_Rickshaw,2026-02-08 06:49:00,12.3,261.4,1.0,261.4,Completed
BK_000486,CUST_01739,Z104,Z301,EV_Sedan,2026-03-08 05:05:00,12.9,400.4,1.1,440.44,Completed
BK_000487,CUST_02925,Z105,Z201,Prime_Sedan,2026-02-15 19:43:00,28.2,859.6,2.1,1805.16,Driver_Cancelled
BK_000488,CUST_02762,Z303,Z107,Auto_Rickshaw,2026-02-03 17:04:00,27.3,531.4,1.4,743.96,Completed
BK_000489,CUST_03150,Z107,Z203,Bike_Taxi,2026-02-09 15:03:00,25.8,334.6,1.0,334.6,Completed
BK_000490,CUST_02790,Z205,Z301,Prime_Sedan,2026-03-10 16:57:00,4.5,196.0,1.0,196.0,Completed
BK_000491,CUST_02879,Z105,Z304,Prime_Sedan,2026-03-12 14:02:00,23.1,716.8,1.0,716.8,Completed
BK_000492,CUST_03370,Z104,Z102,Prime_Sedan,2026-02-11 04:47:00,20.6,646.8,1.0,646.8,Driver_Cancelled
BK_000493,CUST_02426,Z107,Z201,Auto_Rickshaw,2026-03-17 11:24:00,12.1,257.8,2.4,618.72,Completed
BK_000494,CUST_02441,Z205,Z302,Prime_Sedan,2026-02-25 01:26:00,26.6,814.8,1.0,814.8,Completed
BK_000495,CUST_01407,Z103,Z105,Bike_Taxi,2026-02-05 07:54:00,5.2,87.4,1.0,87.4,Completed
BK_000496,CUST_02863,Z305,Z206,EV_Sedan,2026-02-06 11:03:00,27.2,772.2,1.4,1081.08,Completed
BK_000497,CUST_03079,Z203,Z202,Auto_Rickshaw,2026-03-13 06:45:00,24.3,477.4,1.0,477.4,Driver_Cancelled
BK_000498,CUST_01990,Z101,Z302,Auto_Rickshaw,2026-02-02 17:41:00,6.5,157.0,1.2,188.4,Completed
BK_000499,CUST_02604,Z107,Z301,Bike_Taxi,2026-03-10 22:59:00,5.9,95.8,1.0,95.8,Completed
BK_000500,CUST_03364,Z206,Z202,Bike_Taxi,2026-03-11 08:35:00,27.2,351.4,2.1,737.94,Completed
BK_000501,CUST_01104,Z105,Z303,Auto_Rickshaw,2026-03-02 03:00:00,8.7,196.6,1.0,196.6,Rider_Cancelled
BK_000502,CUST_03194,Z201,Z301,Auto_Rickshaw,2026-03-08 07:28:00,9.6,212.8,1.0,212.8,Rider_Cancelled
BK_000503,CUST_01424,Z104,Z303,EV_Sedan,2026-03-15 10:44:00,5.3,202.8,2.1,425.88,Completed
BK_000504,CUST_02695,Z103,Z304,EV_Sedan,2026-03-16 21:43:00,8.0,273.0,2.4,655.2,Completed
BK_000505,CUST_02405,Z205,Z304,EV_Sedan,2026-03-01 04:39:00,6.6,236.6,1.2,283.92,Completed
BK_000506,CUST_01889,Z101,Z205,Bike_Taxi,2026-02-07 13:20:00,21.4,281.8,1.0,281.8,Rider_Cancelled
BK_000507,CUST_02973,Z107,Z103,Bike_Taxi,2026-02-17 02:42:00,14.6,200.2,1.2,240.24,Driver_Cancelled
BK_000508,CUST_02639,Z107,Z203,Auto_Rickshaw,2026-02-09 02:55:00,27.5,535.0,1.0,535.0,Completed
BK_000509,CUST_02113,Z204,Z104,Bike_Taxi,2026-02-28 21:19:00,7.7,117.4,1.8,211.32,Completed
BK_000510,CUST_01470,Z106,Z205,EV_Sedan,2026-02-20 19:00:00,8.9,296.4,1.4,414.96,Completed
BK_000511,CUST_03325,Z204,Z201,Bike_Taxi,2026-02-26 19:27:00,9.9,143.8,1.2,172.56,Completed
BK_000512,CUST_02728,Z301,Z204,Prime_Sedan,2026-03-10 06:26:00,7.6,282.8,1.0,282.8,Driver_Cancelled
BK_000513,CUST_02125,Z301,Z104,Prime_Sedan,2026-02-06 21:32:00,18.1,576.8,1.8,1038.24,Completed
BK_000514,CUST_02650,Z102,Z305,Auto_Rickshaw,2026-02-03 00:43:00,4.3,117.4,1.0,117.4,Completed
BK_000515,CUST_01193,Z206,Z203,Auto_Rickshaw,2026-03-04 22:43:00,24.6,482.8,1.1,531.08,Rider_Cancelled
BK_000516,CUST_01421,Z101,Z202,EV_Sedan,2026-02-03 10:14:00,5.2,200.2,1.2,240.24,Completed
BK_000517,CUST_01216,Z202,Z102,Prime_Sedan,2026-02-06 07:01:00,4.5,196.0,1.0,196.0,Completed
BK_000518,CUST_02693,Z302,Z104,Prime_Sedan,2026-02-24 23:54:00,17.5,560.0,1.2,672.0,Completed
BK_000519,CUST_01993,Z107,Z103,Auto_Rickshaw,2026-02-04 16:04:00,8.0,184.0,1.1,202.4,Completed
BK_000520,CUST_02278,Z302,Z105,Bike_Taxi,2026-03-11 20:01:00,26.3,340.6,2.1,715.26,Completed
BK_000521,CUST_01673,Z203,Z104,Bike_Taxi,2026-02-07 22:52:00,21.9,287.8,1.1,316.58,Completed
BK_000522,CUST_01869,Z105,Z301,EV_Sedan,2026-02-24 02:31:00,11.2,356.2,1.1,391.82,Completed
BK_000523,CUST_02131,Z304,Z303,Bike_Taxi,2026-02-24 20:28:00,20.2,267.4,1.8,481.32,Completed
BK_000524,CUST_02658,Z206,Z301,Prime_Sedan,2026-02-05 20:39:00,15.4,501.2,1.4,701.68,Completed
BK_000525,CUST_01978,Z106,Z205,Prime_Sedan,2026-03-04 06:19:00,7.4,277.2,1.0,277.2,Rider_Cancelled
BK_000526,CUST_02944,Z301,Z204,EV_Sedan,2026-02-02 04:44:00,25.4,725.4,1.0,725.4,Completed
BK_000527,CUST_01072,Z203,Z201,Prime_Sedan,2026-02-25 03:44:00,22.1,688.8,1.2,826.56,Driver_Cancelled
BK_000528,CUST_02375,Z302,Z304,EV_Sedan,2026-03-06 16:36:00,19.7,577.2,1.0,577.2,Completed
BK_000529,CUST_03128,Z101,Z106,Auto_Rickshaw,2026-03-17 18:55:00,19.6,392.8,1.8,707.04,Completed
BK_000530,CUST_02548,Z104,Z203,EV_Sedan,2026-03-13 04:04:00,28.2,798.2,1.2,957.84,Driver_Cancelled
BK_000531,CUST_02429,Z204,Z301,Auto_Rickshaw,2026-02-28 01:30:00,10.5,229.0,1.1,251.9,Completed
BK_000532,CUST_01035,Z303,Z105,Auto_Rickshaw,2026-02-22 11:20:00,16.1,329.8,2.4,791.52,Completed
BK_000533,CUST_03430,Z104,Z102,EV_Sedan,2026-02-23 11:25:00,13.7,421.2,1.6,673.92,Completed
BK_000534,CUST_02109,Z105,Z201,Bike_Taxi,2026-02-20 21:54:00,10.1,146.2,2.1,307.02,Completed
BK_000535,CUST_03446,Z203,Z106,Auto_Rickshaw,2026-02-26 21:56:00,23.4,461.2,1.8,830.16,Completed
BK_000536,CUST_02540,Z301,Z104,Bike_Taxi,2026-02-07 13:23:00,20.5,271.0,1.2,325.2,Completed
BK_000537,CUST_02725,Z103,Z106,Bike_Taxi,2026-03-01 05:58:00,17.6,236.2,1.0,236.2,Completed
BK_000538,CUST_03122,Z302,Z102,EV_Sedan,2026-02-05 02:28:00,24.1,691.6,1.0,691.6,Completed
BK_000539,CUST_03093,Z102,Z201,EV_Sedan,2026-02-24 17:53:00,6.0,221.0,1.4,309.4,Rider_Cancelled
BK_000540,CUST_02274,Z101,Z304,Prime_Sedan,2026-03-01 15:12:00,4.2,187.6,1.0,187.6,Completed
BK_000541,CUST_01499,Z203,Z301,EV_Sedan,2026-02-23 06:21:00,24.4,699.4,1.0,699.4,Completed
BK_000542,CUST_03240,Z107,Z304,Auto_Rickshaw,2026-02-23 02:47:00,19.9,398.2,1.0,398.2,Rider_Cancelled
BK_000543,CUST_02128,Z206,Z301,Auto_Rickshaw,2026-03-05 00:01:00,13.3,279.4,1.0,279.4,Completed
BK_000544,CUST_02453,Z105,Z303,Auto_Rickshaw,2026-03-13 09:50:00,9.7,214.6,2.4,515.04,ETA_Timeout
BK_000545,CUST_02466,Z304,Z305,Bike_Taxi,2026-02-10 20:13:00,15.8,214.6,1.6,343.36,Completed
BK_000546,CUST_02241,Z206,Z103,Auto_Rickshaw,2026-03-14 22:41:00,27.5,535.0,1.1,588.5,Completed
BK_000547,CUST_03379,Z205,Z301,EV_Sedan,2026-02-04 07:48:00,24.7,707.2,1.0,707.2,Completed
BK_000548,CUST_01713,Z206,Z302,EV_Sedan,2026-03-15 05:28:00,18.4,543.4,1.0,543.4,Completed
BK_000549,CUST_02547,Z105,Z201,Prime_Sedan,2026-02-10 03:46:00,13.9,459.2,1.0,459.2,Completed
BK_000550,CUST_01395,Z107,Z102,EV_Sedan,2026-03-10 02:44:00,11.8,371.8,1.0,371.8,Completed
BK_000551,CUST_01850,Z303,Z305,Auto_Rickshaw,2026-02-17 06:35:00,23.3,459.4,1.0,459.4,Completed
BK_000552,CUST_03464,Z305,Z204,Auto_Rickshaw,2026-02-02 06:37:00,26.5,517.0,1.0,517.0,Completed
BK_000553,CUST_01233,Z305,Z104,Prime_Sedan,2026-02-27 18:32:00,19.5,616.0,1.8,1108.8,Completed
BK_000554,CUST_01256,Z201,Z304,Auto_Rickshaw,2026-02-04 13:38:00,11.5,247.0,1.2,296.4,Completed
BK_000555,CUST_01427,Z102,Z304,EV_Sedan,2026-02-24 08:26:00,13.7,421.2,1.4,589.68,Completed
BK_000556,CUST_01075,Z305,Z303,Prime_Sedan,2026-02-03 14:57:00,20.6,646.8,1.1,711.48,Completed
BK_000557,CUST_02789,Z102,Z202,Bike_Taxi,2026-02-11 19:26:00,8.4,125.8,1.2,150.96,Completed
BK_000558,CUST_02797,Z106,Z204,EV_Sedan,2026-02-03 05:45:00,18.2,538.2,1.0,538.2,Rider_Cancelled
BK_000559,CUST_03483,Z206,Z304,EV_Sedan,2026-03-03 04:15:00,4.5,182.0,1.0,182.0,Rider_Cancelled
BK_000560,CUST_02463,Z201,Z303,Bike_Taxi,2026-03-05 16:55:00,22.8,298.6,1.0,298.6,Completed
BK_000561,CUST_02992,Z202,Z103,EV_Sedan,2026-02-10 12:20:00,10.4,335.4,1.0,335.4,Completed
BK_000562,CUST_01088,Z303,Z102,Auto_Rickshaw,2026-02-13 13:14:00,10.3,225.4,1.0,225.4,Rider_Cancelled
BK_000563,CUST_03498,Z206,Z304,Auto_Rickshaw,2026-02-02 02:35:00,14.0,292.0,1.1,321.2,Completed
BK_000564,CUST_03494,Z204,Z202,EV_Sedan,2026-03-10 03:00:00,22.2,642.2,1.2,770.64,Completed
BK_000565,CUST_02178,Z305,Z302,EV_Sedan,2026-02-20 12:56:00,6.7,239.2,1.2,287.04,Completed
BK_000566,CUST_02212,Z204,Z301,EV_Sedan,2026-02-03 00:10:00,11.9,374.4,1.2,449.28,Completed
BK_000567,CUST_01037,Z302,Z102,Prime_Sedan,2026-03-17 05:00:00,19.1,604.8,1.0,604.8,Completed
BK_000568,CUST_02057,Z202,Z203,Auto_Rickshaw,2026-03-12 19:14:00,8.4,191.2,1.8,344.16,Completed
BK_000569,CUST_01934,Z102,Z203,Auto_Rickshaw,2026-03-17 15:16:00,20.1,401.8,1.0,401.8,Driver_Cancelled
BK_000570,CUST_01184,Z201,Z206,Auto_Rickshaw,2026-02-06 05:14:00,14.0,292.0,1.0,292.0,Completed
BK_000571,CUST_01587,Z101,Z205,EV_Sedan,2026-02-28 20:58:00,27.9,790.4,1.6,1264.64,Rider_Cancelled
BK_000572,CUST_02205,Z101,Z107,Auto_Rickshaw,2026-02-18 00:17:00,26.7,520.6,1.0,520.6,Rider_Cancelled
BK_000573,CUST_03495,Z107,Z205,EV_Sedan,2026-02-24 11:55:00,22.9,660.4,2.4,1584.96,Driver_Cancelled
BK_000574,CUST_03387,Z102,Z106,EV_Sedan,2026-02-18 14:15:00,27.4,777.4,1.0,777.4,ETA_Timeout
BK_000575,CUST_03316,Z304,Z301,EV_Sedan,2026-02-25 18:41:00,24.5,702.0,2.4,1684.8,Completed
BK_000576,CUST_02347,Z201,Z206,Auto_Rickshaw,2026-02-11 18:11:00,22.0,436.0,1.8,784.8,Completed
BK_000577,CUST_02984,Z201,Z303,Prime_Sedan,2026-03-09 00:51:00,17.3,554.4,1.1,609.84,Driver_Cancelled
BK_000578,CUST_02004,Z301,Z105,Prime_Sedan,2026-02-28 19:25:00,11.4,389.2,1.6,622.72,Completed
BK_000579,CUST_01064,Z106,Z104,EV_Sedan,2026-02-20 07:15:00,21.8,631.8,1.0,631.8,Completed
BK_000580,CUST_02452,Z105,Z301,Prime_Sedan,2026-03-04 23:13:00,21.0,658.0,1.2,789.6,Completed
BK_000581,CUST_02675,Z302,Z301,Auto_Rickshaw,2026-02-14 09:58:00,21.6,428.8,1.8,771.84,Driver_Cancelled
BK_000582,CUST_01032,Z205,Z303,Auto_Rickshaw,2026-02-18 12:22:00,7.1,167.8,1.0,167.8,Completed
BK_000583,CUST_02574,Z204,Z106,Bike_Taxi,2026-03-16 15:29:00,23.7,309.4,1.0,309.4,Completed
BK_000584,CUST_02122,Z303,Z302,Auto_Rickshaw,2026-02-11 10:16:00,26.9,524.2,1.4,733.88,Completed
BK_000585,CUST_01163,Z305,Z107,Auto_Rickshaw,2026-02-01 13:16:00,12.1,257.8,1.1,283.58,Completed
BK_000586,CUST_02771,Z303,Z202,Bike_Taxi,2026-02-05 04:52:00,21.5,283.0,1.0,283.0,Completed
BK_000587,CUST_03101,Z103,Z205,EV_Sedan,2026-03-13 20:35:00,5.1,197.6,1.2,237.12,Completed
BK_000588,CUST_03402,Z206,Z201,EV_Sedan,2026-03-03 21:28:00,14.7,447.2,1.4,626.08,Completed
BK_000589,CUST_01276,Z303,Z107,Auto_Rickshaw,2026-03-05 13:29:00,13.4,281.2,1.0,281.2,Completed
BK_000590,CUST_02197,Z303,Z304,Bike_Taxi,2026-03-09 12:15:00,16.6,224.2,1.1,246.62,Completed
BK_000591,CUST_02741,Z104,Z107,Prime_Sedan,2026-02-22 09:36:00,11.5,392.0,1.6,627.2,Completed
BK_000592,CUST_02098,Z304,Z107,EV_Sedan,2026-03-13 17:54:00,17.1,509.6,1.8,917.28,Completed
BK_000593,CUST_02392,Z102,Z204,Bike_Taxi,2026-02-21 14:56:00,17.4,233.8,1.1,257.18,Completed
BK_000594,CUST_01087,Z206,Z103,EV_Sedan,2026-03-08 18:26:00,26.2,746.2,2.4,1790.88,Driver_Cancelled
BK_000595,CUST_01202,Z304,Z107,Prime_Sedan,2026-02-17 17:30:00,28.1,856.8,2.1,1799.28,Rider_Cancelled
BK_000596,CUST_01662,Z205,Z204,Bike_Taxi,2026-02-20 01:32:00,26.9,347.8,1.0,347.8,Completed
BK_000597,CUST_01943,Z201,Z102,Prime_Sedan,2026-02-13 15:35:00,19.5,616.0,1.0,616.0,Completed
BK_000598,CUST_03219,Z105,Z104,Prime_Sedan,2026-03-06 17:46:00,7.6,282.8,2.1,593.88,Completed
BK_000599,CUST_03361,Z303,Z206,Bike_Taxi,2026-02-14 12:06:00,8.3,124.6,1.1,137.06,Completed
BK_000600,CUST_02527,Z305,Z104,EV_Sedan,2026-02-21 19:59:00,12.8,397.8,1.4,556.92,Completed
BK_000601,CUST_01694,Z107,Z304,Bike_Taxi,2026-02-28 06:09:00,6.2,99.4,1.0,99.4,Completed
BK_000602,CUST_02384,Z105,Z102,Auto_Rickshaw,2026-02-15 21:06:00,25.2,493.6,2.4,1184.64,Completed
BK_000603,CUST_02979,Z304,Z103,Bike_Taxi,2026-03-15 04:13:00,20.7,273.4,1.0,273.4,Completed
BK_000604,CUST_03029,Z106,Z305,Auto_Rickshaw,2026-02-23 10:08:00,12.9,272.2,1.4,381.08,Completed
BK_000605,CUST_01680,Z105,Z204,EV_Sedan,2026-02-25 01:31:00,16.0,481.0,1.0,481.0,Completed
BK_000606,CUST_02941,Z101,Z205,Auto_Rickshaw,2026-02-20 04:42:00,14.7,304.6,1.0,304.6,ETA_Timeout
BK_000607,CUST_01023,Z203,Z107,Auto_Rickshaw,2026-02-10 07:39:00,11.1,239.8,1.0,239.8,Completed
BK_000608,CUST_02125,Z203,Z302,Prime_Sedan,2026-02-27 20:23:00,12.0,406.0,2.4,974.4,Driver_Cancelled
BK_000609,CUST_03217,Z107,Z103,Bike_Taxi,2026-02-28 05:19:00,21.5,283.0,1.0,283.0,Completed
BK_000610,CUST_02940,Z107,Z106,EV_Sedan,2026-02-01 08:55:00,4.9,192.4,1.4,269.36,Driver_Cancelled
BK_000611,CUST_01676,Z303,Z101,Auto_Rickshaw,2026-02-15 23:10:00,6.1,149.8,1.0,149.8,Driver_Cancelled
BK_000612,CUST_02933,Z204,Z203,Prime_Sedan,2026-02-24 00:32:00,17.1,548.8,1.0,548.8,Completed
BK_000613,CUST_02138,Z105,Z302,Prime_Sedan,2026-02-26 18:12:00,20.6,646.8,1.8,1164.24,Completed
BK_000614,CUST_02418,Z301,Z107,Auto_Rickshaw,2026-03-01 07:54:00,12.4,263.2,1.2,315.84,Completed
BK_000615,CUST_03060,Z101,Z203,EV_Sedan,2026-02-02 18:37:00,19.2,564.2,2.4,1354.08,Completed
BK_000616,CUST_02862,Z303,Z106,Bike_Taxi,2026-02-22 19:07:00,3.5,67.0,2.4,160.8,Completed
BK_000617,CUST_01256,Z204,Z104,Bike_Taxi,2026-03-12 07:02:00,28.1,362.2,1.2,434.64,Completed
BK_000618,CUST_02652,Z301,Z102,Auto_Rickshaw,2026-02-04 04:56:00,6.3,153.4,1.0,153.4,Completed
BK_000619,CUST_03297,Z205,Z104,Bike_Taxi,2026-02-16 18:57:00,17.2,231.4,1.8,416.52,Completed
BK_000620,CUST_01043,Z107,Z206,EV_Sedan,2026-02-22 04:49:00,10.5,338.0,1.0,338.0,Completed
BK_000621,CUST_02293,Z301,Z201,Auto_Rickshaw,2026-03-11 06:20:00,25.5,499.0,1.0,499.0,Completed
BK_000622,CUST_01699,Z102,Z301,Bike_Taxi,2026-02-08 08:04:00,28.3,364.6,2.1,765.66,Completed
BK_000623,CUST_01864,Z202,Z107,Prime_Sedan,2026-02-22 12:50:00,26.5,812.0,1.0,812.0,Completed
BK_000624,CUST_01429,Z205,Z101,Bike_Taxi,2026-02-08 11:23:00,11.2,159.4,1.8,286.92,Completed
BK_000625,CUST_02870,Z301,Z206,Bike_Taxi,2026-02-22 19:16:00,21.3,280.6,1.4,392.84,Completed
BK_000626,CUST_02104,Z206,Z101,Prime_Sedan,2026-02-08 17:09:00,26.5,812.0,2.1,1705.2,Rider_Cancelled
BK_000627,CUST_01533,Z204,Z102,Prime_Sedan,2026-03-17 09:51:00,23.1,716.8,1.2,860.16,Completed
BK_000628,CUST_01757,Z201,Z107,Prime_Sedan,2026-02-21 02:49:00,6.5,252.0,1.0,252.0,Completed
BK_000629,CUST_02542,Z302,Z201,Auto_Rickshaw,2026-03-07 23:27:00,5.8,144.4,1.0,144.4,Driver_Cancelled
BK_000630,CUST_02340,Z203,Z302,EV_Sedan,2026-02-28 10:00:00,11.5,364.0,1.8,655.2,Driver_Cancelled
BK_000631,CUST_03493,Z106,Z202,Prime_Sedan,2026-02-18 01:11:00,15.5,504.0,1.0,504.0,Completed
BK_000632,CUST_02574,Z106,Z302,Prime_Sedan,2026-02-08 02:39:00,12.6,422.8,1.0,422.8,Driver_Cancelled
BK_000633,CUST_02728,Z106,Z107,Bike_Taxi,2026-02-19 08:57:00,14.6,200.2,2.4,480.48,Completed
BK_000634,CUST_01048,Z303,Z206,Prime_Sedan,2026-02-20 11:26:00,13.5,448.0,1.2,537.6,Completed
BK_000635,CUST_02495,Z104,Z107,Auto_Rickshaw,2026-03-17 21:13:00,25.1,491.8,1.8,885.24,Completed
BK_000636,CUST_02904,Z203,Z102,Auto_Rickshaw,2026-02-06 18:45:00,12.0,256.0,1.8,460.8,Rider_Cancelled
BK_000637,CUST_02744,Z204,Z203,EV_Sedan,2026-03-08 03:35:00,7.1,249.6,1.0,249.6,Completed
BK_000638,CUST_01345,Z305,Z104,Auto_Rickshaw,2026-02-06 23:41:00,13.7,286.6,1.0,286.6,Completed
BK_000639,CUST_02338,Z205,Z102,Prime_Sedan,2026-02-07 22:17:00,12.4,417.2,1.2,500.64,ETA_Timeout
BK_000640,CUST_01323,Z204,Z203,Auto_Rickshaw,2026-02-20 11:30:00,7.3,171.4,1.8,308.52,Driver_Cancelled
BK_000641,CUST_01477,Z107,Z203,EV_Sedan,2026-02-15 01:10:00,16.5,494.0,1.2,592.8,Driver_Cancelled
BK_000642,CUST_03349,Z303,Z107,EV_Sedan,2026-03-07 20:54:00,21.9,634.4,1.8,1141.92,Driver_Cancelled
BK_000643,CUST_01188,Z206,Z106,Auto_Rickshaw,2026-03-04 02:47:00,2.6,86.8,1.0,86.8,Completed
BK_000644,CUST_01075,Z204,Z201,Auto_Rickshaw,2026-02-04 03:36:00,21.4,425.2,1.2,510.24,Completed
BK_000645,CUST_02310,Z205,Z303,EV_Sedan,2026-02-08 03:46:00,8.0,273.0,1.1,300.3,Completed
BK_000646,CUST_03170,Z205,Z203,Prime_Sedan,2026-02-14 12:44:00,20.0,630.0,1.0,630.0,Completed
BK_000647,CUST_03011,Z201,Z301,EV_Sedan,2026-03-15 04:10:00,12.3,384.8,1.2,461.76,Rider_Cancelled
BK_000648,CUST_02621,Z107,Z201,Auto_Rickshaw,2026-02-06 06:50:00,7.1,167.8,1.2,201.36,Completed
BK_000649,CUST_02302,Z304,Z206,EV_Sedan,2026-02-11 11:52:00,22.2,642.2,1.8,1155.96,Completed
BK_000650,CUST_01403,Z206,Z302,Bike_Taxi,2026-03-17 14:08:00,7.4,113.8,1.1,125.18,Completed
BK_000651,CUST_02024,Z106,Z304,EV_Sedan,2026-03-04 09:30:00,3.1,145.6,1.2,174.72,Completed
BK_000652,CUST_01819,Z204,Z105,EV_Sedan,2026-02-14 14:00:00,7.9,270.4,1.0,270.4,Completed
BK_000653,CUST_02357,Z106,Z202,EV_Sedan,2026-02-22 06:51:00,22.0,637.0,1.0,637.0,Completed
BK_000654,CUST_03201,Z104,Z101,Auto_Rickshaw,2026-02-21 04:58:00,10.1,221.8,1.1,243.98,Completed
BK_000655,CUST_02076,Z104,Z107,Prime_Sedan,2026-02-17 22:16:00,6.2,243.6,1.1,267.96,Completed
BK_000656,CUST_02065,Z204,Z203,EV_Sedan,2026-03-04 14:47:00,23.0,663.0,1.1,729.3,Completed
BK_000657,CUST_02193,Z203,Z106,Bike_Taxi,2026-02-27 02:00:00,21.0,277.0,1.0,277.0,Completed
BK_000658,CUST_01867,Z203,Z105,EV_Sedan,2026-02-27 20:08:00,12.0,377.0,1.2,452.4,Completed
BK_000659,CUST_02549,Z303,Z106,Auto_Rickshaw,2026-03-12 21:07:00,7.1,167.8,2.1,352.38,Rider_Cancelled
BK_000660,CUST_02403,Z201,Z204,Auto_Rickshaw,2026-02-10 15:28:00,9.7,214.6,1.0,214.6,Driver_Cancelled
BK_000661,CUST_01807,Z205,Z304,EV_Sedan,2026-02-22 03:42:00,24.3,696.8,1.2,836.16,Driver_Cancelled
BK_000662,CUST_01830,Z205,Z102,EV_Sedan,2026-02-19 09:15:00,27.3,774.8,2.4,1859.52,Completed
BK_000663,CUST_03142,Z201,Z202,Auto_Rickshaw,2026-02-12 21:41:00,20.4,407.2,2.4,977.28,Driver_Cancelled
BK_000664,CUST_02869,Z106,Z102,EV_Sedan,2026-03-17 19:44:00,16.9,504.4,2.1,1059.24,Completed
BK_000665,CUST_03399,Z303,Z302,Auto_Rickshaw,2026-02-05 17:20:00,10.8,234.4,2.1,492.24,Completed
BK_000666,CUST_01040,Z301,Z104,Auto_Rickshaw,2026-03-06 00:24:00,17.8,360.4,1.1,396.44,Completed
BK_000667,CUST_03107,Z203,Z204,Bike_Taxi,2026-02-13 06:34:00,11.4,161.8,1.2,194.16,Completed
BK_000668,CUST_03088,Z303,Z304,Bike_Taxi,2026-02-08 16:10:00,22.3,292.6,1.0,292.6,Completed
BK_000669,CUST_01874,Z203,Z305,Auto_Rickshaw,2026-02-15 03:33:00,5.2,133.6,1.0,133.6,Completed
BK_000670,CUST_01644,Z204,Z305,EV_Sedan,2026-03-17 21:40:00,22.8,657.8,1.8,1184.04,Completed
BK_000671,CUST_02292,Z302,Z203,Bike_Taxi,2026-02-20 14:32:00,22.3,292.6,1.2,351.12,Completed
BK_000672,CUST_01829,Z107,Z203,EV_Sedan,2026-02-14 15:59:00,10.9,348.4,1.0,348.4,Driver_Cancelled
BK_000673,CUST_03294,Z107,Z201,Auto_Rickshaw,2026-03-01 08:32:00,24.8,486.4,2.1,1021.44,Completed
BK_000674,CUST_02598,Z303,Z201,Auto_Rickshaw,2026-02-13 23:59:00,4.0,112.0,1.2,134.4,Completed
BK_000675,CUST_02695,Z105,Z106,EV_Sedan,2026-02-28 02:13:00,17.1,509.6,1.0,509.6,Completed
BK_000676,CUST_01279,Z204,Z206,Bike_Taxi,2026-03-14 10:36:00,7.3,112.6,1.8,202.68,Completed
BK_000677,CUST_02683,Z301,Z206,Bike_Taxi,2026-03-09 22:26:00,24.1,314.2,1.1,345.62,Completed
BK_000678,CUST_03016,Z203,Z205,Prime_Sedan,2026-03-02 02:54:00,17.2,551.6,1.0,551.6,ETA_Timeout
BK_000679,CUST_01461,Z305,Z106,Bike_Taxi,2026-03-09 14:16:00,17.4,233.8,1.2,280.56,Completed
BK_000680,CUST_01300,Z106,Z205,EV_Sedan,2026-02-21 21:56:00,25.6,730.6,2.1,1534.26,Completed
BK_000681,CUST_03394,Z204,Z303,Bike_Taxi,2026-03-02 23:55:00,25.7,333.4,1.0,333.4,Completed
BK_000682,CUST_03213,Z205,Z103,Prime_Sedan,2026-02-16 03:40:00,19.6,618.8,1.0,618.8,Completed
BK_000683,CUST_02801,Z104,Z301,Prime_Sedan,2026-02-02 09:46:00,12.4,417.2,1.8,750.96,Completed
BK_000684,CUST_01859,Z104,Z304,EV_Sedan,2026-03-06 22:58:00,22.0,637.0,1.2,764.4,Completed
BK_000685,CUST_02557,Z301,Z206,Bike_Taxi,2026-03-17 00:17:00,11.9,167.8,1.0,167.8,Completed
BK_000686,CUST_01065,Z202,Z205,Bike_Taxi,2026-02-03 07:33:00,7.1,110.2,1.0,110.2,Completed
BK_000687,CUST_02700,Z106,Z302,Bike_Taxi,2026-02-09 02:19:00,21.8,286.6,1.0,286.6,Driver_Cancelled
BK_000688,CUST_01449,Z106,Z101,Prime_Sedan,2026-02-23 21:27:00,13.0,434.0,1.4,607.6,Completed
BK_000689,CUST_01191,Z305,Z206,Auto_Rickshaw,2026-03-07 22:51:00,6.6,158.8,1.2,190.56,Completed
BK_000690,CUST_03471,Z101,Z204,EV_Sedan,2026-02-22 22:11:00,5.8,215.8,1.1,237.38,Completed
BK_000691,CUST_03109,Z105,Z106,Bike_Taxi,2026-02-11 12:21:00,21.1,278.2,1.0,278.2,Completed
BK_000692,CUST_03130,Z304,Z202,Prime_Sedan,2026-03-07 20:00:00,13.5,448.0,1.4,627.2,Completed
BK_000693,CUST_01059,Z105,Z102,Prime_Sedan,2026-03-11 06:27:00,12.8,428.4,1.0,428.4,Completed
BK_000694,CUST_02857,Z202,Z303,EV_Sedan,2026-02-06 14:41:00,26.5,754.0,1.0,754.0,Completed
BK_000695,CUST_02077,Z103,Z206,Auto_Rickshaw,2026-02-20 15:52:00,5.0,130.0,1.0,130.0,ETA_Timeout
BK_000696,CUST_01456,Z104,Z204,Auto_Rickshaw,2026-02-06 23:57:00,14.3,297.4,1.0,297.4,Completed
BK_000697,CUST_01909,Z101,Z201,Bike_Taxi,2026-03-06 15:04:00,17.1,230.2,1.0,230.2,Completed
BK_000698,CUST_01679,Z201,Z105,Bike_Taxi,2026-02-25 20:43:00,24.8,322.6,2.1,677.46,Completed
BK_000699,CUST_02229,Z101,Z104,Prime_Sedan,2026-02-12 16:31:00,7.9,291.2,1.2,349.44,Completed
BK_000700,CUST_01654,Z301,Z206,Bike_Taxi,2026-02-28 03:59:00,24.2,315.4,1.0,315.4,Completed
BK_000701,CUST_02129,Z204,Z101,Prime_Sedan,2026-03-02 05:30:00,16.1,520.8,1.0,520.8,Driver_Cancelled
BK_000702,CUST_02796,Z203,Z104,Auto_Rickshaw,2026-02-25 21:11:00,6.5,157.0,2.4,376.8,Rider_Cancelled
BK_000703,CUST_01168,Z206,Z202,EV_Sedan,2026-02-06 09:14:00,13.6,418.6,2.4,1004.64,Completed
BK_000704,CUST_03026,Z301,Z302,Bike_Taxi,2026-02-03 19:52:00,25.0,325.0,2.4,780.0,Completed
BK_000705,CUST_01415,Z303,Z201,Bike_Taxi,2026-02-27 21:49:00,17.9,239.8,1.8,431.64,Driver_Cancelled
BK_000706,CUST_02999,Z305,Z206,EV_Sedan,2026-02-28 20:35:00,3.6,158.6,2.1,333.06,Completed
BK_000707,CUST_01164,Z205,Z303,Auto_Rickshaw,2026-03-12 00:51:00,26.9,524.2,1.1,576.62,Driver_Cancelled
BK_000708,CUST_01106,Z107,Z106,Auto_Rickshaw,2026-02-02 08:22:00,5.1,131.8,2.4,316.32,Rider_Cancelled
BK_000709,CUST_02039,Z205,Z206,Auto_Rickshaw,2026-02-17 06:53:00,14.1,293.8,1.0,293.8,Completed
BK_000710,CUST_02428,Z106,Z304,EV_Sedan,2026-03-12 05:41:00,11.6,366.6,1.0,366.6,Completed
BK_000711,CUST_02568,Z107,Z203,EV_Sedan,2026-03-12 04:57:00,11.3,358.8,1.1,394.68,Completed
BK_000712,CUST_03205,Z106,Z301,Prime_Sedan,2026-03-01 09:32:00,7.7,285.6,2.4,685.44,Completed
BK_000713,CUST_02204,Z103,Z205,Bike_Taxi,2026-02-11 11:34:00,8.9,131.8,1.8,237.24,Completed
BK_000714,CUST_01885,Z105,Z101,Bike_Taxi,2026-02-14 18:10:00,24.8,322.6,1.4,451.64,Completed
BK_000715,CUST_02586,Z202,Z206,Bike_Taxi,2026-03-09 19:33:00,12.1,170.2,1.6,272.32,Rider_Cancelled
BK_000716,CUST_03214,Z205,Z103,Auto_Rickshaw,2026-03-16 20:29:00,10.9,236.2,2.4,566.88,Rider_Cancelled
BK_000717,CUST_01396,Z304,Z303,Bike_Taxi,2026-02-25 14:45:00,23.5,307.0,1.0,307.0,Completed
BK_000718,CUST_02794,Z303,Z301,Auto_Rickshaw,2026-02-04 04:37:00,17.1,347.8,1.0,347.8,Completed
BK_000719,CUST_01113,Z303,Z301,Bike_Taxi,2026-03-05 07:11:00,8.1,122.2,1.0,122.2,Completed
BK_000720,CUST_03211,Z204,Z101,Prime_Sedan,2026-03-17 10:28:00,21.0,658.0,2.1,1381.8,Completed
BK_000721,CUST_03464,Z106,Z107,Prime_Sedan,2026-02-02 14:12:00,11.1,380.8,1.1,418.88,Completed
BK_000722,CUST_01750,Z104,Z204,Bike_Taxi,2026-02-17 09:55:00,25.4,329.8,1.4,461.72,Completed
BK_000723,CUST_03146,Z202,Z101,EV_Sedan,2026-03-13 06:25:00,28.0,793.0,1.2,951.6,Completed
BK_000724,CUST_03327,Z205,Z103,Prime_Sedan,2026-03-16 17:53:00,19.0,602.0,1.4,842.8,Completed
BK_000725,CUST_01728,Z304,Z105,EV_Sedan,2026-03-10 07:29:00,18.7,551.2,1.1,606.32,Rider_Cancelled
BK_000726,CUST_02194,Z104,Z206,Prime_Sedan,2026-03-04 08:03:00,25.9,795.2,1.4,1113.28,Completed
BK_000727,CUST_01477,Z305,Z103,Bike_Taxi,2026-02-16 15:33:00,6.2,99.4,1.0,99.4,Rider_Cancelled
BK_000728,CUST_02656,Z102,Z206,EV_Sedan,2026-02-03 22:01:00,24.5,702.0,1.1,772.2,Completed
BK_000729,CUST_01555,Z302,Z107,Prime_Sedan,2026-02-14 13:59:00,13.8,456.4,1.1,502.04,Completed
BK_000730,CUST_01226,Z304,Z102,Auto_Rickshaw,2026-02-09 19:25:00,25.7,502.6,1.2,603.12,Completed
BK_000731,CUST_02441,Z305,Z102,Auto_Rickshaw,2026-03-10 17:45:00,21.7,430.6,2.4,1033.44,Completed
BK_000732,CUST_02312,Z103,Z201,Auto_Rickshaw,2026-02-23 18:58:00,3.7,106.6,1.4,149.24,Completed
BK_000733,CUST_01936,Z205,Z301,Prime_Sedan,2026-02-03 06:53:00,18.1,576.8,1.0,576.8,Completed
BK_000734,CUST_02117,Z301,Z101,Prime_Sedan,2026-02-20 04:15:00,9.7,341.6,1.1,375.76,Rider_Cancelled
BK_000735,CUST_03459,Z101,Z301,Auto_Rickshaw,2026-02-03 03:39:00,19.7,394.6,1.1,434.06,Completed
BK_000736,CUST_02632,Z203,Z204,EV_Sedan,2026-02-14 04:58:00,5.3,202.8,1.2,243.36,Completed
BK_000737,CUST_01457,Z201,Z102,EV_Sedan,2026-03-11 03:57:00,4.7,187.2,1.1,205.92,Completed
BK_000738,CUST_03063,Z107,Z201,Bike_Taxi,2026-03-06 05:47:00,17.3,232.6,1.0,232.6,Rider_Cancelled
BK_000739,CUST_01719,Z205,Z303,EV_Sedan,2026-02-10 09:09:00,12.7,395.2,2.4,948.48,Completed
BK_000740,CUST_01285,Z201,Z305,Prime_Sedan,2026-02-14 08:21:00,6.2,243.6,2.1,511.56,ETA_Timeout
BK_000741,CUST_01233,Z104,Z103,Auto_Rickshaw,2026-02-19 21:44:00,18.6,374.8,2.1,787.08,Completed
BK_000742,CUST_03323,Z104,Z202,EV_Sedan,2026-03-07 22:29:00,3.0,143.0,1.0,143.0,Driver_Cancelled
BK_000743,CUST_02582,Z203,Z301,EV_Sedan,2026-02-21 17:09:00,20.3,592.8,2.4,1422.72,Completed
BK_000744,CUST_02175,Z106,Z301,Prime_Sedan,2026-02-12 22:56:00,21.7,677.6,1.0,677.6,Completed
BK_000745,CUST_02446,Z107,Z301,Auto_Rickshaw,2026-02-20 09:59:00,21.6,428.8,1.8,771.84,Completed
BK_000746,CUST_01783,Z107,Z206,EV_Sedan,2026-03-14 05:25:00,12.2,382.2,1.1,420.42,Completed
BK_000747,CUST_01890,Z204,Z106,EV_Sedan,2026-03-03 06:30:00,7.2,252.2,1.1,277.42,Completed
BK_000748,CUST_03356,Z107,Z105,Auto_Rickshaw,2026-02-19 23:14:00,8.9,200.2,1.0,200.2,Completed
BK_000749,CUST_01352,Z101,Z102,EV_Sedan,2026-03-15 03:04:00,24.7,707.2,1.0,707.2,Completed
BK_000750,CUST_02830,Z303,Z204,Auto_Rickshaw,2026-03-05 06:31:00,10.4,227.2,1.0,227.2,Driver_Cancelled
BK_000751,CUST_01669,Z301,Z104,EV_Sedan,2026-02-25 11:25:00,6.6,236.6,2.1,496.86,Completed
BK_000752,CUST_01398,Z102,Z106,Prime_Sedan,2026-03-13 07:26:00,12.4,417.2,1.1,458.92,Completed
BK_000753,CUST_03015,Z205,Z204,EV_Sedan,2026-03-18 04:57:00,4.3,176.8,1.0,176.8,Completed
BK_000754,CUST_02314,Z203,Z103,EV_Sedan,2026-02-17 09:26:00,2.9,140.4,2.1,294.84,Rider_Cancelled
BK_000755,CUST_02496,Z202,Z107,EV_Sedan,2026-02-24 14:47:00,15.2,460.2,1.0,460.2,Rider_Cancelled
BK_000756,CUST_02256,Z202,Z303,Bike_Taxi,2026-02-20 22:53:00,9.6,140.2,1.0,140.2,ETA_Timeout
BK_000757,CUST_02877,Z103,Z205,EV_Sedan,2026-02-26 08:08:00,25.2,720.2,1.2,864.24,Rider_Cancelled
BK_000758,CUST_02240,Z206,Z107,Prime_Sedan,2026-03-14 09:59:00,12.6,422.8,1.8,761.04,Driver_Cancelled
BK_000759,CUST_02537,Z204,Z206,Bike_Taxi,2026-03-09 19:14:00,13.1,182.2,2.1,382.62,Completed
BK_000760,CUST_02306,Z304,Z104,Bike_Taxi,2026-02-02 07:07:00,8.8,130.6,1.0,130.6,Completed
BK_000761,CUST_02398,Z103,Z106,Auto_Rickshaw,2026-02-27 18:31:00,18.9,380.2,2.4,912.48,Completed
BK_000762,CUST_01376,Z101,Z302,Bike_Taxi,2026-03-09 06:37:00,3.8,70.6,1.0,70.6,Completed
BK_000763,CUST_03425,Z102,Z303,EV_Sedan,2026-02-09 15:59:00,4.6,184.6,1.2,221.52,ETA_Timeout
BK_000764,CUST_02079,Z105,Z201,Prime_Sedan,2026-03-05 02:33:00,7.4,277.2,1.0,277.2,Driver_Cancelled
BK_000765,CUST_02617,Z203,Z302,Prime_Sedan,2026-02-24 07:24:00,13.6,450.8,1.0,450.8,Driver_Cancelled
BK_000766,CUST_01029,Z202,Z204,Bike_Taxi,2026-03-07 13:53:00,4.1,74.2,1.0,74.2,Completed
BK_000767,CUST_01362,Z204,Z206,Bike_Taxi,2026-03-05 00:29:00,17.3,232.6,1.2,279.12,Completed
BK_000768,CUST_01780,Z201,Z106,EV_Sedan,2026-02-03 04:38:00,14.6,444.6,1.0,444.6,Completed
BK_000769,CUST_01572,Z204,Z301,Auto_Rickshaw,2026-03-12 20:32:00,12.9,272.2,2.4,653.28,Completed
BK_000770,CUST_01089,Z303,Z206,Bike_Taxi,2026-02-08 10:55:00,8.4,125.8,1.6,201.28,Completed
BK_000771,CUST_02325,Z303,Z203,EV_Sedan,2026-02-07 16:31:00,23.4,673.4,1.0,673.4,Completed
BK_000772,CUST_03170,Z203,Z205,Auto_Rickshaw,2026-03-06 05:37:00,12.1,257.8,1.0,257.8,ETA_Timeout
BK_000773,CUST_01259,Z101,Z303,EV_Sedan,2026-02-18 02:08:00,7.9,270.4,1.1,297.44,Completed
BK_000774,CUST_03365,Z204,Z107,EV_Sedan,2026-03-14 07:04:00,22.8,657.8,1.0,657.8,Completed
BK_000775,CUST_01392,Z206,Z105,Bike_Taxi,2026-03-01 15:08:00,16.3,220.6,1.0,220.6,Completed
BK_000776,CUST_01242,Z303,Z201,Prime_Sedan,2026-02-11 09:56:00,11.0,378.0,2.4,907.2,Rider_Cancelled
BK_000777,CUST_02118,Z204,Z304,EV_Sedan,2026-03-18 02:11:00,23.9,686.4,1.0,686.4,Completed
BK_000778,CUST_02733,Z101,Z204,Auto_Rickshaw,2026-02-13 03:04:00,10.2,223.6,1.0,223.6,Completed
BK_000779,CUST_02287,Z104,Z203,Prime_Sedan,2026-02-22 00:00:00,20.9,655.2,1.0,655.2,Completed
BK_000780,CUST_02292,Z206,Z101,Auto_Rickshaw,2026-03-01 20:54:00,12.8,270.4,1.8,486.72,Completed
BK_000781,CUST_01279,Z105,Z106,Prime_Sedan,2026-02-05 21:41:00,26.9,823.2,2.1,1728.72,Completed
BK_000782,CUST_02622,Z105,Z103,Prime_Sedan,2026-03-10 07:30:00,6.6,254.8,1.0,254.8,Driver_Cancelled
BK_000783,CUST_01981,Z102,Z101,Prime_Sedan,2026-02-03 15:19:00,3.6,170.8,1.0,170.8,Completed
BK_000784,CUST_02187,Z303,Z101,EV_Sedan,2026-03-03 17:25:00,16.8,501.8,2.4,1204.32,Completed
BK_000785,CUST_01673,Z206,Z107,EV_Sedan,2026-02-08 04:18:00,26.3,748.8,1.2,898.56,Completed
BK_000786,CUST_02340,Z202,Z301,Prime_Sedan,2026-02-06 16:09:00,3.2,159.6,1.0,159.6,Completed
BK_000787,CUST_03336,Z203,Z107,Prime_Sedan,2026-03-13 14:27:00,11.9,403.2,1.2,483.84,Completed
BK_000788,CUST_02368,Z107,Z304,Auto_Rickshaw,2026-03-16 08:09:00,21.2,421.6,2.4,1011.84,Completed
BK_000789,CUST_01440,Z101,Z102,Bike_Taxi,2026-03-01 10:24:00,27.1,350.2,1.2,420.24,Rider_Cancelled
BK_000790,CUST_02563,Z106,Z104,EV_Sedan,2026-02-03 16:28:00,19.3,566.8,1.0,566.8,ETA_Timeout
BK_000791,CUST_02528,Z103,Z203,Auto_Rickshaw,2026-02-20 06:00:00,22.5,445.0,1.0,445.0,Rider_Cancelled
BK_000792,CUST_02077,Z302,Z107,EV_Sedan,2026-02-06 17:25:00,25.4,725.4,2.4,1740.96,Rider_Cancelled
BK_000793,CUST_01462,Z103,Z202,Auto_Rickshaw,2026-02-21 23:14:00,9.5,211.0,1.2,253.2,Completed
BK_000794,CUST_02908,Z301,Z106,Bike_Taxi,2026-03-17 12:40:00,19.6,260.2,1.0,260.2,Rider_Cancelled
BK_000795,CUST_02963,Z107,Z203,Auto_Rickshaw,2026-02-02 08:39:00,27.5,535.0,2.4,1284.0,Completed
BK_000796,CUST_01194,Z203,Z206,Prime_Sedan,2026-02-05 06:34:00,14.4,473.2,1.2,567.84,Completed
BK_000797,CUST_03377,Z206,Z205,EV_Sedan,2026-02-22 12:37:00,6.3,228.8,1.0,228.8,Completed
BK_000798,CUST_02470,Z302,Z303,EV_Sedan,2026-03-07 13:14:00,25.6,730.6,1.2,876.72,Completed
BK_000799,CUST_01844,Z206,Z103,Auto_Rickshaw,2026-03-10 17:25:00,28.3,549.4,1.8,988.92,Completed
BK_000800,CUST_02372,Z303,Z104,Bike_Taxi,2026-02-16 01:31:00,16.1,218.2,1.0,218.2,Driver_Cancelled
BK_000801,CUST_02439,Z301,Z104,Prime_Sedan,2026-02-11 12:38:00,24.2,747.6,1.1,822.36,Rider_Cancelled
BK_000802,CUST_03067,Z104,Z304,Prime_Sedan,2026-02-07 19:40:00,8.8,316.4,1.2,379.68,Completed
BK_000803,CUST_01293,Z103,Z203,Prime_Sedan,2026-02-21 20:21:00,27.1,828.8,1.2,994.56,Completed
BK_000804,CUST_03431,Z102,Z304,EV_Sedan,2026-03-17 17:09:00,10.8,345.8,1.2,414.96,Completed
BK_000805,CUST_03009,Z101,Z301,Bike_Taxi,2026-02-03 00:14:00,14.8,202.6,1.1,222.86,Completed
BK_000806,CUST_02923,Z102,Z205,Prime_Sedan,2026-02-15 08:23:00,8.1,296.8,2.1,623.28,Completed
BK_000807,CUST_02898,Z202,Z301,Bike_Taxi,2026-03-09 17:14:00,9.1,134.2,2.1,281.82,Completed
BK_000808,CUST_01635,Z103,Z201,Bike_Taxi,2026-02-23 04:37:00,2.6,56.2,1.1,61.82,Driver_Cancelled
BK_000809,CUST_01180,Z203,Z106,Auto_Rickshaw,2026-02-11 10:02:00,8.4,191.2,1.6,305.92,Completed
BK_000810,CUST_02762,Z101,Z305,Bike_Taxi,2026-03-14 02:30:00,13.4,185.8,1.0,185.8,Completed
BK_000811,CUST_03078,Z201,Z105,Prime_Sedan,2026-02-06 18:10:00,4.7,201.6,1.2,241.92,Completed
BK_000812,CUST_01475,Z305,Z102,EV_Sedan,2026-02-11 19:40:00,10.3,332.8,1.4,465.92,Completed
BK_000813,CUST_01562,Z204,Z201,Bike_Taxi,2026-03-12 09:59:00,7.4,113.8,1.8,204.84,Completed
BK_000814,CUST_01521,Z304,Z105,Bike_Taxi,2026-03-12 10:38:00,15.8,214.6,1.2,257.52,ETA_Timeout
BK_000815,CUST_03319,Z106,Z202,EV_Sedan,2026-03-01 18:47:00,26.9,764.4,1.8,1375.92,Rider_Cancelled
BK_000816,CUST_02769,Z102,Z205,Prime_Sedan,2026-03-08 18:39:00,7.5,280.0,1.8,504.0,Driver_Cancelled
BK_000817,CUST_02843,Z201,Z105,EV_Sedan,2026-02-23 01:35:00,25.6,730.6,1.2,876.72,Completed
BK_000818,CUST_01348,Z105,Z102,Bike_Taxi,2026-02-18 01:36:00,9.8,142.6,1.0,142.6,Completed
BK_000819,CUST_03415,Z305,Z105,EV_Sedan,2026-02-22 14:37:00,20.5,598.0,1.0,598.0,ETA_Timeout
BK_000820,CUST_03183,Z304,Z103,EV_Sedan,2026-02-12 16:48:00,25.2,720.2,1.0,720.2,Completed
BK_000821,CUST_02373,Z304,Z301,Bike_Taxi,2026-02-13 22:13:00,19.9,263.8,1.0,263.8,Completed
BK_000822,CUST_02896,Z304,Z106,EV_Sedan,2026-02-06 14:01:00,7.8,267.8,1.0,267.8,Driver_Cancelled
BK_000823,CUST_03036,Z205,Z201,EV_Sedan,2026-02-19 01:45:00,26.7,759.2,1.1,835.12,Completed
BK_000824,CUST_01774,Z202,Z304,Auto_Rickshaw,2026-02-21 22:43:00,15.8,324.4,1.2,389.28,Completed
BK_000825,CUST_01573,Z106,Z104,Bike_Taxi,2026-02-17 16:40:00,24.5,319.0,1.0,319.0,Completed
BK_000826,CUST_03321,Z102,Z101,Auto_Rickshaw,2026-02-06 07:42:00,9.9,218.2,1.0,218.2,Completed
BK_000827,CUST_03393,Z204,Z201,Prime_Sedan,2026-02-09 01:41:00,16.6,534.8,1.1,588.28,Completed
BK_000828,CUST_02665,Z201,Z202,EV_Sedan,2026-02-22 03:54:00,25.7,733.2,1.2,879.84,Rider_Cancelled
BK_000829,CUST_01013,Z201,Z204,Bike_Taxi,2026-02-21 01:20:00,14.1,194.2,1.2,233.04,Completed
BK_000830,CUST_02113,Z107,Z304,Prime_Sedan,2026-02-21 02:56:00,10.9,375.2,1.2,450.24,Completed
BK_000831,CUST_02655,Z107,Z201,EV_Sedan,2026-02-15 13:12:00,9.6,314.6,1.0,314.6,Completed
BK_000832,CUST_01090,Z206,Z205,Bike_Taxi,2026-02-17 14:41:00,15.3,208.6,1.1,229.46,Completed
BK_000833,CUST_01898,Z304,Z305,Auto_Rickshaw,2026-03-10 02:53:00,28.0,544.0,1.0,544.0,Completed
BK_000834,CUST_02046,Z302,Z105,Bike_Taxi,2026-02-14 14:12:00,9.7,141.4,1.0,141.4,Rider_Cancelled
BK_000835,CUST_02277,Z106,Z305,Bike_Taxi,2026-02-04 06:56:00,18.6,248.2,1.0,248.2,Completed
BK_000836,CUST_01316,Z103,Z105,Auto_Rickshaw,2026-02-13 11:52:00,22.8,450.4,1.4,630.56,Completed
BK_000837,CUST_03103,Z101,Z305,Bike_Taxi,2026-02-24 05:03:00,6.0,97.0,1.0,97.0,Completed
BK_000838,CUST_01718,Z104,Z202,Bike_Taxi,2026-02-08 15:02:00,4.2,75.4,1.2,90.48,Completed
BK_000839,CUST_02912,Z304,Z205,EV_Sedan,2026-03-09 00:56:00,22.0,637.0,1.2,764.4,Completed
BK_000840,CUST_01474,Z301,Z206,Prime_Sedan,2026-02-18 08:37:00,3.1,156.8,1.6,250.88,Completed
BK_000841,CUST_02237,Z206,Z201,Auto_Rickshaw,2026-02-07 17:26:00,26.0,508.0,1.2,609.6,Completed
BK_000842,CUST_01597,Z104,Z204,EV_Sedan,2026-02-18 06:32:00,14.6,444.6,1.0,444.6,Completed
BK_000843,CUST_02358,Z107,Z204,EV_Sedan,2026-03-15 05:03:00,2.8,137.8,1.2,165.36,Completed
BK_000844,CUST_02886,Z205,Z204,Auto_Rickshaw,2026-02-14 05:12:00,23.3,459.4,1.0,459.4,Completed
BK_000845,CUST_01629,Z206,Z204,EV_Sedan,2026-03-03 07:34:00,6.2,226.2,1.1,248.82,Driver_Cancelled
BK_000846,CUST_02573,Z202,Z301,Bike_Taxi,2026-02-11 06:33:00,10.4,149.8,1.0,149.8,Rider_Cancelled
BK_000847,CUST_03332,Z107,Z302,Prime_Sedan,2026-03-09 15:14:00,16.7,537.6,1.0,537.6,Completed
BK_000848,CUST_01679,Z303,Z104,Auto_Rickshaw,2026-02-04 21:20:00,23.6,464.8,2.4,1115.52,Completed
BK_000849,CUST_02338,Z304,Z105,Bike_Taxi,2026-03-03 15:21:00,23.5,307.0,1.2,368.4,Driver_Cancelled
BK_000850,CUST_01092,Z301,Z304,EV_Sedan,2026-02-13 15:18:00,10.3,332.8,1.0,332.8,ETA_Timeout
BK_000851,CUST_02658,Z102,Z204,Bike_Taxi,2026-03-09 17:38:00,23.9,311.8,1.6,498.88,Completed
BK_000852,CUST_02638,Z301,Z204,Bike_Taxi,2026-02-14 20:40:00,6.7,105.4,1.2,126.48,Completed
BK_000853,CUST_01126,Z204,Z206,EV_Sedan,2026-02-06 15:08:00,15.1,457.6,1.0,457.6,ETA_Timeout
BK_000854,CUST_02624,Z107,Z301,Prime_Sedan,2026-02-20 19:47:00,8.8,316.4,1.4,442.96,Driver_Cancelled
BK_000855,CUST_03450,Z204,Z301,Prime_Sedan,2026-03-12 01:55:00,4.6,198.8,1.0,198.8,Driver_Cancelled
BK_000856,CUST_03214,Z301,Z304,Bike_Taxi,2026-03-14 01:18:00,28.3,364.6,1.0,364.6,Completed
BK_000857,CUST_01359,Z102,Z107,EV_Sedan,2026-03-13 21:15:00,5.1,197.6,1.6,316.16,ETA_Timeout
BK_000858,CUST_01338,Z102,Z101,Prime_Sedan,2026-03-10 15:13:00,25.8,792.4,1.0,792.4,Driver_Cancelled
BK_000859,CUST_02095,Z203,Z305,Bike_Taxi,2026-02-04 12:17:00,6.1,98.2,1.2,117.84,Completed
BK_000860,CUST_02388,Z106,Z304,EV_Sedan,2026-03-10 03:01:00,27.2,772.2,1.1,849.42,Completed
BK_000861,CUST_01610,Z105,Z102,Prime_Sedan,2026-02-04 20:47:00,6.3,246.4,1.2,295.68,ETA_Timeout
BK_000862,CUST_01517,Z105,Z103,EV_Sedan,2026-02-14 02:32:00,17.6,522.6,1.0,522.6,Completed
BK_000863,CUST_01860,Z303,Z102,Prime_Sedan,2026-02-17 19:48:00,7.5,280.0,1.4,392.0,Completed
BK_000864,CUST_02326,Z302,Z105,Prime_Sedan,2026-03-10 09:03:00,19.6,618.8,1.6,990.08,Rider_Cancelled
BK_000865,CUST_01673,Z202,Z302,EV_Sedan,2026-02-05 11:49:00,6.4,231.4,1.8,416.52,Rider_Cancelled
BK_000866,CUST_02139,Z107,Z106,EV_Sedan,2026-02-20 06:25:00,18.9,556.4,1.0,556.4,Completed
BK_000867,CUST_03069,Z202,Z305,Prime_Sedan,2026-02-19 00:44:00,13.8,456.4,1.2,547.68,Rider_Cancelled
BK_000868,CUST_03421,Z305,Z203,Bike_Taxi,2026-02-25 18:30:00,9.9,143.8,1.8,258.84,Completed
BK_000869,CUST_03421,Z201,Z303,Auto_Rickshaw,2026-02-13 07:07:00,23.7,466.6,1.0,466.6,Completed
BK_000870,CUST_01010,Z301,Z102,EV_Sedan,2026-03-16 21:05:00,16.4,491.4,1.2,589.68,Rider_Cancelled
BK_000871,CUST_03056,Z203,Z102,Bike_Taxi,2026-02-23 20:27:00,16.4,221.8,2.1,465.78,Completed
BK_000872,CUST_02760,Z103,Z205,Prime_Sedan,2026-03-02 16:31:00,3.0,154.0,1.0,154.0,Completed
BK_000873,CUST_02183,Z203,Z103,EV_Sedan,2026-02-04 17:15:00,24.7,707.2,1.4,990.08,Completed
BK_000874,CUST_03050,Z305,Z302,Auto_Rickshaw,2026-02-24 11:54:00,19.9,398.2,1.2,477.84,Completed
BK_000875,CUST_01354,Z103,Z107,Prime_Sedan,2026-02-07 21:15:00,16.1,520.8,1.6,833.28,Completed
BK_000876,CUST_03099,Z206,Z107,Auto_Rickshaw,2026-02-08 20:58:00,22.6,446.8,1.4,625.52,Completed
BK_000877,CUST_02511,Z107,Z102,Prime_Sedan,2026-02-02 21:44:00,2.6,142.8,1.8,257.04,Completed
BK_000878,CUST_01394,Z304,Z104,Prime_Sedan,2026-02-28 05:35:00,15.4,501.2,1.0,501.2,ETA_Timeout
BK_000879,CUST_02396,Z104,Z102,Prime_Sedan,2026-03-09 00:40:00,10.6,366.8,1.0,366.8,Driver_Cancelled
BK_000880,CUST_01437,Z102,Z204,EV_Sedan,2026-03-03 12:09:00,23.7,681.2,1.0,681.2,ETA_Timeout
BK_000881,CUST_02150,Z204,Z302,Auto_Rickshaw,2026-03-17 21:51:00,4.5,121.0,1.2,145.2,Completed
BK_000882,CUST_03470,Z104,Z206,EV_Sedan,2026-02-06 09:50:00,22.5,650.0,1.2,780.0,Completed
BK_000883,CUST_03249,Z305,Z203,Auto_Rickshaw,2026-03-14 11:56:00,5.1,131.8,2.1,276.78,Completed
BK_000884,CUST_03410,Z101,Z105,Bike_Taxi,2026-03-13 19:38:00,14.7,201.4,1.8,362.52,Completed
BK_000885,CUST_03331,Z104,Z101,Auto_Rickshaw,2026-02-22 15:42:00,6.9,164.2,1.0,164.2,Rider_Cancelled
BK_000886,CUST_01022,Z304,Z202,Prime_Sedan,2026-02-27 11:54:00,15.3,498.4,2.4,1196.16,Completed
BK_000887,CUST_02686,Z203,Z202,Auto_Rickshaw,2026-02-12 14:00:00,20.9,416.2,1.2,499.44,Completed
BK_000888,CUST_03377,Z104,Z202,EV_Sedan,2026-02-07 06:40:00,28.5,806.0,1.0,806.0,Completed
BK_000889,CUST_01057,Z301,Z104,Prime_Sedan,2026-02-16 18:51:00,6.3,246.4,1.4,344.96,Completed
BK_000890,CUST_01598,Z107,Z301,Bike_Taxi,2026-02-17 07:45:00,15.2,207.4,1.0,207.4,Rider_Cancelled
BK_000891,CUST_02033,Z101,Z302,EV_Sedan,2026-02-22 08:21:00,22.8,657.8,1.4,920.92,Driver_Cancelled
BK_000892,CUST_02185,Z107,Z302,Prime_Sedan,2026-02-06 06:36:00,9.9,347.2,1.0,347.2,Completed
BK_000893,CUST_02129,Z303,Z206,Prime_Sedan,2026-02-13 12:31:00,8.2,299.6,1.0,299.6,Rider_Cancelled
BK_000894,CUST_02991,Z206,Z201,EV_Sedan,2026-03-18 03:30:00,19.2,564.2,1.2,677.04,Completed
BK_000895,CUST_01084,Z103,Z105,Bike_Taxi,2026-02-12 05:28:00,23.6,308.2,1.0,308.2,Completed
BK_000896,CUST_01081,Z204,Z302,EV_Sedan,2026-02-27 02:21:00,15.0,455.0,1.0,455.0,Completed
BK_000897,CUST_03465,Z205,Z104,Prime_Sedan,2026-02-18 12:58:00,25.6,786.8,1.1,865.48,Completed
BK_000898,CUST_01423,Z105,Z202,Prime_Sedan,2026-02-19 22:37:00,14.6,478.8,1.0,478.8,Completed
BK_000899,CUST_01397,Z102,Z203,EV_Sedan,2026-02-01 18:46:00,5.6,210.6,2.1,442.26,Completed
BK_000900,CUST_03451,Z305,Z201,Auto_Rickshaw,2026-02-03 06:14:00,16.6,338.8,1.1,372.68,Completed
BK_000901,CUST_03388,Z201,Z203,Bike_Taxi,2026-02-01 06:06:00,26.8,346.6,1.1,381.26,Completed
BK_000902,CUST_01643,Z201,Z102,Prime_Sedan,2026-03-06 14:01:00,24.0,742.0,1.0,742.0,Completed
BK_000903,CUST_02228,Z301,Z105,Bike_Taxi,2026-03-04 13:23:00,14.8,202.6,1.0,202.6,Completed
BK_000904,CUST_01630,Z301,Z104,Prime_Sedan,2026-02-21 00:43:00,9.4,333.2,1.0,333.2,Completed
BK_000905,CUST_01645,Z305,Z107,Bike_Taxi,2026-03-16 15:36:00,7.0,109.0,1.1,119.9,Driver_Cancelled
BK_000906,CUST_02294,Z202,Z107,Bike_Taxi,2026-03-15 09:40:00,7.6,116.2,2.4,278.88,Completed
BK_000907,CUST_03186,Z104,Z304,Prime_Sedan,2026-02-19 05:00:00,3.9,179.2,1.2,215.04,Completed
BK_000908,CUST_03263,Z103,Z205,Bike_Taxi,2026-02-25 03:31:00,9.3,136.6,1.2,163.92,Completed
BK_000909,CUST_01367,Z304,Z105,EV_Sedan,2026-03-01 16:29:00,13.5,416.0,1.1,457.6,Completed
BK_000910,CUST_01048,Z101,Z102,Bike_Taxi,2026-03-12 12:30:00,10.9,155.8,1.0,155.8,Completed
BK_000911,CUST_03478,Z101,Z106,Bike_Taxi,2026-03-18 05:35:00,12.4,173.8,1.0,173.8,Completed
BK_000912,CUST_03140,Z103,Z106,Auto_Rickshaw,2026-02-09 05:56:00,18.7,376.6,1.0,376.6,Completed
BK_000913,CUST_02548,Z205,Z204,EV_Sedan,2026-02-05 06:52:00,16.3,488.8,1.0,488.8,Completed
BK_000914,CUST_02500,Z203,Z106,Auto_Rickshaw,2026-03-08 23:34:00,21.5,427.0,1.2,512.4,Completed
BK_000915,CUST_01070,Z304,Z106,EV_Sedan,2026-02-06 23:22:00,9.5,312.0,1.0,312.0,Completed
BK_000916,CUST_02060,Z106,Z304,Auto_Rickshaw,2026-02-23 22:26:00,12.3,261.4,1.0,261.4,Driver_Cancelled
BK_000917,CUST_02097,Z201,Z105,Prime_Sedan,2026-03-03 21:05:00,20.6,646.8,1.2,776.16,Completed
BK_000918,CUST_01995,Z301,Z105,Bike_Taxi,2026-02-18 00:14:00,8.1,122.2,1.2,146.64,Completed
BK_000919,CUST_02531,Z203,Z102,Prime_Sedan,2026-02-09 17:48:00,21.2,663.6,1.8,1194.48,Completed
BK_000920,CUST_02261,Z301,Z202,EV_Sedan,2026-03-12 12:43:00,17.5,520.0,1.0,520.0,Driver_Cancelled
BK_000921,CUST_01447,Z205,Z201,Prime_Sedan,2026-02-26 13:23:00,24.1,744.8,1.2,893.76,Completed
BK_000922,CUST_02194,Z201,Z107,Prime_Sedan,2026-03-14 23:02:00,27.7,845.6,1.0,845.6,Driver_Cancelled
BK_000923,CUST_02056,Z204,Z104,Prime_Sedan,2026-02-19 05:08:00,23.5,728.0,1.0,728.0,Completed
BK_000924,CUST_01375,Z107,Z304,EV_Sedan,2026-02-11 02:47:00,19.2,564.2,1.0,564.2,ETA_Timeout
BK_000925,CUST_01161,Z301,Z102,Bike_Taxi,2026-03-06 04:06:00,26.4,341.8,1.0,341.8,Completed
BK_000926,CUST_03149,Z101,Z102,Prime_Sedan,2026-03-14 17:36:00,23.8,736.4,1.4,1030.96,ETA_Timeout
BK_000927,CUST_01121,Z104,Z205,Auto_Rickshaw,2026-03-08 16:28:00,16.8,342.4,1.1,376.64,Driver_Cancelled
BK_000928,CUST_02546,Z204,Z304,EV_Sedan,2026-03-02 05:35:00,21.5,624.0,1.1,686.4,Driver_Cancelled
BK_000929,CUST_02702,Z101,Z201,Auto_Rickshaw,2026-02-19 01:54:00,6.0,148.0,1.0,148.0,Completed
BK_000930,CUST_01926,Z201,Z301,Prime_Sedan,2026-02-25 08:46:00,24.3,750.4,1.8,1350.72,Completed
BK_000931,CUST_02849,Z202,Z205,EV_Sedan,2026-02-16 14:51:00,4.9,192.4,1.1,211.64,Rider_Cancelled
BK_000932,CUST_03129,Z305,Z301,Bike_Taxi,2026-03-16 01:27:00,18.9,251.8,1.0,251.8,Driver_Cancelled
BK_000933,CUST_03017,Z206,Z302,Bike_Taxi,2026-02-21 01:32:00,5.5,91.0,1.0,91.0,Completed
BK_000934,CUST_03489,Z103,Z101,EV_Sedan,2026-02-18 19:55:00,4.4,179.4,1.4,251.16,Rider_Cancelled
BK_000935,CUST_01719,Z107,Z203,Bike_Taxi,2026-03-14 02:18:00,3.9,71.8,1.0,71.8,Completed
BK_000936,CUST_03149,Z202,Z204,Prime_Sedan,2026-03-07 08:49:00,8.8,316.4,1.2,379.68,Rider_Cancelled
BK_000937,CUST_01795,Z204,Z203,Prime_Sedan,2026-02-12 01:19:00,13.1,436.8,1.1,480.48,Completed
BK_000938,CUST_01195,Z304,Z205,Bike_Taxi,2026-02-26 22:32:00,23.4,305.8,1.2,366.96,Completed
BK_000939,CUST_03347,Z301,Z206,Auto_Rickshaw,2026-03-12 19:48:00,24.1,473.8,2.4,1137.12,Completed
BK_000940,CUST_03316,Z104,Z204,Prime_Sedan,2026-02-02 05:14:00,17.3,554.4,1.2,665.28,Driver_Cancelled
BK_000941,CUST_01780,Z104,Z107,Bike_Taxi,2026-03-11 10:36:00,22.8,298.6,1.4,418.04,Driver_Cancelled
BK_000942,CUST_03310,Z305,Z102,Auto_Rickshaw,2026-02-19 19:26:00,28.2,547.6,2.1,1149.96,Completed
BK_000943,CUST_02268,Z305,Z201,Auto_Rickshaw,2026-02-24 21:58:00,11.0,238.0,2.1,499.8,Driver_Cancelled
BK_000944,CUST_02000,Z304,Z105,Auto_Rickshaw,2026-03-03 03:54:00,24.2,475.6,1.2,570.72,ETA_Timeout
BK_000945,CUST_01013,Z205,Z302,Prime_Sedan,2026-03-13 15:08:00,26.0,798.0,1.0,798.0,Completed
BK_000946,CUST_01601,Z301,Z202,EV_Sedan,2026-02-05 12:07:00,17.4,517.4,1.2,620.88,Completed
BK_000947,CUST_03165,Z204,Z205,Auto_Rickshaw,2026-03-17 20:56:00,24.4,479.2,1.2,575.04,Driver_Cancelled
BK_000948,CUST_01611,Z201,Z204,Auto_Rickshaw,2026-03-11 22:10:00,18.8,378.4,1.2,454.08,Completed
BK_000949,CUST_02595,Z103,Z102,EV_Sedan,2026-02-06 13:33:00,7.8,267.8,1.1,294.58,Completed
BK_000950,CUST_01230,Z202,Z103,EV_Sedan,2026-02-14 14:04:00,24.8,709.8,1.2,851.76,Completed
BK_000951,CUST_01589,Z102,Z206,EV_Sedan,2026-02-11 06:51:00,2.9,140.4,1.0,140.4,Completed
BK_000952,CUST_02687,Z105,Z106,Bike_Taxi,2026-02-16 22:20:00,21.9,287.8,1.0,287.8,Completed
BK_000953,CUST_02080,Z101,Z301,Prime_Sedan,2026-03-15 20:59:00,4.2,187.6,2.1,393.96,Completed
BK_000954,CUST_02644,Z104,Z303,Auto_Rickshaw,2026-02-26 00:56:00,2.8,90.4,1.0,90.4,Driver_Cancelled
BK_000955,CUST_01417,Z103,Z107,Auto_Rickshaw,2026-02-01 06:30:00,8.2,187.6,1.1,206.36,Completed
BK_000956,CUST_01894,Z302,Z103,Auto_Rickshaw,2026-03-13 19:38:00,10.5,229.0,2.4,549.6,Completed
BK_000957,CUST_02167,Z102,Z202,Auto_Rickshaw,2026-02-21 19:25:00,24.1,473.8,1.4,663.32,Completed
BK_000958,CUST_01308,Z101,Z107,Prime_Sedan,2026-03-02 08:01:00,25.8,792.4,1.2,950.88,Completed
BK_000959,CUST_03013,Z302,Z201,EV_Sedan,2026-03-07 17:48:00,25.2,720.2,1.8,1296.36,Completed
BK_000960,CUST_02842,Z101,Z304,Bike_Taxi,2026-03-09 00:05:00,13.0,181.0,1.2,217.2,Rider_Cancelled
BK_000961,CUST_02960,Z102,Z301,EV_Sedan,2026-03-12 10:20:00,25.9,738.4,1.8,1329.12,Completed
BK_000962,CUST_02431,Z204,Z106,Bike_Taxi,2026-02-05 04:08:00,2.9,59.8,1.1,65.78,Completed
BK_000963,CUST_03338,Z105,Z205,EV_Sedan,2026-02-27 02:15:00,22.1,639.6,1.1,703.56,Rider_Cancelled
BK_000964,CUST_02762,Z305,Z203,Auto_Rickshaw,2026-03-08 21:37:00,27.3,531.4,2.1,1115.94,Completed
BK_000965,CUST_03451,Z202,Z305,EV_Sedan,2026-03-17 08:28:00,10.3,332.8,1.6,532.48,Completed
BK_000966,CUST_01147,Z302,Z103,EV_Sedan,2026-02-17 11:52:00,25.8,735.8,1.4,1030.12,Completed
BK_000967,CUST_01320,Z103,Z303,Auto_Rickshaw,2026-02-23 18:33:00,12.5,265.0,2.1,556.5,Completed
BK_000968,CUST_01804,Z303,Z102,Prime_Sedan,2026-03-09 05:28:00,20.2,635.6,1.2,762.72,Completed
BK_000969,CUST_02599,Z206,Z204,Auto_Rickshaw,2026-03-04 10:52:00,3.3,99.4,1.8,178.92,Completed
BK_000970,CUST_02611,Z302,Z206,EV_Sedan,2026-02-10 04:12:00,24.0,689.0,1.0,689.0,Completed
BK_000971,CUST_01911,Z107,Z104,EV_Sedan,2026-02-16 17:34:00,9.3,306.8,1.8,552.24,Driver_Cancelled
BK_000972,CUST_03184,Z204,Z304,Bike_Taxi,2026-02-09 08:18:00,6.9,107.8,1.6,172.48,Completed
BK_000973,CUST_03067,Z104,Z301,Auto_Rickshaw,2026-02-18 01:17:00,27.2,529.6,1.0,529.6,Completed
BK_000974,CUST_02177,Z202,Z201,Prime_Sedan,2026-02-01 14:18:00,18.8,596.4,1.0,596.4,Completed
BK_000975,CUST_03137,Z204,Z201,Bike_Taxi,2026-02-13 11:57:00,24.3,316.6,1.2,379.92,Completed
BK_000976,CUST_02500,Z107,Z302,Bike_Taxi,2026-02-22 21:45:00,8.7,129.4,2.4,310.56,Completed
BK_000977,CUST_01357,Z102,Z206,Auto_Rickshaw,2026-02-09 07:41:00,18.5,373.0,1.1,410.3,Rider_Cancelled
BK_000978,CUST_02937,Z305,Z102,EV_Sedan,2026-02-28 18:53:00,22.2,642.2,2.4,1541.28,Completed
BK_000979,CUST_02356,Z305,Z301,Bike_Taxi,2026-02-20 04:28:00,25.0,325.0,1.0,325.0,Completed
BK_000980,CUST_03090,Z204,Z202,Prime_Sedan,2026-02-25 21:17:00,21.6,674.8,2.4,1619.52,Completed
BK_000981,CUST_01487,Z103,Z302,Auto_Rickshaw,2026-03-18 02:18:00,6.0,148.0,1.0,148.0,Driver_Cancelled
BK_000982,CUST_01639,Z203,Z206,EV_Sedan,2026-03-02 08:08:00,4.4,179.4,1.4,251.16,Completed
BK_000983,CUST_02744,Z305,Z106,Bike_Taxi,2026-03-04 06:55:00,10.4,149.8,1.0,149.8,Driver_Cancelled
BK_000984,CUST_03403,Z303,Z105,Prime_Sedan,2026-02-23 23:40:00,14.2,467.6,1.0,467.6,Completed
BK_000985,CUST_02180,Z107,Z103,Auto_Rickshaw,2026-02-25 04:20:00,20.9,416.2,1.0,416.2,Driver_Cancelled
BK_000986,CUST_01548,Z107,Z103,Auto_Rickshaw,2026-02-06 23:56:00,25.3,495.4,1.0,495.4,Completed
BK_000987,CUST_01656,Z107,Z303,EV_Sedan,2026-02-16 22:50:00,22.4,647.4,1.0,647.4,Completed
BK_000988,CUST_02488,Z305,Z202,Prime_Sedan,2026-02-23 06:28:00,6.5,252.0,1.0,252.0,Completed
BK_000989,CUST_03269,Z201,Z104,Auto_Rickshaw,2026-02-19 02:42:00,21.2,421.6,1.0,421.6,Rider_Cancelled
BK_000990,CUST_01260,Z302,Z107,Prime_Sedan,2026-02-10 06:37:00,26.6,814.8,1.1,896.28,Completed
BK_000991,CUST_01702,Z104,Z302,Prime_Sedan,2026-03-09 15:09:00,19.1,604.8,1.0,604.8,Completed
BK_000992,CUST_02262,Z202,Z302,Auto_Rickshaw,2026-02-06 19:25:00,21.7,430.6,1.8,775.08,Rider_Cancelled
BK_000993,CUST_02611,Z203,Z201,EV_Sedan,2026-03-16 02:48:00,9.3,306.8,1.0,306.8,Completed
BK_000994,CUST_03339,Z106,Z303,EV_Sedan,2026-02-04 10:19:00,11.1,353.6,1.4,495.04,Completed
BK_000995,CUST_03287,Z304,Z201,Prime_Sedan,2026-02-07 04:43:00,23.6,730.8,1.0,730.8,Completed
BK_000996,CUST_01183,Z202,Z304,EV_Sedan,2026-02-28 20:32:00,16.0,481.0,2.4,1154.4,Completed
BK_000997,CUST_03192,Z206,Z102,Auto_Rickshaw,2026-03-09 14:23:00,3.0,94.0,1.0,94.0,ETA_Timeout
BK_000998,CUST_01968,Z206,Z103,EV_Sedan,2026-03-10 07:50:00,5.3,202.8,1.2,243.36,Completed
BK_000999,CUST_01686,Z205,Z101,Prime_Sedan,2026-02-05 11:00:00,14.9,487.2,1.6,779.52,Completed
BK_001000,CUST_03431,Z303,Z103,Bike_Taxi,2026-02-28 22:51:00,12.8,178.6,1.0,178.6,Completed
BK_001001,CUST_01572,Z102,Z105,EV_Sedan,2026-02-28 19:44:00,5.5,208.0,2.4,499.2,Completed
BK_001002,CUST_03168,Z302,Z201,Bike_Taxi,2026-02-10 06:12:00,3.5,67.0,1.2,80.4,Completed
BK_001003,CUST_01425,Z105,Z204,EV_Sedan,2026-02-09 06:23:00,9.9,322.4,1.0,322.4,Driver_Cancelled
BK_001004,CUST_03150,Z105,Z205,Prime_Sedan,2026-03-12 09:10:00,28.0,854.0,1.2,1024.8,Completed
BK_001005,CUST_01271,Z101,Z201,EV_Sedan,2026-03-05 19:42:00,5.8,215.8,2.4,517.92,Driver_Cancelled
BK_001006,CUST_01399,Z201,Z303,Auto_Rickshaw,2026-02-06 15:35:00,7.5,175.0,1.0,175.0,Rider_Cancelled
BK_001007,CUST_02258,Z105,Z201,EV_Sedan,2026-03-11 18:25:00,27.0,767.0,1.2,920.4,Rider_Cancelled
BK_001008,CUST_01577,Z303,Z102,EV_Sedan,2026-02-20 11:26:00,18.5,546.0,1.2,655.2,Completed
BK_001009,CUST_03420,Z101,Z302,Auto_Rickshaw,2026-02-11 15:15:00,24.9,488.2,1.0,488.2,Completed
BK_001010,CUST_02170,Z102,Z202,Auto_Rickshaw,2026-02-03 22:03:00,18.5,373.0,1.0,373.0,Rider_Cancelled
BK_001011,CUST_03312,Z302,Z205,Bike_Taxi,2026-02-20 12:14:00,12.1,170.2,1.0,170.2,Completed
BK_001012,CUST_02029,Z302,Z301,Bike_Taxi,2026-02-01 08:59:00,16.9,227.8,1.2,273.36,Driver_Cancelled
BK_001013,CUST_01849,Z101,Z302,Prime_Sedan,2026-02-26 10:56:00,14.2,467.6,1.4,654.64,Completed
BK_001014,CUST_01607,Z101,Z105,EV_Sedan,2026-03-17 14:05:00,14.5,442.0,1.0,442.0,Completed
BK_001015,CUST_02179,Z205,Z305,Prime_Sedan,2026-03-16 15:53:00,10.3,358.4,1.0,358.4,Driver_Cancelled
BK_001016,CUST_01806,Z101,Z102,Auto_Rickshaw,2026-02-26 23:16:00,11.6,248.8,1.1,273.68,Driver_Cancelled
BK_001017,CUST_02745,Z301,Z202,Prime_Sedan,2026-02-23 19:57:00,5.6,226.8,1.2,272.16,Completed
BK_001018,CUST_02792,Z206,Z302,Auto_Rickshaw,2026-03-10 17:08:00,11.7,250.6,1.4,350.84,Completed
BK_001019,CUST_01411,Z203,Z205,EV_Sedan,2026-03-01 18:40:00,22.1,639.6,2.1,1343.16,Driver_Cancelled
BK_001020,CUST_03411,Z303,Z302,Auto_Rickshaw,2026-02-06 21:47:00,3.0,94.0,1.6,150.4,Completed
BK_001021,CUST_02291,Z201,Z103,Bike_Taxi,2026-02-15 15:53:00,9.1,134.2,1.0,134.2,Completed
BK_001022,CUST_03168,Z303,Z201,Prime_Sedan,2026-03-02 17:49:00,14.5,476.0,1.2,571.2,Completed
BK_001023,CUST_01609,Z107,Z304,EV_Sedan,2026-02-14 07:06:00,15.0,455.0,1.0,455.0,Completed
BK_001024,CUST_01467,Z302,Z101,EV_Sedan,2026-02-04 07:10:00,25.5,728.0,1.0,728.0,Driver_Cancelled
BK_001025,CUST_01878,Z302,Z102,Prime_Sedan,2026-02-24 17:08:00,5.2,215.6,1.8,388.08,Completed
BK_001026,CUST_03342,Z304,Z305,Prime_Sedan,2026-03-13 12:36:00,25.9,795.2,1.2,954.24,Rider_Cancelled
BK_001027,CUST_01092,Z305,Z304,Auto_Rickshaw,2026-03-01 17:42:00,26.6,518.8,2.1,1089.48,Completed
BK_001028,CUST_02459,Z304,Z305,Auto_Rickshaw,2026-03-06 19:29:00,27.8,540.4,1.4,756.56,Completed
BK_001029,CUST_01384,Z106,Z201,Bike_Taxi,2026-02-18 13:20:00,10.3,148.6,1.2,178.32,Completed
BK_001030,CUST_02735,Z305,Z304,Prime_Sedan,2026-02-08 02:19:00,17.5,560.0,1.1,616.0,ETA_Timeout
BK_001031,CUST_02955,Z102,Z203,Bike_Taxi,2026-02-03 05:06:00,8.5,127.0,1.2,152.4,Completed
BK_001032,CUST_02164,Z305,Z201,Prime_Sedan,2026-02-16 10:03:00,11.7,397.6,2.4,954.24,Driver_Cancelled
BK_001033,CUST_02631,Z106,Z204,Prime_Sedan,2026-03-02 09:02:00,20.8,652.4,1.2,782.88,Completed
BK_001034,CUST_01622,Z103,Z303,Prime_Sedan,2026-02-01 18:41:00,5.2,215.6,1.4,301.84,Completed
BK_001035,CUST_03351,Z201,Z203,Auto_Rickshaw,2026-02-25 13:56:00,8.4,191.2,1.1,210.32,Completed
BK_001036,CUST_01280,Z301,Z101,EV_Sedan,2026-03-01 14:44:00,10.3,332.8,1.0,332.8,Completed
BK_001037,CUST_01838,Z301,Z104,Bike_Taxi,2026-02-11 20:06:00,21.2,279.4,1.4,391.16,Rider_Cancelled
BK_001038,CUST_02019,Z102,Z203,EV_Sedan,2026-02-15 20:51:00,5.0,195.0,2.1,409.5,Completed
BK_001039,CUST_01399,Z301,Z204,Auto_Rickshaw,2026-03-02 20:17:00,20.6,410.8,1.2,492.96,Completed
BK_001040,CUST_01520,Z202,Z102,Prime_Sedan,2026-02-26 03:08:00,25.0,770.0,1.2,924.0,Completed
BK_001041,CUST_02338,Z106,Z301,EV_Sedan,2026-03-01 18:24:00,16.7,499.2,1.8,898.56,Completed
BK_001042,CUST_03076,Z206,Z203,Prime_Sedan,2026-03-04 14:13:00,11.3,386.4,1.0,386.4,Completed
BK_001043,CUST_02957,Z205,Z201,Bike_Taxi,2026-03-04 23:17:00,11.6,164.2,1.1,180.62,Completed
BK_001044,CUST_02288,Z201,Z302,Prime_Sedan,2026-03-17 15:54:00,15.9,515.2,1.0,515.2,Completed
BK_001045,CUST_02224,Z304,Z202,Bike_Taxi,2026-02-09 09:26:00,26.4,341.8,1.2,410.16,ETA_Timeout
BK_001046,CUST_02123,Z305,Z301,Bike_Taxi,2026-02-20 21:08:00,3.8,70.6,1.8,127.08,Driver_Cancelled
BK_001047,CUST_01059,Z203,Z205,Prime_Sedan,2026-02-20 12:40:00,22.2,691.6,1.0,691.6,Completed
BK_001048,CUST_01994,Z205,Z202,EV_Sedan,2026-03-09 14:38:00,22.9,660.4,1.1,726.44,Driver_Cancelled
BK_001049,CUST_02379,Z203,Z102,EV_Sedan,2026-02-06 04:24:00,18.2,538.2,1.1,592.02,Completed
BK_001050,CUST_02852,Z301,Z304,Prime_Sedan,2026-03-04 19:58:00,10.6,366.8,2.4,880.32,Completed
BK_001051,CUST_03062,Z202,Z305,Auto_Rickshaw,2026-03-02 08:24:00,2.7,88.6,1.8,159.48,Rider_Cancelled
BK_001052,CUST_02944,Z304,Z206,Auto_Rickshaw,2026-02-23 03:35:00,7.6,176.8,1.1,194.48,Completed
BK_001053,CUST_02674,Z202,Z106,Prime_Sedan,2026-03-02 07:30:00,6.3,246.4,1.1,271.04,Completed
BK_001054,CUST_03412,Z206,Z102,EV_Sedan,2026-02-22 05:45:00,27.8,787.8,1.2,945.36,Completed
BK_001055,CUST_02038,Z205,Z202,Bike_Taxi,2026-02-03 09:29:00,9.1,134.2,1.2,161.04,Completed
BK_001056,CUST_01793,Z105,Z303,Prime_Sedan,2026-02-14 05:48:00,20.2,635.6,1.2,762.72,Completed
BK_001057,CUST_01126,Z107,Z301,EV_Sedan,2026-03-04 10:17:00,25.8,735.8,1.4,1030.12,Completed
BK_001058,CUST_02045,Z204,Z107,Prime_Sedan,2026-02-02 18:15:00,10.9,375.2,1.8,675.36,Completed
BK_001059,CUST_01426,Z304,Z103,Auto_Rickshaw,2026-03-05 19:08:00,14.8,306.4,1.8,551.52,Completed
BK_001060,CUST_02752,Z102,Z201,EV_Sedan,2026-03-10 13:03:00,20.4,595.4,1.2,714.48,Completed
BK_001061,CUST_03441,Z104,Z106,EV_Sedan,2026-02-25 16:08:00,15.8,475.8,1.1,523.38,Completed
BK_001062,CUST_03453,Z102,Z204,Auto_Rickshaw,2026-03-18 02:11:00,17.5,355.0,1.0,355.0,Completed
BK_001063,CUST_03451,Z305,Z206,Auto_Rickshaw,2026-03-05 14:01:00,9.5,211.0,1.0,211.0,Rider_Cancelled
BK_001064,CUST_03136,Z201,Z202,Bike_Taxi,2026-02-27 02:25:00,27.9,359.8,1.0,359.8,ETA_Timeout
BK_001065,CUST_03252,Z303,Z101,Bike_Taxi,2026-02-19 02:03:00,28.1,362.2,1.0,362.2,Completed
BK_001066,CUST_01062,Z106,Z202,Auto_Rickshaw,2026-02-09 05:56:00,4.1,113.8,1.0,113.8,Completed
BK_001067,CUST_01499,Z101,Z104,Prime_Sedan,2026-03-10 11:17:00,12.2,411.6,1.6,658.56,Driver_Cancelled
BK_001068,CUST_01964,Z305,Z203,Bike_Taxi,2026-03-15 12:13:00,19.2,255.4,1.0,255.4,Completed
BK_001069,CUST_02268,Z301,Z204,EV_Sedan,2026-03-11 02:49:00,2.6,132.6,1.0,132.6,Completed
BK_001070,CUST_03410,Z206,Z303,EV_Sedan,2026-03-11 05:02:00,3.0,143.0,1.0,143.0,Completed
BK_001071,CUST_02226,Z103,Z104,Auto_Rickshaw,2026-03-05 07:02:00,2.5,85.0,1.0,85.0,Completed
BK_001072,CUST_01062,Z205,Z107,Auto_Rickshaw,2026-02-20 19:33:00,10.1,221.8,1.8,399.24,Completed
BK_001073,CUST_03212,Z301,Z305,Prime_Sedan,2026-03-14 02:32:00,14.8,484.4,1.2,581.28,ETA_Timeout
BK_001074,CUST_02988,Z103,Z206,Bike_Taxi,2026-02-02 15:27:00,7.2,111.4,1.0,111.4,Completed
BK_001075,CUST_02469,Z302,Z305,Auto_Rickshaw,2026-02-27 12:34:00,12.4,263.2,1.2,315.84,Completed
BK_001076,CUST_02889,Z205,Z204,Prime_Sedan,2026-02-24 11:35:00,14.5,476.0,1.6,761.6,Completed
BK_001077,CUST_03259,Z105,Z203,Prime_Sedan,2026-02-05 10:22:00,26.9,823.2,2.1,1728.72,Completed
BK_001078,CUST_02083,Z205,Z202,Bike_Taxi,2026-03-14 22:47:00,23.9,311.8,1.0,311.8,Completed
BK_001079,CUST_01580,Z105,Z206,Auto_Rickshaw,2026-02-23 20:47:00,26.9,524.2,1.2,629.04,Completed
BK_001080,CUST_01558,Z202,Z304,Prime_Sedan,2026-02-09 08:00:00,26.4,809.2,2.1,1699.32,Completed
BK_001081,CUST_02073,Z302,Z201,Auto_Rickshaw,2026-02-05 08:24:00,4.4,119.2,1.4,166.88,Rider_Cancelled
BK_001082,CUST_02973,Z103,Z102,Auto_Rickshaw,2026-03-09 00:51:00,4.9,128.2,1.0,128.2,Completed
BK_001083,CUST_02751,Z103,Z102,Auto_Rickshaw,2026-03-07 02:30:00,27.1,527.8,1.0,527.8,Driver_Cancelled
BK_001084,CUST_03333,Z105,Z201,Auto_Rickshaw,2026-02-03 05:53:00,4.3,117.4,1.0,117.4,Completed
BK_001085,CUST_03352,Z203,Z205,Auto_Rickshaw,2026-03-05 01:37:00,23.6,464.8,1.0,464.8,Completed
BK_001086,CUST_02054,Z202,Z304,Bike_Taxi,2026-03-08 02:39:00,24.2,315.4,1.0,315.4,Completed
BK_001087,CUST_01290,Z102,Z203,Prime_Sedan,2026-02-16 08:56:00,11.6,394.8,1.2,473.76,Completed
BK_001088,CUST_03147,Z201,Z205,Prime_Sedan,2026-03-12 21:45:00,16.3,526.4,1.4,736.96,Completed
BK_001089,CUST_02030,Z203,Z305,Prime_Sedan,2026-02-10 03:14:00,27.7,845.6,1.2,1014.72,Completed
BK_001090,CUST_02356,Z204,Z102,Auto_Rickshaw,2026-02-21 12:37:00,20.8,414.4,1.1,455.84,Completed
BK_001091,CUST_01040,Z102,Z205,Bike_Taxi,2026-03-14 07:34:00,3.6,68.2,1.0,68.2,Completed
BK_001092,CUST_02896,Z304,Z206,Auto_Rickshaw,2026-02-05 13:29:00,6.2,151.6,1.2,181.92,Driver_Cancelled
BK_001093,CUST_02594,Z102,Z107,EV_Sedan,2026-02-08 21:42:00,13.1,405.6,2.4,973.44,Completed
BK_001094,CUST_01554,Z106,Z303,Bike_Taxi,2026-03-14 06:15:00,25.2,327.4,1.0,327.4,Completed
BK_001095,CUST_01750,Z205,Z202,Prime_Sedan,2026-02-21 06:45:00,3.3,162.4,1.2,194.88,Completed
BK_001096,CUST_03417,Z205,Z101,Bike_Taxi,2026-03-14 19:44:00,3.8,70.6,1.4,98.84,ETA_Timeout
BK_001097,CUST_02180,Z107,Z204,EV_Sedan,2026-03-08 10:10:00,7.8,267.8,2.4,642.72,Rider_Cancelled
BK_001098,CUST_02137,Z205,Z105,Bike_Taxi,2026-03-15 22:12:00,13.6,188.2,1.0,188.2,Completed
BK_001099,CUST_01714,Z305,Z205,Prime_Sedan,2026-02-17 00:02:00,20.3,638.4,1.0,638.4,Completed
BK_001100,CUST_02630,Z301,Z102,Auto_Rickshaw,2026-02-04 14:29:00,21.1,419.8,1.2,503.76,Completed
BK_001101,CUST_01893,Z107,Z204,Prime_Sedan,2026-02-15 05:03:00,24.9,767.2,1.2,920.64,Completed
BK_001102,CUST_02426,Z101,Z104,Prime_Sedan,2026-02-23 16:44:00,10.6,366.8,1.0,366.8,Completed
BK_001103,CUST_03346,Z105,Z202,Auto_Rickshaw,2026-03-09 04:06:00,11.1,239.8,1.0,239.8,Completed
BK_001104,CUST_01024,Z305,Z301,Bike_Taxi,2026-02-24 11:31:00,2.9,59.8,1.6,95.68,Rider_Cancelled
BK_001105,CUST_02573,Z206,Z303,EV_Sedan,2026-02-11 06:14:00,9.8,319.8,1.0,319.8,Completed
BK_001106,CUST_01763,Z103,Z107,Prime_Sedan,2026-02-28 06:10:00,10.6,366.8,1.2,440.16,Completed
BK_001107,CUST_02449,Z304,Z106,Auto_Rickshaw,2026-02-04 18:54:00,28.1,545.8,1.6,873.28,Rider_Cancelled
BK_001108,CUST_02823,Z104,Z103,Prime_Sedan,2026-03-09 17:04:00,8.4,305.2,1.6,488.32,Completed
BK_001109,CUST_03149,Z104,Z305,EV_Sedan,2026-02-27 07:42:00,20.3,592.8,1.1,652.08,Completed
BK_001110,CUST_02282,Z302,Z304,Bike_Taxi,2026-02-08 20:55:00,12.4,173.8,2.4,417.12,Completed
BK_001111,CUST_02538,Z105,Z305,Prime_Sedan,2026-03-14 14:26:00,25.9,795.2,1.2,954.24,Driver_Cancelled
BK_001112,CUST_02274,Z102,Z105,Auto_Rickshaw,2026-02-24 15:19:00,21.3,423.4,1.0,423.4,Completed
BK_001113,CUST_01637,Z102,Z203,Bike_Taxi,2026-02-05 06:51:00,15.2,207.4,1.0,207.4,Completed
BK_001114,CUST_01804,Z101,Z106,EV_Sedan,2026-03-06 17:36:00,5.8,215.8,2.4,517.92,Completed
BK_001115,CUST_01521,Z104,Z202,Bike_Taxi,2026-02-18 05:20:00,25.9,335.8,1.0,335.8,Completed
BK_001116,CUST_03437,Z201,Z303,Bike_Taxi,2026-02-22 01:04:00,12.8,178.6,1.1,196.46,Completed
BK_001117,CUST_01304,Z303,Z203,Bike_Taxi,2026-02-18 11:00:00,24.9,323.8,2.1,679.98,Completed
BK_001118,CUST_02586,Z206,Z106,Bike_Taxi,2026-02-08 02:45:00,23.3,304.6,1.2,365.52,Completed
BK_001119,CUST_02611,Z302,Z102,Bike_Taxi,2026-02-18 16:31:00,26.7,345.4,1.0,345.4,Completed
BK_001120,CUST_01149,Z302,Z301,Prime_Sedan,2026-02-19 01:38:00,18.2,579.6,1.0,579.6,Completed
BK_001121,CUST_01692,Z206,Z105,EV_Sedan,2026-02-20 23:52:00,10.2,330.2,1.0,330.2,Completed
BK_001122,CUST_01620,Z104,Z305,Bike_Taxi,2026-03-11 22:35:00,16.4,221.8,1.2,266.16,Completed
BK_001123,CUST_03339,Z206,Z202,Prime_Sedan,2026-02-11 06:57:00,23.4,725.2,1.0,725.2,Rider_Cancelled
BK_001124,CUST_01765,Z205,Z102,EV_Sedan,2026-02-17 20:19:00,8.3,280.8,2.1,589.68,Completed
BK_001125,CUST_03167,Z303,Z206,EV_Sedan,2026-02-02 12:34:00,12.1,379.6,1.0,379.6,Completed
BK_001126,CUST_02375,Z107,Z206,Bike_Taxi,2026-03-17 06:16:00,12.1,170.2,1.0,170.2,Completed
BK_001127,CUST_02149,Z105,Z103,Prime_Sedan,2026-02-09 07:25:00,12.1,408.8,1.0,408.8,Completed
BK_001128,CUST_01760,Z206,Z105,EV_Sedan,2026-02-15 22:54:00,12.8,397.8,1.0,397.8,Driver_Cancelled
BK_001129,CUST_01982,Z101,Z303,Prime_Sedan,2026-03-12 20:23:00,8.7,313.6,1.6,501.76,Driver_Cancelled
BK_001130,CUST_01744,Z206,Z104,Auto_Rickshaw,2026-03-15 17:13:00,28.4,551.2,1.6,881.92,Rider_Cancelled
BK_001131,CUST_01645,Z301,Z104,Prime_Sedan,2026-02-14 22:46:00,8.1,296.8,1.0,296.8,Driver_Cancelled
BK_001132,CUST_02691,Z201,Z303,Auto_Rickshaw,2026-02-11 12:51:00,3.3,99.4,1.0,99.4,Completed
BK_001133,CUST_03249,Z302,Z103,Auto_Rickshaw,2026-03-14 22:40:00,10.8,234.4,1.2,281.28,Completed
BK_001134,CUST_03041,Z102,Z105,Prime_Sedan,2026-02-23 21:05:00,25.1,772.8,1.4,1081.92,Rider_Cancelled
BK_001135,CUST_02399,Z105,Z202,Auto_Rickshaw,2026-03-14 10:25:00,14.3,297.4,1.8,535.32,Completed
BK_001136,CUST_01192,Z205,Z105,EV_Sedan,2026-03-10 06:44:00,3.1,145.6,1.1,160.16,Rider_Cancelled
BK_001137,CUST_01187,Z102,Z101,Auto_Rickshaw,2026-03-15 03:43:00,24.8,486.4,1.0,486.4,Completed
BK_001138,CUST_02234,Z201,Z104,Prime_Sedan,2026-03-08 06:12:00,16.3,526.4,1.0,526.4,Completed
BK_001139,CUST_01632,Z304,Z206,Auto_Rickshaw,2026-02-09 06:15:00,17.5,355.0,1.0,355.0,Completed
BK_001140,CUST_01608,Z106,Z105,Bike_Taxi,2026-03-02 08:58:00,8.4,125.8,2.4,301.92,Completed
BK_001141,CUST_01924,Z105,Z202,Bike_Taxi,2026-02-20 12:16:00,15.7,213.4,1.1,234.74,ETA_Timeout
BK_001142,CUST_02924,Z206,Z103,Auto_Rickshaw,2026-03-14 13:07:00,3.7,106.6,1.0,106.6,Completed
BK_001143,CUST_01058,Z303,Z104,Prime_Sedan,2026-02-08 08:21:00,11.7,397.6,1.8,715.68,Rider_Cancelled
BK_001144,CUST_01750,Z103,Z304,Prime_Sedan,2026-03-03 13:41:00,16.4,529.2,1.1,582.12,Completed
BK_001145,CUST_01626,Z105,Z107,Auto_Rickshaw,2026-03-15 02:29:00,19.0,382.0,1.2,458.4,Completed
BK_001146,CUST_01755,Z106,Z206,Prime_Sedan,2026-02-19 16:23:00,7.3,274.4,1.0,274.4,Rider_Cancelled
BK_001147,CUST_02523,Z102,Z301,Prime_Sedan,2026-02-12 06:35:00,4.2,187.6,1.1,206.36,Completed
BK_001148,CUST_02292,Z201,Z204,Auto_Rickshaw,2026-03-08 09:24:00,6.4,155.2,1.2,186.24,Rider_Cancelled
BK_001149,CUST_02579,Z106,Z301,EV_Sedan,2026-03-03 08:05:00,22.9,660.4,1.2,792.48,Completed
BK_001150,CUST_01185,Z205,Z204,EV_Sedan,2026-02-12 16:37:00,23.3,670.8,1.2,804.96,Rider_Cancelled
BK_001151,CUST_01355,Z301,Z202,Prime_Sedan,2026-02-04 12:39:00,11.1,380.8,1.0,380.8,Completed
BK_001152,CUST_03035,Z205,Z106,EV_Sedan,2026-02-03 23:45:00,23.6,678.6,1.1,746.46,Completed
BK_001153,CUST_01368,Z105,Z204,Bike_Taxi,2026-02-04 14:03:00,22.0,289.0,1.0,289.0,Completed
BK_001154,CUST_01676,Z301,Z304,EV_Sedan,2026-03-13 21:36:00,4.6,184.6,1.8,332.28,Completed
BK_001155,CUST_02722,Z205,Z201,Prime_Sedan,2026-03-11 12:13:00,7.8,288.4,1.0,288.4,Completed
BK_001156,CUST_01511,Z105,Z102,Auto_Rickshaw,2026-02-08 11:10:00,11.7,250.6,1.2,300.72,Completed
BK_001157,CUST_01205,Z101,Z106,Auto_Rickshaw,2026-02-20 09:41:00,12.8,270.4,2.1,567.84,Completed
BK_001158,CUST_01825,Z206,Z205,EV_Sedan,2026-02-20 15:59:00,24.8,709.8,1.0,709.8,Completed
BK_001159,CUST_03315,Z301,Z106,Auto_Rickshaw,2026-03-17 01:43:00,4.6,122.8,1.1,135.08,Rider_Cancelled
BK_001160,CUST_03332,Z206,Z201,Bike_Taxi,2026-02-15 20:43:00,20.6,272.2,1.4,381.08,Completed
BK_001161,CUST_01962,Z103,Z205,EV_Sedan,2026-03-01 04:44:00,18.4,543.4,1.0,543.4,Completed
BK_001162,CUST_02260,Z202,Z103,EV_Sedan,2026-03-09 06:45:00,12.8,397.8,1.0,397.8,Rider_Cancelled
BK_001163,CUST_02059,Z202,Z303,EV_Sedan,2026-02-14 05:23:00,25.3,722.8,1.0,722.8,Completed
BK_001164,CUST_01526,Z303,Z107,EV_Sedan,2026-03-18 05:31:00,5.1,197.6,1.2,237.12,Completed
BK_001165,CUST_02962,Z204,Z203,Bike_Taxi,2026-03-14 04:12:00,7.5,115.0,1.2,138.0,Completed
BK_001166,CUST_02237,Z202,Z302,EV_Sedan,2026-03-11 20:31:00,26.7,759.2,1.6,1214.72,Completed
BK_001167,CUST_01836,Z302,Z204,Bike_Taxi,2026-03-12 07:40:00,16.2,219.4,1.1,241.34,Completed
BK_001168,CUST_01324,Z107,Z103,Auto_Rickshaw,2026-02-13 03:10:00,7.4,173.2,1.0,173.2,Completed
BK_001169,CUST_01752,Z107,Z302,Prime_Sedan,2026-02-08 10:06:00,3.4,165.2,2.4,396.48,Completed
BK_001170,CUST_03374,Z301,Z305,Prime_Sedan,2026-03-06 23:51:00,3.3,162.4,1.1,178.64,Driver_Cancelled
BK_001171,CUST_01577,Z202,Z301,Bike_Taxi,2026-03-07 12:45:00,6.5,103.0,1.2,123.6,Driver_Cancelled
BK_001172,CUST_02996,Z302,Z203,Prime_Sedan,2026-02-04 04:21:00,7.4,277.2,1.1,304.92,Completed
BK_001173,CUST_03291,Z202,Z302,EV_Sedan,2026-02-19 00:54:00,14.2,434.2,1.0,434.2,Completed
BK_001174,CUST_02353,Z206,Z104,Bike_Taxi,2026-02-11 01:24:00,8.5,127.0,1.0,127.0,Completed
BK_001175,CUST_01044,Z302,Z301,Auto_Rickshaw,2026-02-07 17:05:00,22.0,436.0,1.8,784.8,Completed
BK_001176,CUST_03278,Z202,Z304,Prime_Sedan,2026-02-09 00:22:00,8.1,296.8,1.0,296.8,Completed
BK_001177,CUST_01668,Z106,Z105,Prime_Sedan,2026-02-14 13:40:00,4.0,182.0,1.0,182.0,Driver_Cancelled
BK_001178,CUST_03239,Z302,Z104,EV_Sedan,2026-03-11 02:26:00,10.8,345.8,1.1,380.38,Completed
BK_001179,CUST_03219,Z201,Z303,EV_Sedan,2026-02-08 06:18:00,11.3,358.8,1.1,394.68,Driver_Cancelled
BK_001180,CUST_01638,Z204,Z102,Prime_Sedan,2026-03-09 18:43:00,12.5,420.0,2.1,882.0,Driver_Cancelled
BK_001181,CUST_02044,Z304,Z105,EV_Sedan,2026-03-16 08:32:00,9.0,299.0,1.4,418.6,Completed
BK_001182,CUST_02876,Z304,Z102,EV_Sedan,2026-02-11 23:27:00,23.5,676.0,1.0,676.0,Completed
BK_001183,CUST_01148,Z201,Z105,Auto_Rickshaw,2026-02-17 07:02:00,20.6,410.8,1.0,410.8,Completed
BK_001184,CUST_02043,Z201,Z202,Auto_Rickshaw,2026-02-26 15:00:00,6.8,162.4,1.1,178.64,Completed
BK_001185,CUST_02567,Z107,Z201,Prime_Sedan,2026-03-06 22:19:00,7.8,288.4,1.0,288.4,Completed
BK_001186,CUST_02904,Z101,Z107,Prime_Sedan,2026-02-01 17:16:00,22.4,697.2,1.6,1115.52,Completed
BK_001187,CUST_01857,Z106,Z205,Prime_Sedan,2026-02-20 02:19:00,7.3,274.4,1.0,274.4,Rider_Cancelled
BK_001188,CUST_01699,Z106,Z206,Auto_Rickshaw,2026-02-27 01:34:00,13.4,281.2,1.0,281.2,Rider_Cancelled
BK_001189,CUST_03477,Z105,Z101,Auto_Rickshaw,2026-03-03 00:28:00,6.4,155.2,1.0,155.2,Completed
BK_001190,CUST_03383,Z206,Z201,Auto_Rickshaw,2026-02-21 02:06:00,19.9,398.2,1.0,398.2,Driver_Cancelled
BK_001191,CUST_02216,Z106,Z102,Prime_Sedan,2026-02-20 21:16:00,11.2,383.6,1.8,690.48,Completed
BK_001192,CUST_01166,Z102,Z203,Bike_Taxi,2026-02-27 08:50:00,20.8,274.6,2.1,576.66,Completed
BK_001193,CUST_01462,Z205,Z105,EV_Sedan,2026-03-12 19:58:00,16.4,491.4,1.8,884.52,ETA_Timeout
BK_001194,CUST_02221,Z101,Z105,EV_Sedan,2026-03-08 00:01:00,16.3,488.8,1.2,586.56,Completed
BK_001195,CUST_02591,Z106,Z305,Bike_Taxi,2026-03-14 22:02:00,19.1,254.2,1.1,279.62,Completed
BK_001196,CUST_01487,Z301,Z105,EV_Sedan,2026-02-11 03:47:00,5.4,205.4,1.0,205.4,Completed
BK_001197,CUST_02037,Z305,Z107,Auto_Rickshaw,2026-03-09 11:16:00,21.6,428.8,1.2,514.56,Rider_Cancelled
BK_001198,CUST_02930,Z302,Z105,Bike_Taxi,2026-03-10 19:32:00,17.5,235.0,1.8,423.0,Completed
BK_001199,CUST_01086,Z106,Z101,Bike_Taxi,2026-02-04 02:08:00,26.8,346.6,1.0,346.6,Completed
BK_001200,CUST_01736,Z202,Z201,EV_Sedan,2026-03-13 14:04:00,16.8,501.8,1.2,602.16,Completed
BK_001201,CUST_02631,Z305,Z301,Bike_Taxi,2026-02-08 17:08:00,26.8,346.6,1.8,623.88,Rider_Cancelled
BK_001202,CUST_01848,Z304,Z206,Bike_Taxi,2026-03-03 21:17:00,23.7,309.4,1.4,433.16,Completed
BK_001203,CUST_02864,Z104,Z202,Prime_Sedan,2026-02-21 00:06:00,27.6,842.8,1.2,1011.36,Completed
BK_001204,CUST_03215,Z304,Z201,Auto_Rickshaw,2026-02-17 03:33:00,21.7,430.6,1.0,430.6,Completed
BK_001205,CUST_02976,Z303,Z206,Prime_Sedan,2026-02-05 13:44:00,22.1,688.8,1.0,688.8,Completed
BK_001206,CUST_01308,Z105,Z303,EV_Sedan,2026-02-28 20:40:00,5.5,208.0,1.8,374.4,Rider_Cancelled
BK_001207,CUST_03431,Z301,Z201,Auto_Rickshaw,2026-02-25 20:56:00,11.6,248.8,2.4,597.12,Completed
BK_001208,CUST_01700,Z205,Z104,Prime_Sedan,2026-02-07 13:07:00,7.8,288.4,1.0,288.4,Completed
BK_001209,CUST_01037,Z302,Z203,Auto_Rickshaw,2026-03-13 14:23:00,14.1,293.8,1.0,293.8,Completed
BK_001210,CUST_02624,Z303,Z101,Auto_Rickshaw,2026-02-26 20:19:00,10.5,229.0,1.2,274.8,Completed
BK_001211,CUST_03065,Z203,Z104,Bike_Taxi,2026-02-19 22:52:00,10.0,145.0,1.1,159.5,Completed
BK_001212,CUST_03187,Z101,Z203,Bike_Taxi,2026-02-14 10:46:00,23.1,302.2,1.6,483.52,Completed
BK_001213,CUST_01572,Z302,Z102,Auto_Rickshaw,2026-02-19 07:18:00,16.9,344.2,1.1,378.62,Rider_Cancelled
BK_001214,CUST_03190,Z202,Z206,Bike_Taxi,2026-02-24 22:04:00,2.5,55.0,1.0,55.0,Driver_Cancelled
BK_001215,CUST_01169,Z204,Z304,EV_Sedan,2026-02-15 03:16:00,18.6,548.6,1.2,658.32,Completed
BK_001216,CUST_02832,Z205,Z101,Bike_Taxi,2026-02-03 09:36:00,3.7,69.4,1.2,83.28,Completed
BK_001217,CUST_02465,Z206,Z203,EV_Sedan,2026-02-05 16:02:00,22.4,647.4,1.2,776.88,Completed
BK_001218,CUST_02966,Z101,Z105,Prime_Sedan,2026-02-25 09:47:00,13.3,442.4,1.8,796.32,Completed
BK_001219,CUST_02211,Z203,Z202,Bike_Taxi,2026-02-07 05:39:00,12.7,177.4,1.2,212.88,Completed
BK_001220,CUST_02548,Z105,Z106,EV_Sedan,2026-02-06 13:36:00,18.4,543.4,1.0,543.4,Completed
BK_001221,CUST_02359,Z201,Z107,Auto_Rickshaw,2026-03-15 15:51:00,23.1,455.8,1.0,455.8,Completed
BK_001222,CUST_02337,Z106,Z104,Auto_Rickshaw,2026-03-11 20:21:00,10.6,230.8,1.4,323.12,Completed
BK_001223,CUST_02021,Z206,Z105,EV_Sedan,2026-03-03 05:09:00,26.7,759.2,1.0,759.2,Completed
BK_001224,CUST_03196,Z305,Z201,EV_Sedan,2026-03-01 08:27:00,21.0,611.0,1.6,977.6,Completed
BK_001225,CUST_01474,Z304,Z204,Bike_Taxi,2026-02-23 12:23:00,14.2,195.4,1.0,195.4,Completed
BK_001226,CUST_02932,Z201,Z206,Bike_Taxi,2026-03-02 07:33:00,22.6,296.2,1.0,296.2,Completed
BK_001227,CUST_02230,Z302,Z107,Prime_Sedan,2026-02-13 01:56:00,3.5,168.0,1.0,168.0,Completed
BK_001228,CUST_01982,Z304,Z106,EV_Sedan,2026-02-20 16:31:00,14.8,449.8,1.0,449.8,Completed
BK_001229,CUST_03273,Z301,Z106,Bike_Taxi,2026-02-15 15:07:00,7.2,111.4,1.0,111.4,Completed
BK_001230,CUST_03313,Z104,Z206,Prime_Sedan,2026-02-20 14:03:00,10.1,352.8,1.1,388.08,Driver_Cancelled
BK_001231,CUST_02963,Z302,Z206,Prime_Sedan,2026-03-15 17:38:00,17.8,568.4,1.4,795.76,Completed
BK_001232,CUST_02762,Z202,Z205,Prime_Sedan,2026-02-03 15:31:00,20.4,641.2,1.2,769.44,Completed
BK_001233,CUST_01349,Z305,Z301,Auto_Rickshaw,2026-03-03 10:47:00,26.0,508.0,2.1,1066.8,Completed
BK_001234,CUST_02795,Z106,Z206,Auto_Rickshaw,2026-03-10 17:54:00,19.0,382.0,1.8,687.6,Completed
BK_001235,CUST_03392,Z302,Z103,Auto_Rickshaw,2026-03-10 13:39:00,16.2,331.6,1.0,331.6,Completed
BK_001236,CUST_01406,Z202,Z107,Bike_Taxi,2026-02-20 14:42:00,16.1,218.2,1.1,240.02,Completed
BK_001237,CUST_03197,Z104,Z103,Prime_Sedan,2026-02-27 13:27:00,24.2,747.6,1.0,747.6,Completed
BK_001238,CUST_02824,Z302,Z102,EV_Sedan,2026-02-18 02:34:00,17.1,509.6,1.0,509.6,Completed
BK_001239,CUST_03206,Z101,Z303,EV_Sedan,2026-03-16 23:52:00,7.6,262.6,1.0,262.6,Completed
BK_001240,CUST_03182,Z105,Z304,Auto_Rickshaw,2026-02-15 05:44:00,11.6,248.8,1.0,248.8,Completed
BK_001241,CUST_02343,Z102,Z106,Auto_Rickshaw,2026-02-14 20:57:00,7.9,182.2,1.4,255.08,Completed
BK_001242,CUST_01324,Z107,Z206,EV_Sedan,2026-02-24 10:40:00,17.3,514.8,2.4,1235.52,Completed
BK_001243,CUST_02196,Z302,Z201,Bike_Taxi,2026-02-05 03:52:00,23.8,310.6,1.0,310.6,Completed
BK_001244,CUST_01175,Z105,Z305,Auto_Rickshaw,2026-03-14 17:04:00,15.1,311.8,1.4,436.52,Completed
BK_001245,CUST_03135,Z103,Z301,EV_Sedan,2026-03-09 23:43:00,4.3,176.8,1.0,176.8,Completed
BK_001246,CUST_01839,Z204,Z203,Bike_Taxi,2026-02-19 21:23:00,27.9,359.8,1.6,575.68,Rider_Cancelled
BK_001247,CUST_03295,Z305,Z101,Bike_Taxi,2026-02-07 09:51:00,2.7,57.4,1.8,103.32,Completed
BK_001248,CUST_02857,Z104,Z305,Prime_Sedan,2026-03-07 14:38:00,17.9,571.2,1.2,685.44,Driver_Cancelled
BK_001249,CUST_02687,Z102,Z302,EV_Sedan,2026-02-23 18:59:00,20.6,600.6,1.8,1081.08,Rider_Cancelled
BK_001250,CUST_03072,Z305,Z202,EV_Sedan,2026-03-15 23:04:00,14.3,436.8,1.2,524.16,Completed
BK_001251,CUST_02859,Z105,Z304,EV_Sedan,2026-02-06 20:39:00,25.6,730.6,1.8,1315.08,Completed
BK_001252,CUST_01144,Z107,Z204,EV_Sedan,2026-03-16 08:29:00,22.3,644.8,1.4,902.72,Rider_Cancelled
BK_001253,CUST_03247,Z303,Z302,EV_Sedan,2026-03-02 22:02:00,8.3,280.8,1.0,280.8,Completed
BK_001254,CUST_01462,Z205,Z107,Auto_Rickshaw,2026-02-24 13:57:00,7.3,171.4,1.1,188.54,Completed
BK_001255,CUST_01953,Z103,Z102,EV_Sedan,2026-03-06 04:58:00,14.5,442.0,1.0,442.0,Completed
BK_001256,CUST_01882,Z106,Z203,Prime_Sedan,2026-02-18 03:29:00,4.0,182.0,1.0,182.0,Completed
BK_001257,CUST_03286,Z303,Z105,Auto_Rickshaw,2026-03-07 03:05:00,25.0,490.0,1.1,539.0,Completed
BK_001258,CUST_02086,Z107,Z106,Bike_Taxi,2026-02-20 07:53:00,16.4,221.8,1.0,221.8,Completed
BK_001259,CUST_03238,Z206,Z303,Auto_Rickshaw,2026-03-04 20:32:00,4.0,112.0,2.4,268.8,Rider_Cancelled
BK_001260,CUST_03436,Z204,Z201,Prime_Sedan,2026-02-19 00:59:00,4.3,190.4,1.1,209.44,Completed
BK_001261,CUST_03028,Z201,Z105,EV_Sedan,2026-02-16 10:18:00,3.2,148.2,2.1,311.22,Completed
BK_001262,CUST_02560,Z102,Z305,Bike_Taxi,2026-02-22 18:13:00,15.4,209.8,1.2,251.76,Completed
BK_001263,CUST_03032,Z104,Z107,Prime_Sedan,2026-02-26 03:38:00,24.2,747.6,1.0,747.6,Completed
BK_001264,CUST_01540,Z106,Z206,Prime_Sedan,2026-02-07 19:31:00,2.9,151.2,1.2,181.44,Completed
BK_001265,CUST_02250,Z302,Z304,Auto_Rickshaw,2026-03-13 10:48:00,18.5,373.0,1.4,522.2,Completed
BK_001266,CUST_02908,Z203,Z101,Auto_Rickshaw,2026-03-17 10:03:00,9.5,211.0,2.4,506.4,Completed
BK_001267,CUST_03200,Z103,Z107,EV_Sedan,2026-03-09 21:44:00,28.3,800.8,1.8,1441.44,Driver_Cancelled
BK_001268,CUST_02962,Z305,Z301,Prime_Sedan,2026-03-09 06:09:00,5.8,232.4,1.2,278.88,Completed
BK_001269,CUST_03284,Z103,Z105,Prime_Sedan,2026-02-27 06:39:00,10.1,352.8,1.0,352.8,Driver_Cancelled
BK_001270,CUST_02791,Z203,Z102,Auto_Rickshaw,2026-02-03 12:59:00,12.7,268.6,1.1,295.46,Rider_Cancelled
BK_001271,CUST_02336,Z201,Z203,EV_Sedan,2026-02-25 20:11:00,13.9,426.4,1.6,682.24,Completed
BK_001272,CUST_01040,Z106,Z103,Prime_Sedan,2026-02-08 19:51:00,20.3,638.4,1.4,893.76,Completed
BK_001273,CUST_03126,Z206,Z201,Prime_Sedan,2026-03-09 08:28:00,14.3,470.4,1.6,752.64,Completed
BK_001274,CUST_01011,Z101,Z104,Bike_Taxi,2026-02-18 17:57:00,23.8,310.6,2.1,652.26,Completed
BK_001275,CUST_01184,Z206,Z101,Bike_Taxi,2026-02-25 21:45:00,10.3,148.6,2.4,356.64,ETA_Timeout
BK_001276,CUST_01337,Z305,Z301,Auto_Rickshaw,2026-02-23 02:19:00,8.9,200.2,1.0,200.2,Completed
BK_001277,CUST_01338,Z104,Z305,Prime_Sedan,2026-03-13 09:47:00,4.9,207.2,1.2,248.64,Completed
BK_001278,CUST_01775,Z202,Z101,Prime_Sedan,2026-02-04 08:43:00,10.9,375.2,1.6,600.32,Completed
BK_001279,CUST_02120,Z206,Z302,Prime_Sedan,2026-02-21 08:21:00,5.0,210.0,1.4,294.0,Completed
BK_001280,CUST_01624,Z105,Z202,Auto_Rickshaw,2026-02-24 14:42:00,27.7,538.6,1.1,592.46,Completed
BK_001281,CUST_02916,Z201,Z206,Bike_Taxi,2026-03-02 05:57:00,10.6,152.2,1.0,152.2,Rider_Cancelled
BK_001282,CUST_02862,Z101,Z102,Bike_Taxi,2026-02-14 15:50:00,18.6,248.2,1.0,248.2,ETA_Timeout
BK_001283,CUST_03294,Z105,Z205,Prime_Sedan,2026-02-06 03:04:00,20.4,641.2,1.2,769.44,Rider_Cancelled
BK_001284,CUST_02418,Z101,Z204,Prime_Sedan,2026-03-03 12:58:00,25.5,784.0,1.1,862.4,Completed
BK_001285,CUST_02878,Z103,Z101,Auto_Rickshaw,2026-02-05 08:00:00,7.7,178.6,2.4,428.64,Rider_Cancelled
BK_001286,CUST_02438,Z103,Z106,Prime_Sedan,2026-02-02 14:04:00,2.8,148.4,1.0,148.4,Completed
BK_001287,CUST_01189,Z203,Z106,Auto_Rickshaw,2026-03-13 22:18:00,13.4,281.2,1.0,281.2,Completed
BK_001288,CUST_01840,Z203,Z304,EV_Sedan,2026-03-11 17:20:00,8.6,288.6,1.4,404.04,Completed
BK_001289,CUST_01517,Z302,Z106,Prime_Sedan,2026-02-19 04:36:00,15.7,509.6,1.1,560.56,Driver_Cancelled
BK_001290,CUST_02640,Z105,Z106,Bike_Taxi,2026-02-13 19:31:00,25.5,331.0,1.2,397.2,Completed
BK_001291,CUST_03369,Z102,Z201,Auto_Rickshaw,2026-02-17 16:58:00,13.2,277.6,1.0,277.6,Rider_Cancelled
BK_001292,CUST_02235,Z105,Z106,Auto_Rickshaw,2026-02-11 23:00:00,23.6,464.8,1.0,464.8,Completed
BK_001293,CUST_02773,Z202,Z206,EV_Sedan,2026-02-08 16:43:00,17.4,517.4,1.0,517.4,Completed
BK_001294,CUST_03020,Z107,Z103,Auto_Rickshaw,2026-02-25 10:12:00,9.0,202.0,1.4,282.8,Driver_Cancelled
BK_001295,CUST_02257,Z201,Z205,Auto_Rickshaw,2026-03-04 01:38:00,15.5,319.0,1.2,382.8,Driver_Cancelled
BK_001296,CUST_01266,Z304,Z305,Auto_Rickshaw,2026-02-13 20:48:00,16.5,337.0,2.1,707.7,ETA_Timeout
BK_001297,CUST_02660,Z202,Z101,Prime_Sedan,2026-02-17 01:21:00,28.3,862.4,1.0,862.4,Completed
BK_001298,CUST_01121,Z104,Z301,Bike_Taxi,2026-02-03 13:39:00,2.6,56.2,1.0,56.2,Rider_Cancelled
BK_001299,CUST_01412,Z304,Z206,Auto_Rickshaw,2026-02-03 15:44:00,6.7,160.6,1.0,160.6,ETA_Timeout
BK_001300,CUST_01826,Z104,Z303,Bike_Taxi,2026-02-26 07:34:00,4.6,80.2,1.2,96.24,Driver_Cancelled
BK_001301,CUST_01860,Z203,Z304,Prime_Sedan,2026-03-10 06:19:00,5.3,218.4,1.0,218.4,Completed
BK_001302,CUST_02590,Z105,Z206,Auto_Rickshaw,2026-03-04 08:49:00,21.3,423.4,2.4,1016.16,Completed
BK_001303,CUST_01494,Z103,Z201,Prime_Sedan,2026-03-16 20:36:00,8.3,302.4,1.8,544.32,Completed
BK_001304,CUST_02917,Z102,Z202,EV_Sedan,2026-02-22 13:07:00,5.3,202.8,1.0,202.8,Completed
BK_001305,CUST_03009,Z104,Z201,Auto_Rickshaw,2026-02-23 07:55:00,3.5,103.0,1.0,103.0,Driver_Cancelled
BK_001306,CUST_01746,Z203,Z101,Bike_Taxi,2026-03-03 21:53:00,22.9,299.8,2.4,719.52,Completed
BK_001307,CUST_02619,Z106,Z107,Prime_Sedan,2026-03-17 09:48:00,17.7,565.6,1.2,678.72,Driver_Cancelled
BK_001308,CUST_02567,Z305,Z205,EV_Sedan,2026-03-11 19:03:00,12.9,400.4,1.8,720.72,Completed
BK_001309,CUST_02494,Z105,Z103,Prime_Sedan,2026-02-15 21:33:00,24.3,750.4,1.2,900.48,Rider_Cancelled
BK_001310,CUST_01298,Z101,Z304,Prime_Sedan,2026-03-15 11:20:00,7.6,282.8,1.2,339.36,Completed
BK_001311,CUST_01910,Z105,Z204,EV_Sedan,2026-02-25 21:49:00,4.2,174.2,1.6,278.72,Completed
BK_001312,CUST_01192,Z105,Z104,Prime_Sedan,2026-02-18 00:16:00,14.9,487.2,1.0,487.2,Completed
BK_001313,CUST_03253,Z103,Z104,Auto_Rickshaw,2026-02-01 09:25:00,23.8,468.4,1.6,749.44,Rider_Cancelled
BK_001314,CUST_02723,Z202,Z105,Bike_Taxi,2026-02-23 13:50:00,24.7,321.4,1.2,385.68,Completed
BK_001315,CUST_03019,Z204,Z104,EV_Sedan,2026-02-07 08:20:00,22.4,647.4,1.4,906.36,Completed
BK_001316,CUST_02571,Z101,Z106,Auto_Rickshaw,2026-02-14 16:54:00,22.2,439.6,1.0,439.6,Driver_Cancelled
BK_001317,CUST_02732,Z302,Z303,EV_Sedan,2026-02-07 16:23:00,4.2,174.2,1.0,174.2,Completed
BK_001318,CUST_01942,Z303,Z102,EV_Sedan,2026-02-11 02:29:00,10.8,345.8,1.0,345.8,ETA_Timeout
BK_001319,CUST_03172,Z101,Z107,Auto_Rickshaw,2026-03-13 16:39:00,23.9,470.2,1.1,517.22,Driver_Cancelled
BK_001320,CUST_02881,Z106,Z301,Auto_Rickshaw,2026-02-03 12:24:00,11.1,239.8,1.0,239.8,Driver_Cancelled
BK_001321,CUST_03164,Z206,Z105,Auto_Rickshaw,2026-03-13 21:56:00,16.9,344.2,1.8,619.56,Rider_Cancelled
BK_001322,CUST_02707,Z301,Z202,Prime_Sedan,2026-02-07 10:39:00,19.5,616.0,1.2,739.2,Completed
BK_001323,CUST_02643,Z303,Z301,EV_Sedan,2026-03-04 17:26:00,18.2,538.2,1.4,753.48,Completed
BK_001324,CUST_03118,Z304,Z206,Auto_Rickshaw,2026-02-28 03:52:00,4.0,112.0,1.0,112.0,Completed
BK_001325,CUST_03367,Z301,Z103,EV_Sedan,2026-03-16 19:17:00,13.7,421.2,1.6,673.92,Completed
BK_001326,CUST_02898,Z303,Z204,Bike_Taxi,2026-02-16 22:01:00,13.8,190.6,1.0,190.6,Completed
BK_001327,CUST_01534,Z302,Z107,Auto_Rickshaw,2026-02-09 10:53:00,7.1,167.8,1.2,201.36,Completed
BK_001328,CUST_01495,Z303,Z104,EV_Sedan,2026-02-20 11:57:00,22.8,657.8,1.4,920.92,Completed
BK_001329,CUST_01425,Z301,Z101,Prime_Sedan,2026-02-10 16:27:00,7.4,277.2,1.2,332.64,Rider_Cancelled
BK_001330,CUST_01057,Z104,Z203,Prime_Sedan,2026-02-09 15:23:00,15.4,501.2,1.1,551.32,Completed
BK_001331,CUST_01330,Z206,Z107,Prime_Sedan,2026-02-21 12:46:00,20.3,638.4,1.0,638.4,Rider_Cancelled
BK_001332,CUST_01757,Z301,Z303,Auto_Rickshaw,2026-02-09 14:28:00,12.3,261.4,1.0,261.4,Completed
BK_001333,CUST_01022,Z305,Z201,Prime_Sedan,2026-03-16 20:17:00,21.8,680.4,2.1,1428.84,Driver_Cancelled
BK_001334,CUST_01250,Z106,Z206,Bike_Taxi,2026-03-01 06:35:00,5.3,88.6,1.2,106.32,Completed
BK_001335,CUST_03346,Z104,Z301,Bike_Taxi,2026-02-11 08:42:00,10.3,148.6,1.6,237.76,Driver_Cancelled
BK_001336,CUST_01514,Z301,Z302,EV_Sedan,2026-02-21 20:19:00,23.9,686.4,1.8,1235.52,Completed
BK_001337,CUST_01003,Z304,Z301,Auto_Rickshaw,2026-02-14 23:09:00,22.0,436.0,1.0,436.0,ETA_Timeout
BK_001338,CUST_02691,Z101,Z107,Bike_Taxi,2026-02-03 06:42:00,19.8,262.6,1.2,315.12,Rider_Cancelled
BK_001339,CUST_01763,Z103,Z206,EV_Sedan,2026-03-08 14:17:00,18.6,548.6,1.0,548.6,Completed
BK_001340,CUST_01710,Z101,Z107,Bike_Taxi,2026-02-12 09:15:00,3.6,68.2,1.6,109.12,Driver_Cancelled
BK_001341,CUST_01244,Z104,Z202,Auto_Rickshaw,2026-02-16 14:47:00,23.2,457.6,1.0,457.6,Completed
BK_001342,CUST_02006,Z107,Z106,Bike_Taxi,2026-02-14 15:43:00,26.4,341.8,1.0,341.8,Completed
BK_001343,CUST_02104,Z202,Z103,EV_Sedan,2026-02-08 14:36:00,14.1,431.6,1.2,517.92,Completed
BK_001344,CUST_03034,Z206,Z107,Auto_Rickshaw,2026-02-04 16:11:00,10.5,229.0,1.1,251.9,Completed
BK_001345,CUST_02836,Z204,Z104,EV_Sedan,2026-02-27 22:01:00,12.8,397.8,1.0,397.8,Completed
BK_001346,CUST_01620,Z304,Z206,Bike_Taxi,2026-02-12 17:06:00,25.8,334.6,1.8,602.28,Completed
BK_001347,CUST_03184,Z202,Z205,EV_Sedan,2026-03-13 01:15:00,4.1,171.6,1.0,171.6,Completed
BK_001348,CUST_01572,Z104,Z105,Bike_Taxi,2026-02-14 21:08:00,16.0,217.0,1.4,303.8,Completed
BK_001349,CUST_01629,Z103,Z305,Auto_Rickshaw,2026-02-26 01:33:00,18.8,378.4,1.0,378.4,Completed
BK_001350,CUST_02768,Z303,Z206,Prime_Sedan,2026-03-11 00:03:00,27.5,840.0,1.2,1008.0,Rider_Cancelled
BK_001351,CUST_03287,Z301,Z205,EV_Sedan,2026-02-05 14:03:00,6.8,241.8,1.0,241.8,Completed
BK_001352,CUST_03173,Z107,Z106,Bike_Taxi,2026-03-17 12:24:00,21.0,277.0,1.0,277.0,Completed
BK_001353,CUST_01888,Z204,Z206,Prime_Sedan,2026-02-04 21:32:00,6.9,263.2,2.1,552.72,Completed
BK_001354,CUST_02229,Z302,Z106,Prime_Sedan,2026-02-26 09:26:00,17.8,568.4,1.8,1023.12,Completed
BK_001355,CUST_03334,Z106,Z101,EV_Sedan,2026-03-09 02:46:00,12.8,397.8,1.0,397.8,Driver_Cancelled
BK_001356,CUST_01551,Z301,Z206,Prime_Sedan,2026-02-01 06:16:00,24.0,742.0,1.0,742.0,Completed
BK_001357,CUST_01307,Z102,Z104,Prime_Sedan,2026-02-27 09:58:00,12.1,408.8,1.4,572.32,Completed
BK_001358,CUST_01192,Z301,Z101,Auto_Rickshaw,2026-03-15 15:44:00,14.5,301.0,1.2,361.2,Completed
BK_001359,CUST_02786,Z105,Z301,Bike_Taxi,2026-02-14 01:20:00,2.8,58.6,1.0,58.6,Completed
BK_001360,CUST_01456,Z107,Z201,Prime_Sedan,2026-03-09 01:04:00,2.8,148.4,1.1,163.24,Rider_Cancelled
BK_001361,CUST_01382,Z301,Z203,EV_Sedan,2026-02-07 11:52:00,12.6,392.6,1.4,549.64,Completed
BK_001362,CUST_02953,Z301,Z102,Prime_Sedan,2026-02-20 10:55:00,23.0,714.0,2.4,1713.6,Completed
BK_001363,CUST_01410,Z304,Z302,EV_Sedan,2026-02-02 03:35:00,18.6,548.6,1.0,548.6,Completed
BK_001364,CUST_02095,Z103,Z304,Prime_Sedan,2026-02-08 21:44:00,11.5,392.0,1.4,548.8,Driver_Cancelled
BK_001365,CUST_02593,Z202,Z303,EV_Sedan,2026-02-27 04:53:00,11.8,371.8,1.0,371.8,Completed
BK_001366,CUST_02916,Z106,Z201,EV_Sedan,2026-02-24 17:18:00,4.1,171.6,1.8,308.88,Completed
BK_001367,CUST_02601,Z202,Z201,Auto_Rickshaw,2026-02-15 20:55:00,24.2,475.6,2.1,998.76,Completed
BK_001368,CUST_02203,Z201,Z303,Prime_Sedan,2026-02-24 05:48:00,9.7,341.6,1.2,409.92,Completed
BK_001369,CUST_02051,Z301,Z303,Bike_Taxi,2026-02-07 05:29:00,13.0,181.0,1.1,199.1,Rider_Cancelled
BK_001370,CUST_02217,Z103,Z305,EV_Sedan,2026-02-18 05:09:00,26.9,764.4,1.2,917.28,Completed
BK_001371,CUST_02862,Z305,Z206,EV_Sedan,2026-02-02 04:19:00,11.9,374.4,1.0,374.4,Completed
BK_001372,CUST_02007,Z107,Z101,Auto_Rickshaw,2026-02-19 06:55:00,19.8,396.4,1.1,436.04,Completed
BK_001373,CUST_02948,Z202,Z103,EV_Sedan,2026-03-01 04:59:00,14.3,436.8,1.0,436.8,Completed
BK_001374,CUST_01841,Z301,Z107,EV_Sedan,2026-02-15 02:47:00,20.5,598.0,1.0,598.0,Driver_Cancelled
BK_001375,CUST_01099,Z204,Z205,Auto_Rickshaw,2026-03-11 20:25:00,17.3,351.4,1.2,421.68,Completed
BK_001376,CUST_02645,Z302,Z101,Auto_Rickshaw,2026-02-19 18:41:00,7.4,173.2,1.8,311.76,Completed
BK_001377,CUST_03377,Z106,Z305,Bike_Taxi,2026-03-11 10:44:00,20.0,265.0,2.1,556.5,Completed
BK_001378,CUST_01956,Z302,Z103,Prime_Sedan,2026-02-22 01:45:00,23.9,739.2,1.0,739.2,Completed
BK_001379,CUST_01357,Z201,Z205,Auto_Rickshaw,2026-02-15 00:23:00,5.4,137.2,1.2,164.64,Completed
BK_001380,CUST_02799,Z107,Z101,Prime_Sedan,2026-02-17 23:48:00,27.4,837.2,1.0,837.2,Completed
BK_001381,CUST_01309,Z302,Z104,EV_Sedan,2026-02-20 02:30:00,24.9,712.4,1.1,783.64,Completed
BK_001382,CUST_02035,Z105,Z305,EV_Sedan,2026-02-05 11:44:00,7.7,265.2,1.6,424.32,Completed
BK_001383,CUST_01197,Z107,Z101,Prime_Sedan,2026-02-24 14:31:00,16.0,518.0,1.2,621.6,Rider_Cancelled
BK_001384,CUST_01653,Z206,Z105,EV_Sedan,2026-02-25 07:28:00,16.8,501.8,1.0,501.8,Completed
BK_001385,CUST_03115,Z304,Z204,EV_Sedan,2026-03-16 13:11:00,19.2,564.2,1.2,677.04,Completed
BK_001386,CUST_01703,Z303,Z206,Auto_Rickshaw,2026-02-19 02:04:00,17.0,346.0,1.0,346.0,Completed
BK_001387,CUST_02084,Z202,Z203,EV_Sedan,2026-02-11 04:29:00,18.9,556.4,1.0,556.4,Completed
BK_001388,CUST_02210,Z105,Z204,EV_Sedan,2026-02-08 15:16:00,13.1,405.6,1.0,405.6,Completed
BK_001389,CUST_02660,Z102,Z202,Prime_Sedan,2026-03-01 00:19:00,2.5,140.0,1.1,154.0,Rider_Cancelled
BK_001390,CUST_02538,Z204,Z105,Bike_Taxi,2026-03-11 16:22:00,11.7,165.4,1.0,165.4,Completed
BK_001391,CUST_01996,Z206,Z202,EV_Sedan,2026-03-11 11:56:00,5.6,210.6,2.1,442.26,Rider_Cancelled
BK_001392,CUST_02019,Z304,Z205,Auto_Rickshaw,2026-02-13 19:57:00,13.2,277.6,2.4,666.24,ETA_Timeout
BK_001393,CUST_01521,Z201,Z302,Prime_Sedan,2026-02-02 23:59:00,23.5,728.0,1.1,800.8,Completed
BK_001394,CUST_01714,Z105,Z102,Auto_Rickshaw,2026-03-16 13:05:00,18.2,367.6,1.0,367.6,Completed
BK_001395,CUST_03332,Z301,Z106,Prime_Sedan,2026-02-09 20:35:00,18.4,585.2,1.6,936.32,Completed
BK_001396,CUST_02956,Z206,Z305,EV_Sedan,2026-02-22 08:48:00,14.2,434.2,2.4,1042.08,Completed
BK_001397,CUST_02012,Z104,Z205,Auto_Rickshaw,2026-02-10 08:36:00,27.9,542.2,2.1,1138.62,Completed
BK_001398,CUST_02911,Z206,Z105,Bike_Taxi,2026-03-11 11:35:00,27.4,353.8,2.1,742.98,Completed
BK_001399,CUST_03116,Z303,Z204,EV_Sedan,2026-02-08 04:21:00,5.9,218.4,1.2,262.08,Completed
BK_001400,CUST_01047,Z204,Z105,Auto_Rickshaw,2026-02-03 18:44:00,8.6,194.8,2.1,409.08,Rider_Cancelled
BK_001401,CUST_02748,Z301,Z104,EV_Sedan,2026-03-01 13:48:00,5.8,215.8,1.0,215.8,Rider_Cancelled
BK_001402,CUST_02516,Z206,Z105,Bike_Taxi,2026-03-13 06:28:00,14.8,202.6,1.0,202.6,Completed
BK_001403,CUST_02190,Z101,Z204,Prime_Sedan,2026-02-12 12:46:00,9.2,327.6,1.0,327.6,Completed
BK_001404,CUST_01213,Z303,Z304,Auto_Rickshaw,2026-02-23 19:37:00,4.4,119.2,1.4,166.88,ETA_Timeout
BK_001405,CUST_02433,Z102,Z202,Prime_Sedan,2026-02-20 07:42:00,27.6,842.8,1.0,842.8,Completed
BK_001406,CUST_02883,Z102,Z201,EV_Sedan,2026-02-14 19:47:00,23.6,678.6,2.4,1628.64,Rider_Cancelled
BK_001407,CUST_02838,Z203,Z101,Auto_Rickshaw,2026-03-08 17:40:00,13.7,286.6,1.6,458.56,Completed
BK_001408,CUST_02927,Z301,Z204,EV_Sedan,2026-02-04 17:14:00,22.9,660.4,2.1,1386.84,Completed
BK_001409,CUST_03430,Z205,Z103,Auto_Rickshaw,2026-02-13 10:42:00,7.5,175.0,1.6,280.0,Completed
BK_001410,CUST_02851,Z202,Z203,Prime_Sedan,2026-03-05 22:35:00,19.9,627.2,1.2,752.64,Completed
BK_001411,CUST_01052,Z203,Z205,Prime_Sedan,2026-03-13 21:09:00,16.5,532.0,1.6,851.2,ETA_Timeout
BK_001412,CUST_02019,Z305,Z105,EV_Sedan,2026-02-09 08:39:00,20.2,590.2,1.2,708.24,Completed
BK_001413,CUST_02142,Z101,Z303,EV_Sedan,2026-02-25 13:27:00,6.4,231.4,1.2,277.68,Completed
BK_001414,CUST_02404,Z301,Z105,Auto_Rickshaw,2026-02-10 08:32:00,18.2,367.6,1.2,441.12,Completed
BK_001415,CUST_03071,Z305,Z303,Auto_Rickshaw,2026-03-17 08:12:00,3.6,104.8,1.2,125.76,Completed
BK_001416,CUST_01324,Z103,Z201,Bike_Taxi,2026-03-04 05:33:00,12.3,172.6,1.0,172.6,Completed
BK_001417,CUST_01457,Z206,Z102,Bike_Taxi,2026-02-14 16:30:00,6.3,100.6,1.1,110.66,Completed
BK_001418,CUST_01233,Z305,Z105,Auto_Rickshaw,2026-03-15 01:17:00,14.0,292.0,1.0,292.0,Completed
BK_001419,CUST_02991,Z206,Z302,EV_Sedan,2026-02-07 06:28:00,9.0,299.0,1.1,328.9,Completed
BK_001420,CUST_02234,Z101,Z106,Prime_Sedan,2026-02-18 06:28:00,2.7,145.6,1.1,160.16,Rider_Cancelled
BK_001421,CUST_02355,Z102,Z301,Bike_Taxi,2026-02-12 00:19:00,12.8,178.6,1.0,178.6,Completed
BK_001422,CUST_01033,Z305,Z104,Bike_Taxi,2026-02-01 17:57:00,17.9,239.8,1.4,335.72,ETA_Timeout
BK_001423,CUST_01241,Z201,Z101,Prime_Sedan,2026-02-07 18:22:00,3.1,156.8,1.6,250.88,Completed
BK_001424,CUST_01460,Z106,Z301,Bike_Taxi,2026-02-03 03:30:00,3.6,68.2,1.0,68.2,Driver_Cancelled
BK_001425,CUST_03020,Z203,Z205,Auto_Rickshaw,2026-02-12 23:34:00,3.6,104.8,1.0,104.8,Completed
BK_001426,CUST_03299,Z104,Z301,Bike_Taxi,2026-02-17 01:57:00,9.9,143.8,1.0,143.8,Driver_Cancelled
BK_001427,CUST_02631,Z206,Z106,EV_Sedan,2026-03-12 16:56:00,6.4,231.4,1.0,231.4,Completed
BK_001428,CUST_01572,Z203,Z302,Bike_Taxi,2026-02-02 15:17:00,10.2,147.4,1.1,162.14,Driver_Cancelled
BK_001429,CUST_02664,Z101,Z106,EV_Sedan,2026-02-10 04:53:00,12.0,377.0,1.0,377.0,Completed
BK_001430,CUST_01385,Z204,Z302,Auto_Rickshaw,2026-02-03 16:56:00,17.4,353.2,1.0,353.2,Completed
BK_001431,CUST_02538,Z202,Z206,EV_Sedan,2026-02-10 23:31:00,20.6,600.6,1.0,600.6,ETA_Timeout
BK_001432,CUST_02916,Z102,Z205,Auto_Rickshaw,2026-03-06 03:21:00,17.4,353.2,1.1,388.52,Completed
BK_001433,CUST_02760,Z204,Z301,EV_Sedan,2026-03-13 12:50:00,7.6,262.6,1.0,262.6,Completed
BK_001434,CUST_01761,Z201,Z304,EV_Sedan,2026-03-11 19:46:00,16.6,496.6,1.8,893.88,Completed
BK_001435,CUST_01777,Z105,Z304,Bike_Taxi,2026-02-10 22:19:00,17.2,231.4,1.0,231.4,Driver_Cancelled
BK_001436,CUST_01164,Z106,Z105,Prime_Sedan,2026-02-15 21:53:00,23.7,733.6,1.4,1027.04,Rider_Cancelled
BK_001437,CUST_03432,Z106,Z203,Prime_Sedan,2026-02-08 18:35:00,26.4,809.2,1.8,1456.56,Completed
BK_001438,CUST_01385,Z202,Z101,Prime_Sedan,2026-02-04 05:16:00,8.4,305.2,1.1,335.72,Driver_Cancelled
BK_001439,CUST_01567,Z107,Z204,EV_Sedan,2026-02-23 18:16:00,18.2,538.2,2.4,1291.68,Completed
BK_001440,CUST_01520,Z206,Z102,Auto_Rickshaw,2026-03-14 21:14:00,13.8,288.4,1.8,519.12,Driver_Cancelled
BK_001441,CUST_03258,Z201,Z104,Bike_Taxi,2026-02-02 14:10:00,23.0,301.0,1.0,301.0,ETA_Timeout
BK_001442,CUST_01875,Z105,Z107,Bike_Taxi,2026-03-08 10:49:00,26.3,340.6,1.8,613.08,Completed
BK_001443,CUST_02646,Z203,Z304,Prime_Sedan,2026-02-02 12:53:00,7.9,291.2,1.1,320.32,Completed
BK_001444,CUST_02179,Z103,Z102,Auto_Rickshaw,2026-03-02 09:23:00,21.4,425.2,1.8,765.36,Completed
BK_001445,CUST_02722,Z105,Z206,Bike_Taxi,2026-02-27 03:41:00,24.1,314.2,1.0,314.2,Completed
BK_001446,CUST_02075,Z301,Z103,Prime_Sedan,2026-02-14 02:48:00,9.4,333.2,1.2,399.84,Completed
BK_001447,CUST_03219,Z202,Z103,Auto_Rickshaw,2026-02-12 23:27:00,13.6,284.8,1.2,341.76,Completed
BK_001448,CUST_02788,Z203,Z107,Bike_Taxi,2026-02-07 01:19:00,27.9,359.8,1.0,359.8,Completed
BK_001449,CUST_01428,Z204,Z203,Auto_Rickshaw,2026-02-26 20:16:00,9.0,202.0,1.6,323.2,Completed
BK_001450,CUST_03424,Z304,Z203,Auto_Rickshaw,2026-03-15 23:41:00,7.0,166.0,1.1,182.6,Rider_Cancelled
BK_001451,CUST_02629,Z302,Z305,EV_Sedan,2026-03-04 22:18:00,24.5,702.0,1.1,772.2,Driver_Cancelled
BK_001452,CUST_01840,Z302,Z305,Auto_Rickshaw,2026-03-02 12:17:00,4.0,112.0,1.2,134.4,Completed
BK_001453,CUST_02516,Z206,Z203,EV_Sedan,2026-02-22 12:40:00,12.7,395.2,1.2,474.24,Completed
BK_001454,CUST_03219,Z201,Z101,EV_Sedan,2026-03-12 05:19:00,6.5,234.0,1.2,280.8,Completed
BK_001455,CUST_01406,Z301,Z204,EV_Sedan,2026-02-17 11:12:00,20.3,592.8,1.6,948.48,Completed
BK_001456,CUST_02443,Z104,Z107,Bike_Taxi,2026-02-12 20:16:00,9.6,140.2,1.8,252.36,Completed
BK_001457,CUST_01236,Z205,Z103,EV_Sedan,2026-02-20 02:59:00,9.1,301.6,1.1,331.76,Completed
BK_001458,CUST_01021,Z105,Z201,Auto_Rickshaw,2026-02-10 10:11:00,26.2,511.6,2.1,1074.36,ETA_Timeout
BK_001459,CUST_01070,Z304,Z201,EV_Sedan,2026-03-11 07:40:00,25.0,715.0,1.0,715.0,Completed
BK_001460,CUST_01870,Z304,Z301,Bike_Taxi,2026-02-04 00:22:00,23.2,303.4,1.0,303.4,Completed
BK_001461,CUST_01871,Z202,Z101,Bike_Taxi,2026-02-27 19:45:00,23.9,311.8,1.8,561.24,Completed
BK_001462,CUST_01627,Z305,Z202,EV_Sedan,2026-02-06 05:37:00,12.6,392.6,1.0,392.6,Completed
BK_001463,CUST_03087,Z101,Z205,Auto_Rickshaw,2026-02-23 22:14:00,20.1,401.8,1.0,401.8,Rider_Cancelled
BK_001464,CUST_02771,Z101,Z107,Auto_Rickshaw,2026-03-05 21:24:00,9.5,211.0,2.1,443.1,Driver_Cancelled
BK_001465,CUST_01369,Z205,Z305,EV_Sedan,2026-02-28 13:52:00,16.0,481.0,1.0,481.0,Completed
BK_001466,CUST_02930,Z203,Z302,Bike_Taxi,2026-02-22 04:44:00,27.3,352.6,1.0,352.6,Completed
BK_001467,CUST_03052,Z304,Z105,EV_Sedan,2026-03-11 10:31:00,23.0,663.0,2.1,1392.3,Completed
BK_001468,CUST_02759,Z101,Z206,Auto_Rickshaw,2026-03-06 03:14:00,21.1,419.8,1.2,503.76,Completed
BK_001469,CUST_01011,Z206,Z301,Bike_Taxi,2026-02-09 12:34:00,19.6,260.2,1.2,312.24,Completed
BK_001470,CUST_01613,Z203,Z105,EV_Sedan,2026-03-13 14:08:00,23.9,686.4,1.1,755.04,Completed
BK_001471,CUST_01592,Z201,Z304,EV_Sedan,2026-02-06 16:01:00,27.1,769.6,1.1,846.56,Completed
BK_001472,CUST_02118,Z305,Z302,Auto_Rickshaw,2026-02-03 18:45:00,23.6,464.8,2.4,1115.52,ETA_Timeout
BK_001473,CUST_03380,Z204,Z202,EV_Sedan,2026-02-04 11:06:00,13.4,413.4,2.4,992.16,Completed
BK_001474,CUST_01861,Z302,Z305,Bike_Taxi,2026-02-04 06:25:00,10.8,154.6,1.0,154.6,Completed
BK_001475,CUST_03253,Z107,Z305,EV_Sedan,2026-02-13 05:53:00,14.0,429.0,1.2,514.8,Completed
BK_001476,CUST_01739,Z104,Z101,EV_Sedan,2026-03-02 00:21:00,16.7,499.2,1.0,499.2,Driver_Cancelled
BK_001477,CUST_03323,Z305,Z304,EV_Sedan,2026-03-02 12:57:00,15.8,475.8,1.1,523.38,Completed
BK_001478,CUST_01193,Z302,Z105,EV_Sedan,2026-02-11 05:41:00,17.8,527.8,1.1,580.58,Completed
BK_001479,CUST_03489,Z302,Z102,Bike_Taxi,2026-02-12 06:59:00,13.4,185.8,1.0,185.8,Completed
BK_001480,CUST_02828,Z101,Z304,Prime_Sedan,2026-02-21 09:03:00,22.4,697.2,1.4,976.08,Driver_Cancelled
BK_001481,CUST_02323,Z204,Z205,Prime_Sedan,2026-03-02 00:26:00,13.9,459.2,1.0,459.2,Rider_Cancelled
BK_001482,CUST_01384,Z304,Z303,Bike_Taxi,2026-03-01 08:52:00,15.9,215.8,2.1,453.18,Driver_Cancelled
BK_001483,CUST_01184,Z203,Z206,Bike_Taxi,2026-03-17 22:26:00,5.2,87.4,1.2,104.88,Completed
BK_001484,CUST_02322,Z102,Z201,EV_Sedan,2026-02-19 11:33:00,5.5,208.0,2.1,436.8,Completed
BK_001485,CUST_02845,Z302,Z102,EV_Sedan,2026-03-13 00:19:00,19.1,561.6,1.0,561.6,Completed
BK_001486,CUST_01950,Z301,Z302,Auto_Rickshaw,2026-03-16 15:46:00,4.2,115.6,1.0,115.6,Completed
BK_001487,CUST_03041,Z205,Z303,EV_Sedan,2026-03-05 09:35:00,19.7,577.2,1.4,808.08,Completed
BK_001488,CUST_02509,Z203,Z106,Auto_Rickshaw,2026-03-10 15:27:00,7.1,167.8,1.0,167.8,Completed
BK_001489,CUST_02912,Z107,Z204,Auto_Rickshaw,2026-02-14 12:32:00,20.9,416.2,1.1,457.82,Completed
BK_001490,CUST_03498,Z104,Z302,Prime_Sedan,2026-02-04 03:30:00,11.3,386.4,1.1,425.04,Rider_Cancelled
BK_001491,CUST_03104,Z104,Z301,EV_Sedan,2026-02-26 22:37:00,19.3,566.8,1.2,680.16,Rider_Cancelled
BK_001492,CUST_02229,Z202,Z304,EV_Sedan,2026-02-18 20:16:00,20.8,605.8,2.4,1453.92,Completed
BK_001493,CUST_02183,Z201,Z107,Bike_Taxi,2026-03-08 07:45:00,13.5,187.0,1.0,187.0,Driver_Cancelled
BK_001494,CUST_01122,Z206,Z106,Prime_Sedan,2026-02-06 13:19:00,13.3,442.4,1.2,530.88,Completed
BK_001495,CUST_02615,Z201,Z203,Auto_Rickshaw,2026-02-09 03:56:00,23.1,455.8,1.0,455.8,Driver_Cancelled
BK_001496,CUST_01902,Z202,Z102,Auto_Rickshaw,2026-02-04 13:02:00,27.8,540.4,1.0,540.4,Completed
BK_001497,CUST_02247,Z202,Z301,Bike_Taxi,2026-02-06 17:23:00,3.2,63.4,1.6,101.44,Completed
BK_001498,CUST_01574,Z206,Z102,Auto_Rickshaw,2026-02-06 06:11:00,8.9,200.2,1.2,240.24,Completed
BK_001499,CUST_02372,Z205,Z106,EV_Sedan,2026-03-02 08:21:00,20.3,592.8,1.4,829.92,Completed
BK_001500,CUST_01733,Z204,Z205,EV_Sedan,2026-02-04 03:24:00,22.8,657.8,1.0,657.8,Rider_Cancelled
BK_001501,CUST_01577,Z106,Z202,Auto_Rickshaw,2026-02-27 07:30:00,14.7,304.6,1.0,304.6,Completed
BK_001502,CUST_02198,Z107,Z105,Prime_Sedan,2026-02-17 12:35:00,9.3,330.4,1.0,330.4,Driver_Cancelled
BK_001503,CUST_03118,Z302,Z204,Auto_Rickshaw,2026-02-10 23:22:00,25.2,493.6,1.0,493.6,Completed
BK_001504,CUST_03165,Z205,Z305,Prime_Sedan,2026-02-03 14:21:00,21.3,666.4,1.0,666.4,Completed
BK_001505,CUST_03191,Z301,Z106,Auto_Rickshaw,2026-03-01 23:33:00,15.1,311.8,1.0,311.8,Completed
BK_001506,CUST_02861,Z102,Z302,Prime_Sedan,2026-03-02 11:34:00,6.2,243.6,2.1,511.56,Completed
BK_001507,CUST_01804,Z101,Z301,EV_Sedan,2026-02-02 18:18:00,7.6,262.6,1.2,315.12,Completed
BK_001508,CUST_01566,Z106,Z204,Bike_Taxi,2026-03-06 23:15:00,10.0,145.0,1.0,145.0,Completed
BK_001509,CUST_02646,Z301,Z201,Prime_Sedan,2026-02-10 14:47:00,5.8,232.4,1.2,278.88,Driver_Cancelled
BK_001510,CUST_01130,Z204,Z201,EV_Sedan,2026-03-12 19:14:00,7.3,254.8,2.1,535.08,Completed
BK_001511,CUST_01467,Z107,Z203,Bike_Taxi,2026-02-25 13:28:00,8.3,124.6,1.0,124.6,Completed
BK_001512,CUST_03449,Z202,Z205,Bike_Taxi,2026-03-11 03:12:00,11.2,159.4,1.1,175.34,Completed
BK_001513,CUST_03391,Z304,Z301,Prime_Sedan,2026-02-20 19:01:00,7.0,266.0,1.4,372.4,Completed
BK_001514,CUST_03347,Z305,Z205,Auto_Rickshaw,2026-02-09 07:42:00,24.1,473.8,1.2,568.56,Completed
BK_001515,CUST_01272,Z202,Z304,Auto_Rickshaw,2026-03-08 00:31:00,12.1,257.8,1.1,283.58,Completed
BK_001516,CUST_02657,Z205,Z106,EV_Sedan,2026-02-14 09:09:00,26.5,754.0,1.8,1357.2,Completed
BK_001517,CUST_03362,Z305,Z204,Prime_Sedan,2026-03-07 06:56:00,10.0,350.0,1.0,350.0,Driver_Cancelled
BK_001518,CUST_03427,Z105,Z204,Bike_Taxi,2026-02-05 22:47:00,4.6,80.2,1.0,80.2,Completed
BK_001519,CUST_02346,Z304,Z301,Auto_Rickshaw,2026-02-12 11:04:00,13.2,277.6,2.4,666.24,Completed
BK_001520,CUST_02452,Z201,Z305,Bike_Taxi,2026-02-05 00:59:00,25.8,334.6,1.0,334.6,Completed
BK_001521,CUST_02932,Z106,Z101,EV_Sedan,2026-03-16 03:59:00,16.4,491.4,1.0,491.4,Completed
BK_001522,CUST_01483,Z105,Z104,Prime_Sedan,2026-03-17 19:22:00,22.9,711.2,1.6,1137.92,Completed
BK_001523,CUST_02215,Z205,Z301,Bike_Taxi,2026-02-10 14:02:00,14.5,199.0,1.0,199.0,Completed
BK_001524,CUST_01328,Z104,Z107,Auto_Rickshaw,2026-03-02 11:16:00,21.2,421.6,1.8,758.88,Completed
BK_001525,CUST_01904,Z104,Z102,Bike_Taxi,2026-02-06 00:33:00,6.9,107.8,1.1,118.58,Driver_Cancelled
BK_001526,CUST_02644,Z201,Z203,EV_Sedan,2026-03-06 12:51:00,22.3,644.8,1.2,773.76,Completed
BK_001527,CUST_01841,Z202,Z104,EV_Sedan,2026-02-14 01:24:00,4.8,189.8,1.0,189.8,Completed
BK_001528,CUST_01043,Z203,Z103,Bike_Taxi,2026-03-08 08:51:00,24.6,320.2,1.2,384.24,Completed
BK_001529,CUST_02656,Z305,Z102,Bike_Taxi,2026-03-07 07:00:00,8.9,131.8,1.0,131.8,Completed
BK_001530,CUST_01859,Z204,Z107,EV_Sedan,2026-02-04 15:34:00,20.6,600.6,1.1,660.66,Completed
BK_001531,CUST_02969,Z104,Z103,Prime_Sedan,2026-03-09 05:40:00,7.8,288.4,1.1,317.24,Completed
BK_001532,CUST_01018,Z106,Z305,Auto_Rickshaw,2026-02-26 12:54:00,4.9,128.2,1.0,128.2,Completed
BK_001533,CUST_03489,Z107,Z302,Prime_Sedan,2026-02-22 22:23:00,15.3,498.4,1.2,598.08,Completed
BK_001534,CUST_01456,Z206,Z104,Prime_Sedan,2026-03-08 20:39:00,6.9,263.2,2.1,552.72,Completed
BK_001535,CUST_02684,Z301,Z106,Auto_Rickshaw,2026-02-18 22:23:00,16.7,340.6,1.0,340.6,Driver_Cancelled
BK_001536,CUST_02324,Z106,Z304,Prime_Sedan,2026-03-06 21:50:00,2.6,142.8,1.6,228.48,Completed
BK_001537,CUST_02471,Z301,Z206,Auto_Rickshaw,2026-02-28 18:17:00,17.3,351.4,1.6,562.24,Rider_Cancelled
BK_001538,CUST_01126,Z205,Z104,EV_Sedan,2026-02-28 03:21:00,14.2,434.2,1.0,434.2,Rider_Cancelled
BK_001539,CUST_02498,Z205,Z305,EV_Sedan,2026-02-14 17:34:00,14.2,434.2,1.4,607.88,Completed
BK_001540,CUST_01033,Z303,Z101,Bike_Taxi,2026-03-03 10:32:00,10.1,146.2,1.2,175.44,ETA_Timeout
BK_001541,CUST_02125,Z104,Z202,EV_Sedan,2026-02-01 11:33:00,19.4,569.4,1.8,1024.92,ETA_Timeout
BK_001542,CUST_01738,Z202,Z102,EV_Sedan,2026-03-09 02:06:00,22.7,655.2,1.2,786.24,Completed
BK_001543,CUST_01411,Z303,Z105,EV_Sedan,2026-02-25 15:46:00,14.8,449.8,1.0,449.8,Completed
BK_001544,CUST_01742,Z106,Z105,Bike_Taxi,2026-02-14 04:06:00,14.7,201.4,1.0,201.4,Driver_Cancelled
BK_001545,CUST_03483,Z203,Z102,Bike_Taxi,2026-02-01 07:24:00,3.5,67.0,1.0,67.0,Completed
BK_001546,CUST_02422,Z101,Z205,Bike_Taxi,2026-02-10 02:09:00,26.6,344.2,1.0,344.2,Completed
BK_001547,CUST_03280,Z102,Z303,Prime_Sedan,2026-02-25 02:33:00,5.8,232.4,1.0,232.4,Completed
BK_001548,CUST_01317,Z204,Z105,Bike_Taxi,2026-03-09 01:13:00,26.7,345.4,1.2,414.48,Completed
BK_001549,CUST_03089,Z305,Z201,Bike_Taxi,2026-02-02 06:39:00,22.2,291.4,1.1,320.54,Completed
BK_001550,CUST_01399,Z201,Z303,Prime_Sedan,2026-02-12 15:42:00,18.0,574.0,1.0,574.0,Completed
BK_001551,CUST_01086,Z305,Z202,EV_Sedan,2026-02-09 17:47:00,24.2,694.2,2.1,1457.82,Completed
BK_001552,CUST_01274,Z102,Z301,Auto_Rickshaw,2026-02-16 08:09:00,8.8,198.4,1.8,357.12,Completed
BK_001553,CUST_02714,Z305,Z103,EV_Sedan,2026-02-14 20:24:00,6.1,223.6,2.1,469.56,Completed
BK_001554,CUST_02235,Z302,Z304,Auto_Rickshaw,2026-03-12 09:00:00,23.4,461.2,1.4,645.68,Driver_Cancelled
BK_001555,CUST_01755,Z201,Z105,Auto_Rickshaw,2026-03-14 06:04:00,8.0,184.0,1.0,184.0,Completed
BK_001556,CUST_02632,Z104,Z205,Auto_Rickshaw,2026-02-25 13:54:00,14.4,299.2,1.0,299.2,Driver_Cancelled
BK_001557,CUST_01714,Z303,Z206,Bike_Taxi,2026-02-01 22:19:00,6.8,106.6,1.0,106.6,Completed
BK_001558,CUST_01911,Z103,Z205,EV_Sedan,2026-03-02 09:05:00,16.2,486.2,2.1,1021.02,Completed
BK_001559,CUST_01407,Z303,Z203,EV_Sedan,2026-03-16 13:02:00,24.1,691.6,1.0,691.6,Completed
BK_001560,CUST_02664,Z206,Z107,Bike_Taxi,2026-02-22 20:39:00,8.3,124.6,1.2,149.52,Completed
BK_001561,CUST_02468,Z101,Z107,Auto_Rickshaw,2026-02-08 03:10:00,5.0,130.0,1.0,130.0,Completed
BK_001562,CUST_01254,Z101,Z103,EV_Sedan,2026-03-02 15:44:00,20.9,608.4,1.0,608.4,Completed
BK_001563,CUST_01263,Z304,Z205,Prime_Sedan,2026-02-17 08:33:00,2.6,142.8,2.1,299.88,Completed
BK_001564,CUST_01340,Z206,Z303,Prime_Sedan,2026-02-22 10:25:00,9.9,347.2,2.1,729.12,Completed
BK_001565,CUST_02445,Z107,Z104,Prime_Sedan,2026-03-15 02:52:00,27.8,848.4,1.0,848.4,Completed
BK_001566,CUST_01109,Z106,Z103,Bike_Taxi,2026-03-10 15:09:00,16.7,225.4,1.0,225.4,Completed
BK_001567,CUST_03241,Z302,Z101,Bike_Taxi,2026-02-18 20:01:00,18.9,251.8,2.4,604.32,Completed
BK_001568,CUST_02551,Z304,Z203,Prime_Sedan,2026-03-02 16:49:00,13.3,442.4,1.2,530.88,Rider_Cancelled
BK_001569,CUST_02172,Z105,Z204,Bike_Taxi,2026-02-10 00:19:00,3.3,64.6,1.0,64.6,Completed
BK_001570,CUST_01300,Z107,Z105,EV_Sedan,2026-02-13 01:36:00,18.1,535.6,1.1,589.16,Completed
BK_001571,CUST_03269,Z107,Z304,EV_Sedan,2026-02-20 00:48:00,25.4,725.4,1.0,725.4,Completed
BK_001572,CUST_02447,Z106,Z302,EV_Sedan,2026-02-19 03:10:00,13.7,421.2,1.0,421.2,Driver_Cancelled
BK_001573,CUST_01261,Z105,Z304,Auto_Rickshaw,2026-02-09 13:58:00,27.0,526.0,1.0,526.0,Completed
BK_001574,CUST_02066,Z304,Z302,Prime_Sedan,2026-02-24 12:29:00,6.7,257.6,1.0,257.6,Completed
BK_001575,CUST_02693,Z105,Z302,EV_Sedan,2026-02-16 03:09:00,24.8,709.8,1.1,780.78,Completed
BK_001576,CUST_01948,Z204,Z101,EV_Sedan,2026-03-01 04:31:00,9.2,304.2,1.1,334.62,Driver_Cancelled
BK_001577,CUST_01537,Z104,Z204,EV_Sedan,2026-02-21 03:24:00,7.3,254.8,1.0,254.8,Driver_Cancelled
BK_001578,CUST_02891,Z305,Z101,Auto_Rickshaw,2026-02-14 07:20:00,21.3,423.4,1.0,423.4,Completed
BK_001579,CUST_03170,Z105,Z103,Auto_Rickshaw,2026-02-14 13:36:00,22.6,446.8,1.1,491.48,Completed
BK_001580,CUST_02824,Z101,Z301,Auto_Rickshaw,2026-02-10 05:19:00,19.9,398.2,1.1,438.02,Driver_Cancelled
BK_001581,CUST_01018,Z104,Z103,Bike_Taxi,2026-03-18 05:38:00,3.2,63.4,1.0,63.4,Rider_Cancelled
BK_001582,CUST_02197,Z304,Z202,Bike_Taxi,2026-02-07 00:10:00,22.6,296.2,1.1,325.82,Driver_Cancelled
BK_001583,CUST_01871,Z301,Z303,EV_Sedan,2026-03-04 00:02:00,3.1,145.6,1.2,174.72,Driver_Cancelled
BK_001584,CUST_03213,Z206,Z304,Auto_Rickshaw,2026-03-06 04:33:00,12.4,263.2,1.0,263.2,Driver_Cancelled
BK_001585,CUST_02172,Z301,Z105,EV_Sedan,2026-02-02 08:14:00,26.3,748.8,2.1,1572.48,Completed
BK_001586,CUST_01004,Z103,Z105,EV_Sedan,2026-03-14 03:51:00,12.7,395.2,1.0,395.2,Completed
BK_001587,CUST_01280,Z102,Z204,Prime_Sedan,2026-02-04 01:06:00,4.2,187.6,1.0,187.6,Completed
BK_001588,CUST_01890,Z303,Z203,EV_Sedan,2026-02-22 02:20:00,15.6,470.6,1.0,470.6,Completed
BK_001589,CUST_02847,Z305,Z202,Auto_Rickshaw,2026-02-02 21:25:00,6.5,157.0,1.2,188.4,Completed
BK_001590,CUST_01438,Z205,Z305,Bike_Taxi,2026-03-15 11:27:00,28.0,361.0,1.8,649.8,Completed
BK_001591,CUST_01655,Z301,Z103,EV_Sedan,2026-02-22 22:27:00,25.0,715.0,1.0,715.0,Completed
BK_001592,CUST_01615,Z305,Z205,Auto_Rickshaw,2026-02-12 11:41:00,28.2,547.6,1.6,876.16,Completed
BK_001593,CUST_02975,Z204,Z102,Prime_Sedan,2026-02-04 06:40:00,26.7,817.6,1.0,817.6,Completed
BK_001594,CUST_02893,Z106,Z304,Bike_Taxi,2026-03-07 13:30:00,17.9,239.8,1.1,263.78,Driver_Cancelled
BK_001595,CUST_02298,Z103,Z206,EV_Sedan,2026-03-10 03:50:00,10.8,345.8,1.0,345.8,Driver_Cancelled
BK_001596,CUST_02747,Z104,Z202,Auto_Rickshaw,2026-02-01 10:49:00,23.8,468.4,2.1,983.64,Rider_Cancelled
BK_001597,CUST_02933,Z105,Z101,Bike_Taxi,2026-03-02 07:51:00,16.9,227.8,1.1,250.58,Completed
BK_001598,CUST_03054,Z203,Z105,Auto_Rickshaw,2026-02-15 18:28:00,19.5,391.0,1.4,547.4,Rider_Cancelled
BK_001599,CUST_03469,Z102,Z101,Bike_Taxi,2026-02-21 09:25:00,4.4,77.8,1.2,93.36,Driver_Cancelled
BK_001600,CUST_01793,Z203,Z204,Auto_Rickshaw,2026-02-23 11:57:00,11.6,248.8,1.4,348.32,Completed
BK_001601,CUST_03375,Z303,Z104,Auto_Rickshaw,2026-02-18 08:54:00,11.6,248.8,1.6,398.08,Completed
BK_001602,CUST_02090,Z101,Z102,Bike_Taxi,2026-03-01 05:44:00,6.7,105.4,1.0,105.4,Driver_Cancelled
BK_001603,CUST_02556,Z205,Z107,EV_Sedan,2026-03-08 18:19:00,27.4,777.4,1.8,1399.32,Completed
BK_001604,CUST_02166,Z303,Z201,Prime_Sedan,2026-02-20 10:12:00,11.2,383.6,1.2,460.32,Driver_Cancelled
BK_001605,CUST_02347,Z102,Z105,Prime_Sedan,2026-02-03 05:54:00,20.9,655.2,1.0,655.2,Rider_Cancelled
BK_001606,CUST_01126,Z304,Z102,Bike_Taxi,2026-02-07 08:57:00,17.1,230.2,1.8,414.36,Driver_Cancelled
BK_001607,CUST_02378,Z302,Z107,Auto_Rickshaw,2026-02-11 07:00:00,15.7,322.6,1.0,322.6,Completed
BK_001608,CUST_02575,Z201,Z305,Auto_Rickshaw,2026-03-15 07:23:00,24.7,484.6,1.1,533.06,Completed
BK_001609,CUST_02670,Z301,Z205,Prime_Sedan,2026-02-07 21:44:00,10.6,366.8,2.1,770.28,Completed
BK_001610,CUST_01141,Z105,Z101,Bike_Taxi,2026-02-26 02:29:00,4.7,81.4,1.1,89.54,Completed
BK_001611,CUST_03030,Z104,Z301,EV_Sedan,2026-03-16 16:24:00,25.4,725.4,1.0,725.4,Completed
BK_001612,CUST_01367,Z102,Z103,Auto_Rickshaw,2026-03-06 03:02:00,16.2,331.6,1.0,331.6,Completed
BK_001613,CUST_01945,Z204,Z202,EV_Sedan,2026-02-04 04:25:00,18.7,551.2,1.0,551.2,Completed
BK_001614,CUST_02614,Z106,Z101,EV_Sedan,2026-02-24 13:04:00,28.1,795.6,1.0,795.6,Completed
BK_001615,CUST_02051,Z302,Z101,Auto_Rickshaw,2026-03-12 22:15:00,4.4,119.2,1.0,119.2,Driver_Cancelled
BK_001616,CUST_02429,Z305,Z107,EV_Sedan,2026-03-03 22:33:00,24.9,712.4,1.0,712.4,Completed
BK_001617,CUST_01574,Z301,Z201,Bike_Taxi,2026-02-22 20:08:00,19.3,256.6,1.8,461.88,Driver_Cancelled
BK_001618,CUST_02990,Z301,Z304,EV_Sedan,2026-03-04 15:45:00,15.4,465.4,1.0,465.4,Completed
BK_001619,CUST_02625,Z106,Z303,Auto_Rickshaw,2026-03-15 07:36:00,17.9,362.2,1.1,398.42,Completed
BK_001620,CUST_02627,Z103,Z301,Auto_Rickshaw,2026-03-10 10:24:00,7.4,173.2,1.6,277.12,Rider_Cancelled
BK_001621,CUST_02194,Z201,Z205,Bike_Taxi,2026-02-26 23:47:00,6.0,97.0,1.2,116.4,Completed
BK_001622,CUST_01770,Z305,Z205,EV_Sedan,2026-03-16 22:07:00,10.7,343.2,1.2,411.84,Rider_Cancelled
BK_001623,CUST_02806,Z104,Z301,Prime_Sedan,2026-02-16 06:04:00,17.4,557.2,1.1,612.92,Rider_Cancelled
BK_001624,CUST_02444,Z206,Z205,Auto_Rickshaw,2026-03-09 17:22:00,4.6,122.8,1.2,147.36,Completed
BK_001625,CUST_03435,Z106,Z305,Prime_Sedan,2026-03-16 09:21:00,11.6,394.8,1.8,710.64,Completed
BK_001626,CUST_01615,Z204,Z101,Prime_Sedan,2026-02-04 03:41:00,24.2,747.6,1.2,897.12,Completed
BK_001627,CUST_01664,Z201,Z107,Bike_Taxi,2026-02-19 19:43:00,23.8,310.6,2.1,652.26,Completed
BK_001628,CUST_02072,Z106,Z301,Prime_Sedan,2026-03-02 21:17:00,6.1,240.8,2.4,577.92,Driver_Cancelled
BK_001629,CUST_01980,Z303,Z203,Prime_Sedan,2026-02-02 09:10:00,15.4,501.2,2.4,1202.88,Driver_Cancelled
BK_001630,CUST_02135,Z203,Z301,Prime_Sedan,2026-03-16 07:19:00,25.9,795.2,1.2,954.24,Completed
BK_001631,CUST_02527,Z201,Z203,Auto_Rickshaw,2026-02-16 06:46:00,12.4,263.2,1.0,263.2,Completed
BK_001632,CUST_02216,Z305,Z201,Bike_Taxi,2026-03-03 08:22:00,18.9,251.8,1.6,402.88,Driver_Cancelled
BK_001633,CUST_02779,Z206,Z203,Prime_Sedan,2026-02-24 19:20:00,6.5,252.0,1.6,403.2,Driver_Cancelled
BK_001634,CUST_02495,Z304,Z303,Auto_Rickshaw,2026-02-01 10:59:00,8.8,198.4,2.1,416.64,Driver_Cancelled
BK_001635,CUST_03298,Z107,Z203,Bike_Taxi,2026-02-14 22:31:00,28.4,365.8,1.0,365.8,Completed
BK_001636,CUST_01131,Z106,Z203,EV_Sedan,2026-02-19 11:52:00,21.6,626.6,1.8,1127.88,Completed
BK_001637,CUST_02831,Z201,Z304,Auto_Rickshaw,2026-03-14 12:40:00,9.5,211.0,1.0,211.0,Driver_Cancelled
BK_001638,CUST_01020,Z201,Z101,Auto_Rickshaw,2026-02-04 03:17:00,11.2,241.6,1.1,265.76,ETA_Timeout
BK_001639,CUST_01451,Z205,Z102,EV_Sedan,2026-03-04 01:00:00,10.3,332.8,1.0,332.8,Completed
BK_001640,CUST_01953,Z201,Z304,Prime_Sedan,2026-03-01 11:41:00,4.5,196.0,1.6,313.6,Completed
BK_001641,CUST_01757,Z302,Z202,Auto_Rickshaw,2026-02-08 00:44:00,24.4,479.2,1.2,575.04,Completed
BK_001642,CUST_02434,Z205,Z203,EV_Sedan,2026-02-16 19:47:00,18.9,556.4,1.2,667.68,Completed
BK_001643,CUST_02247,Z205,Z206,Auto_Rickshaw,2026-02-15 11:30:00,20.4,407.2,2.4,977.28,Driver_Cancelled
BK_001644,CUST_02942,Z106,Z104,EV_Sedan,2026-02-20 04:05:00,8.9,296.4,1.1,326.04,Completed
BK_001645,CUST_01684,Z301,Z202,Auto_Rickshaw,2026-03-13 10:26:00,22.1,437.8,1.2,525.36,Completed
BK_001646,CUST_01959,Z103,Z302,EV_Sedan,2026-02-12 04:41:00,26.5,754.0,1.0,754.0,Completed
BK_001647,CUST_01513,Z301,Z303,Auto_Rickshaw,2026-02-11 14:33:00,27.3,531.4,1.0,531.4,Completed
BK_001648,CUST_01371,Z203,Z105,EV_Sedan,2026-02-03 20:27:00,18.3,540.8,1.4,757.12,Completed
BK_001649,CUST_01543,Z303,Z205,Bike_Taxi,2026-03-08 03:53:00,12.3,172.6,1.0,172.6,Completed
BK_001650,CUST_03136,Z107,Z204,EV_Sedan,2026-02-12 13:40:00,8.4,283.4,1.1,311.74,Driver_Cancelled
BK_001651,CUST_01643,Z303,Z304,EV_Sedan,2026-02-06 15:39:00,2.9,140.4,1.0,140.4,Completed
BK_001652,CUST_02852,Z107,Z106,Prime_Sedan,2026-02-24 10:13:00,6.2,243.6,1.2,292.32,Completed
BK_001653,CUST_01310,Z204,Z303,Auto_Rickshaw,2026-02-11 03:55:00,22.7,448.6,1.1,493.46,Completed
BK_001654,CUST_03437,Z103,Z206,EV_Sedan,2026-03-12 13:03:00,9.1,301.6,1.0,301.6,Completed
BK_001655,CUST_03274,Z102,Z201,Auto_Rickshaw,2026-03-07 03:29:00,25.4,497.2,1.0,497.2,Completed
BK_001656,CUST_01843,Z202,Z302,Auto_Rickshaw,2026-03-04 10:01:00,20.2,403.6,2.4,968.64,Completed
BK_001657,CUST_01998,Z305,Z105,EV_Sedan,2026-02-21 13:35:00,3.8,163.8,1.0,163.8,Completed
BK_001658,CUST_03194,Z305,Z106,Auto_Rickshaw,2026-02-17 17:01:00,3.3,99.4,1.4,139.16,Completed
BK_001659,CUST_01038,Z201,Z103,Prime_Sedan,2026-03-02 18:20:00,28.2,859.6,2.4,2063.04,Driver_Cancelled
BK_001660,CUST_03091,Z203,Z304,EV_Sedan,2026-02-20 17:56:00,3.7,161.2,1.8,290.16,Completed
BK_001661,CUST_02777,Z201,Z203,Prime_Sedan,2026-02-26 18:21:00,23.2,719.6,1.6,1151.36,Completed
BK_001662,CUST_02245,Z205,Z202,Prime_Sedan,2026-03-15 18:59:00,18.2,579.6,1.6,927.36,Completed
BK_001663,CUST_02828,Z104,Z305,Prime_Sedan,2026-02-24 00:39:00,24.5,756.0,1.1,831.6,Completed
BK_001664,CUST_01104,Z205,Z206,Auto_Rickshaw,2026-02-23 18:02:00,5.1,131.8,1.4,184.52,Completed
BK_001665,CUST_01282,Z203,Z204,EV_Sedan,2026-03-09 02:06:00,7.1,249.6,1.1,274.56,Completed
BK_001666,CUST_01714,Z104,Z206,EV_Sedan,2026-02-09 16:41:00,8.4,283.4,1.0,283.4,Completed
BK_001667,CUST_02545,Z305,Z206,Auto_Rickshaw,2026-02-28 05:53:00,26.6,518.8,1.2,622.56,Completed
BK_001668,CUST_01930,Z103,Z206,Bike_Taxi,2026-02-27 11:51:00,22.8,298.6,1.4,418.04,Completed
BK_001669,CUST_02083,Z102,Z301,Bike_Taxi,2026-03-07 01:21:00,4.6,80.2,1.0,80.2,Completed
BK_001670,CUST_03390,Z206,Z102,EV_Sedan,2026-03-11 20:13:00,20.1,587.6,1.8,1057.68,Completed
BK_001671,CUST_01553,Z104,Z304,Bike_Taxi,2026-02-06 21:42:00,16.7,225.4,1.2,270.48,Completed
BK_001672,CUST_01039,Z301,Z103,Bike_Taxi,2026-02-23 15:57:00,13.1,182.2,1.0,182.2,Completed
BK_001673,CUST_01730,Z301,Z104,Prime_Sedan,2026-02-20 07:10:00,18.3,582.4,1.2,698.88,Completed
BK_001674,CUST_01683,Z102,Z105,EV_Sedan,2026-03-08 00:03:00,15.5,468.0,1.0,468.0,Completed
BK_001675,CUST_01494,Z201,Z103,Auto_Rickshaw,2026-02-22 15:35:00,9.5,211.0,1.2,253.2,Completed
BK_001676,CUST_02522,Z304,Z204,Prime_Sedan,2026-02-24 03:58:00,20.6,646.8,1.0,646.8,Rider_Cancelled
BK_001677,CUST_03401,Z305,Z104,Bike_Taxi,2026-02-08 05:16:00,28.5,367.0,1.1,403.7,Completed
BK_001678,CUST_03459,Z106,Z205,Auto_Rickshaw,2026-02-26 15:06:00,24.1,473.8,1.0,473.8,Driver_Cancelled
BK_001679,CUST_01747,Z107,Z301,EV_Sedan,2026-03-10 03:56:00,20.6,600.6,1.0,600.6,Completed
BK_001680,CUST_01385,Z204,Z301,Bike_Taxi,2026-02-11 03:42:00,2.7,57.4,1.0,57.4,Driver_Cancelled
BK_001681,CUST_02639,Z304,Z204,Bike_Taxi,2026-03-08 12:41:00,19.4,257.8,1.2,309.36,Completed
BK_001682,CUST_03480,Z106,Z104,Prime_Sedan,2026-02-22 05:25:00,11.0,378.0,1.1,415.8,Rider_Cancelled
BK_001683,CUST_02641,Z304,Z103,EV_Sedan,2026-02-04 06:40:00,27.5,780.0,1.0,780.0,Completed
BK_001684,CUST_01739,Z203,Z105,Prime_Sedan,2026-03-02 20:28:00,21.6,674.8,1.4,944.72,Rider_Cancelled
BK_001685,CUST_01941,Z102,Z302,EV_Sedan,2026-03-03 21:52:00,21.6,626.6,1.4,877.24,Completed
BK_001686,CUST_03265,Z202,Z105,EV_Sedan,2026-03-03 17:09:00,6.6,236.6,2.4,567.84,Completed
BK_001687,CUST_03109,Z301,Z103,EV_Sedan,2026-03-17 20:17:00,28.2,798.2,1.6,1277.12,Completed
BK_001688,CUST_02915,Z102,Z205,Auto_Rickshaw,2026-02-15 09:44:00,10.3,225.4,2.4,540.96,Completed
BK_001689,CUST_01290,Z101,Z201,EV_Sedan,2026-02-15 17:40:00,18.5,546.0,1.8,982.8,Completed
BK_001690,CUST_02735,Z106,Z107,Bike_Taxi,2026-02-27 04:25:00,8.5,127.0,1.0,127.0,Completed
BK_001691,CUST_01945,Z203,Z105,Bike_Taxi,2026-02-14 00:19:00,2.6,56.2,1.0,56.2,Completed
BK_001692,CUST_02055,Z107,Z304,EV_Sedan,2026-02-18 03:09:00,13.8,423.8,1.0,423.8,Completed
BK_001693,CUST_01548,Z305,Z204,EV_Sedan,2026-02-16 21:13:00,9.5,312.0,1.2,374.4,Completed
BK_001694,CUST_02965,Z101,Z202,Prime_Sedan,2026-02-27 03:50:00,9.9,347.2,1.1,381.92,Completed
BK_001695,CUST_03425,Z204,Z202,EV_Sedan,2026-02-07 10:57:00,27.2,772.2,2.1,1621.62,Completed
BK_001696,CUST_03413,Z305,Z202,EV_Sedan,2026-02-22 01:08:00,20.7,603.2,1.0,603.2,Completed
BK_001697,CUST_01331,Z101,Z201,EV_Sedan,2026-03-09 14:05:00,23.2,668.2,1.2,801.84,Rider_Cancelled
BK_001698,CUST_02380,Z206,Z304,Auto_Rickshaw,2026-03-10 23:46:00,13.7,286.6,1.0,286.6,Completed
BK_001699,CUST_02069,Z106,Z201,Prime_Sedan,2026-02-14 04:17:00,18.4,585.2,1.0,585.2,Completed
BK_001700,CUST_02676,Z301,Z201,Prime_Sedan,2026-02-23 07:10:00,3.7,173.6,1.0,173.6,Driver_Cancelled
BK_001701,CUST_03298,Z301,Z103,Prime_Sedan,2026-02-22 17:08:00,25.9,795.2,2.4,1908.48,Driver_Cancelled
BK_001702,CUST_01137,Z105,Z205,Prime_Sedan,2026-02-03 18:50:00,16.5,532.0,2.4,1276.8,Rider_Cancelled
BK_001703,CUST_01707,Z206,Z203,Bike_Taxi,2026-02-24 15:36:00,22.3,292.6,1.0,292.6,Completed
BK_001704,CUST_03098,Z205,Z201,Auto_Rickshaw,2026-02-02 02:41:00,22.5,445.0,1.0,445.0,Driver_Cancelled
BK_001705,CUST_03250,Z206,Z204,Prime_Sedan,2026-02-05 01:48:00,2.5,140.0,1.2,168.0,Completed
BK_001706,CUST_01200,Z107,Z301,EV_Sedan,2026-02-16 03:46:00,3.8,163.8,1.1,180.18,Completed
BK_001707,CUST_02002,Z201,Z104,Bike_Taxi,2026-02-25 16:47:00,7.6,116.2,1.0,116.2,Completed
BK_001708,CUST_02235,Z202,Z206,Bike_Taxi,2026-02-22 05:31:00,7.0,109.0,1.1,119.9,Completed
BK_001709,CUST_02086,Z303,Z205,Prime_Sedan,2026-03-01 03:51:00,19.4,613.2,1.0,613.2,Rider_Cancelled
BK_001710,CUST_03407,Z205,Z107,Bike_Taxi,2026-02-21 13:17:00,25.3,328.6,1.1,361.46,Driver_Cancelled
BK_001711,CUST_02595,Z302,Z301,Auto_Rickshaw,2026-02-26 15:01:00,3.2,97.6,1.1,107.36,Driver_Cancelled
BK_001712,CUST_02726,Z302,Z205,EV_Sedan,2026-02-04 21:56:00,11.6,366.6,1.6,586.56,Completed
BK_001713,CUST_01191,Z202,Z102,EV_Sedan,2026-03-09 11:46:00,12.9,400.4,1.8,720.72,Driver_Cancelled
BK_001714,CUST_02190,Z202,Z205,EV_Sedan,2026-02-12 08:41:00,19.5,572.0,2.1,1201.2,Completed
BK_001715,CUST_01056,Z102,Z203,Auto_Rickshaw,2026-02-22 11:26:00,4.3,117.4,1.2,140.88,Completed
BK_001716,CUST_01330,Z103,Z105,EV_Sedan,2026-03-04 07:51:00,8.1,275.6,1.0,275.6,Rider_Cancelled
BK_001717,CUST_02747,Z103,Z204,EV_Sedan,2026-03-06 11:32:00,14.2,434.2,1.6,694.72,Rider_Cancelled
BK_001718,CUST_01001,Z202,Z303,Bike_Taxi,2026-03-06 14:42:00,12.9,179.8,1.2,215.76,Completed
BK_001719,CUST_03460,Z205,Z101,Bike_Taxi,2026-02-25 05:21:00,9.7,141.4,1.2,169.68,Completed
BK_001720,CUST_02293,Z202,Z304,Prime_Sedan,2026-03-04 05:11:00,7.0,266.0,1.0,266.0,Completed
BK_001721,CUST_02848,Z201,Z107,EV_Sedan,2026-02-26 08:40:00,9.1,301.6,2.1,633.36,Driver_Cancelled
BK_001722,CUST_02070,Z302,Z203,Auto_Rickshaw,2026-03-12 14:31:00,2.6,86.8,1.0,86.8,Completed
BK_001723,CUST_02970,Z201,Z206,Auto_Rickshaw,2026-02-04 23:39:00,13.3,279.4,1.2,335.28,Rider_Cancelled
BK_001724,CUST_02239,Z104,Z201,Bike_Taxi,2026-02-05 08:29:00,4.5,79.0,1.4,110.6,Completed
BK_001725,CUST_01322,Z205,Z107,Auto_Rickshaw,2026-03-16 12:35:00,19.1,383.8,1.2,460.56,Completed
BK_001726,CUST_01312,Z106,Z301,EV_Sedan,2026-02-16 06:46:00,12.3,384.8,1.0,384.8,Completed
BK_001727,CUST_01169,Z102,Z201,Bike_Taxi,2026-03-16 23:08:00,23.8,310.6,1.2,372.72,Driver_Cancelled
BK_001728,CUST_01521,Z106,Z204,Bike_Taxi,2026-03-14 21:07:00,20.4,269.8,1.4,377.72,Driver_Cancelled
BK_001729,CUST_01992,Z102,Z105,EV_Sedan,2026-02-09 03:23:00,10.7,343.2,1.0,343.2,Completed
BK_001730,CUST_02460,Z205,Z107,EV_Sedan,2026-03-11 21:18:00,10.8,345.8,1.2,414.96,Completed
BK_001731,CUST_02669,Z205,Z203,EV_Sedan,2026-03-03 10:52:00,14.4,439.4,1.6,703.04,Completed
BK_001732,CUST_01403,Z105,Z302,EV_Sedan,2026-03-15 23:22:00,11.4,361.4,1.2,433.68,Completed
BK_001733,CUST_02567,Z206,Z103,EV_Sedan,2026-02-02 00:51:00,6.7,239.2,1.0,239.2,Completed
BK_001734,CUST_03045,Z205,Z301,EV_Sedan,2026-02-09 00:13:00,27.3,774.8,1.1,852.28,Completed
BK_001735,CUST_01944,Z105,Z206,EV_Sedan,2026-02-23 15:41:00,16.8,501.8,1.0,501.8,Completed
BK_001736,CUST_03021,Z105,Z203,Auto_Rickshaw,2026-03-09 21:20:00,26.9,524.2,1.4,733.88,Completed
BK_001737,CUST_01604,Z304,Z206,Bike_Taxi,2026-02-01 23:24:00,10.0,145.0,1.1,159.5,Completed
BK_001738,CUST_02635,Z204,Z102,Auto_Rickshaw,2026-03-05 22:15:00,9.2,205.6,1.2,246.72,Completed
BK_001739,CUST_02594,Z204,Z206,Auto_Rickshaw,2026-02-20 21:13:00,15.9,326.2,1.4,456.68,Completed
BK_001740,CUST_02595,Z102,Z302,Auto_Rickshaw,2026-03-02 16:51:00,24.4,479.2,1.0,479.2,Completed
BK_001741,CUST_03414,Z202,Z303,Auto_Rickshaw,2026-03-14 07:49:00,8.1,185.8,1.0,185.8,Completed
BK_001742,CUST_03295,Z106,Z204,EV_Sedan,2026-02-15 06:27:00,9.3,306.8,1.0,306.8,Driver_Cancelled
BK_001743,CUST_01956,Z203,Z303,Auto_Rickshaw,2026-02-07 01:58:00,17.8,360.4,1.2,432.48,Rider_Cancelled
BK_001744,CUST_01881,Z102,Z205,Auto_Rickshaw,2026-03-06 09:56:00,19.6,392.8,1.4,549.92,Completed
BK_001745,CUST_02359,Z206,Z105,Prime_Sedan,2026-02-28 05:42:00,22.6,702.8,1.0,702.8,Rider_Cancelled
BK_001746,CUST_03153,Z106,Z101,Prime_Sedan,2026-03-07 20:16:00,6.5,252.0,1.2,302.4,Completed
BK_001747,CUST_02678,Z303,Z305,Auto_Rickshaw,2026-02-02 02:10:00,9.7,214.6,1.2,257.52,Driver_Cancelled
BK_001748,CUST_02102,Z202,Z205,Bike_Taxi,2026-03-11 01:37:00,11.2,159.4,1.2,191.28,Completed
BK_001749,CUST_01650,Z304,Z303,Auto_Rickshaw,2026-02-13 17:52:00,27.6,536.8,2.1,1127.28,Completed
BK_001750,CUST_02324,Z104,Z105,Auto_Rickshaw,2026-03-09 04:47:00,13.5,283.0,1.2,339.6,Completed
BK_001751,CUST_01458,Z206,Z303,Prime_Sedan,2026-02-25 08:13:00,8.7,313.6,2.1,658.56,Driver_Cancelled
BK_001752,CUST_01847,Z205,Z305,EV_Sedan,2026-03-10 11:40:00,24.2,694.2,1.4,971.88,Completed
BK_001753,CUST_02151,Z105,Z106,EV_Sedan,2026-02-25 02:42:00,10.4,335.4,1.0,335.4,Completed
BK_001754,CUST_01202,Z103,Z305,EV_Sedan,2026-03-17 10:24:00,2.7,135.2,1.2,162.24,Completed
BK_001755,CUST_03159,Z206,Z301,Bike_Taxi,2026-03-18 03:48:00,26.6,344.2,1.1,378.62,Completed
BK_001756,CUST_02095,Z206,Z105,Bike_Taxi,2026-02-23 19:30:00,18.9,251.8,1.4,352.52,Completed
BK_001757,CUST_02430,Z301,Z303,Prime_Sedan,2026-03-06 21:03:00,23.4,725.2,2.4,1740.48,Completed
BK_001758,CUST_01081,Z303,Z302,EV_Sedan,2026-02-16 17:34:00,4.8,189.8,1.6,303.68,Completed
BK_001759,CUST_02620,Z101,Z303,Auto_Rickshaw,2026-02-26 18:57:00,24.1,473.8,2.1,994.98,Rider_Cancelled
BK_001760,CUST_03305,Z104,Z305,Auto_Rickshaw,2026-02-04 04:38:00,12.2,259.6,1.1,285.56,Completed
BK_001761,CUST_01411,Z301,Z202,Prime_Sedan,2026-03-01 11:06:00,16.0,518.0,2.1,1087.8,Driver_Cancelled
BK_001762,CUST_02378,Z303,Z202,Auto_Rickshaw,2026-02-21 06:34:00,11.6,248.8,1.1,273.68,Driver_Cancelled
BK_001763,CUST_01077,Z205,Z204,Prime_Sedan,2026-02-15 00:56:00,19.4,613.2,1.2,735.84,Completed
BK_001764,CUST_01716,Z105,Z101,EV_Sedan,2026-03-11 00:39:00,22.5,650.0,1.2,780.0,Driver_Cancelled
BK_001765,CUST_02659,Z201,Z204,Auto_Rickshaw,2026-03-12 14:57:00,8.0,184.0,1.0,184.0,Completed
BK_001766,CUST_01937,Z203,Z202,Prime_Sedan,2026-02-12 04:34:00,20.6,646.8,1.0,646.8,Completed
BK_001767,CUST_02999,Z203,Z104,Auto_Rickshaw,2026-02-19 03:48:00,25.3,495.4,1.2,594.48,Completed
BK_001768,CUST_01073,Z205,Z304,Auto_Rickshaw,2026-03-07 05:44:00,24.2,475.6,1.2,570.72,Completed
BK_001769,CUST_01482,Z107,Z302,Bike_Taxi,2026-02-08 21:06:00,21.8,286.6,1.4,401.24,Completed
BK_001770,CUST_01394,Z202,Z304,Prime_Sedan,2026-03-03 17:12:00,21.2,663.6,2.1,1393.56,Driver_Cancelled
BK_001771,CUST_01510,Z305,Z205,Prime_Sedan,2026-03-05 17:29:00,28.4,865.2,1.6,1384.32,Completed
BK_001772,CUST_02591,Z104,Z101,Bike_Taxi,2026-02-04 19:00:00,18.5,247.0,1.8,444.6,Completed
BK_001773,CUST_03003,Z305,Z301,Prime_Sedan,2026-03-05 03:22:00,27.0,826.0,1.2,991.2,Completed
BK_001774,CUST_03398,Z301,Z303,EV_Sedan,2026-02-19 12:52:00,28.5,806.0,1.0,806.0,Driver_Cancelled
BK_001775,CUST_02508,Z205,Z305,Bike_Taxi,2026-02-28 07:11:00,15.2,207.4,1.1,228.14,Completed
BK_001776,CUST_01795,Z101,Z104,Bike_Taxi,2026-02-13 15:12:00,18.2,243.4,1.0,243.4,Rider_Cancelled
BK_001777,CUST_03018,Z203,Z201,Auto_Rickshaw,2026-02-20 22:05:00,10.7,232.6,1.1,255.86,Completed
BK_001778,CUST_01046,Z102,Z303,Auto_Rickshaw,2026-03-03 21:41:00,23.4,461.2,2.4,1106.88,Driver_Cancelled
BK_001779,CUST_03297,Z105,Z301,EV_Sedan,2026-03-10 18:25:00,7.0,247.0,1.2,296.4,Driver_Cancelled
BK_001780,CUST_02701,Z201,Z304,EV_Sedan,2026-03-10 02:29:00,20.9,608.4,1.2,730.08,Driver_Cancelled
BK_001781,CUST_03143,Z206,Z302,Bike_Taxi,2026-03-15 23:36:00,4.8,82.6,1.2,99.12,Completed
BK_001782,CUST_02547,Z103,Z105,EV_Sedan,2026-02-27 21:36:00,24.4,699.4,1.8,1258.92,Rider_Cancelled
BK_001783,CUST_02305,Z302,Z202,Auto_Rickshaw,2026-03-01 21:13:00,12.3,261.4,2.4,627.36,Completed
BK_001784,CUST_03181,Z204,Z103,EV_Sedan,2026-02-10 23:33:00,7.4,257.4,1.1,283.14,Rider_Cancelled
BK_001785,CUST_01238,Z107,Z104,EV_Sedan,2026-03-04 15:40:00,14.1,431.6,1.2,517.92,Rider_Cancelled
BK_001786,CUST_01409,Z305,Z202,Bike_Taxi,2026-03-12 11:29:00,9.3,136.6,1.8,245.88,Driver_Cancelled
BK_001787,CUST_01306,Z202,Z305,Bike_Taxi,2026-02-12 08:19:00,10.9,155.8,1.4,218.12,ETA_Timeout
BK_001788,CUST_01400,Z104,Z107,Prime_Sedan,2026-02-21 09:46:00,26.2,803.6,1.4,1125.04,Completed
BK_001789,CUST_01044,Z301,Z304,EV_Sedan,2026-02-21 01:40:00,22.7,655.2,1.0,655.2,Completed
BK_001790,CUST_03044,Z105,Z102,Bike_Taxi,2026-02-14 01:57:00,17.1,230.2,1.2,276.24,Completed
BK_001791,CUST_02219,Z204,Z301,Bike_Taxi,2026-02-12 22:23:00,14.6,200.2,1.2,240.24,Completed
BK_001792,CUST_02025,Z102,Z304,Prime_Sedan,2026-03-02 14:42:00,10.3,358.4,1.0,358.4,Completed
BK_001793,CUST_01409,Z107,Z301,Prime_Sedan,2026-02-26 01:05:00,14.6,478.8,1.0,478.8,Completed
BK_001794,CUST_02397,Z106,Z301,EV_Sedan,2026-03-09 11:19:00,7.0,247.0,1.2,296.4,Completed
BK_001795,CUST_02508,Z305,Z201,Auto_Rickshaw,2026-03-07 15:45:00,7.5,175.0,1.2,210.0,Driver_Cancelled
BK_001796,CUST_02673,Z205,Z303,Bike_Taxi,2026-02-12 03:23:00,15.0,205.0,1.0,205.0,Completed
BK_001797,CUST_02247,Z102,Z104,Prime_Sedan,2026-02-08 02:25:00,7.4,277.2,1.2,332.64,Completed
BK_001798,CUST_03470,Z302,Z104,Bike_Taxi,2026-02-23 16:14:00,24.8,322.6,1.1,354.86,Completed
BK_001799,CUST_02565,Z101,Z205,Bike_Taxi,2026-02-05 11:49:00,16.6,224.2,1.8,403.56,Completed
BK_001800,CUST_02654,Z302,Z303,EV_Sedan,2026-03-12 15:32:00,2.7,135.2,1.1,148.72,Completed
BK_001801,CUST_01956,Z103,Z304,Bike_Taxi,2026-03-07 20:27:00,8.4,125.8,1.4,176.12,Completed
BK_001802,CUST_02082,Z204,Z104,Auto_Rickshaw,2026-03-08 17:24:00,16.6,338.8,1.2,406.56,Rider_Cancelled
BK_001803,CUST_02798,Z107,Z104,EV_Sedan,2026-02-25 21:21:00,12.6,392.6,1.2,471.12,Driver_Cancelled
BK_001804,CUST_02982,Z102,Z303,Bike_Taxi,2026-02-28 07:11:00,23.8,310.6,1.2,372.72,Completed
BK_001805,CUST_02842,Z205,Z203,EV_Sedan,2026-03-03 21:45:00,13.4,413.4,2.4,992.16,Completed
BK_001806,CUST_01102,Z107,Z101,EV_Sedan,2026-02-28 23:01:00,27.4,777.4,1.2,932.88,Completed
BK_001807,CUST_02671,Z103,Z201,EV_Sedan,2026-02-24 21:19:00,22.8,657.8,1.4,920.92,Completed
BK_001808,CUST_02665,Z105,Z301,Auto_Rickshaw,2026-02-11 09:22:00,17.8,360.4,1.8,648.72,Rider_Cancelled
BK_001809,CUST_01350,Z102,Z303,EV_Sedan,2026-03-07 19:20:00,5.7,213.2,1.4,298.48,Completed
BK_001810,CUST_01672,Z201,Z107,Auto_Rickshaw,2026-03-04 09:33:00,23.0,454.0,1.4,635.6,Completed
BK_001811,CUST_02548,Z202,Z201,Auto_Rickshaw,2026-03-04 04:47:00,18.4,371.2,1.0,371.2,Completed
BK_001812,CUST_02408,Z201,Z304,Prime_Sedan,2026-03-05 19:24:00,22.9,711.2,1.2,853.44,Driver_Cancelled
BK_001813,CUST_03176,Z305,Z204,Prime_Sedan,2026-02-14 07:46:00,22.8,708.4,1.2,850.08,Completed
BK_001814,CUST_02434,Z203,Z105,Auto_Rickshaw,2026-02-25 08:15:00,8.9,200.2,1.2,240.24,Completed
BK_001815,CUST_02830,Z305,Z206,EV_Sedan,2026-02-02 11:56:00,3.6,158.6,2.4,380.64,Driver_Cancelled
BK_001816,CUST_01502,Z201,Z103,EV_Sedan,2026-03-14 23:39:00,26.0,741.0,1.1,815.1,Completed
BK_001817,CUST_02934,Z304,Z303,Prime_Sedan,2026-02-08 12:11:00,7.8,288.4,1.2,346.08,Driver_Cancelled
BK_001818,CUST_01646,Z203,Z206,Auto_Rickshaw,2026-03-09 12:45:00,17.5,355.0,1.1,390.5,Completed
BK_001819,CUST_01080,Z204,Z103,Prime_Sedan,2026-03-05 04:18:00,16.2,523.6,1.0,523.6,Completed
BK_001820,CUST_03004,Z205,Z203,Bike_Taxi,2026-02-17 22:23:00,12.9,179.8,1.0,179.8,Completed
BK_001821,CUST_02309,Z101,Z105,EV_Sedan,2026-02-17 10:18:00,20.2,590.2,1.4,826.28,Completed
BK_001822,CUST_03224,Z107,Z201,EV_Sedan,2026-02-01 20:37:00,15.7,473.2,2.1,993.72,Completed
BK_001823,CUST_02375,Z302,Z105,EV_Sedan,2026-02-11 16:15:00,15.1,457.6,1.0,457.6,Completed
BK_001824,CUST_03317,Z301,Z304,EV_Sedan,2026-02-28 23:31:00,3.2,148.2,1.1,163.02,Completed
BK_001825,CUST_01930,Z105,Z303,Prime_Sedan,2026-03-11 13:26:00,17.5,560.0,1.0,560.0,Driver_Cancelled
BK_001826,CUST_02395,Z304,Z106,Prime_Sedan,2026-02-28 06:08:00,16.4,529.2,1.0,529.2,Rider_Cancelled
BK_001827,CUST_01512,Z103,Z302,EV_Sedan,2026-03-11 14:02:00,4.7,187.2,1.0,187.2,Completed
BK_001828,CUST_02269,Z106,Z204,EV_Sedan,2026-02-26 19:04:00,17.7,525.2,1.8,945.36,Completed
BK_001829,CUST_02925,Z302,Z201,Auto_Rickshaw,2026-03-07 19:49:00,20.9,416.2,2.4,998.88,Completed
BK_001830,CUST_02895,Z304,Z303,Auto_Rickshaw,2026-02-08 17:59:00,11.9,254.2,2.1,533.82,Completed
BK_001831,CUST_03341,Z102,Z202,Auto_Rickshaw,2026-02-13 13:08:00,19.2,385.6,1.2,462.72,Completed
BK_001832,CUST_01270,Z301,Z205,Bike_Taxi,2026-02-23 05:29:00,13.3,184.6,1.0,184.6,Completed
BK_001833,CUST_01136,Z201,Z302,EV_Sedan,2026-03-08 20:01:00,3.9,166.4,2.1,349.44,Driver_Cancelled
BK_001834,CUST_01241,Z104,Z205,Prime_Sedan,2026-02-07 23:59:00,5.3,218.4,1.1,240.24,Completed
BK_001835,CUST_01053,Z101,Z104,Auto_Rickshaw,2026-02-24 23:50:00,26.4,515.2,1.0,515.2,Driver_Cancelled
BK_001836,CUST_03161,Z202,Z303,Prime_Sedan,2026-03-09 17:02:00,6.6,254.8,1.6,407.68,Completed
BK_001837,CUST_02972,Z303,Z103,Bike_Taxi,2026-03-17 23:37:00,24.9,323.8,1.0,323.8,Completed
BK_001838,CUST_01044,Z102,Z201,Auto_Rickshaw,2026-02-07 18:28:00,17.4,353.2,2.1,741.72,Driver_Cancelled
BK_001839,CUST_02232,Z302,Z301,Auto_Rickshaw,2026-02-04 07:47:00,6.3,153.4,1.0,153.4,Completed
BK_001840,CUST_02019,Z104,Z301,Auto_Rickshaw,2026-03-01 10:22:00,21.3,423.4,1.8,762.12,Driver_Cancelled
BK_001841,CUST_02490,Z202,Z201,Prime_Sedan,2026-03-01 13:21:00,27.4,837.2,1.0,837.2,Completed
BK_001842,CUST_02421,Z106,Z305,Bike_Taxi,2026-02-22 14:03:00,11.2,159.4,1.2,191.28,Completed
BK_001843,CUST_01853,Z102,Z107,Prime_Sedan,2026-03-18 02:42:00,10.6,366.8,1.0,366.8,Driver_Cancelled
BK_001844,CUST_02949,Z202,Z101,Prime_Sedan,2026-03-02 01:59:00,7.5,280.0,1.2,336.0,Driver_Cancelled
BK_001845,CUST_01991,Z201,Z206,EV_Sedan,2026-02-03 06:57:00,12.9,400.4,1.0,400.4,Completed
BK_001846,CUST_03043,Z102,Z203,Auto_Rickshaw,2026-03-02 02:33:00,6.4,155.2,1.0,155.2,Rider_Cancelled
BK_001847,CUST_02611,Z203,Z103,Auto_Rickshaw,2026-02-04 19:57:00,12.2,259.6,2.1,545.16,Completed
BK_001848,CUST_02022,Z205,Z101,Prime_Sedan,2026-02-17 03:31:00,18.4,585.2,1.0,585.2,Completed
BK_001849,CUST_01497,Z206,Z302,Auto_Rickshaw,2026-03-09 13:07:00,27.4,533.2,1.0,533.2,Completed
BK_001850,CUST_01305,Z305,Z205,EV_Sedan,2026-03-13 20:03:00,8.7,291.2,2.4,698.88,Completed
BK_001851,CUST_02469,Z301,Z303,Prime_Sedan,2026-02-22 05:04:00,7.4,277.2,1.0,277.2,Completed
BK_001852,CUST_02166,Z301,Z104,EV_Sedan,2026-03-11 21:58:00,18.1,535.6,1.2,642.72,Completed
BK_001853,CUST_02581,Z201,Z305,EV_Sedan,2026-02-06 10:23:00,14.8,449.8,1.8,809.64,Completed
BK_001854,CUST_03422,Z206,Z204,Prime_Sedan,2026-02-19 11:11:00,12.4,417.2,2.1,876.12,Completed
BK_001855,CUST_02190,Z302,Z105,Auto_Rickshaw,2026-03-02 00:36:00,8.0,184.0,1.0,184.0,Completed
BK_001856,CUST_02640,Z302,Z305,EV_Sedan,2026-03-07 20:22:00,5.2,200.2,2.1,420.42,Completed
BK_001857,CUST_02781,Z206,Z305,EV_Sedan,2026-02-24 16:37:00,12.2,382.2,1.1,420.42,Driver_Cancelled
BK_001858,CUST_01414,Z103,Z302,Bike_Taxi,2026-02-15 02:24:00,3.7,69.4,1.0,69.4,Completed
BK_001859,CUST_02798,Z107,Z105,Auto_Rickshaw,2026-02-01 23:45:00,11.6,248.8,1.0,248.8,Driver_Cancelled
BK_001860,CUST_02357,Z107,Z202,Bike_Taxi,2026-03-08 07:37:00,15.0,205.0,1.1,225.5,Completed
BK_001861,CUST_02160,Z305,Z303,EV_Sedan,2026-03-03 21:25:00,24.7,707.2,1.4,990.08,Completed
BK_001862,CUST_02212,Z102,Z305,Prime_Sedan,2026-03-07 03:03:00,17.3,554.4,1.0,554.4,Completed
BK_001863,CUST_02156,Z201,Z305,Prime_Sedan,2026-02-11 06:02:00,3.3,162.4,1.0,162.4,Completed
BK_001864,CUST_03328,Z301,Z204,Auto_Rickshaw,2026-02-13 14:31:00,6.5,157.0,1.1,172.7,Completed
BK_001865,CUST_02656,Z102,Z101,Bike_Taxi,2026-02-08 19:14:00,3.5,67.0,1.4,93.8,Completed
BK_001866,CUST_01323,Z205,Z305,Bike_Taxi,2026-02-26 21:53:00,24.0,313.0,2.4,751.2,Completed
BK_001867,CUST_02767,Z102,Z105,Prime_Sedan,2026-03-11 22:12:00,17.6,562.8,1.0,562.8,Completed
BK_001868,CUST_02337,Z105,Z304,Auto_Rickshaw,2026-02-19 00:58:00,24.1,473.8,1.2,568.56,Driver_Cancelled
BK_001869,CUST_02241,Z105,Z101,EV_Sedan,2026-02-07 20:06:00,20.5,598.0,1.4,837.2,Completed
BK_001870,CUST_02504,Z102,Z202,EV_Sedan,2026-03-16 04:01:00,26.2,746.2,1.0,746.2,Completed
BK_001871,CUST_02019,Z301,Z101,EV_Sedan,2026-02-18 16:35:00,9.4,309.4,1.0,309.4,Rider_Cancelled
BK_001872,CUST_01509,Z104,Z106,Prime_Sedan,2026-03-06 15:19:00,27.4,837.2,1.0,837.2,Completed
BK_001873,CUST_01186,Z201,Z203,Bike_Taxi,2026-02-04 19:44:00,7.6,116.2,1.6,185.92,Completed
BK_001874,CUST_01949,Z106,Z205,EV_Sedan,2026-03-02 04:52:00,25.2,720.2,1.0,720.2,Completed
BK_001875,CUST_02583,Z302,Z104,EV_Sedan,2026-02-14 17:12:00,14.4,439.4,2.4,1054.56,Completed
BK_001876,CUST_01625,Z302,Z204,Prime_Sedan,2026-03-03 08:25:00,23.1,716.8,1.8,1290.24,Completed
BK_001877,CUST_01941,Z201,Z104,Bike_Taxi,2026-03-05 11:20:00,21.9,287.8,1.4,402.92,ETA_Timeout
BK_001878,CUST_02184,Z103,Z107,EV_Sedan,2026-03-10 09:05:00,27.6,782.6,2.4,1878.24,Completed
BK_001879,CUST_03280,Z102,Z206,Prime_Sedan,2026-02-23 12:01:00,4.8,204.4,1.1,224.84,Driver_Cancelled
BK_001880,CUST_03187,Z206,Z204,Bike_Taxi,2026-02-14 16:34:00,6.8,106.6,1.1,117.26,Completed
BK_001881,CUST_02231,Z305,Z206,Auto_Rickshaw,2026-03-08 12:23:00,15.7,322.6,1.2,387.12,Completed
BK_001882,CUST_01017,Z103,Z303,Auto_Rickshaw,2026-02-23 09:09:00,10.6,230.8,1.4,323.12,Rider_Cancelled
BK_001883,CUST_01152,Z302,Z305,EV_Sedan,2026-02-05 22:47:00,14.0,429.0,1.0,429.0,Completed
BK_001884,CUST_01353,Z205,Z204,Prime_Sedan,2026-03-11 21:33:00,14.1,464.8,2.1,976.08,Completed
BK_001885,CUST_01663,Z201,Z104,Bike_Taxi,2026-02-23 02:20:00,21.4,281.8,1.0,281.8,Completed
BK_001886,CUST_02656,Z205,Z107,Auto_Rickshaw,2026-03-05 23:42:00,27.4,533.2,1.1,586.52,Completed
BK_001887,CUST_01634,Z202,Z305,Bike_Taxi,2026-02-23 19:00:00,26.7,345.4,2.4,828.96,Completed
BK_001888,CUST_02590,Z305,Z302,EV_Sedan,2026-03-03 11:01:00,20.7,603.2,1.2,723.84,ETA_Timeout
BK_001889,CUST_01989,Z202,Z107,Auto_Rickshaw,2026-03-09 06:01:00,26.4,515.2,1.0,515.2,Completed
BK_001890,CUST_01514,Z104,Z105,Prime_Sedan,2026-02-18 22:26:00,3.1,156.8,1.0,156.8,Completed
BK_001891,CUST_03428,Z305,Z302,Auto_Rickshaw,2026-02-01 23:00:00,19.7,394.6,1.0,394.6,Completed
BK_001892,CUST_01406,Z305,Z206,Bike_Taxi,2026-02-19 08:12:00,11.9,167.8,2.4,402.72,Completed
BK_001893,CUST_01456,Z102,Z104,Bike_Taxi,2026-03-10 11:26:00,4.4,77.8,1.6,124.48,Completed
BK_001894,CUST_01360,Z201,Z101,EV_Sedan,2026-02-03 09:12:00,6.1,223.6,2.4,536.64,Driver_Cancelled
BK_001895,CUST_02538,Z102,Z301,Prime_Sedan,2026-02-23 00:10:00,20.0,630.0,1.0,630.0,Completed
BK_001896,CUST_02004,Z301,Z205,Auto_Rickshaw,2026-03-17 08:52:00,4.3,117.4,1.6,187.84,Completed
BK_001897,CUST_02629,Z203,Z104,EV_Sedan,2026-02-23 03:02:00,19.1,561.6,1.1,617.76,Completed
BK_001898,CUST_02735,Z304,Z107,Bike_Taxi,2026-02-15 16:06:00,13.3,184.6,1.2,221.52,Completed
BK_001899,CUST_02407,Z105,Z106,Auto_Rickshaw,2026-03-13 13:12:00,26.2,511.6,1.1,562.76,Completed
BK_001900,CUST_02283,Z106,Z302,EV_Sedan,2026-03-07 21:52:00,10.3,332.8,1.6,532.48,Completed
BK_001901,CUST_01476,Z103,Z204,Bike_Taxi,2026-03-08 21:24:00,3.7,69.4,1.4,97.16,Completed
BK_001902,CUST_01229,Z206,Z106,Prime_Sedan,2026-03-08 17:57:00,26.7,817.6,1.8,1471.68,Completed
BK_001903,CUST_01477,Z301,Z106,Bike_Taxi,2026-03-13 14:06:00,21.3,280.6,1.1,308.66,Completed
BK_001904,CUST_03415,Z303,Z302,EV_Sedan,2026-03-08 06:34:00,27.7,785.2,1.0,785.2,Driver_Cancelled
BK_001905,CUST_02471,Z303,Z204,Bike_Taxi,2026-03-08 00:05:00,17.2,231.4,1.0,231.4,Completed
BK_001906,CUST_02868,Z101,Z201,Bike_Taxi,2026-03-05 14:02:00,6.4,101.8,1.2,122.16,Completed
BK_001907,CUST_01126,Z101,Z103,Bike_Taxi,2026-02-17 16:50:00,3.3,64.6,1.1,71.06,Rider_Cancelled
BK_001908,CUST_02036,Z305,Z105,Bike_Taxi,2026-02-24 12:27:00,27.5,355.0,1.1,390.5,Driver_Cancelled
BK_001909,CUST_01162,Z303,Z305,Bike_Taxi,2026-02-25 03:10:00,7.0,109.0,1.0,109.0,Completed
BK_001910,CUST_01263,Z302,Z101,Auto_Rickshaw,2026-02-26 07:11:00,16.7,340.6,1.0,340.6,Completed
BK_001911,CUST_02337,Z103,Z107,EV_Sedan,2026-03-01 16:20:00,11.1,353.6,1.0,353.6,Completed
BK_001912,CUST_01528,Z301,Z106,Bike_Taxi,2026-02-10 17:10:00,2.8,58.6,2.4,140.64,Completed
BK_001913,CUST_01780,Z202,Z105,Prime_Sedan,2026-03-13 04:05:00,28.4,865.2,1.0,865.2,Completed
BK_001914,CUST_01459,Z301,Z206,Prime_Sedan,2026-02-11 07:30:00,24.3,750.4,1.0,750.4,Driver_Cancelled
BK_001915,CUST_02931,Z203,Z101,EV_Sedan,2026-02-12 13:40:00,9.1,301.6,1.0,301.6,Completed
BK_001916,CUST_03239,Z203,Z204,Prime_Sedan,2026-03-09 03:33:00,5.1,212.8,1.0,212.8,Completed
BK_001917,CUST_02212,Z104,Z105,Prime_Sedan,2026-02-17 13:45:00,23.8,736.4,1.0,736.4,Completed
BK_001918,CUST_01666,Z204,Z206,Prime_Sedan,2026-02-08 12:32:00,6.0,238.0,1.0,238.0,Driver_Cancelled
BK_001919,CUST_03062,Z305,Z107,EV_Sedan,2026-03-18 00:54:00,19.0,559.0,1.1,614.9,Completed
BK_001920,CUST_01813,Z205,Z102,Bike_Taxi,2026-03-08 08:46:00,5.5,91.0,1.2,109.2,Completed
BK_001921,CUST_01906,Z103,Z303,Auto_Rickshaw,2026-02-13 19:51:00,27.7,538.6,2.1,1131.06,Completed
BK_001922,CUST_03227,Z301,Z103,EV_Sedan,2026-03-09 15:01:00,7.1,249.6,1.0,249.6,ETA_Timeout
BK_001923,CUST_01902,Z205,Z204,Auto_Rickshaw,2026-03-16 22:09:00,18.0,364.0,1.0,364.0,Completed
BK_001924,CUST_01772,Z302,Z201,EV_Sedan,2026-02-02 02:00:00,14.7,447.2,1.0,447.2,ETA_Timeout
BK_001925,CUST_02812,Z202,Z205,Bike_Taxi,2026-03-08 03:49:00,28.4,365.8,1.0,365.8,Completed
BK_001926,CUST_01447,Z205,Z106,Auto_Rickshaw,2026-02-09 12:17:00,7.7,178.6,1.0,178.6,Completed
BK_001927,CUST_03080,Z304,Z201,Auto_Rickshaw,2026-02-01 13:40:00,12.7,268.6,1.1,295.46,Completed
BK_001928,CUST_02345,Z206,Z102,Bike_Taxi,2026-03-14 18:32:00,16.0,217.0,1.4,303.8,Completed
BK_001929,CUST_01430,Z305,Z202,Auto_Rickshaw,2026-03-08 13:32:00,12.8,270.4,1.0,270.4,Completed
BK_001930,CUST_02281,Z302,Z202,Auto_Rickshaw,2026-03-12 19:46:00,5.4,137.2,1.6,219.52,Rider_Cancelled
BK_001931,CUST_03382,Z106,Z302,Prime_Sedan,2026-02-07 09:56:00,9.9,347.2,1.8,624.96,Completed
BK_001932,CUST_03375,Z304,Z107,Auto_Rickshaw,2026-03-15 03:52:00,27.3,531.4,1.2,637.68,Completed
BK_001933,CUST_02288,Z302,Z305,Prime_Sedan,2026-03-07 16:06:00,11.1,380.8,1.0,380.8,Completed
BK_001934,CUST_01863,Z102,Z303,EV_Sedan,2026-03-02 22:19:00,14.6,444.6,1.0,444.6,Completed
BK_001935,CUST_01609,Z107,Z201,Auto_Rickshaw,2026-03-05 19:30:00,10.9,236.2,2.4,566.88,Completed
BK_001936,CUST_01919,Z103,Z106,Auto_Rickshaw,2026-03-15 13:28:00,7.6,176.8,1.1,194.48,Completed
BK_001937,CUST_01220,Z107,Z105,Prime_Sedan,2026-03-17 07:56:00,9.5,336.0,1.0,336.0,Completed
BK_001938,CUST_02850,Z102,Z106,Bike_Taxi,2026-02-02 22:08:00,5.5,91.0,1.0,91.0,Completed
BK_001939,CUST_01456,Z106,Z104,Bike_Taxi,2026-02-26 07:51:00,26.6,344.2,1.2,413.04,Completed
BK_001940,CUST_01424,Z105,Z107,EV_Sedan,2026-03-12 19:30:00,19.6,574.6,1.4,804.44,Completed
BK_001941,CUST_02327,Z204,Z205,Auto_Rickshaw,2026-02-03 13:45:00,8.0,184.0,1.0,184.0,Completed
BK_001942,CUST_01561,Z303,Z301,EV_Sedan,2026-03-12 06:58:00,9.3,306.8,1.0,306.8,Driver_Cancelled
BK_001943,CUST_03129,Z106,Z202,Prime_Sedan,2026-02-19 11:14:00,21.2,663.6,2.1,1393.56,ETA_Timeout
BK_001944,CUST_01583,Z301,Z101,Auto_Rickshaw,2026-02-09 14:41:00,4.1,113.8,1.0,113.8,Completed
BK_001945,CUST_01275,Z204,Z104,EV_Sedan,2026-02-09 02:34:00,7.9,270.4,1.0,270.4,Driver_Cancelled
BK_001946,CUST_01136,Z302,Z301,Prime_Sedan,2026-02-28 12:24:00,26.2,803.6,1.1,883.96,Completed
BK_001947,CUST_01646,Z206,Z105,Bike_Taxi,2026-02-06 08:51:00,8.3,124.6,1.2,149.52,Completed
BK_001948,CUST_02898,Z302,Z202,Prime_Sedan,2026-02-09 12:36:00,10.7,369.6,1.1,406.56,Completed
BK_001949,CUST_01793,Z105,Z107,Auto_Rickshaw,2026-03-04 18:54:00,27.5,535.0,2.4,1284.0,ETA_Timeout
BK_001950,CUST_01686,Z301,Z102,EV_Sedan,2026-03-14 06:43:00,13.3,410.8,1.0,410.8,Completed
BK_001951,CUST_01080,Z301,Z202,EV_Sedan,2026-02-21 06:33:00,26.3,748.8,1.0,748.8,ETA_Timeout
BK_001952,CUST_01725,Z205,Z303,EV_Sedan,2026-02-11 03:35:00,20.6,600.6,1.1,660.66,Completed
BK_001953,CUST_02961,Z302,Z303,Auto_Rickshaw,2026-03-08 12:58:00,4.7,124.6,1.0,124.6,Rider_Cancelled
BK_001954,CUST_03236,Z203,Z105,EV_Sedan,2026-02-19 09:41:00,23.2,668.2,2.1,1403.22,Completed
BK_001955,CUST_01006,Z204,Z107,Prime_Sedan,2026-03-12 15:33:00,19.3,610.4,1.1,671.44,Rider_Cancelled
BK_001956,CUST_02586,Z206,Z305,Prime_Sedan,2026-02-01 17:33:00,20.4,641.2,1.4,897.68,Rider_Cancelled
BK_001957,CUST_02252,Z303,Z205,Auto_Rickshaw,2026-03-02 04:39:00,14.6,302.8,1.0,302.8,Completed
BK_001958,CUST_02107,Z103,Z301,Bike_Taxi,2026-03-09 06:51:00,17.5,235.0,1.0,235.0,Completed
BK_001959,CUST_03108,Z206,Z304,Bike_Taxi,2026-03-12 22:41:00,6.9,107.8,1.0,107.8,Completed
BK_001960,CUST_03372,Z205,Z303,Prime_Sedan,2026-02-28 10:11:00,20.7,649.6,1.8,1169.28,Completed
BK_001961,CUST_02921,Z102,Z105,EV_Sedan,2026-02-23 20:09:00,3.2,148.2,2.1,311.22,Completed
BK_001962,CUST_01720,Z102,Z104,Auto_Rickshaw,2026-02-01 19:03:00,18.6,374.8,2.4,899.52,Rider_Cancelled
BK_001963,CUST_02939,Z202,Z303,Prime_Sedan,2026-03-03 22:40:00,25.1,772.8,1.0,772.8,Completed
BK_001964,CUST_01679,Z102,Z204,Bike_Taxi,2026-02-05 01:04:00,5.4,89.8,1.1,98.78,Driver_Cancelled
BK_001965,CUST_02195,Z102,Z206,Auto_Rickshaw,2026-02-05 11:29:00,14.4,299.2,1.4,418.88,Driver_Cancelled
BK_001966,CUST_02736,Z206,Z303,Prime_Sedan,2026-02-18 12:19:00,21.8,680.4,1.2,816.48,Rider_Cancelled
BK_001967,CUST_03034,Z103,Z303,Bike_Taxi,2026-02-14 22:58:00,23.3,304.6,1.2,365.52,Completed
BK_001968,CUST_02383,Z304,Z206,Bike_Taxi,2026-02-09 00:41:00,20.0,265.0,1.0,265.0,Completed
BK_001969,CUST_02300,Z105,Z303,Bike_Taxi,2026-03-06 18:36:00,5.0,85.0,2.1,178.5,Completed
BK_001970,CUST_02738,Z304,Z204,EV_Sedan,2026-02-28 09:29:00,4.5,182.0,1.4,254.8,Completed
BK_001971,CUST_03179,Z101,Z103,EV_Sedan,2026-03-13 12:22:00,19.6,574.6,1.0,574.6,Completed
BK_001972,CUST_01672,Z304,Z303,Bike_Taxi,2026-03-15 04:24:00,21.2,279.4,1.2,335.28,Completed
BK_001973,CUST_02584,Z101,Z204,EV_Sedan,2026-02-09 04:36:00,26.8,761.8,1.2,914.16,Rider_Cancelled
BK_001974,CUST_02033,Z303,Z106,Bike_Taxi,2026-02-04 22:02:00,4.5,79.0,1.0,79.0,Completed
BK_001975,CUST_02753,Z304,Z305,Auto_Rickshaw,2026-03-02 18:56:00,17.8,360.4,2.1,756.84,Completed
BK_001976,CUST_01966,Z202,Z101,Prime_Sedan,2026-02-06 12:12:00,21.3,666.4,1.2,799.68,Completed
BK_001977,CUST_02364,Z103,Z201,Bike_Taxi,2026-02-12 16:20:00,15.9,215.8,1.1,237.38,Completed
BK_001978,CUST_02432,Z301,Z104,Bike_Taxi,2026-03-15 04:06:00,13.1,182.2,1.0,182.2,Driver_Cancelled
BK_001979,CUST_01542,Z201,Z102,Prime_Sedan,2026-03-17 05:13:00,19.6,618.8,1.1,680.68,Completed
BK_001980,CUST_02227,Z201,Z202,Auto_Rickshaw,2026-02-03 15:44:00,27.5,535.0,1.0,535.0,Completed
BK_001981,CUST_01257,Z104,Z106,Bike_Taxi,2026-03-01 17:15:00,16.6,224.2,1.2,269.04,Completed
BK_001982,CUST_02307,Z203,Z206,EV_Sedan,2026-03-01 14:01:00,15.9,478.4,1.2,574.08,Completed
BK_001983,CUST_01312,Z106,Z305,EV_Sedan,2026-03-05 07:55:00,13.8,423.8,1.2,508.56,Completed
BK_001984,CUST_03055,Z106,Z204,Auto_Rickshaw,2026-02-21 16:26:00,6.5,157.0,1.0,157.0,Completed
BK_001985,CUST_01687,Z107,Z106,Prime_Sedan,2026-03-15 00:39:00,25.1,772.8,1.0,772.8,Rider_Cancelled
BK_001986,CUST_01520,Z302,Z304,Prime_Sedan,2026-02-26 01:26:00,13.6,450.8,1.1,495.88,Completed
BK_001987,CUST_03072,Z303,Z302,Prime_Sedan,2026-02-26 18:48:00,13.9,459.2,1.4,642.88,Completed
BK_001988,CUST_02509,Z303,Z201,Auto_Rickshaw,2026-02-16 19:41:00,7.5,175.0,1.8,315.0,Driver_Cancelled
BK_001989,CUST_01150,Z102,Z203,Prime_Sedan,2026-02-16 07:05:00,16.3,526.4,1.0,526.4,Completed
BK_001990,CUST_02411,Z302,Z101,Prime_Sedan,2026-02-15 10:58:00,23.0,714.0,2.4,1713.6,Completed
BK_001991,CUST_02843,Z302,Z102,Bike_Taxi,2026-02-14 14:13:00,13.3,184.6,1.0,184.6,ETA_Timeout
BK_001992,CUST_03202,Z103,Z206,Prime_Sedan,2026-03-09 03:29:00,19.1,604.8,1.2,725.76,Driver_Cancelled
BK_001993,CUST_02886,Z201,Z305,Prime_Sedan,2026-02-19 01:02:00,18.3,582.4,1.0,582.4,Completed
BK_001994,CUST_01731,Z103,Z107,EV_Sedan,2026-02-14 03:34:00,11.7,369.2,1.2,443.04,Completed
BK_001995,CUST_03387,Z202,Z106,Prime_Sedan,2026-02-20 10:39:00,15.2,495.6,1.6,792.96,Completed
BK_001996,CUST_01119,Z104,Z202,EV_Sedan,2026-03-06 01:53:00,4.9,192.4,1.2,230.88,Completed
BK_001997,CUST_01070,Z104,Z206,Auto_Rickshaw,2026-03-10 12:08:00,14.4,299.2,1.0,299.2,Driver_Cancelled
BK_001998,CUST_02654,Z302,Z101,Prime_Sedan,2026-02-07 03:13:00,6.8,260.4,1.1,286.44,Driver_Cancelled
BK_001999,CUST_02561,Z205,Z302,Prime_Sedan,2026-03-03 06:57:00,14.5,476.0,1.2,571.2,Rider_Cancelled
BK_002000,CUST_03027,Z204,Z205,EV_Sedan,2026-03-01 02:02:00,27.9,790.4,1.2,948.48,Completed
BK_002001,CUST_02231,Z304,Z205,Prime_Sedan,2026-03-13 02:05:00,17.0,546.0,1.0,546.0,Completed
BK_002002,CUST_03170,Z304,Z106,Bike_Taxi,2026-03-08 12:20:00,19.4,257.8,1.0,257.8,Completed
BK_002003,CUST_02310,Z105,Z102,Bike_Taxi,2026-03-09 19:59:00,23.0,301.0,1.4,421.4,Completed
BK_002004,CUST_01233,Z107,Z206,Auto_Rickshaw,2026-03-04 08:14:00,21.3,423.4,1.4,592.76,Completed
BK_002005,CUST_02788,Z201,Z204,Auto_Rickshaw,2026-03-02 13:24:00,4.8,126.4,1.0,126.4,Driver_Cancelled
BK_002006,CUST_01159,Z205,Z106,Prime_Sedan,2026-02-17 08:12:00,17.7,565.6,1.8,1018.08,Completed
BK_002007,CUST_02331,Z203,Z302,Bike_Taxi,2026-02-01 14:54:00,27.3,352.6,1.0,352.6,Driver_Cancelled
BK_002008,CUST_01956,Z202,Z305,Prime_Sedan,2026-03-05 13:33:00,4.3,190.4,1.0,190.4,Completed
BK_002009,CUST_01527,Z104,Z105,EV_Sedan,2026-02-08 02:38:00,18.6,548.6,1.0,548.6,Rider_Cancelled
BK_002010,CUST_01917,Z102,Z104,Prime_Sedan,2026-02-14 10:45:00,17.1,548.8,2.1,1152.48,Completed
BK_002011,CUST_02238,Z205,Z106,Bike_Taxi,2026-02-09 19:37:00,20.1,266.2,1.2,319.44,Driver_Cancelled
BK_002012,CUST_01632,Z103,Z201,Prime_Sedan,2026-02-09 23:55:00,27.6,842.8,1.0,842.8,Completed
BK_002013,CUST_02231,Z103,Z304,Prime_Sedan,2026-02-05 02:55:00,20.5,644.0,1.0,644.0,Rider_Cancelled
BK_002014,CUST_03074,Z303,Z203,EV_Sedan,2026-02-02 21:03:00,5.4,205.4,1.6,328.64,Completed
BK_002015,CUST_03020,Z103,Z203,Bike_Taxi,2026-03-13 22:53:00,22.5,295.0,1.2,354.0,Completed
BK_002016,CUST_02546,Z107,Z104,Prime_Sedan,2026-02-19 04:45:00,19.7,621.6,1.0,621.6,Rider_Cancelled
BK_002017,CUST_01225,Z204,Z303,Prime_Sedan,2026-03-17 16:39:00,22.3,694.4,1.0,694.4,Completed
BK_002018,CUST_02151,Z206,Z301,Prime_Sedan,2026-02-19 07:51:00,24.9,767.2,1.2,920.64,Completed
BK_002019,CUST_03376,Z303,Z103,Bike_Taxi,2026-02-13 17:39:00,17.0,229.0,2.4,549.6,Completed
BK_002020,CUST_03219,Z304,Z107,Bike_Taxi,2026-03-01 14:32:00,14.7,201.4,1.0,201.4,Completed
BK_002021,CUST_03255,Z204,Z202,Auto_Rickshaw,2026-02-17 10:55:00,8.0,184.0,1.6,294.4,Driver_Cancelled
BK_002022,CUST_01880,Z203,Z305,EV_Sedan,2026-03-12 11:27:00,13.6,418.6,1.4,586.04,Completed
BK_002023,CUST_03179,Z101,Z103,Bike_Taxi,2026-02-12 23:54:00,9.1,134.2,1.0,134.2,Completed
BK_002024,CUST_01946,Z303,Z103,Auto_Rickshaw,2026-02-07 04:17:00,8.4,191.2,1.0,191.2,Completed
BK_002025,CUST_01424,Z104,Z203,EV_Sedan,2026-02-12 18:24:00,13.9,426.4,1.2,511.68,Completed
BK_002026,CUST_02584,Z101,Z201,Prime_Sedan,2026-03-13 04:24:00,4.8,204.4,1.1,224.84,Completed
BK_002027,CUST_02058,Z106,Z301,Prime_Sedan,2026-02-24 00:58:00,15.7,509.6,1.0,509.6,Completed
BK_002028,CUST_02290,Z202,Z205,Bike_Taxi,2026-03-11 19:48:00,20.0,265.0,2.1,556.5,Driver_Cancelled
BK_002029,CUST_01946,Z101,Z104,Bike_Taxi,2026-02-05 11:16:00,19.2,255.4,2.1,536.34,Completed
BK_002030,CUST_01406,Z302,Z107,EV_Sedan,2026-02-19 00:36:00,16.4,491.4,1.2,589.68,Completed
BK_002031,CUST_03477,Z103,Z302,Prime_Sedan,2026-03-04 07:59:00,16.6,534.8,1.0,534.8,Completed
BK_002032,CUST_03162,Z202,Z203,Prime_Sedan,2026-02-09 20:14:00,23.6,730.8,2.4,1753.92,Completed
BK_002033,CUST_01743,Z205,Z202,Auto_Rickshaw,2026-02-14 05:23:00,13.6,284.8,1.2,341.76,Completed
BK_002034,CUST_01535,Z303,Z204,EV_Sedan,2026-02-08 22:06:00,27.6,782.6,1.2,939.12,Completed
BK_002035,CUST_02307,Z106,Z202,Prime_Sedan,2026-02-15 11:55:00,23.7,733.6,2.4,1760.64,Driver_Cancelled
BK_002036,CUST_02731,Z202,Z305,EV_Sedan,2026-02-28 19:57:00,20.4,595.4,1.8,1071.72,Driver_Cancelled
BK_002037,CUST_01371,Z302,Z101,Bike_Taxi,2026-02-22 10:02:00,5.8,94.6,2.1,198.66,Driver_Cancelled
BK_002038,CUST_02384,Z302,Z206,Auto_Rickshaw,2026-03-16 13:52:00,3.6,104.8,1.0,104.8,Completed
BK_002039,CUST_02437,Z105,Z201,Auto_Rickshaw,2026-03-02 08:56:00,6.9,164.2,1.4,229.88,Completed
BK_002040,CUST_01568,Z301,Z204,EV_Sedan,2026-02-18 11:16:00,27.2,772.2,1.6,1235.52,Completed
BK_002041,CUST_03138,Z202,Z103,EV_Sedan,2026-03-15 16:23:00,21.4,621.4,1.0,621.4,Completed
BK_002042,CUST_03387,Z304,Z201,Auto_Rickshaw,2026-02-03 23:55:00,11.9,254.2,1.2,305.04,Completed
BK_002043,CUST_01757,Z201,Z304,EV_Sedan,2026-03-06 02:11:00,17.0,507.0,1.1,557.7,Driver_Cancelled
BK_002044,CUST_01020,Z102,Z304,Prime_Sedan,2026-02-26 18:00:00,18.9,599.2,2.1,1258.32,Completed
BK_002045,CUST_01670,Z106,Z301,Auto_Rickshaw,2026-02-23 05:38:00,18.5,373.0,1.2,447.6,Completed
BK_002046,CUST_02479,Z302,Z103,Prime_Sedan,2026-02-19 21:41:00,22.2,691.6,1.6,1106.56,Completed
BK_002047,CUST_03432,Z101,Z303,EV_Sedan,2026-02-03 08:56:00,16.0,481.0,1.4,673.4,Completed
BK_002048,CUST_03043,Z102,Z305,EV_Sedan,2026-02-11 22:13:00,9.6,314.6,1.0,314.6,Completed
BK_002049,CUST_02945,Z203,Z202,Bike_Taxi,2026-03-10 05:00:00,10.7,153.4,1.0,153.4,Completed
BK_002050,CUST_03401,Z202,Z304,EV_Sedan,2026-02-22 22:36:00,2.6,132.6,1.2,159.12,Rider_Cancelled
BK_002051,CUST_02259,Z204,Z105,EV_Sedan,2026-03-07 14:26:00,7.3,254.8,1.0,254.8,ETA_Timeout
BK_002052,CUST_02627,Z201,Z102,Bike_Taxi,2026-02-11 02:42:00,19.7,261.4,1.0,261.4,Rider_Cancelled
BK_002053,CUST_02521,Z302,Z201,Prime_Sedan,2026-02-12 05:48:00,28.5,868.0,1.0,868.0,Completed
BK_002054,CUST_01609,Z202,Z303,Prime_Sedan,2026-02-19 10:35:00,12.1,408.8,2.4,981.12,Completed
BK_002055,CUST_01860,Z206,Z302,Auto_Rickshaw,2026-02-28 13:53:00,6.0,148.0,1.0,148.0,Completed
BK_002056,CUST_01898,Z303,Z106,Prime_Sedan,2026-02-09 17:25:00,5.2,215.6,1.6,344.96,Completed
BK_002057,CUST_01851,Z202,Z102,Bike_Taxi,2026-02-10 13:16:00,9.4,137.8,1.1,151.58,Completed
BK_002058,CUST_01338,Z105,Z206,EV_Sedan,2026-03-02 15:14:00,9.5,312.0,1.1,343.2,Completed
BK_002059,CUST_02725,Z206,Z101,Auto_Rickshaw,2026-03-13 22:05:00,12.1,257.8,1.1,283.58,Completed
BK_002060,CUST_01645,Z301,Z203,Auto_Rickshaw,2026-02-02 14:53:00,21.0,418.0,1.0,418.0,Completed
BK_002061,CUST_01544,Z304,Z107,Auto_Rickshaw,2026-03-02 04:18:00,8.2,187.6,1.2,225.12,Completed
BK_002062,CUST_01676,Z104,Z305,Prime_Sedan,2026-02-18 06:39:00,27.6,842.8,1.2,1011.36,Driver_Cancelled
BK_002063,CUST_01123,Z105,Z205,Bike_Taxi,2026-02-01 18:45:00,13.8,190.6,1.8,343.08,Rider_Cancelled
BK_002064,CUST_01151,Z206,Z303,EV_Sedan,2026-02-11 09:44:00,13.4,413.4,1.6,661.44,Completed
BK_002065,CUST_01365,Z101,Z202,EV_Sedan,2026-02-25 06:25:00,10.6,340.6,1.0,340.6,Driver_Cancelled
BK_002066,CUST_01626,Z104,Z205,EV_Sedan,2026-02-17 06:59:00,8.8,293.8,1.2,352.56,Completed
BK_002067,CUST_02184,Z101,Z201,Bike_Taxi,2026-02-26 13:39:00,10.8,154.6,1.2,185.52,Completed
BK_002068,CUST_01220,Z105,Z103,Auto_Rickshaw,2026-02-01 23:08:00,26.9,524.2,1.0,524.2,Completed
BK_002069,CUST_01762,Z106,Z201,Prime_Sedan,2026-02-14 05:23:00,9.5,336.0,1.2,403.2,Completed
BK_002070,CUST_03128,Z301,Z206,Bike_Taxi,2026-03-06 00:25:00,7.9,119.8,1.0,119.8,Driver_Cancelled
BK_002071,CUST_02268,Z203,Z303,Prime_Sedan,2026-03-08 10:55:00,19.8,624.4,2.1,1311.24,Completed
BK_002072,CUST_03031,Z104,Z302,Bike_Taxi,2026-02-14 13:38:00,2.9,59.8,1.0,59.8,Completed
BK_002073,CUST_01875,Z201,Z303,EV_Sedan,2026-03-08 04:59:00,21.8,631.8,1.2,758.16,Driver_Cancelled
BK_002074,CUST_03053,Z101,Z205,EV_Sedan,2026-02-18 22:52:00,26.4,751.4,1.1,826.54,Completed
BK_002075,CUST_02121,Z201,Z203,Prime_Sedan,2026-02-17 09:29:00,15.7,509.6,1.2,611.52,Completed
BK_002076,CUST_03492,Z106,Z203,Auto_Rickshaw,2026-03-15 14:10:00,22.6,446.8,1.0,446.8,Completed
BK_002077,CUST_01964,Z304,Z302,Bike_Taxi,2026-02-04 03:21:00,7.9,119.8,1.0,119.8,Driver_Cancelled
BK_002078,CUST_02191,Z206,Z302,Auto_Rickshaw,2026-02-01 06:45:00,8.0,184.0,1.0,184.0,Completed
BK_002079,CUST_01763,Z106,Z104,Bike_Taxi,2026-03-10 05:27:00,28.1,362.2,1.0,362.2,Completed
BK_002080,CUST_01182,Z102,Z204,Bike_Taxi,2026-02-06 19:56:00,8.1,122.2,1.6,195.52,Completed
BK_002081,CUST_01002,Z101,Z107,Auto_Rickshaw,2026-02-27 22:12:00,7.5,175.0,1.0,175.0,Completed
BK_002082,CUST_03220,Z103,Z206,Bike_Taxi,2026-02-26 16:30:00,21.9,287.8,1.0,287.8,Completed
BK_002083,CUST_02460,Z204,Z104,Bike_Taxi,2026-02-27 10:41:00,24.2,315.4,1.2,378.48,Completed
BK_002084,CUST_03500,Z105,Z201,Bike_Taxi,2026-03-05 10:22:00,2.9,59.8,1.4,83.72,Rider_Cancelled
BK_002085,CUST_01630,Z201,Z107,Prime_Sedan,2026-03-10 05:46:00,22.3,694.4,1.0,694.4,Completed
BK_002086,CUST_01214,Z107,Z304,Auto_Rickshaw,2026-03-12 23:18:00,15.4,317.2,1.0,317.2,Completed
BK_002087,CUST_01743,Z301,Z105,Prime_Sedan,2026-03-06 01:19:00,26.3,806.4,1.0,806.4,ETA_Timeout
BK_002088,CUST_03425,Z205,Z103,Prime_Sedan,2026-02-20 18:56:00,20.0,630.0,1.6,1008.0,Completed
BK_002089,CUST_01943,Z201,Z107,Bike_Taxi,2026-02-03 22:45:00,11.8,166.6,1.0,166.6,Driver_Cancelled
BK_002090,CUST_01556,Z102,Z302,Bike_Taxi,2026-03-09 02:44:00,5.5,91.0,1.0,91.0,Completed
BK_002091,CUST_03387,Z206,Z104,Bike_Taxi,2026-02-27 05:22:00,27.6,356.2,1.1,391.82,Completed
BK_002092,CUST_02659,Z202,Z104,EV_Sedan,2026-03-16 02:17:00,9.1,301.6,1.2,361.92,Completed
BK_002093,CUST_03261,Z201,Z203,Bike_Taxi,2026-02-20 14:03:00,9.4,137.8,1.2,165.36,Completed
BK_002094,CUST_01540,Z302,Z202,EV_Sedan,2026-02-16 17:53:00,17.9,530.4,1.8,954.72,Completed
BK_002095,CUST_01587,Z101,Z204,Auto_Rickshaw,2026-03-01 11:31:00,26.7,520.6,1.6,832.96,ETA_Timeout
BK_002096,CUST_02815,Z301,Z106,Auto_Rickshaw,2026-02-15 15:22:00,14.3,297.4,1.0,297.4,Completed
BK_002097,CUST_03149,Z206,Z104,Auto_Rickshaw,2026-02-22 14:43:00,25.6,500.8,1.0,500.8,Completed
BK_002098,CUST_02599,Z206,Z105,Auto_Rickshaw,2026-03-08 05:39:00,13.8,288.4,1.2,346.08,Driver_Cancelled
BK_002099,CUST_03139,Z105,Z203,Bike_Taxi,2026-03-10 00:27:00,15.1,206.2,1.1,226.82,Completed
BK_002100,CUST_02491,Z303,Z105,EV_Sedan,2026-02-10 15:18:00,10.9,348.4,1.0,348.4,Completed
BK_002101,CUST_03141,Z203,Z301,Prime_Sedan,2026-03-13 05:37:00,7.2,271.6,1.0,271.6,Completed
BK_002102,CUST_01360,Z107,Z104,EV_Sedan,2026-02-24 16:33:00,26.4,751.4,1.0,751.4,Completed
BK_002103,CUST_01602,Z202,Z203,Auto_Rickshaw,2026-03-13 17:08:00,21.4,425.2,2.4,1020.48,Driver_Cancelled
BK_002104,CUST_01308,Z202,Z101,EV_Sedan,2026-03-09 23:56:00,15.8,475.8,1.2,570.96,Completed
BK_002105,CUST_02245,Z102,Z106,Prime_Sedan,2026-02-05 15:35:00,26.7,817.6,1.0,817.6,Completed
BK_002106,CUST_01064,Z102,Z301,Prime_Sedan,2026-02-08 02:29:00,27.8,848.4,1.0,848.4,Completed
BK_002107,CUST_02850,Z203,Z206,EV_Sedan,2026-03-12 16:49:00,8.0,273.0,1.0,273.0,Completed
BK_002108,CUST_02211,Z106,Z105,Auto_Rickshaw,2026-03-02 08:23:00,11.0,238.0,1.6,380.8,Completed
BK_002109,CUST_02498,Z201,Z305,Auto_Rickshaw,2026-02-09 17:54:00,6.6,158.8,2.1,333.48,ETA_Timeout
BK_002110,CUST_02808,Z206,Z304,Prime_Sedan,2026-02-21 01:17:00,20.9,655.2,1.1,720.72,Completed
BK_002111,CUST_01530,Z102,Z304,EV_Sedan,2026-02-15 12:19:00,20.3,592.8,1.0,592.8,Driver_Cancelled
BK_002112,CUST_02475,Z107,Z104,Bike_Taxi,2026-02-18 03:41:00,5.8,94.6,1.0,94.6,Completed
BK_002113,CUST_01499,Z101,Z301,Prime_Sedan,2026-02-04 23:09:00,11.7,397.6,1.0,397.6,Completed
BK_002114,CUST_02962,Z104,Z105,Auto_Rickshaw,2026-03-04 08:35:00,8.4,191.2,1.6,305.92,Completed
BK_002115,CUST_01188,Z107,Z204,Auto_Rickshaw,2026-02-11 13:09:00,18.1,365.8,1.0,365.8,Completed
BK_002116,CUST_02951,Z304,Z206,Prime_Sedan,2026-02-03 16:38:00,12.0,406.0,1.0,406.0,Completed
BK_002117,CUST_03390,Z102,Z201,Prime_Sedan,2026-02-11 00:10:00,6.9,263.2,1.0,263.2,Completed
BK_002118,CUST_03152,Z107,Z301,Prime_Sedan,2026-02-26 12:50:00,14.5,476.0,1.1,523.6,Completed
BK_002119,CUST_01016,Z302,Z206,Prime_Sedan,2026-03-17 01:08:00,24.7,761.6,1.0,761.6,Completed
BK_002120,CUST_03063,Z301,Z106,EV_Sedan,2026-02-23 03:07:00,22.3,644.8,1.2,773.76,Completed
BK_002121,CUST_02765,Z106,Z102,EV_Sedan,2026-03-14 05:11:00,19.7,577.2,1.1,634.92,Completed
BK_002122,CUST_02393,Z304,Z202,EV_Sedan,2026-02-27 13:38:00,5.4,205.4,1.2,246.48,Completed
BK_002123,CUST_02593,Z201,Z303,Prime_Sedan,2026-02-26 14:45:00,22.2,691.6,1.0,691.6,Completed
BK_002124,CUST_02683,Z204,Z206,EV_Sedan,2026-03-15 09:07:00,17.4,517.4,1.6,827.84,Completed
BK_002125,CUST_02614,Z204,Z304,Auto_Rickshaw,2026-02-09 07:37:00,14.5,301.0,1.1,331.1,Completed
BK_002126,CUST_02053,Z103,Z206,EV_Sedan,2026-02-11 06:21:00,27.5,780.0,1.2,936.0,Completed
BK_002127,CUST_03008,Z206,Z104,Prime_Sedan,2026-02-17 18:50:00,4.9,207.2,1.2,248.64,Completed
BK_002128,CUST_03046,Z106,Z103,EV_Sedan,2026-02-13 03:40:00,4.8,189.8,1.2,227.76,Driver_Cancelled
BK_002129,CUST_02575,Z202,Z303,Auto_Rickshaw,2026-03-05 06:59:00,10.6,230.8,1.2,276.96,Completed
BK_002130,CUST_03345,Z206,Z303,Auto_Rickshaw,2026-03-03 13:47:00,14.3,297.4,1.0,297.4,ETA_Timeout
BK_002131,CUST_03393,Z206,Z104,Auto_Rickshaw,2026-02-03 07:12:00,14.4,299.2,1.0,299.2,Completed
BK_002132,CUST_02488,Z303,Z104,Auto_Rickshaw,2026-03-03 11:53:00,11.9,254.2,2.4,610.08,Driver_Cancelled
BK_002133,CUST_03003,Z302,Z101,EV_Sedan,2026-02-06 15:28:00,10.5,338.0,1.0,338.0,Completed
BK_002134,CUST_03402,Z301,Z305,EV_Sedan,2026-02-16 17:43:00,16.8,501.8,1.8,903.24,Completed
BK_002135,CUST_02421,Z304,Z206,Bike_Taxi,2026-03-18 03:18:00,24.1,314.2,1.1,345.62,Rider_Cancelled
BK_002136,CUST_02122,Z202,Z304,EV_Sedan,2026-02-03 13:46:00,7.7,265.2,1.0,265.2,Completed
BK_002137,CUST_03123,Z302,Z206,EV_Sedan,2026-02-18 18:32:00,23.8,683.8,2.1,1435.98,Completed
BK_002138,CUST_02310,Z102,Z106,Auto_Rickshaw,2026-02-12 18:32:00,8.8,198.4,1.2,238.08,Completed
BK_002139,CUST_02060,Z204,Z101,Bike_Taxi,2026-02-12 00:53:00,9.8,142.6,1.1,156.86,Driver_Cancelled
BK_002140,CUST_03151,Z101,Z206,EV_Sedan,2026-02-11 16:45:00,7.7,265.2,1.2,318.24,Completed
BK_002141,CUST_03150,Z102,Z203,Bike_Taxi,2026-03-10 04:17:00,8.3,124.6,1.0,124.6,Completed
BK_002142,CUST_02288,Z104,Z102,Prime_Sedan,2026-03-09 18:10:00,13.1,436.8,2.4,1048.32,Completed
BK_002143,CUST_02750,Z202,Z301,Auto_Rickshaw,2026-03-12 13:27:00,8.9,200.2,1.1,220.22,Driver_Cancelled
BK_002144,CUST_01806,Z303,Z202,EV_Sedan,2026-02-06 07:44:00,22.8,657.8,1.0,657.8,Completed
BK_002145,CUST_02979,Z305,Z104,Prime_Sedan,2026-03-04 06:59:00,5.5,224.0,1.2,268.8,Completed
BK_002146,CUST_01089,Z301,Z103,EV_Sedan,2026-02-13 05:54:00,25.6,730.6,1.0,730.6,Completed
BK_002147,CUST_01752,Z301,Z102,Prime_Sedan,2026-02-09 16:51:00,21.4,669.2,1.1,736.12,Driver_Cancelled
BK_002148,CUST_02773,Z303,Z102,Prime_Sedan,2026-02-23 03:15:00,27.0,826.0,1.0,826.0,Completed
BK_002149,CUST_02039,Z205,Z305,Bike_Taxi,2026-03-17 04:27:00,20.7,273.4,1.0,273.4,Rider_Cancelled
BK_002150,CUST_02685,Z304,Z302,EV_Sedan,2026-02-01 15:48:00,22.7,655.2,1.0,655.2,Completed
BK_002151,CUST_02751,Z202,Z102,Auto_Rickshaw,2026-02-23 19:43:00,16.2,331.6,1.2,397.92,Driver_Cancelled
BK_002152,CUST_03175,Z202,Z305,Bike_Taxi,2026-03-17 08:23:00,8.4,125.8,1.4,176.12,Completed
BK_002153,CUST_02075,Z105,Z304,EV_Sedan,2026-02-09 15:44:00,18.5,546.0,1.2,655.2,Completed
BK_002154,CUST_01339,Z301,Z304,Bike_Taxi,2026-03-07 02:52:00,21.9,287.8,1.2,345.36,Completed
BK_002155,CUST_03407,Z107,Z101,EV_Sedan,2026-02-10 08:20:00,14.5,442.0,1.4,618.8,Rider_Cancelled
BK_002156,CUST_02402,Z105,Z302,Prime_Sedan,2026-03-01 10:27:00,5.7,229.6,2.1,482.16,Completed
BK_002157,CUST_01897,Z101,Z107,EV_Sedan,2026-03-14 16:14:00,24.6,704.6,1.0,704.6,Completed
BK_002158,CUST_01247,Z106,Z303,Auto_Rickshaw,2026-02-10 17:42:00,5.6,140.8,1.4,197.12,Driver_Cancelled
BK_002159,CUST_01383,Z305,Z204,EV_Sedan,2026-02-01 10:46:00,5.8,215.8,1.2,258.96,Completed
BK_002160,CUST_01228,Z203,Z305,Prime_Sedan,2026-03-13 01:10:00,17.2,551.6,1.0,551.6,Rider_Cancelled
BK_002161,CUST_02218,Z304,Z203,Prime_Sedan,2026-03-05 12:13:00,26.3,806.4,1.1,887.04,Completed
BK_002162,CUST_02350,Z204,Z201,Prime_Sedan,2026-02-25 04:49:00,24.8,764.4,1.0,764.4,Completed
BK_002163,CUST_03404,Z205,Z104,EV_Sedan,2026-02-24 04:59:00,25.1,717.6,1.0,717.6,Completed
BK_002164,CUST_01999,Z102,Z305,Prime_Sedan,2026-02-06 21:22:00,21.4,669.2,2.1,1405.32,Rider_Cancelled
BK_002165,CUST_02073,Z304,Z302,Prime_Sedan,2026-02-18 21:27:00,2.9,151.2,1.2,181.44,Completed
BK_002166,CUST_01558,Z202,Z204,Auto_Rickshaw,2026-02-19 18:47:00,3.6,104.8,2.4,251.52,Rider_Cancelled
BK_002167,CUST_02692,Z205,Z206,Bike_Taxi,2026-03-08 22:10:00,12.1,170.2,1.0,170.2,Completed
BK_002168,CUST_02229,Z302,Z303,Auto_Rickshaw,2026-03-01 19:29:00,9.6,212.8,1.8,383.04,Completed
BK_002169,CUST_02018,Z303,Z304,Auto_Rickshaw,2026-03-01 06:30:00,15.3,315.4,1.0,315.4,Completed
BK_002170,CUST_02087,Z104,Z302,Prime_Sedan,2026-02-20 15:42:00,20.1,632.8,1.0,632.8,Completed
BK_002171,CUST_02845,Z301,Z303,Bike_Taxi,2026-02-13 05:49:00,12.3,172.6,1.2,207.12,Completed
BK_002172,CUST_02160,Z205,Z104,Auto_Rickshaw,2026-03-04 19:24:00,9.7,214.6,2.4,515.04,Completed
BK_002173,CUST_02378,Z205,Z302,EV_Sedan,2026-03-09 17:21:00,13.5,416.0,1.4,582.4,Completed
BK_002174,CUST_01222,Z305,Z205,Auto_Rickshaw,2026-03-07 18:37:00,28.2,547.6,1.2,657.12,Completed
BK_002175,CUST_02351,Z303,Z204,Bike_Taxi,2026-03-08 02:37:00,18.8,250.6,1.0,250.6,Completed
BK_002176,CUST_02722,Z102,Z305,Auto_Rickshaw,2026-02-27 10:52:00,16.7,340.6,2.1,715.26,Completed
BK_002177,CUST_02514,Z107,Z106,EV_Sedan,2026-02-03 05:44:00,9.9,322.4,1.0,322.4,Completed
BK_002178,CUST_01758,Z101,Z202,Prime_Sedan,2026-02-25 23:28:00,16.0,518.0,1.2,621.6,Rider_Cancelled
BK_002179,CUST_01866,Z304,Z203,EV_Sedan,2026-02-14 03:28:00,22.1,639.6,1.1,703.56,Completed
BK_002180,CUST_02225,Z304,Z103,Auto_Rickshaw,2026-02-09 16:43:00,21.8,432.4,1.0,432.4,Completed
BK_002181,CUST_03289,Z107,Z106,Auto_Rickshaw,2026-03-07 21:53:00,13.1,275.8,1.8,496.44,Completed
BK_002182,CUST_01692,Z203,Z301,EV_Sedan,2026-02-25 05:03:00,10.5,338.0,1.1,371.8,Rider_Cancelled
BK_002183,CUST_03331,Z204,Z201,EV_Sedan,2026-02-05 10:19:00,23.5,676.0,1.6,1081.6,Completed
BK_002184,CUST_03316,Z206,Z202,Auto_Rickshaw,2026-03-08 02:19:00,12.7,268.6,1.2,322.32,Completed
BK_002185,CUST_01559,Z202,Z301,Auto_Rickshaw,2026-02-26 17:52:00,7.3,171.4,1.8,308.52,Completed
BK_002186,CUST_02695,Z303,Z203,Prime_Sedan,2026-03-05 10:03:00,15.4,501.2,2.1,1052.52,Completed
BK_002187,CUST_02524,Z302,Z305,Prime_Sedan,2026-02-18 18:55:00,3.9,179.2,2.1,376.32,Completed
BK_002188,CUST_03465,Z202,Z107,Bike_Taxi,2026-03-17 07:26:00,6.8,106.6,1.1,117.26,Completed
BK_002189,CUST_02196,Z105,Z103,EV_Sedan,2026-03-17 21:10:00,13.7,421.2,2.4,1010.88,Completed
BK_002190,CUST_01089,Z204,Z302,EV_Sedan,2026-02-18 06:34:00,8.3,280.8,1.0,280.8,Driver_Cancelled
BK_002191,CUST_03226,Z103,Z203,Auto_Rickshaw,2026-02-09 18:50:00,20.9,416.2,1.4,582.68,Completed
BK_002192,CUST_01528,Z107,Z201,EV_Sedan,2026-02-26 04:31:00,13.0,403.0,1.0,403.0,Rider_Cancelled
BK_002193,CUST_01178,Z102,Z206,Bike_Taxi,2026-02-08 03:02:00,16.2,219.4,1.0,219.4,Completed
BK_002194,CUST_01739,Z205,Z302,Auto_Rickshaw,2026-02-05 14:30:00,8.1,185.8,1.0,185.8,Rider_Cancelled
BK_002195,CUST_02279,Z101,Z304,Auto_Rickshaw,2026-02-23 01:20:00,8.2,187.6,1.0,187.6,Completed
BK_002196,CUST_01824,Z302,Z104,Auto_Rickshaw,2026-02-14 02:34:00,27.6,536.8,1.1,590.48,Completed
BK_002197,CUST_02440,Z206,Z102,Auto_Rickshaw,2026-02-09 05:43:00,12.9,272.2,1.0,272.2,Rider_Cancelled
BK_002198,CUST_03090,Z101,Z302,Auto_Rickshaw,2026-03-07 23:13:00,14.3,297.4,1.0,297.4,Completed
BK_002199,CUST_01590,Z302,Z204,EV_Sedan,2026-02-06 09:08:00,25.6,730.6,1.2,876.72,Completed
BK_002200,CUST_01341,Z304,Z103,Auto_Rickshaw,2026-03-11 21:45:00,25.1,491.8,1.8,885.24,Completed
BK_002201,CUST_02518,Z202,Z305,EV_Sedan,2026-02-14 01:53:00,27.7,785.2,1.2,942.24,Driver_Cancelled
BK_002202,CUST_02938,Z102,Z303,Prime_Sedan,2026-02-27 17:21:00,6.3,246.4,1.6,394.24,Completed
BK_002203,CUST_02356,Z104,Z101,EV_Sedan,2026-02-07 17:50:00,10.4,335.4,2.4,804.96,Rider_Cancelled
BK_002204,CUST_02249,Z305,Z304,EV_Sedan,2026-02-02 17:48:00,3.8,163.8,1.6,262.08,Completed
BK_002205,CUST_02975,Z205,Z203,Prime_Sedan,2026-02-10 01:21:00,2.6,142.8,1.1,157.08,Driver_Cancelled
BK_002206,CUST_02662,Z202,Z201,Prime_Sedan,2026-02-21 18:26:00,19.1,604.8,1.8,1088.64,Completed
BK_002207,CUST_01695,Z305,Z201,EV_Sedan,2026-03-12 12:11:00,4.9,192.4,1.0,192.4,Completed
BK_002208,CUST_03022,Z201,Z202,EV_Sedan,2026-02-02 15:20:00,20.3,592.8,1.0,592.8,Completed
BK_002209,CUST_01868,Z206,Z203,Prime_Sedan,2026-03-02 12:57:00,16.0,518.0,1.1,569.8,Completed
BK_002210,CUST_02369,Z107,Z206,Prime_Sedan,2026-02-22 12:10:00,24.7,761.6,1.0,761.6,ETA_Timeout
BK_002211,CUST_02511,Z101,Z203,EV_Sedan,2026-02-19 02:07:00,14.7,447.2,1.0,447.2,Rider_Cancelled
BK_002212,CUST_01603,Z106,Z303,Bike_Taxi,2026-02-06 06:52:00,13.2,183.4,1.2,220.08,Driver_Cancelled
BK_002213,CUST_01266,Z104,Z302,Prime_Sedan,2026-02-24 13:49:00,3.2,159.6,1.0,159.6,Completed
BK_002214,CUST_01276,Z302,Z102,Prime_Sedan,2026-02-03 11:30:00,15.5,504.0,1.4,705.6,Completed
BK_002215,CUST_03011,Z303,Z102,Auto_Rickshaw,2026-02-05 02:26:00,6.0,148.0,1.0,148.0,Completed
BK_002216,CUST_01116,Z303,Z302,Prime_Sedan,2026-02-10 10:56:00,27.5,840.0,2.4,2016.0,Completed
BK_002217,CUST_02509,Z206,Z201,Auto_Rickshaw,2026-03-12 04:24:00,23.2,457.6,1.2,549.12,Completed
BK_002218,CUST_01775,Z205,Z104,Auto_Rickshaw,2026-02-26 07:50:00,15.2,313.6,1.0,313.6,Completed
BK_002219,CUST_02258,Z107,Z202,EV_Sedan,2026-02-18 05:14:00,22.0,637.0,1.1,700.7,Completed
BK_002220,CUST_03368,Z104,Z106,Auto_Rickshaw,2026-02-18 14:43:00,17.5,355.0,1.1,390.5,Completed
BK_002221,CUST_02960,Z305,Z107,Bike_Taxi,2026-02-03 01:15:00,16.3,220.6,1.0,220.6,Completed
BK_002222,CUST_02134,Z305,Z303,EV_Sedan,2026-02-12 18:58:00,5.7,213.2,1.8,383.76,Completed
BK_002223,CUST_01677,Z105,Z106,Bike_Taxi,2026-02-27 14:25:00,14.0,193.0,1.0,193.0,Completed
BK_002224,CUST_01228,Z204,Z205,EV_Sedan,2026-03-17 04:30:00,21.3,618.8,1.1,680.68,Driver_Cancelled
BK_002225,CUST_02232,Z107,Z103,Auto_Rickshaw,2026-03-14 21:01:00,8.0,184.0,1.4,257.6,Completed
BK_002226,CUST_03407,Z105,Z303,Auto_Rickshaw,2026-02-08 10:29:00,15.9,326.2,1.2,391.44,Completed
BK_002227,CUST_02051,Z107,Z201,Auto_Rickshaw,2026-02-27 11:49:00,16.4,335.2,1.2,402.24,Rider_Cancelled
BK_002228,CUST_03134,Z305,Z204,Auto_Rickshaw,2026-02-16 00:27:00,17.4,353.2,1.0,353.2,Completed
BK_002229,CUST_02994,Z303,Z202,Bike_Taxi,2026-03-01 13:38:00,9.7,141.4,1.0,141.4,Completed
BK_002230,CUST_01466,Z107,Z105,Prime_Sedan,2026-03-07 23:01:00,12.1,408.8,1.2,490.56,ETA_Timeout
BK_002231,CUST_02315,Z107,Z305,EV_Sedan,2026-02-15 04:58:00,5.1,197.6,1.2,237.12,Completed
BK_002232,CUST_01661,Z206,Z106,Auto_Rickshaw,2026-02-14 23:44:00,9.9,218.2,1.0,218.2,ETA_Timeout
BK_002233,CUST_01014,Z106,Z104,Prime_Sedan,2026-03-11 01:09:00,20.9,655.2,1.0,655.2,Driver_Cancelled
BK_002234,CUST_02024,Z203,Z101,EV_Sedan,2026-02-23 13:25:00,8.9,296.4,1.0,296.4,Completed
BK_002235,CUST_01204,Z102,Z302,EV_Sedan,2026-02-03 13:24:00,3.8,163.8,1.0,163.8,Completed
BK_002236,CUST_01002,Z106,Z107,Bike_Taxi,2026-02-14 11:55:00,15.2,207.4,2.4,497.76,Completed
BK_002237,CUST_01786,Z107,Z201,Bike_Taxi,2026-02-21 00:51:00,21.5,283.0,1.1,311.3,Completed
BK_002238,CUST_02800,Z104,Z206,Prime_Sedan,2026-03-06 08:06:00,17.2,551.6,1.8,992.88,Driver_Cancelled
BK_002239,CUST_02246,Z106,Z107,Prime_Sedan,2026-02-05 03:32:00,19.2,607.6,1.2,729.12,Completed
BK_002240,CUST_01345,Z107,Z305,Prime_Sedan,2026-03-17 00:11:00,25.9,795.2,1.0,795.2,Completed
BK_002241,CUST_01126,Z104,Z303,Bike_Taxi,2026-02-14 23:49:00,3.8,70.6,1.0,70.6,Rider_Cancelled
BK_002242,CUST_03062,Z304,Z305,Auto_Rickshaw,2026-02-19 01:04:00,18.7,376.6,1.1,414.26,Completed
BK_002243,CUST_02340,Z104,Z302,Auto_Rickshaw,2026-02-15 10:58:00,28.4,551.2,1.6,881.92,Rider_Cancelled
BK_002244,CUST_01466,Z305,Z101,EV_Sedan,2026-03-13 20:46:00,7.5,260.0,1.2,312.0,Completed
BK_002245,CUST_03225,Z202,Z101,EV_Sedan,2026-03-06 08:22:00,25.4,725.4,1.4,1015.56,Driver_Cancelled
BK_002246,CUST_01714,Z206,Z304,Bike_Taxi,2026-03-11 04:32:00,28.5,367.0,1.0,367.0,Completed
BK_002247,CUST_01162,Z302,Z304,Prime_Sedan,2026-02-18 18:22:00,22.6,702.8,1.2,843.36,Completed
BK_002248,CUST_02925,Z203,Z102,EV_Sedan,2026-03-17 10:57:00,15.2,460.2,2.1,966.42,Completed
BK_002249,CUST_01147,Z205,Z103,Auto_Rickshaw,2026-02-02 02:23:00,27.6,536.8,1.2,644.16,Completed
BK_002250,CUST_03179,Z107,Z106,Bike_Taxi,2026-02-23 08:10:00,17.6,236.2,1.8,425.16,Completed
BK_002251,CUST_01786,Z106,Z303,Bike_Taxi,2026-02-26 05:57:00,14.9,203.8,1.1,224.18,ETA_Timeout
BK_002252,CUST_01163,Z202,Z106,EV_Sedan,2026-03-02 20:45:00,26.0,741.0,1.4,1037.4,Completed
BK_002253,CUST_03430,Z106,Z103,EV_Sedan,2026-03-02 20:50:00,9.0,299.0,1.4,418.6,Completed
BK_002254,CUST_03288,Z305,Z203,Auto_Rickshaw,2026-02-27 00:35:00,7.6,176.8,1.0,176.8,Completed
BK_002255,CUST_03371,Z205,Z103,Auto_Rickshaw,2026-03-01 01:15:00,21.7,430.6,1.0,430.6,Completed
BK_002256,CUST_02342,Z103,Z206,Bike_Taxi,2026-02-14 15:17:00,7.9,119.8,1.0,119.8,Completed
BK_002257,CUST_01944,Z301,Z201,Bike_Taxi,2026-02-19 12:59:00,27.0,349.0,1.0,349.0,Completed
BK_002258,CUST_02720,Z303,Z305,Bike_Taxi,2026-03-09 01:26:00,28.3,364.6,1.1,401.06,Completed
BK_002259,CUST_02259,Z302,Z204,Prime_Sedan,2026-03-13 04:16:00,4.3,190.4,1.0,190.4,Completed
BK_002260,CUST_03484,Z107,Z202,Auto_Rickshaw,2026-03-18 05:11:00,28.4,551.2,1.0,551.2,Completed
BK_002261,CUST_01108,Z101,Z202,Bike_Taxi,2026-03-10 07:08:00,15.7,213.4,1.2,256.08,Completed
BK_002262,CUST_01627,Z203,Z103,EV_Sedan,2026-03-05 09:36:00,16.6,496.6,1.6,794.56,Completed
BK_002263,CUST_01785,Z106,Z103,Bike_Taxi,2026-02-14 01:31:00,24.9,323.8,1.2,388.56,Driver_Cancelled
BK_002264,CUST_01526,Z101,Z203,Prime_Sedan,2026-02-09 19:01:00,19.8,624.4,2.4,1498.56,Completed
BK_002265,CUST_02619,Z101,Z104,EV_Sedan,2026-02-01 19:05:00,5.4,205.4,2.4,492.96,Completed
BK_002266,CUST_01602,Z105,Z202,Prime_Sedan,2026-02-28 09:51:00,22.1,688.8,1.6,1102.08,ETA_Timeout
BK_002267,CUST_02902,Z105,Z103,EV_Sedan,2026-02-23 12:15:00,21.0,611.0,1.1,672.1,Driver_Cancelled
BK_002268,CUST_03269,Z302,Z304,Auto_Rickshaw,2026-02-20 12:35:00,26.4,515.2,1.1,566.72,Driver_Cancelled
BK_002269,CUST_02968,Z302,Z103,Bike_Taxi,2026-02-07 02:40:00,16.4,221.8,1.0,221.8,Completed
BK_002270,CUST_03405,Z202,Z205,Auto_Rickshaw,2026-02-16 19:05:00,13.2,277.6,2.4,666.24,Completed
BK_002271,CUST_03371,Z206,Z203,Bike_Taxi,2026-03-06 09:04:00,8.9,131.8,2.4,316.32,Completed
BK_002272,CUST_03210,Z204,Z201,EV_Sedan,2026-03-03 08:43:00,3.4,153.4,1.8,276.12,Rider_Cancelled
BK_002273,CUST_01965,Z106,Z303,Auto_Rickshaw,2026-02-04 22:38:00,9.0,202.0,1.2,242.4,Rider_Cancelled
BK_002274,CUST_02723,Z302,Z101,Auto_Rickshaw,2026-02-07 15:12:00,27.6,536.8,1.0,536.8,Completed
BK_002275,CUST_02427,Z204,Z201,EV_Sedan,2026-03-03 21:56:00,9.8,319.8,1.6,511.68,Completed
BK_002276,CUST_03062,Z304,Z106,Bike_Taxi,2026-03-02 13:47:00,22.3,292.6,1.0,292.6,Completed
BK_002277,CUST_01279,Z104,Z107,Bike_Taxi,2026-02-14 16:16:00,20.4,269.8,1.1,296.78,Completed
BK_002278,CUST_02675,Z303,Z103,EV_Sedan,2026-02-24 23:57:00,27.2,772.2,1.1,849.42,Completed
BK_002279,CUST_02698,Z303,Z103,Prime_Sedan,2026-02-06 11:35:00,15.6,506.8,1.2,608.16,Completed
BK_002280,CUST_01120,Z302,Z201,Auto_Rickshaw,2026-02-07 09:01:00,19.6,392.8,1.6,628.48,Driver_Cancelled
BK_002281,CUST_02051,Z102,Z201,EV_Sedan,2026-03-02 08:03:00,23.3,670.8,1.2,804.96,Completed
BK_002282,CUST_03350,Z106,Z204,Auto_Rickshaw,2026-02-22 12:12:00,24.7,484.6,1.0,484.6,Completed
BK_002283,CUST_02464,Z206,Z205,Auto_Rickshaw,2026-02-05 15:50:00,6.8,162.4,1.2,194.88,Completed
BK_002284,CUST_01634,Z205,Z301,Auto_Rickshaw,2026-03-09 22:26:00,3.2,97.6,1.1,107.36,Driver_Cancelled
BK_002285,CUST_02557,Z105,Z205,Prime_Sedan,2026-02-05 09:50:00,7.8,288.4,2.4,692.16,Completed
BK_002286,CUST_01048,Z303,Z104,Prime_Sedan,2026-02-12 12:42:00,3.9,179.2,1.1,197.12,Completed
BK_002287,CUST_02001,Z205,Z107,Prime_Sedan,2026-02-26 18:15:00,10.7,369.6,1.6,591.36,Completed
BK_002288,CUST_01581,Z301,Z103,Auto_Rickshaw,2026-02-25 13:12:00,10.7,232.6,1.0,232.6,Completed
BK_002289,CUST_02105,Z203,Z102,Auto_Rickshaw,2026-02-09 13:51:00,7.6,176.8,1.0,176.8,Completed
BK_002290,CUST_01703,Z304,Z305,Prime_Sedan,2026-02-02 15:03:00,26.6,814.8,1.0,814.8,Completed
BK_002291,CUST_02478,Z202,Z204,EV_Sedan,2026-03-14 18:13:00,7.2,252.2,1.4,353.08,Completed
BK_002292,CUST_02005,Z102,Z204,Prime_Sedan,2026-02-20 16:32:00,3.8,176.4,1.0,176.4,Completed
BK_002293,CUST_02496,Z107,Z304,Auto_Rickshaw,2026-02-22 07:19:00,22.9,452.2,1.2,542.64,Driver_Cancelled
BK_002294,CUST_02189,Z206,Z101,EV_Sedan,2026-02-27 18:35:00,5.7,213.2,1.2,255.84,Rider_Cancelled
BK_002295,CUST_02917,Z106,Z206,Prime_Sedan,2026-02-12 18:39:00,18.2,579.6,1.6,927.36,Completed
BK_002296,CUST_02804,Z105,Z301,Bike_Taxi,2026-03-16 14:03:00,19.9,263.8,1.0,263.8,Rider_Cancelled
BK_002297,CUST_01825,Z104,Z301,Prime_Sedan,2026-03-08 11:15:00,5.9,235.2,1.2,282.24,Completed
BK_002298,CUST_01634,Z302,Z205,Prime_Sedan,2026-02-08 07:37:00,4.9,207.2,1.0,207.2,Driver_Cancelled
BK_002299,CUST_02697,Z202,Z205,Bike_Taxi,2026-03-15 09:56:00,21.0,277.0,1.6,443.2,Completed
BK_002300,CUST_02180,Z105,Z303,Prime_Sedan,2026-03-06 10:38:00,6.0,238.0,1.2,285.6,Completed
BK_002301,CUST_01420,Z302,Z301,EV_Sedan,2026-03-15 00:50:00,22.4,647.4,1.0,647.4,Completed
BK_002302,CUST_01326,Z104,Z101,Prime_Sedan,2026-02-17 04:31:00,20.9,655.2,1.0,655.2,Driver_Cancelled
BK_002303,CUST_02954,Z203,Z205,Auto_Rickshaw,2026-02-27 23:53:00,23.1,455.8,1.0,455.8,Rider_Cancelled
BK_002304,CUST_02721,Z303,Z304,Auto_Rickshaw,2026-03-09 09:54:00,7.9,182.2,1.6,291.52,Completed
BK_002305,CUST_03131,Z107,Z302,Auto_Rickshaw,2026-03-08 06:45:00,4.6,122.8,1.2,147.36,Rider_Cancelled
BK_002306,CUST_01049,Z105,Z301,Auto_Rickshaw,2026-02-01 07:32:00,22.2,439.6,1.1,483.56,Completed
BK_002307,CUST_02407,Z107,Z304,Bike_Taxi,2026-02-04 08:35:00,14.9,203.8,1.6,326.08,Completed
BK_002308,CUST_03328,Z205,Z102,Bike_Taxi,2026-02-22 22:15:00,24.4,317.8,1.2,381.36,Completed
BK_002309,CUST_03119,Z204,Z102,Auto_Rickshaw,2026-03-13 22:11:00,19.9,398.2,1.0,398.2,ETA_Timeout
BK_002310,CUST_03485,Z101,Z305,Auto_Rickshaw,2026-02-08 01:09:00,2.5,85.0,1.1,93.5,Completed
BK_002311,CUST_02144,Z205,Z106,Auto_Rickshaw,2026-02-12 09:56:00,17.3,351.4,2.1,737.94,Driver_Cancelled
BK_002312,CUST_01859,Z103,Z205,Auto_Rickshaw,2026-03-10 03:29:00,27.1,527.8,1.2,633.36,Completed
BK_002313,CUST_01013,Z203,Z103,EV_Sedan,2026-02-22 09:44:00,6.9,244.4,1.6,391.04,Driver_Cancelled
BK_002314,CUST_01906,Z101,Z103,Prime_Sedan,2026-02-21 10:38:00,15.3,498.4,2.1,1046.64,Completed
BK_002315,CUST_01177,Z203,Z303,Prime_Sedan,2026-02-09 06:12:00,13.2,439.6,1.0,439.6,Completed
BK_002316,CUST_01551,Z102,Z204,EV_Sedan,2026-03-09 08:25:00,22.4,647.4,1.4,906.36,Completed
BK_002317,CUST_01793,Z203,Z107,Prime_Sedan,2026-03-12 07:30:00,5.3,218.4,1.2,262.08,Driver_Cancelled
BK_002318,CUST_02051,Z102,Z303,Auto_Rickshaw,2026-02-26 13:12:00,17.2,349.6,1.2,419.52,Completed
BK_002319,CUST_02789,Z302,Z105,Auto_Rickshaw,2026-03-17 18:36:00,27.2,529.6,1.8,953.28,Completed
BK_002320,CUST_01656,Z202,Z107,Bike_Taxi,2026-03-13 05:53:00,21.8,286.6,1.0,286.6,Completed
BK_002321,CUST_01012,Z203,Z102,EV_Sedan,2026-02-23 04:59:00,12.6,392.6,1.2,471.12,Completed
BK_002322,CUST_01904,Z106,Z304,Prime_Sedan,2026-03-16 14:44:00,22.7,705.6,1.0,705.6,Completed
BK_002323,CUST_02399,Z302,Z305,Bike_Taxi,2026-03-12 12:06:00,23.0,301.0,1.2,361.2,Completed
BK_002324,CUST_02367,Z303,Z107,Bike_Taxi,2026-02-19 18:50:00,20.6,272.2,2.4,653.28,Completed
BK_002325,CUST_01775,Z105,Z305,EV_Sedan,2026-02-15 22:59:00,18.5,546.0,1.1,600.6,Completed
BK_002326,CUST_01102,Z303,Z202,EV_Sedan,2026-03-15 23:14:00,24.1,691.6,1.1,760.76,Driver_Cancelled
BK_002327,CUST_01129,Z102,Z203,Auto_Rickshaw,2026-03-06 14:54:00,21.5,427.0,1.2,512.4,Completed
BK_002328,CUST_02878,Z301,Z106,EV_Sedan,2026-03-13 01:43:00,25.7,733.2,1.0,733.2,Completed
BK_002329,CUST_01612,Z203,Z304,EV_Sedan,2026-02-15 05:59:00,6.9,244.4,1.0,244.4,Completed
BK_002330,CUST_02058,Z106,Z103,Prime_Sedan,2026-03-02 01:23:00,7.8,288.4,1.0,288.4,Completed
BK_002331,CUST_01504,Z107,Z105,EV_Sedan,2026-03-03 08:52:00,10.0,325.0,2.4,780.0,Completed
BK_002332,CUST_02090,Z104,Z303,Prime_Sedan,2026-03-02 19:52:00,12.7,425.6,2.4,1021.44,Completed
BK_002333,CUST_02642,Z303,Z302,EV_Sedan,2026-03-07 11:12:00,23.7,681.2,1.8,1226.16,Driver_Cancelled
BK_002334,CUST_02031,Z303,Z206,EV_Sedan,2026-02-03 09:11:00,5.8,215.8,2.1,453.18,Completed
BK_002335,CUST_02490,Z102,Z204,EV_Sedan,2026-02-27 08:06:00,16.3,488.8,2.1,1026.48,Completed
BK_002336,CUST_03270,Z205,Z102,Prime_Sedan,2026-02-20 02:22:00,18.0,574.0,1.2,688.8,Completed
BK_002337,CUST_02700,Z301,Z107,Prime_Sedan,2026-02-27 20:03:00,6.7,257.6,1.2,309.12,Driver_Cancelled
BK_002338,CUST_01228,Z107,Z103,Auto_Rickshaw,2026-02-26 00:10:00,8.8,198.4,1.0,198.4,Completed
BK_002339,CUST_03179,Z204,Z205,EV_Sedan,2026-02-25 01:19:00,12.2,382.2,1.1,420.42,Completed
BK_002340,CUST_02420,Z302,Z305,EV_Sedan,2026-02-10 20:36:00,26.9,764.4,1.6,1223.04,Rider_Cancelled
BK_002341,CUST_01365,Z201,Z205,Bike_Taxi,2026-02-17 03:18:00,26.3,340.6,1.1,374.66,Completed
BK_002342,CUST_01280,Z302,Z105,Bike_Taxi,2026-02-16 03:11:00,20.5,271.0,1.1,298.1,Completed
BK_002343,CUST_02256,Z303,Z301,Prime_Sedan,2026-03-05 06:36:00,12.7,425.6,1.0,425.6,Rider_Cancelled
BK_002344,CUST_02768,Z304,Z205,EV_Sedan,2026-03-11 07:41:00,27.6,782.6,1.0,782.6,Completed
BK_002345,CUST_03026,Z103,Z102,Bike_Taxi,2026-03-04 04:23:00,24.8,322.6,1.2,387.12,Completed
BK_002346,CUST_02497,Z103,Z102,EV_Sedan,2026-03-02 02:24:00,21.5,624.0,1.0,624.0,Completed
BK_002347,CUST_02672,Z107,Z202,EV_Sedan,2026-02-28 15:08:00,3.4,153.4,1.0,153.4,Completed
BK_002348,CUST_01220,Z303,Z204,Bike_Taxi,2026-02-15 12:16:00,4.2,75.4,1.2,90.48,Completed
BK_002349,CUST_02512,Z101,Z201,EV_Sedan,2026-03-06 19:32:00,15.9,478.4,1.4,669.76,Driver_Cancelled
BK_002350,CUST_01573,Z202,Z203,Auto_Rickshaw,2026-02-01 10:16:00,4.7,124.6,1.6,199.36,Rider_Cancelled
BK_002351,CUST_02984,Z104,Z107,Prime_Sedan,2026-02-11 23:20:00,26.9,823.2,1.0,823.2,Completed
BK_002352,CUST_01522,Z302,Z205,Bike_Taxi,2026-02-22 21:43:00,10.8,154.6,1.4,216.44,Completed
BK_002353,CUST_02012,Z107,Z105,Prime_Sedan,2026-02-28 21:14:00,14.5,476.0,1.6,761.6,Completed
BK_002354,CUST_03333,Z102,Z302,EV_Sedan,2026-02-08 10:08:00,15.6,470.6,1.8,847.08,Rider_Cancelled
BK_002355,CUST_01774,Z107,Z103,Bike_Taxi,2026-03-11 02:03:00,8.2,123.4,1.0,123.4,Rider_Cancelled
BK_002356,CUST_02809,Z205,Z201,Auto_Rickshaw,2026-02-27 01:42:00,14.5,301.0,1.0,301.0,Rider_Cancelled
BK_002357,CUST_01346,Z103,Z302,Auto_Rickshaw,2026-03-16 01:10:00,3.4,101.2,1.0,101.2,Rider_Cancelled
BK_002358,CUST_02333,Z103,Z102,Auto_Rickshaw,2026-02-01 10:12:00,24.2,475.6,2.4,1141.44,Completed
BK_002359,CUST_02036,Z105,Z107,EV_Sedan,2026-03-04 15:41:00,14.5,442.0,1.0,442.0,Completed
BK_002360,CUST_02310,Z303,Z104,Prime_Sedan,2026-02-03 19:34:00,7.4,277.2,2.1,582.12,Driver_Cancelled
BK_002361,CUST_01059,Z102,Z103,Prime_Sedan,2026-03-14 04:30:00,8.0,294.0,1.0,294.0,ETA_Timeout
BK_002362,CUST_02402,Z304,Z301,Prime_Sedan,2026-03-02 14:56:00,25.5,784.0,1.1,862.4,Completed
BK_002363,CUST_02124,Z301,Z107,Prime_Sedan,2026-02-11 06:32:00,23.8,736.4,1.0,736.4,Completed
BK_002364,CUST_02364,Z104,Z303,Prime_Sedan,2026-02-15 11:27:00,10.7,369.6,1.8,665.28,ETA_Timeout
BK_002365,CUST_01279,Z304,Z205,Bike_Taxi,2026-02-06 04:12:00,17.3,232.6,1.1,255.86,Completed
BK_002366,CUST_02834,Z204,Z105,Bike_Taxi,2026-02-09 13:09:00,21.7,285.4,1.2,342.48,Completed
BK_002367,CUST_02966,Z205,Z107,EV_Sedan,2026-02-21 20:58:00,8.5,286.0,2.4,686.4,Completed
BK_002368,CUST_01318,Z201,Z304,Auto_Rickshaw,2026-02-08 07:34:00,5.7,142.6,1.0,142.6,Completed
BK_002369,CUST_02513,Z102,Z104,Prime_Sedan,2026-03-05 20:23:00,17.3,554.4,2.4,1330.56,Rider_Cancelled
BK_002370,CUST_02888,Z301,Z204,Prime_Sedan,2026-02-10 06:25:00,26.4,809.2,1.2,971.04,Completed
BK_002371,CUST_02796,Z304,Z105,Auto_Rickshaw,2026-02-15 09:22:00,13.7,286.6,1.6,458.56,Completed
BK_002372,CUST_02674,Z304,Z106,Auto_Rickshaw,2026-03-13 05:52:00,16.3,333.4,1.0,333.4,Completed
BK_002373,CUST_01600,Z107,Z105,Bike_Taxi,2026-02-16 03:36:00,15.2,207.4,1.1,228.14,Completed
BK_002374,CUST_01225,Z202,Z303,Prime_Sedan,2026-02-09 07:09:00,9.1,324.8,1.0,324.8,Completed
BK_002375,CUST_01198,Z206,Z305,EV_Sedan,2026-02-19 06:22:00,23.7,681.2,1.0,681.2,Completed
BK_002376,CUST_02044,Z101,Z202,Bike_Taxi,2026-03-04 04:56:00,4.7,81.4,1.2,97.68,Rider_Cancelled
BK_002377,CUST_01356,Z201,Z204,Auto_Rickshaw,2026-02-13 16:16:00,20.6,410.8,1.0,410.8,Completed
BK_002378,CUST_01280,Z105,Z201,EV_Sedan,2026-02-23 17:32:00,18.9,556.4,1.8,1001.52,Completed
BK_002379,CUST_03053,Z205,Z106,Prime_Sedan,2026-02-02 15:56:00,8.8,316.4,1.0,316.4,Completed
BK_002380,CUST_02193,Z101,Z107,EV_Sedan,2026-02-04 20:53:00,3.7,161.2,1.4,225.68,Completed
BK_002381,CUST_02004,Z104,Z303,EV_Sedan,2026-02-23 08:47:00,12.9,400.4,2.4,960.96,Completed
BK_002382,CUST_02541,Z204,Z107,Bike_Taxi,2026-03-10 14:33:00,24.6,320.2,1.0,320.2,Completed
BK_002383,CUST_03019,Z203,Z302,Prime_Sedan,2026-03-01 09:54:00,14.6,478.8,1.2,574.56,Completed
BK_002384,CUST_01973,Z304,Z101,Auto_Rickshaw,2026-03-12 10:29:00,9.9,218.2,2.1,458.22,Driver_Cancelled
BK_002385,CUST_01840,Z106,Z104,EV_Sedan,2026-02-18 13:32:00,12.2,382.2,1.0,382.2,Completed
BK_002386,CUST_02847,Z206,Z106,Bike_Taxi,2026-02-17 16:14:00,25.5,331.0,1.0,331.0,Completed
BK_002387,CUST_02583,Z303,Z101,Bike_Taxi,2026-02-05 20:52:00,12.9,179.8,2.4,431.52,Completed
BK_002388,CUST_01029,Z106,Z205,Prime_Sedan,2026-02-05 14:41:00,15.7,509.6,1.0,509.6,Driver_Cancelled
BK_002389,CUST_02813,Z201,Z101,Bike_Taxi,2026-02-09 00:22:00,18.5,247.0,1.0,247.0,Completed
BK_002390,CUST_01809,Z103,Z305,EV_Sedan,2026-02-14 00:56:00,19.8,579.8,1.0,579.8,Completed
BK_002391,CUST_02830,Z102,Z202,EV_Sedan,2026-03-08 19:47:00,9.0,299.0,1.8,538.2,Completed
BK_002392,CUST_02205,Z102,Z205,EV_Sedan,2026-03-15 17:55:00,10.9,348.4,2.1,731.64,Driver_Cancelled
BK_002393,CUST_03038,Z106,Z303,Bike_Taxi,2026-02-08 20:24:00,8.8,130.6,1.8,235.08,Driver_Cancelled
BK_002394,CUST_01106,Z104,Z202,Bike_Taxi,2026-02-07 04:28:00,5.3,88.6,1.0,88.6,Completed
BK_002395,CUST_03444,Z102,Z206,Prime_Sedan,2026-02-02 14:11:00,3.6,170.8,1.0,170.8,Completed
BK_002396,CUST_02888,Z102,Z301,EV_Sedan,2026-02-13 14:34:00,26.9,764.4,1.2,917.28,Driver_Cancelled
BK_002397,CUST_03278,Z206,Z107,Prime_Sedan,2026-03-01 22:57:00,25.8,792.4,1.0,792.4,Driver_Cancelled
BK_002398,CUST_02835,Z101,Z204,Bike_Taxi,2026-03-02 03:17:00,26.9,347.8,1.0,347.8,Completed
BK_002399,CUST_02374,Z301,Z304,EV_Sedan,2026-03-09 11:08:00,14.6,444.6,2.4,1067.04,Completed
BK_002400,CUST_01628,Z104,Z303,EV_Sedan,2026-02-20 11:07:00,4.5,182.0,1.6,291.2,Rider_Cancelled
BK_002401,CUST_01529,Z105,Z201,Auto_Rickshaw,2026-02-26 12:20:00,20.8,414.4,1.0,414.4,Completed
BK_002402,CUST_01243,Z205,Z106,Prime_Sedan,2026-02-25 11:12:00,22.9,711.2,1.6,1137.92,Completed
BK_002403,CUST_02391,Z303,Z101,EV_Sedan,2026-02-08 16:29:00,25.8,735.8,1.0,735.8,Completed
BK_002404,CUST_02172,Z202,Z105,Bike_Taxi,2026-03-04 01:49:00,17.7,237.4,1.1,261.14,Completed
BK_002405,CUST_02660,Z106,Z105,EV_Sedan,2026-02-22 18:59:00,27.8,787.8,1.4,1102.92,Driver_Cancelled
BK_002406,CUST_01013,Z206,Z106,Bike_Taxi,2026-02-03 19:44:00,13.5,187.0,1.2,224.4,Completed
BK_002407,CUST_02407,Z106,Z302,Prime_Sedan,2026-02-10 21:19:00,23.3,722.4,1.8,1300.32,Completed
BK_002408,CUST_01481,Z203,Z107,EV_Sedan,2026-02-13 13:53:00,4.7,187.2,1.0,187.2,Completed
BK_002409,CUST_01332,Z305,Z203,Auto_Rickshaw,2026-02-09 10:12:00,12.3,261.4,2.4,627.36,Completed
BK_002410,CUST_01712,Z202,Z301,Auto_Rickshaw,2026-02-14 08:52:00,28.3,549.4,1.4,769.16,Completed
BK_002411,CUST_03335,Z104,Z206,EV_Sedan,2026-02-12 03:59:00,14.6,444.6,1.0,444.6,Driver_Cancelled
BK_002412,CUST_01309,Z304,Z201,Prime_Sedan,2026-03-12 05:40:00,25.5,784.0,1.0,784.0,Completed
BK_002413,CUST_01106,Z304,Z103,EV_Sedan,2026-02-07 15:15:00,28.0,793.0,1.0,793.0,Rider_Cancelled
BK_002414,CUST_02573,Z106,Z204,EV_Sedan,2026-02-10 14:33:00,26.4,751.4,1.0,751.4,Completed
BK_002415,CUST_02827,Z203,Z104,EV_Sedan,2026-03-13 08:14:00,16.0,481.0,1.4,673.4,Completed
BK_002416,CUST_01420,Z104,Z107,EV_Sedan,2026-02-15 17:48:00,21.4,621.4,1.2,745.68,Completed
BK_002417,CUST_03217,Z301,Z305,Auto_Rickshaw,2026-03-17 00:40:00,5.4,137.2,1.0,137.2,Completed
BK_002418,CUST_02893,Z206,Z301,Prime_Sedan,2026-03-01 08:53:00,15.6,506.8,2.1,1064.28,Completed
BK_002419,CUST_02949,Z201,Z304,Prime_Sedan,2026-02-08 23:13:00,4.3,190.4,1.0,190.4,ETA_Timeout
BK_002420,CUST_03371,Z205,Z106,EV_Sedan,2026-02-24 20:41:00,21.7,629.2,2.4,1510.08,Driver_Cancelled
BK_002421,CUST_02326,Z303,Z301,EV_Sedan,2026-02-10 23:01:00,6.9,244.4,1.1,268.84,Completed
BK_002422,CUST_02780,Z101,Z304,Prime_Sedan,2026-02-15 10:39:00,3.5,168.0,2.4,403.2,Completed
BK_002423,CUST_01969,Z204,Z302,Auto_Rickshaw,2026-03-07 00:32:00,16.3,333.4,1.0,333.4,Driver_Cancelled
BK_002424,CUST_02570,Z301,Z101,Auto_Rickshaw,2026-03-12 03:26:00,8.0,184.0,1.2,220.8,Completed
BK_002425,CUST_01363,Z304,Z203,EV_Sedan,2026-02-07 03:28:00,19.7,577.2,1.1,634.92,Completed
BK_002426,CUST_02430,Z201,Z205,Prime_Sedan,2026-02-19 16:40:00,11.2,383.6,1.0,383.6,Driver_Cancelled
BK_002427,CUST_02857,Z204,Z102,EV_Sedan,2026-03-10 16:53:00,26.4,751.4,1.1,826.54,Rider_Cancelled
BK_002428,CUST_01916,Z303,Z202,EV_Sedan,2026-02-26 17:48:00,21.4,621.4,2.4,1491.36,Driver_Cancelled
BK_002429,CUST_01699,Z106,Z205,Auto_Rickshaw,2026-03-15 22:46:00,13.4,281.2,1.2,337.44,Driver_Cancelled
BK_002430,CUST_03015,Z204,Z106,Prime_Sedan,2026-03-12 00:43:00,17.8,568.4,1.0,568.4,Completed
BK_002431,CUST_02628,Z303,Z202,Prime_Sedan,2026-03-04 03:15:00,6.2,243.6,1.2,292.32,Driver_Cancelled
BK_002432,CUST_01156,Z302,Z101,Prime_Sedan,2026-02-03 22:16:00,22.2,691.6,1.2,829.92,Completed
BK_002433,CUST_03226,Z204,Z103,Auto_Rickshaw,2026-03-05 10:24:00,12.3,261.4,1.4,365.96,Completed
BK_002434,CUST_03094,Z205,Z105,Prime_Sedan,2026-02-02 06:29:00,7.8,288.4,1.1,317.24,Rider_Cancelled
BK_002435,CUST_03160,Z303,Z305,Prime_Sedan,2026-02-23 19:47:00,6.2,243.6,1.4,341.04,Completed
BK_002436,CUST_01271,Z303,Z103,Bike_Taxi,2026-03-09 20:40:00,28.3,364.6,1.8,656.28,Completed
BK_002437,CUST_02761,Z102,Z107,Prime_Sedan,2026-03-04 01:26:00,4.8,204.4,1.0,204.4,Completed
BK_002438,CUST_02693,Z303,Z302,Auto_Rickshaw,2026-03-08 21:22:00,8.7,196.6,1.8,353.88,Completed
BK_002439,CUST_03066,Z104,Z205,Auto_Rickshaw,2026-03-09 22:16:00,11.8,252.4,1.0,252.4,Completed
BK_002440,CUST_01202,Z305,Z105,Prime_Sedan,2026-02-09 23:52:00,19.5,616.0,1.0,616.0,Driver_Cancelled
BK_002441,CUST_01287,Z203,Z305,Prime_Sedan,2026-02-15 13:57:00,14.6,478.8,1.0,478.8,Completed
BK_002442,CUST_01506,Z203,Z204,Bike_Taxi,2026-03-10 08:09:00,13.9,191.8,2.1,402.78,Completed
BK_002443,CUST_03372,Z302,Z201,Auto_Rickshaw,2026-02-03 17:33:00,3.9,110.2,1.4,154.28,Completed
BK_002444,CUST_01845,Z302,Z303,Prime_Sedan,2026-03-08 05:18:00,12.2,411.6,1.0,411.6,Completed
BK_002445,CUST_02468,Z103,Z301,Bike_Taxi,2026-03-04 03:19:00,22.0,289.0,1.0,289.0,Completed
BK_002446,CUST_01592,Z201,Z101,EV_Sedan,2026-02-02 14:57:00,27.7,785.2,1.0,785.2,Completed
BK_002447,CUST_01039,Z103,Z305,EV_Sedan,2026-02-28 00:10:00,18.1,535.6,1.1,589.16,Completed
BK_002448,CUST_01587,Z204,Z102,EV_Sedan,2026-03-07 01:26:00,20.6,600.6,1.0,600.6,Completed
BK_002449,CUST_02735,Z102,Z202,EV_Sedan,2026-02-06 01:36:00,8.3,280.8,1.1,308.88,Completed
BK_002450,CUST_01727,Z303,Z205,Prime_Sedan,2026-02-14 09:12:00,21.2,663.6,2.4,1592.64,Driver_Cancelled
BK_002451,CUST_03301,Z206,Z304,Prime_Sedan,2026-03-04 12:40:00,26.4,809.2,1.2,971.04,Rider_Cancelled
BK_002452,CUST_02603,Z304,Z305,EV_Sedan,2026-02-04 10:43:00,21.8,631.8,1.6,1010.88,Completed
BK_002453,CUST_03317,Z201,Z302,Auto_Rickshaw,2026-03-15 18:25:00,12.6,266.8,2.4,640.32,Completed
BK_002454,CUST_03405,Z204,Z302,Auto_Rickshaw,2026-03-18 00:57:00,5.9,146.2,1.0,146.2,Rider_Cancelled
BK_002455,CUST_02618,Z206,Z103,Bike_Taxi,2026-02-28 06:12:00,27.2,351.4,1.0,351.4,Completed
BK_002456,CUST_03267,Z203,Z305,Auto_Rickshaw,2026-02-23 04:10:00,18.8,378.4,1.2,454.08,ETA_Timeout
BK_002457,CUST_01812,Z103,Z302,EV_Sedan,2026-03-15 13:29:00,11.5,364.0,1.0,364.0,Completed
BK_002458,CUST_01322,Z301,Z202,EV_Sedan,2026-02-07 07:25:00,27.0,767.0,1.0,767.0,Completed
BK_002459,CUST_01371,Z304,Z301,Auto_Rickshaw,2026-02-12 08:12:00,24.3,477.4,1.8,859.32,Completed
BK_002460,CUST_02709,Z303,Z107,EV_Sedan,2026-03-02 10:19:00,15.2,460.2,2.4,1104.48,Completed
BK_002461,CUST_01145,Z107,Z106,Auto_Rickshaw,2026-02-22 14:01:00,8.2,187.6,1.0,187.6,Completed
BK_002462,CUST_01940,Z204,Z302,EV_Sedan,2026-02-04 22:19:00,20.5,598.0,1.0,598.0,Completed
BK_002463,CUST_02692,Z105,Z103,EV_Sedan,2026-02-26 20:03:00,26.4,751.4,1.6,1202.24,Rider_Cancelled
BK_002464,CUST_01671,Z304,Z103,EV_Sedan,2026-02-22 11:41:00,23.5,676.0,1.8,1216.8,Completed
BK_002465,CUST_01302,Z201,Z106,EV_Sedan,2026-02-20 02:21:00,9.8,319.8,1.0,319.8,Completed
BK_002466,CUST_01127,Z201,Z304,EV_Sedan,2026-02-17 16:33:00,19.0,559.0,1.0,559.0,Completed
BK_002467,CUST_02352,Z301,Z303,Prime_Sedan,2026-03-11 01:05:00,3.7,173.6,1.0,173.6,Driver_Cancelled
BK_002468,CUST_02513,Z206,Z305,EV_Sedan,2026-02-21 22:44:00,14.4,439.4,1.2,527.28,Completed
BK_002469,CUST_01656,Z304,Z201,Auto_Rickshaw,2026-02-24 08:31:00,26.1,509.8,2.1,1070.58,Rider_Cancelled
BK_002470,CUST_01495,Z202,Z303,Bike_Taxi,2026-02-21 08:28:00,9.5,139.0,1.8,250.2,Completed
BK_002471,CUST_02585,Z104,Z205,EV_Sedan,2026-03-03 03:07:00,25.6,730.6,1.0,730.6,Rider_Cancelled
BK_002472,CUST_03378,Z203,Z107,EV_Sedan,2026-03-03 18:48:00,21.7,629.2,2.4,1510.08,Completed
BK_002473,CUST_02393,Z101,Z103,EV_Sedan,2026-03-05 10:16:00,20.6,600.6,2.1,1261.26,Completed
BK_002474,CUST_03422,Z107,Z301,Prime_Sedan,2026-03-09 23:31:00,17.6,562.8,1.0,562.8,Completed
BK_002475,CUST_03176,Z303,Z102,Prime_Sedan,2026-03-15 20:25:00,2.5,140.0,1.8,252.0,Completed
BK_002476,CUST_03367,Z301,Z206,Bike_Taxi,2026-03-12 01:04:00,27.9,359.8,1.1,395.78,Completed
BK_002477,CUST_02979,Z101,Z303,Prime_Sedan,2026-03-02 09:42:00,11.5,392.0,1.2,470.4,Completed
BK_002478,CUST_02068,Z206,Z303,Bike_Taxi,2026-02-10 09:47:00,4.5,79.0,2.1,165.9,Completed
BK_002479,CUST_01988,Z102,Z206,Bike_Taxi,2026-02-24 19:13:00,16.4,221.8,2.1,465.78,Completed
BK_002480,CUST_02115,Z303,Z305,Prime_Sedan,2026-03-13 23:07:00,17.2,551.6,1.0,551.6,Completed
BK_002481,CUST_01054,Z102,Z101,EV_Sedan,2026-02-04 10:49:00,27.6,782.6,2.1,1643.46,Rider_Cancelled
BK_002482,CUST_03127,Z304,Z204,Auto_Rickshaw,2026-02-12 23:24:00,26.4,515.2,1.1,566.72,Completed
BK_002483,CUST_02132,Z104,Z201,Prime_Sedan,2026-02-06 03:12:00,27.1,828.8,1.2,994.56,Completed
BK_002484,CUST_01718,Z205,Z103,Bike_Taxi,2026-02-05 23:07:00,7.6,116.2,1.0,116.2,Completed
BK_002485,CUST_02837,Z102,Z202,EV_Sedan,2026-03-07 20:29:00,17.0,507.0,1.4,709.8,Completed
BK_002486,CUST_03145,Z204,Z103,Prime_Sedan,2026-03-13 22:45:00,2.9,151.2,1.0,151.2,Completed
BK_002487,CUST_03092,Z107,Z302,Prime_Sedan,2026-02-12 02:51:00,19.0,602.0,1.0,602.0,Driver_Cancelled
BK_002488,CUST_01035,Z106,Z301,Bike_Taxi,2026-03-07 11:30:00,15.8,214.6,1.8,386.28,Rider_Cancelled
BK_002489,CUST_02427,Z203,Z103,Prime_Sedan,2026-02-26 07:45:00,8.3,302.4,1.0,302.4,Driver_Cancelled
BK_002490,CUST_02925,Z304,Z301,Auto_Rickshaw,2026-02-03 19:41:00,24.1,473.8,1.6,758.08,Completed
BK_002491,CUST_01933,Z102,Z106,EV_Sedan,2026-02-25 09:37:00,23.4,673.4,1.8,1212.12,Completed
BK_002492,CUST_02794,Z303,Z305,Auto_Rickshaw,2026-02-23 04:39:00,9.4,209.2,1.0,209.2,Completed
BK_002493,CUST_02697,Z303,Z202,Bike_Taxi,2026-03-05 00:25:00,20.6,272.2,1.0,272.2,Completed
BK_002494,CUST_03123,Z305,Z105,EV_Sedan,2026-03-17 23:48:00,21.2,616.2,1.0,616.2,Completed
BK_002495,CUST_02289,Z301,Z304,EV_Sedan,2026-03-13 21:33:00,16.6,496.6,1.4,695.24,Completed
BK_002496,CUST_03180,Z101,Z201,Bike_Taxi,2026-02-24 04:30:00,24.8,322.6,1.0,322.6,Completed
BK_002497,CUST_02226,Z205,Z301,Prime_Sedan,2026-02-10 11:27:00,24.7,761.6,2.4,1827.84,Driver_Cancelled
BK_002498,CUST_02232,Z205,Z105,Prime_Sedan,2026-02-13 22:37:00,3.9,179.2,1.0,179.2,Completed
BK_002499,CUST_01830,Z106,Z203,Auto_Rickshaw,2026-03-04 01:43:00,4.8,126.4,1.0,126.4,Completed
BK_002500,CUST_02896,Z202,Z304,EV_Sedan,2026-02-20 06:31:00,18.9,556.4,1.0,556.4,Completed
BK_002501,CUST_01394,Z107,Z104,Prime_Sedan,2026-03-09 12:01:00,7.2,271.6,1.2,325.92,Completed
BK_002502,CUST_01004,Z206,Z106,Auto_Rickshaw,2026-02-17 02:40:00,25.1,491.8,1.0,491.8,Completed
BK_002503,CUST_03171,Z201,Z103,Auto_Rickshaw,2026-02-13 03:23:00,25.7,502.6,1.0,502.6,Completed
BK_002504,CUST_01038,Z203,Z303,Prime_Sedan,2026-02-27 15:02:00,11.9,403.2,1.2,483.84,Completed
BK_002505,CUST_02712,Z106,Z302,Bike_Taxi,2026-03-14 12:55:00,12.5,175.0,1.2,210.0,Rider_Cancelled
BK_002506,CUST_02796,Z206,Z102,Auto_Rickshaw,2026-03-04 10:26:00,8.0,184.0,2.4,441.6,Completed
BK_002507,CUST_01875,Z206,Z107,Auto_Rickshaw,2026-02-04 19:14:00,8.8,198.4,1.8,357.12,Rider_Cancelled
BK_002508,CUST_01172,Z104,Z304,Bike_Taxi,2026-02-08 10:14:00,27.7,357.4,2.4,857.76,Completed
BK_002509,CUST_03047,Z203,Z103,EV_Sedan,2026-03-01 23:58:00,23.5,676.0,1.0,676.0,Completed
BK_002510,CUST_01963,Z206,Z302,EV_Sedan,2026-02-09 09:25:00,11.9,374.4,1.4,524.16,Completed
BK_002511,CUST_03355,Z205,Z103,EV_Sedan,2026-03-08 00:16:00,15.8,475.8,1.0,475.8,Completed
BK_002512,CUST_02596,Z101,Z204,Auto_Rickshaw,2026-02-20 07:29:00,19.1,383.8,1.2,460.56,Completed
BK_002513,CUST_02137,Z103,Z101,Prime_Sedan,2026-02-20 04:50:00,16.7,537.6,1.1,591.36,Completed
BK_002514,CUST_02122,Z105,Z201,Auto_Rickshaw,2026-03-08 11:37:00,11.5,247.0,2.1,518.7,Driver_Cancelled
BK_002515,CUST_01313,Z103,Z101,Prime_Sedan,2026-03-04 12:24:00,18.5,588.0,1.1,646.8,Completed
BK_002516,CUST_01387,Z202,Z205,Prime_Sedan,2026-02-11 21:34:00,22.7,705.6,1.4,987.84,Completed
BK_002517,CUST_03263,Z106,Z204,Prime_Sedan,2026-03-07 13:17:00,6.6,254.8,1.2,305.76,Driver_Cancelled
BK_002518,CUST_03249,Z103,Z206,Bike_Taxi,2026-03-09 00:40:00,15.7,213.4,1.0,213.4,Driver_Cancelled
BK_002519,CUST_01454,Z302,Z206,Prime_Sedan,2026-02-26 04:03:00,27.8,848.4,1.0,848.4,Completed
BK_002520,CUST_01557,Z202,Z103,Auto_Rickshaw,2026-02-11 19:03:00,8.7,196.6,2.1,412.86,Completed
BK_002521,CUST_01982,Z305,Z201,Auto_Rickshaw,2026-02-24 06:29:00,3.7,106.6,1.0,106.6,Rider_Cancelled
BK_002522,CUST_02610,Z205,Z202,EV_Sedan,2026-02-10 19:54:00,6.5,234.0,2.1,491.4,Driver_Cancelled
BK_002523,CUST_03149,Z101,Z201,Bike_Taxi,2026-02-11 11:30:00,19.2,255.4,1.2,306.48,Driver_Cancelled
BK_002524,CUST_02686,Z201,Z105,EV_Sedan,2026-02-28 03:17:00,10.8,345.8,1.0,345.8,Completed
BK_002525,CUST_02291,Z104,Z106,EV_Sedan,2026-03-14 17:23:00,15.2,460.2,1.4,644.28,Completed
BK_002526,CUST_02985,Z202,Z101,EV_Sedan,2026-02-02 14:17:00,11.8,371.8,1.0,371.8,Completed
BK_002527,CUST_02140,Z206,Z301,Bike_Taxi,2026-02-18 09:49:00,6.0,97.0,1.2,116.4,Completed
BK_002528,CUST_01791,Z301,Z305,Auto_Rickshaw,2026-02-28 07:02:00,19.1,383.8,1.0,383.8,Completed
BK_002529,CUST_01480,Z206,Z101,Auto_Rickshaw,2026-02-07 11:20:00,15.1,311.8,1.8,561.24,Completed
BK_002530,CUST_01405,Z301,Z107,Auto_Rickshaw,2026-02-19 11:19:00,14.5,301.0,1.8,541.8,Completed
BK_002531,CUST_01902,Z101,Z201,EV_Sedan,2026-03-16 18:33:00,8.7,291.2,2.1,611.52,Completed
BK_002532,CUST_02189,Z101,Z104,Prime_Sedan,2026-02-05 01:50:00,24.2,747.6,1.0,747.6,Completed
BK_002533,CUST_03411,Z102,Z302,Bike_Taxi,2026-02-22 03:09:00,18.2,243.4,1.2,292.08,Completed
BK_002534,CUST_01129,Z107,Z203,EV_Sedan,2026-02-02 05:11:00,7.8,267.8,1.0,267.8,Rider_Cancelled
BK_002535,CUST_03126,Z101,Z204,Prime_Sedan,2026-03-10 03:07:00,27.6,842.8,1.0,842.8,Completed
BK_002536,CUST_01280,Z301,Z104,Auto_Rickshaw,2026-02-18 20:55:00,14.5,301.0,1.6,481.6,Completed
BK_002537,CUST_01453,Z105,Z301,Bike_Taxi,2026-02-16 03:55:00,16.8,226.6,1.1,249.26,Completed
BK_002538,CUST_01675,Z202,Z103,Auto_Rickshaw,2026-03-01 16:08:00,19.1,383.8,1.1,422.18,Completed
BK_002539,CUST_02140,Z107,Z303,Prime_Sedan,2026-03-14 04:10:00,5.7,229.6,1.1,252.56,Completed
BK_002540,CUST_01392,Z202,Z204,Auto_Rickshaw,2026-02-01 08:28:00,21.9,434.2,1.2,521.04,Completed
BK_002541,CUST_01166,Z302,Z304,Bike_Taxi,2026-02-08 11:34:00,16.1,218.2,2.1,458.22,Completed
BK_002542,CUST_02060,Z303,Z105,Prime_Sedan,2026-03-14 00:48:00,23.2,719.6,1.0,719.6,Completed
BK_002543,CUST_02501,Z304,Z302,Bike_Taxi,2026-03-11 07:28:00,27.3,352.6,1.2,423.12,Completed
BK_002544,CUST_03418,Z102,Z302,Auto_Rickshaw,2026-03-04 19:09:00,5.6,140.8,1.8,253.44,Completed
BK_002545,CUST_01647,Z205,Z301,Bike_Taxi,2026-03-16 16:07:00,10.1,146.2,1.0,146.2,Completed
BK_002546,CUST_01638,Z302,Z303,Bike_Taxi,2026-02-05 22:03:00,8.0,121.0,1.1,133.1,Rider_Cancelled
BK_002547,CUST_02211,Z106,Z303,EV_Sedan,2026-02-08 09:47:00,20.4,595.4,2.1,1250.34,Completed
BK_002548,CUST_02796,Z102,Z106,Prime_Sedan,2026-03-06 20:21:00,8.9,319.2,1.6,510.72,Completed
BK_002549,CUST_01222,Z203,Z301,EV_Sedan,2026-03-09 23:20:00,6.6,236.6,1.1,260.26,Completed
BK_002550,CUST_01757,Z206,Z103,EV_Sedan,2026-02-12 01:28:00,20.7,603.2,1.0,603.2,Driver_Cancelled
BK_002551,CUST_01384,Z105,Z106,EV_Sedan,2026-03-09 08:07:00,23.7,681.2,2.4,1634.88,Driver_Cancelled
BK_002552,CUST_02784,Z206,Z204,Bike_Taxi,2026-02-14 06:55:00,8.6,128.2,1.0,128.2,Completed
BK_002553,CUST_01917,Z106,Z305,EV_Sedan,2026-03-07 04:11:00,14.6,444.6,1.1,489.06,Completed
BK_002554,CUST_01475,Z201,Z301,Bike_Taxi,2026-03-08 13:20:00,10.2,147.4,1.1,162.14,Completed
BK_002555,CUST_03039,Z101,Z206,Prime_Sedan,2026-03-17 02:57:00,3.4,165.2,1.0,165.2,Completed
BK_002556,CUST_02303,Z305,Z206,Auto_Rickshaw,2026-02-28 09:45:00,8.9,200.2,1.4,280.28,Completed
BK_002557,CUST_02488,Z103,Z201,Auto_Rickshaw,2026-02-22 20:24:00,17.8,360.4,2.1,756.84,Completed
BK_002558,CUST_03018,Z301,Z106,Prime_Sedan,2026-02-06 08:19:00,13.3,442.4,1.4,619.36,Completed
BK_002559,CUST_01579,Z105,Z203,Bike_Taxi,2026-03-14 08:15:00,21.8,286.6,1.8,515.88,Completed
BK_002560,CUST_03276,Z202,Z201,Prime_Sedan,2026-02-21 14:43:00,23.5,728.0,1.0,728.0,Rider_Cancelled
BK_002561,CUST_03464,Z201,Z101,Auto_Rickshaw,2026-03-06 08:58:00,10.9,236.2,1.2,283.44,Completed
BK_002562,CUST_01789,Z107,Z204,Prime_Sedan,2026-03-05 16:07:00,28.3,862.4,1.0,862.4,Completed
BK_002563,CUST_03123,Z301,Z102,Bike_Taxi,2026-03-02 03:19:00,22.7,297.4,1.0,297.4,ETA_Timeout
BK_002564,CUST_01399,Z301,Z302,Auto_Rickshaw,2026-02-27 02:50:00,3.1,95.8,1.0,95.8,Completed
BK_002565,CUST_01591,Z304,Z104,Auto_Rickshaw,2026-02-08 00:46:00,12.8,270.4,1.0,270.4,Completed
BK_002566,CUST_01706,Z206,Z101,Auto_Rickshaw,2026-03-12 11:30:00,2.5,85.0,2.1,178.5,Completed
BK_002567,CUST_02601,Z205,Z304,Bike_Taxi,2026-03-11 23:06:00,8.0,121.0,1.2,145.2,Completed
BK_002568,CUST_01412,Z206,Z202,Bike_Taxi,2026-02-17 06:09:00,6.2,99.4,1.0,99.4,Completed
BK_002569,CUST_01606,Z202,Z304,Bike_Taxi,2026-02-18 19:07:00,26.3,340.6,1.6,544.96,Completed
BK_002570,CUST_02626,Z104,Z305,Auto_Rickshaw,2026-03-07 04:41:00,24.7,484.6,1.0,484.6,Completed
BK_002571,CUST_02941,Z304,Z305,EV_Sedan,2026-02-17 07:25:00,5.7,213.2,1.2,255.84,Completed
BK_002572,CUST_02878,Z301,Z106,EV_Sedan,2026-02-07 13:40:00,16.5,494.0,1.0,494.0,Completed
BK_002573,CUST_02927,Z305,Z102,EV_Sedan,2026-02-08 13:51:00,3.0,143.0,1.0,143.0,Driver_Cancelled
BK_002574,CUST_01110,Z301,Z105,EV_Sedan,2026-02-26 22:04:00,25.1,717.6,1.0,717.6,Completed
BK_002575,CUST_02155,Z201,Z103,Auto_Rickshaw,2026-02-02 15:28:00,27.2,529.6,1.0,529.6,Completed
BK_002576,CUST_02729,Z303,Z202,Prime_Sedan,2026-02-22 16:07:00,22.0,686.0,1.1,754.6,Completed
BK_002577,CUST_03285,Z106,Z301,Prime_Sedan,2026-02-02 01:29:00,14.7,481.6,1.0,481.6,Completed
BK_002578,CUST_01926,Z105,Z106,Bike_Taxi,2026-02-13 06:00:00,25.5,331.0,1.0,331.0,Completed
BK_002579,CUST_03135,Z304,Z205,Prime_Sedan,2026-02-09 17:55:00,26.8,820.4,1.2,984.48,Completed
BK_002580,CUST_03189,Z303,Z305,Auto_Rickshaw,2026-03-12 23:44:00,23.6,464.8,1.0,464.8,Completed
BK_002581,CUST_03061,Z203,Z303,EV_Sedan,2026-03-07 12:16:00,25.4,725.4,1.1,797.94,Completed
BK_002582,CUST_02300,Z203,Z302,Prime_Sedan,2026-02-04 22:42:00,17.9,571.2,1.1,628.32,Completed
BK_002583,CUST_02697,Z103,Z202,Bike_Taxi,2026-03-12 19:58:00,18.6,248.2,2.1,521.22,Completed
BK_002584,CUST_01709,Z201,Z205,Bike_Taxi,2026-03-16 23:55:00,18.6,248.2,1.0,248.2,Completed
BK_002585,CUST_02447,Z203,Z304,Bike_Taxi,2026-03-04 03:36:00,20.9,275.8,1.1,303.38,Completed
BK_002586,CUST_01400,Z202,Z106,EV_Sedan,2026-02-24 05:10:00,18.0,533.0,1.1,586.3,Completed
BK_002587,CUST_02629,Z302,Z104,EV_Sedan,2026-03-02 00:49:00,2.7,135.2,1.0,135.2,Completed
BK_002588,CUST_03414,Z206,Z302,Auto_Rickshaw,2026-02-17 03:49:00,23.7,466.6,1.0,466.6,Completed
BK_002589,CUST_01890,Z202,Z107,Prime_Sedan,2026-03-07 18:53:00,8.5,308.0,1.4,431.2,Completed
BK_002590,CUST_02372,Z305,Z303,Auto_Rickshaw,2026-02-15 22:26:00,19.8,396.4,1.0,396.4,Completed
BK_002591,CUST_01123,Z301,Z103,Auto_Rickshaw,2026-03-16 01:08:00,15.0,310.0,1.2,372.0,Completed
BK_002592,CUST_01370,Z302,Z104,Auto_Rickshaw,2026-03-07 09:57:00,22.5,445.0,1.4,623.0,Completed
BK_002593,CUST_02585,Z205,Z105,Bike_Taxi,2026-03-13 11:06:00,16.3,220.6,1.6,352.96,Completed
BK_002594,CUST_01721,Z304,Z201,Auto_Rickshaw,2026-03-02 22:39:00,23.6,464.8,1.2,557.76,Driver_Cancelled
BK_002595,CUST_02701,Z103,Z107,EV_Sedan,2026-03-04 04:35:00,9.3,306.8,1.1,337.48,Completed
BK_002596,CUST_02222,Z202,Z201,EV_Sedan,2026-02-27 15:37:00,4.2,174.2,1.0,174.2,Completed
BK_002597,CUST_01484,Z102,Z206,Bike_Taxi,2026-03-04 03:27:00,9.2,135.4,1.0,135.4,Completed
BK_002598,CUST_03054,Z104,Z103,Prime_Sedan,2026-02-10 13:20:00,25.2,775.6,1.0,775.6,Completed
BK_002599,CUST_01669,Z204,Z301,EV_Sedan,2026-02-21 07:19:00,20.6,600.6,1.1,660.66,Completed
BK_002600,CUST_03464,Z104,Z205,Auto_Rickshaw,2026-02-14 13:25:00,27.8,540.4,1.2,648.48,Rider_Cancelled
BK_002601,CUST_01522,Z201,Z107,Bike_Taxi,2026-03-08 13:31:00,28.0,361.0,1.0,361.0,Completed
BK_002602,CUST_03047,Z303,Z103,Bike_Taxi,2026-03-04 19:08:00,16.2,219.4,1.4,307.16,Completed
BK_002603,CUST_03458,Z106,Z105,EV_Sedan,2026-02-11 06:25:00,25.5,728.0,1.0,728.0,Completed
BK_002604,CUST_03241,Z106,Z202,Bike_Taxi,2026-03-09 12:56:00,27.2,351.4,1.0,351.4,Completed
BK_002605,CUST_01642,Z301,Z305,EV_Sedan,2026-03-03 11:28:00,9.4,309.4,1.6,495.04,Completed
BK_002606,CUST_01504,Z305,Z205,Bike_Taxi,2026-03-06 06:57:00,26.8,346.6,1.0,346.6,Completed
BK_002607,CUST_01050,Z204,Z305,EV_Sedan,2026-02-01 17:30:00,17.1,509.6,1.2,611.52,Completed
BK_002608,CUST_03245,Z301,Z206,Auto_Rickshaw,2026-02-10 01:44:00,12.6,266.8,1.1,293.48,Completed
BK_002609,CUST_02965,Z105,Z106,Bike_Taxi,2026-03-09 08:24:00,26.4,341.8,2.4,820.32,Completed
BK_002610,CUST_02283,Z102,Z205,Prime_Sedan,2026-03-17 02:32:00,18.1,576.8,1.0,576.8,Completed
BK_002611,CUST_01312,Z202,Z206,EV_Sedan,2026-03-16 11:04:00,14.2,434.2,2.1,911.82,ETA_Timeout
BK_002612,CUST_02679,Z206,Z101,Prime_Sedan,2026-02-27 06:55:00,17.6,562.8,1.2,675.36,Completed
BK_002613,CUST_03166,Z304,Z205,Auto_Rickshaw,2026-02-25 02:19:00,15.7,322.6,1.1,354.86,Completed
BK_002614,CUST_02082,Z206,Z103,Bike_Taxi,2026-03-15 01:35:00,24.5,319.0,1.1,350.9,Completed
BK_002615,CUST_03080,Z202,Z305,EV_Sedan,2026-02-21 23:05:00,12.5,390.0,1.1,429.0,Driver_Cancelled
BK_002616,CUST_03306,Z304,Z303,Auto_Rickshaw,2026-02-16 08:45:00,17.9,362.2,1.6,579.52,Completed
BK_002617,CUST_01051,Z204,Z203,Auto_Rickshaw,2026-02-17 05:02:00,8.5,193.0,1.0,193.0,Completed
BK_002618,CUST_01515,Z303,Z104,Prime_Sedan,2026-03-17 21:09:00,18.4,585.2,1.4,819.28,Completed
BK_002619,CUST_02510,Z303,Z204,Bike_Taxi,2026-03-15 16:45:00,17.3,232.6,1.2,279.12,ETA_Timeout
BK_002620,CUST_01641,Z304,Z106,Prime_Sedan,2026-03-06 11:36:00,18.0,574.0,2.4,1377.6,Rider_Cancelled
BK_002621,CUST_02333,Z303,Z305,Bike_Taxi,2026-03-02 21:45:00,22.7,297.4,2.1,624.54,Driver_Cancelled
BK_002622,CUST_02741,Z201,Z102,EV_Sedan,2026-02-28 00:14:00,8.2,278.2,1.1,306.02,Completed
BK_002623,CUST_02335,Z204,Z101,EV_Sedan,2026-03-09 05:56:00,9.7,317.2,1.0,317.2,Completed
BK_002624,CUST_01071,Z302,Z201,EV_Sedan,2026-03-05 14:14:00,13.0,403.0,1.0,403.0,Completed
BK_002625,CUST_02743,Z303,Z104,Bike_Taxi,2026-02-04 07:55:00,10.8,154.6,1.1,170.06,Completed
BK_002626,CUST_03073,Z304,Z203,Auto_Rickshaw,2026-02-01 13:48:00,21.0,418.0,1.1,459.8,Driver_Cancelled
BK_002627,CUST_01802,Z206,Z204,Bike_Taxi,2026-03-01 09:39:00,6.2,99.4,2.4,238.56,Completed
BK_002628,CUST_02675,Z301,Z303,Auto_Rickshaw,2026-02-09 12:26:00,16.4,335.2,1.0,335.2,Completed
BK_002629,CUST_03332,Z305,Z105,Prime_Sedan,2026-02-06 07:56:00,10.6,366.8,1.0,366.8,Completed
BK_002630,CUST_01137,Z301,Z202,Prime_Sedan,2026-03-04 08:31:00,27.9,851.2,2.1,1787.52,Completed
BK_002631,CUST_02635,Z303,Z304,Bike_Taxi,2026-02-18 03:39:00,14.2,195.4,1.0,195.4,Completed
BK_002632,CUST_01536,Z205,Z101,Prime_Sedan,2026-02-14 14:45:00,11.0,378.0,1.0,378.0,Driver_Cancelled
BK_002633,CUST_03215,Z204,Z205,Bike_Taxi,2026-02-25 07:22:00,8.0,121.0,1.1,133.1,Completed
BK_002634,CUST_01068,Z203,Z103,Auto_Rickshaw,2026-02-18 01:58:00,21.6,428.8,1.0,428.8,Rider_Cancelled
BK_002635,CUST_02664,Z206,Z101,Bike_Taxi,2026-02-25 01:15:00,22.4,293.8,1.0,293.8,Driver_Cancelled
BK_002636,CUST_02503,Z206,Z302,Bike_Taxi,2026-02-05 07:34:00,2.9,59.8,1.0,59.8,Completed
BK_002637,CUST_02957,Z101,Z301,Auto_Rickshaw,2026-03-13 00:47:00,26.6,518.8,1.2,622.56,Completed
BK_002638,CUST_01923,Z206,Z107,Prime_Sedan,2026-02-26 20:18:00,10.1,352.8,1.4,493.92,Completed
BK_002639,CUST_01265,Z203,Z106,Auto_Rickshaw,2026-02-13 02:40:00,12.9,272.2,1.0,272.2,Completed
BK_002640,CUST_03254,Z305,Z301,EV_Sedan,2026-02-23 19:33:00,24.4,699.4,2.4,1678.56,Completed
BK_002641,CUST_03040,Z101,Z305,Prime_Sedan,2026-03-17 07:58:00,27.7,845.6,1.0,845.6,Rider_Cancelled
BK_002642,CUST_01073,Z201,Z204,Bike_Taxi,2026-02-18 12:45:00,20.2,267.4,1.2,320.88,Completed
BK_002643,CUST_01949,Z104,Z106,Auto_Rickshaw,2026-03-12 15:59:00,13.5,283.0,1.0,283.0,Completed
BK_002644,CUST_03394,Z203,Z304,Auto_Rickshaw,2026-02-13 23:56:00,16.9,344.2,1.0,344.2,Completed
BK_002645,CUST_01386,Z301,Z102,Auto_Rickshaw,2026-03-13 22:16:00,12.4,263.2,1.0,263.2,Rider_Cancelled
BK_002646,CUST_02035,Z302,Z103,EV_Sedan,2026-03-14 01:23:00,3.5,156.0,1.1,171.6,Completed
BK_002647,CUST_02697,Z203,Z206,Prime_Sedan,2026-02-12 22:39:00,24.2,747.6,1.0,747.6,Rider_Cancelled
BK_002648,CUST_03437,Z304,Z303,Prime_Sedan,2026-03-10 22:55:00,3.0,154.0,1.1,169.4,Completed
BK_002649,CUST_02947,Z301,Z101,Auto_Rickshaw,2026-03-05 08:05:00,19.7,394.6,1.8,710.28,Completed
BK_002650,CUST_01784,Z203,Z105,Prime_Sedan,2026-02-16 01:35:00,12.5,420.0,1.0,420.0,Completed
BK_002651,CUST_02475,Z205,Z103,EV_Sedan,2026-03-11 14:11:00,9.6,314.6,1.0,314.6,Completed
BK_002652,CUST_02122,Z304,Z106,Auto_Rickshaw,2026-03-04 23:26:00,6.6,158.8,1.0,158.8,Completed
BK_002653,CUST_01432,Z201,Z105,Bike_Taxi,2026-02-19 18:14:00,14.2,195.4,1.8,351.72,Completed
BK_002654,CUST_03084,Z104,Z204,Prime_Sedan,2026-03-07 22:39:00,19.1,604.8,1.1,665.28,Completed
BK_002655,CUST_03003,Z205,Z304,Prime_Sedan,2026-02-08 09:28:00,13.1,436.8,2.4,1048.32,Completed
BK_002656,CUST_01131,Z107,Z103,Auto_Rickshaw,2026-02-19 07:26:00,25.2,493.6,1.0,493.6,Completed
BK_002657,CUST_02307,Z104,Z305,Prime_Sedan,2026-02-01 23:10:00,13.0,434.0,1.0,434.0,Completed
BK_002658,CUST_02497,Z107,Z103,Auto_Rickshaw,2026-02-06 06:31:00,22.6,446.8,1.0,446.8,Completed
BK_002659,CUST_03375,Z103,Z101,Prime_Sedan,2026-03-03 21:54:00,2.8,148.4,1.8,267.12,Completed
BK_002660,CUST_01716,Z105,Z204,EV_Sedan,2026-03-12 12:26:00,6.3,228.8,1.1,251.68,Rider_Cancelled
BK_002661,CUST_03254,Z105,Z302,Prime_Sedan,2026-03-17 00:23:00,11.3,386.4,1.0,386.4,Rider_Cancelled
BK_002662,CUST_01248,Z304,Z203,Auto_Rickshaw,2026-02-02 18:13:00,25.0,490.0,1.2,588.0,Driver_Cancelled
BK_002663,CUST_01073,Z206,Z105,EV_Sedan,2026-03-05 12:31:00,3.5,156.0,1.2,187.2,ETA_Timeout
BK_002664,CUST_02957,Z205,Z106,Bike_Taxi,2026-03-12 17:16:00,13.4,185.8,1.8,334.44,Completed
BK_002665,CUST_01172,Z302,Z201,Prime_Sedan,2026-02-22 16:30:00,16.2,523.6,1.0,523.6,ETA_Timeout
BK_002666,CUST_01339,Z202,Z107,Auto_Rickshaw,2026-02-27 13:56:00,18.6,374.8,1.0,374.8,Completed
BK_002667,CUST_02976,Z101,Z107,Auto_Rickshaw,2026-03-18 01:49:00,9.9,218.2,1.0,218.2,Driver_Cancelled
BK_002668,CUST_03144,Z305,Z304,EV_Sedan,2026-03-01 06:53:00,8.5,286.0,1.0,286.0,Completed
BK_002669,CUST_02858,Z106,Z205,Auto_Rickshaw,2026-02-12 21:32:00,10.2,223.6,1.2,268.32,Completed
BK_002670,CUST_01350,Z304,Z206,Bike_Taxi,2026-03-09 02:03:00,18.1,242.2,1.0,242.2,Completed
BK_002671,CUST_01888,Z206,Z302,Prime_Sedan,2026-03-18 04:03:00,14.9,487.2,1.2,584.64,Completed
BK_002672,CUST_03048,Z302,Z102,Prime_Sedan,2026-03-01 08:00:00,21.5,672.0,2.1,1411.2,Completed
BK_002673,CUST_01859,Z201,Z104,Prime_Sedan,2026-03-09 22:34:00,17.6,562.8,1.0,562.8,Completed
BK_002674,CUST_01030,Z301,Z106,Auto_Rickshaw,2026-03-18 03:12:00,3.9,110.2,1.0,110.2,Completed
BK_002675,CUST_02553,Z104,Z204,Prime_Sedan,2026-02-03 15:19:00,7.4,277.2,1.2,332.64,Completed
BK_002676,CUST_01452,Z205,Z101,Bike_Taxi,2026-02-26 11:12:00,2.6,56.2,1.2,67.44,Driver_Cancelled
BK_002677,CUST_02807,Z201,Z206,Auto_Rickshaw,2026-02-08 09:48:00,12.0,256.0,1.8,460.8,Completed
BK_002678,CUST_01761,Z304,Z206,Prime_Sedan,2026-02-23 01:07:00,12.8,428.4,1.0,428.4,Completed
BK_002679,CUST_01333,Z203,Z102,Bike_Taxi,2026-02-17 23:05:00,15.5,211.0,1.1,232.1,Completed
BK_002680,CUST_01500,Z204,Z305,Prime_Sedan,2026-02-22 09:27:00,12.9,431.2,2.1,905.52,Driver_Cancelled
BK_002681,CUST_02956,Z104,Z205,Bike_Taxi,2026-03-12 15:39:00,4.2,75.4,1.0,75.4,Completed
BK_002682,CUST_02801,Z107,Z103,Prime_Sedan,2026-03-14 21:45:00,14.0,462.0,2.4,1108.8,Rider_Cancelled
BK_002683,CUST_03349,Z101,Z302,EV_Sedan,2026-02-19 13:24:00,10.6,340.6,1.2,408.72,Rider_Cancelled
BK_002684,CUST_01021,Z107,Z203,EV_Sedan,2026-02-01 14:07:00,26.8,761.8,1.0,761.8,Completed
BK_002685,CUST_03181,Z201,Z103,Bike_Taxi,2026-03-03 11:59:00,14.3,196.6,2.1,412.86,Completed
BK_002686,CUST_03334,Z103,Z205,Auto_Rickshaw,2026-02-14 11:35:00,21.3,423.4,1.4,592.76,Completed
BK_002687,CUST_01707,Z203,Z103,Bike_Taxi,2026-03-11 07:22:00,25.3,328.6,1.0,328.6,Completed
BK_002688,CUST_01256,Z301,Z203,Auto_Rickshaw,2026-02-06 23:56:00,13.5,283.0,1.0,283.0,Completed
BK_002689,CUST_01976,Z202,Z302,EV_Sedan,2026-02-19 00:58:00,4.2,174.2,1.0,174.2,Completed
BK_002690,CUST_02289,Z101,Z302,Auto_Rickshaw,2026-02-02 18:50:00,5.2,133.6,1.6,213.76,Completed
BK_002691,CUST_01992,Z104,Z101,Bike_Taxi,2026-03-16 07:48:00,19.1,254.2,1.1,279.62,Completed
BK_002692,CUST_02124,Z104,Z205,Bike_Taxi,2026-03-02 02:29:00,15.2,207.4,1.0,207.4,Driver_Cancelled
BK_002693,CUST_02096,Z201,Z206,EV_Sedan,2026-03-18 02:40:00,9.0,299.0,1.2,358.8,Completed
BK_002694,CUST_01314,Z303,Z204,EV_Sedan,2026-02-03 11:16:00,23.2,668.2,1.6,1069.12,Completed
BK_002695,CUST_01074,Z205,Z106,Prime_Sedan,2026-02-26 22:45:00,21.3,666.4,1.0,666.4,Completed
BK_002696,CUST_01628,Z206,Z301,Prime_Sedan,2026-02-24 05:57:00,27.1,828.8,1.0,828.8,Completed
BK_002697,CUST_02562,Z106,Z304,Auto_Rickshaw,2026-02-24 14:06:00,15.8,324.4,1.2,389.28,Completed
BK_002698,CUST_03387,Z204,Z105,Auto_Rickshaw,2026-03-13 05:13:00,22.7,448.6,1.2,538.32,Rider_Cancelled
BK_002699,CUST_01334,Z106,Z205,EV_Sedan,2026-02-19 00:10:00,6.1,223.6,1.1,245.96,Completed
BK_002700,CUST_02070,Z103,Z201,Prime_Sedan,2026-02-13 23:02:00,19.5,616.0,1.0,616.0,Completed
BK_002701,CUST_02268,Z105,Z101,EV_Sedan,2026-02-28 23:24:00,3.4,153.4,1.0,153.4,Completed
BK_002702,CUST_01207,Z204,Z105,Auto_Rickshaw,2026-03-03 10:16:00,27.3,531.4,1.6,850.24,Rider_Cancelled
BK_002703,CUST_03243,Z303,Z304,Bike_Taxi,2026-02-28 21:52:00,12.8,178.6,2.4,428.64,Driver_Cancelled
BK_002704,CUST_01864,Z302,Z205,Bike_Taxi,2026-02-21 21:42:00,16.0,217.0,1.4,303.8,Completed
BK_002705,CUST_01302,Z201,Z107,EV_Sedan,2026-02-03 13:24:00,14.9,452.4,1.0,452.4,Completed
BK_002706,CUST_01425,Z106,Z201,EV_Sedan,2026-02-07 14:17:00,8.4,283.4,1.0,283.4,Completed
BK_002707,CUST_03358,Z203,Z107,Bike_Taxi,2026-02-27 20:43:00,15.0,205.0,1.2,246.0,ETA_Timeout
BK_002708,CUST_02447,Z305,Z302,Auto_Rickshaw,2026-03-16 21:15:00,15.0,310.0,2.1,651.0,Completed
BK_002709,CUST_03113,Z101,Z201,EV_Sedan,2026-02-21 13:33:00,5.3,202.8,1.0,202.8,Completed
BK_002710,CUST_01809,Z302,Z202,EV_Sedan,2026-03-18 01:27:00,16.6,496.6,1.1,546.26,Completed
BK_002711,CUST_01128,Z302,Z304,Auto_Rickshaw,2026-03-13 09:44:00,10.8,234.4,1.2,281.28,Completed
BK_002712,CUST_03094,Z101,Z107,EV_Sedan,2026-02-26 22:44:00,4.0,169.0,1.0,169.0,Rider_Cancelled
BK_002713,CUST_02972,Z305,Z106,EV_Sedan,2026-03-17 00:14:00,15.1,457.6,1.0,457.6,Completed
BK_002714,CUST_01137,Z302,Z101,EV_Sedan,2026-02-18 14:30:00,20.2,590.2,1.1,649.22,Completed
BK_002715,CUST_01428,Z204,Z205,Auto_Rickshaw,2026-03-07 02:10:00,18.0,364.0,1.0,364.0,Completed
BK_002716,CUST_01881,Z303,Z107,Bike_Taxi,2026-02-02 12:01:00,23.6,308.2,1.1,339.02,Completed
BK_002717,CUST_02603,Z106,Z203,Auto_Rickshaw,2026-02-21 16:10:00,10.3,225.4,1.0,225.4,Completed
BK_002718,CUST_03358,Z101,Z205,Auto_Rickshaw,2026-03-05 20:36:00,23.5,463.0,1.4,648.2,Rider_Cancelled
BK_002719,CUST_01100,Z302,Z106,EV_Sedan,2026-03-14 12:10:00,14.9,452.4,1.0,452.4,Driver_Cancelled
BK_002720,CUST_02286,Z204,Z101,EV_Sedan,2026-03-15 03:18:00,17.3,514.8,1.2,617.76,Completed
BK_002721,CUST_02830,Z305,Z103,Prime_Sedan,2026-03-10 18:26:00,9.4,333.2,2.4,799.68,ETA_Timeout
BK_002722,CUST_01138,Z204,Z202,EV_Sedan,2026-02-03 18:39:00,26.0,741.0,2.4,1778.4,ETA_Timeout
BK_002723,CUST_02516,Z204,Z302,EV_Sedan,2026-02-23 07:02:00,17.2,512.2,1.0,512.2,Completed
BK_002724,CUST_01099,Z103,Z202,Auto_Rickshaw,2026-03-13 11:51:00,10.4,227.2,1.6,363.52,Completed
BK_002725,CUST_02472,Z203,Z305,Bike_Taxi,2026-02-12 23:07:00,2.9,59.8,1.0,59.8,Rider_Cancelled
BK_002726,CUST_02200,Z301,Z202,Auto_Rickshaw,2026-03-11 21:36:00,18.7,376.6,1.6,602.56,Completed
BK_002727,CUST_03260,Z105,Z204,Auto_Rickshaw,2026-02-19 06:52:00,10.7,232.6,1.1,255.86,Completed
BK_002728,CUST_01460,Z106,Z104,EV_Sedan,2026-03-09 07:45:00,7.1,249.6,1.1,274.56,Completed
BK_002729,CUST_01089,Z302,Z103,EV_Sedan,2026-03-08 13:28:00,4.4,179.4,1.1,197.34,Completed
BK_002730,CUST_01416,Z102,Z202,EV_Sedan,2026-03-08 14:34:00,5.7,213.2,1.0,213.2,Completed
BK_002731,CUST_03432,Z301,Z203,EV_Sedan,2026-02-17 21:11:00,18.3,540.8,2.4,1297.92,Driver_Cancelled
BK_002732,CUST_02263,Z103,Z202,Bike_Taxi,2026-02-09 16:18:00,25.0,325.0,1.2,390.0,Driver_Cancelled
BK_002733,CUST_01521,Z202,Z203,Auto_Rickshaw,2026-03-08 04:13:00,22.8,450.4,1.1,495.44,Completed
BK_002734,CUST_01021,Z203,Z301,Auto_Rickshaw,2026-02-16 17:06:00,25.8,504.4,2.1,1059.24,Completed
BK_002735,CUST_02953,Z201,Z304,Auto_Rickshaw,2026-02-19 07:57:00,23.4,461.2,1.1,507.32,Driver_Cancelled
BK_002736,CUST_02855,Z304,Z102,EV_Sedan,2026-02-15 21:18:00,24.8,709.8,1.4,993.72,Completed
BK_002737,CUST_02783,Z302,Z301,EV_Sedan,2026-02-20 14:19:00,20.5,598.0,1.1,657.8,Completed
BK_002738,CUST_02783,Z303,Z101,Prime_Sedan,2026-02-25 09:56:00,22.1,688.8,1.6,1102.08,Completed
BK_002739,CUST_02242,Z202,Z303,EV_Sedan,2026-02-22 23:31:00,9.6,314.6,1.1,346.06,Completed
BK_002740,CUST_02475,Z205,Z203,Auto_Rickshaw,2026-02-12 21:40:00,3.4,101.2,2.1,212.52,Rider_Cancelled
BK_002741,CUST_02327,Z105,Z206,Prime_Sedan,2026-02-18 23:22:00,9.2,327.6,1.0,327.6,Rider_Cancelled
BK_002742,CUST_02379,Z204,Z304,Bike_Taxi,2026-02-19 00:23:00,8.8,130.6,1.1,143.66,Completed
BK_002743,CUST_01041,Z302,Z106,EV_Sedan,2026-02-22 15:49:00,16.2,486.2,1.1,534.82,Completed
BK_002744,CUST_01646,Z301,Z206,EV_Sedan,2026-02-02 06:57:00,26.6,756.6,1.0,756.6,Driver_Cancelled
BK_002745,CUST_01768,Z302,Z301,EV_Sedan,2026-03-04 06:12:00,16.6,496.6,1.0,496.6,Completed
BK_002746,CUST_01918,Z303,Z304,EV_Sedan,2026-03-12 21:00:00,6.1,223.6,1.8,402.48,Completed
BK_002747,CUST_01089,Z303,Z106,Auto_Rickshaw,2026-02-16 20:45:00,11.5,247.0,2.1,518.7,Completed
BK_002748,CUST_01189,Z101,Z305,EV_Sedan,2026-02-04 03:09:00,22.1,639.6,1.0,639.6,Completed
BK_002749,CUST_01720,Z202,Z204,Prime_Sedan,2026-02-05 16:40:00,4.8,204.4,1.2,245.28,Completed
BK_002750,CUST_02077,Z102,Z202,Prime_Sedan,2026-02-04 08:27:00,16.9,543.2,1.2,651.84,ETA_Timeout
BK_002751,CUST_01387,Z202,Z302,Bike_Taxi,2026-03-14 21:15:00,5.0,85.0,1.6,136.0,Completed
BK_002752,CUST_03469,Z206,Z302,Bike_Taxi,2026-03-04 04:42:00,6.5,103.0,1.1,113.3,Completed
BK_002753,CUST_03171,Z304,Z203,Prime_Sedan,2026-02-18 18:25:00,21.2,663.6,1.4,929.04,Completed
BK_002754,CUST_02946,Z105,Z103,Prime_Sedan,2026-02-21 21:49:00,23.7,733.6,2.1,1540.56,Completed
BK_002755,CUST_02251,Z304,Z201,Auto_Rickshaw,2026-03-04 16:43:00,12.8,270.4,1.1,297.44,Completed
BK_002756,CUST_01325,Z106,Z305,Bike_Taxi,2026-03-17 06:47:00,6.8,106.6,1.1,117.26,Completed
BK_002757,CUST_01678,Z206,Z301,Auto_Rickshaw,2026-02-15 12:25:00,5.1,131.8,1.0,131.8,Completed
BK_002758,CUST_01419,Z103,Z106,Bike_Taxi,2026-02-28 08:03:00,23.0,301.0,1.6,481.6,Completed
BK_002759,CUST_02465,Z204,Z101,Bike_Taxi,2026-02-04 20:13:00,12.1,170.2,2.1,357.42,Rider_Cancelled
BK_002760,CUST_01467,Z204,Z305,Bike_Taxi,2026-02-15 00:01:00,14.0,193.0,1.0,193.0,Completed
BK_002761,CUST_01781,Z103,Z303,Prime_Sedan,2026-02-17 14:37:00,23.3,722.4,1.1,794.64,ETA_Timeout
BK_002762,CUST_01028,Z106,Z104,EV_Sedan,2026-03-05 08:45:00,8.0,273.0,2.4,655.2,Completed
BK_002763,CUST_02695,Z106,Z103,Auto_Rickshaw,2026-03-10 21:23:00,26.4,515.2,2.1,1081.92,Completed
BK_002764,CUST_01218,Z106,Z205,EV_Sedan,2026-03-12 04:04:00,9.0,299.0,1.0,299.0,Completed
BK_002765,CUST_01134,Z203,Z205,Auto_Rickshaw,2026-02-03 15:26:00,21.9,434.2,1.0,434.2,Rider_Cancelled
BK_002766,CUST_02665,Z102,Z106,Auto_Rickshaw,2026-02-23 04:23:00,23.3,459.4,1.1,505.34,Completed
BK_002767,CUST_02052,Z304,Z204,Prime_Sedan,2026-02-18 08:43:00,14.8,484.4,1.4,678.16,Completed
BK_002768,CUST_03049,Z301,Z104,Prime_Sedan,2026-03-08 18:21:00,11.3,386.4,2.4,927.36,Completed
BK_002769,CUST_02512,Z305,Z101,EV_Sedan,2026-03-16 08:38:00,20.0,585.0,1.2,702.0,Driver_Cancelled
BK_002770,CUST_01173,Z305,Z106,EV_Sedan,2026-02-19 12:32:00,24.6,704.6,1.1,775.06,Completed
BK_002771,CUST_02068,Z105,Z301,Auto_Rickshaw,2026-02-23 17:14:00,16.3,333.4,2.4,800.16,Completed
BK_002772,CUST_01725,Z301,Z305,EV_Sedan,2026-02-12 17:19:00,3.6,158.6,2.1,333.06,Completed
BK_002773,CUST_02566,Z305,Z103,Bike_Taxi,2026-02-21 05:39:00,13.7,189.4,1.0,189.4,Completed
BK_002774,CUST_01430,Z102,Z205,Auto_Rickshaw,2026-02-12 16:47:00,22.9,452.2,1.0,452.2,Completed
BK_002775,CUST_03200,Z101,Z102,Prime_Sedan,2026-03-14 04:04:00,16.9,543.2,1.1,597.52,Completed
BK_002776,CUST_01188,Z301,Z302,Bike_Taxi,2026-02-23 11:08:00,18.2,243.4,1.4,340.76,Completed
BK_002777,CUST_01649,Z302,Z106,EV_Sedan,2026-03-07 04:05:00,16.4,491.4,1.0,491.4,Completed
BK_002778,CUST_01185,Z205,Z202,EV_Sedan,2026-03-10 00:41:00,18.8,553.8,1.0,553.8,Driver_Cancelled
BK_002779,CUST_01723,Z106,Z205,EV_Sedan,2026-03-07 15:02:00,4.1,171.6,1.1,188.76,Completed
BK_002780,CUST_02653,Z106,Z102,Prime_Sedan,2026-03-06 17:03:00,21.2,663.6,2.4,1592.64,Completed
BK_002781,CUST_02795,Z206,Z103,Bike_Taxi,2026-02-21 01:47:00,28.0,361.0,1.1,397.1,Completed
BK_002782,CUST_02474,Z201,Z301,Prime_Sedan,2026-02-24 14:48:00,26.6,814.8,1.1,896.28,Driver_Cancelled
BK_002783,CUST_02337,Z202,Z206,Bike_Taxi,2026-02-03 08:14:00,12.6,176.2,2.1,370.02,Completed
BK_002784,CUST_03195,Z107,Z204,EV_Sedan,2026-03-13 20:20:00,28.0,793.0,1.2,951.6,Completed
BK_002785,CUST_03309,Z201,Z101,Auto_Rickshaw,2026-03-07 16:15:00,13.7,286.6,1.0,286.6,Completed
BK_002786,CUST_02573,Z202,Z201,EV_Sedan,2026-02-22 15:42:00,9.9,322.4,1.0,322.4,Completed
BK_002787,CUST_03002,Z304,Z101,Bike_Taxi,2026-02-08 12:33:00,9.3,136.6,1.1,150.26,Completed
BK_002788,CUST_03235,Z204,Z304,Auto_Rickshaw,2026-02-16 04:42:00,8.0,184.0,1.0,184.0,Completed
BK_002789,CUST_02821,Z106,Z206,EV_Sedan,2026-02-15 13:46:00,2.8,137.8,1.0,137.8,Completed
BK_002790,CUST_01331,Z103,Z303,Prime_Sedan,2026-02-26 09:52:00,20.0,630.0,2.1,1323.0,ETA_Timeout
BK_002791,CUST_02416,Z101,Z206,Prime_Sedan,2026-02-06 19:20:00,25.3,778.4,1.4,1089.76,Completed
BK_002792,CUST_01171,Z202,Z206,Bike_Taxi,2026-02-04 07:59:00,17.6,236.2,1.0,236.2,Rider_Cancelled
BK_002793,CUST_01631,Z303,Z301,Bike_Taxi,2026-03-05 02:45:00,22.9,299.8,1.2,359.76,Completed
BK_002794,CUST_01618,Z205,Z106,Bike_Taxi,2026-03-11 23:16:00,12.3,172.6,1.0,172.6,Completed
BK_002795,CUST_01841,Z203,Z103,Bike_Taxi,2026-02-07 11:32:00,16.4,221.8,2.4,532.32,Rider_Cancelled
BK_002796,CUST_02595,Z203,Z107,Prime_Sedan,2026-02-20 20:24:00,27.7,845.6,1.6,1352.96,Completed
BK_002797,CUST_02724,Z305,Z104,EV_Sedan,2026-02-18 00:07:00,28.3,800.8,1.0,800.8,Rider_Cancelled
BK_002798,CUST_01442,Z305,Z302,Prime_Sedan,2026-03-01 08:19:00,25.3,778.4,2.1,1634.64,Driver_Cancelled
BK_002799,CUST_01190,Z105,Z201,Prime_Sedan,2026-02-01 14:33:00,23.6,730.8,1.0,730.8,Completed
BK_002800,CUST_02329,Z101,Z106,EV_Sedan,2026-02-23 19:23:00,2.6,132.6,1.2,159.12,Driver_Cancelled
BK_002801,CUST_02784,Z206,Z302,Auto_Rickshaw,2026-02-24 16:37:00,3.5,103.0,1.0,103.0,Completed
BK_002802,CUST_01830,Z301,Z305,Auto_Rickshaw,2026-02-02 13:36:00,27.7,538.6,1.0,538.6,Completed
BK_002803,CUST_01122,Z103,Z107,EV_Sedan,2026-02-14 15:47:00,3.8,163.8,1.1,180.18,Completed
BK_002804,CUST_02654,Z302,Z305,Auto_Rickshaw,2026-03-15 18:43:00,15.6,320.8,2.4,769.92,Driver_Cancelled
BK_002805,CUST_03352,Z206,Z101,Auto_Rickshaw,2026-02-01 21:02:00,24.7,484.6,1.8,872.28,Completed
BK_002806,CUST_03230,Z202,Z301,Auto_Rickshaw,2026-02-15 22:17:00,13.5,283.0,1.2,339.6,Driver_Cancelled
BK_002807,CUST_01550,Z106,Z204,EV_Sedan,2026-02-05 20:10:00,28.3,800.8,2.4,1921.92,Completed
BK_002808,CUST_02059,Z202,Z305,Bike_Taxi,2026-03-18 03:03:00,27.0,349.0,1.1,383.9,Driver_Cancelled
BK_002809,CUST_02011,Z107,Z203,Prime_Sedan,2026-02-20 04:54:00,26.4,809.2,1.0,809.2,Completed
BK_002810,CUST_02731,Z301,Z203,Bike_Taxi,2026-02-03 19:17:00,19.0,253.0,1.6,404.8,Completed
BK_002811,CUST_02370,Z201,Z303,Auto_Rickshaw,2026-02-06 02:46:00,21.6,428.8,1.0,428.8,Driver_Cancelled
BK_002812,CUST_02177,Z103,Z205,EV_Sedan,2026-03-09 01:05:00,16.6,496.6,1.0,496.6,Completed
BK_002813,CUST_02386,Z206,Z105,Auto_Rickshaw,2026-02-13 13:01:00,27.6,536.8,1.1,590.48,Completed
BK_002814,CUST_02957,Z301,Z302,Prime_Sedan,2026-02-07 09:18:00,23.9,739.2,1.2,887.04,Rider_Cancelled
BK_002815,CUST_02643,Z202,Z101,EV_Sedan,2026-03-08 00:27:00,14.0,429.0,1.0,429.0,Completed
BK_002816,CUST_01513,Z204,Z205,Auto_Rickshaw,2026-03-03 11:15:00,9.3,207.4,1.6,331.84,Completed
BK_002817,CUST_02721,Z303,Z202,EV_Sedan,2026-02-03 05:42:00,5.1,197.6,1.1,217.36,ETA_Timeout
BK_002818,CUST_02065,Z104,Z202,Auto_Rickshaw,2026-02-24 18:26:00,21.1,419.8,1.4,587.72,Rider_Cancelled
BK_002819,CUST_01896,Z201,Z105,Bike_Taxi,2026-03-09 19:37:00,6.1,98.2,1.4,137.48,Completed
BK_002820,CUST_02477,Z206,Z205,Auto_Rickshaw,2026-02-23 21:06:00,17.0,346.0,1.6,553.6,Completed
BK_002821,CUST_02498,Z101,Z301,EV_Sedan,2026-02-02 16:21:00,6.4,231.4,1.0,231.4,Completed
BK_002822,CUST_01343,Z101,Z103,Bike_Taxi,2026-02-28 10:24:00,12.7,177.4,1.2,212.88,Driver_Cancelled
BK_002823,CUST_02392,Z203,Z201,Bike_Taxi,2026-02-03 00:19:00,14.8,202.6,1.0,202.6,Completed
BK_002824,CUST_01018,Z204,Z106,Prime_Sedan,2026-03-10 15:07:00,19.8,624.4,1.0,624.4,Completed
BK_002825,CUST_02687,Z206,Z205,Bike_Taxi,2026-03-10 14:42:00,3.7,69.4,1.1,76.34,Completed
BK_002826,CUST_02036,Z101,Z106,Auto_Rickshaw,2026-02-17 12:35:00,13.1,275.8,1.0,275.8,Completed
BK_002827,CUST_02696,Z204,Z105,Bike_Taxi,2026-03-15 00:16:00,4.1,74.2,1.1,81.62,Completed
BK_002828,CUST_03083,Z205,Z206,EV_Sedan,2026-02-09 23:59:00,11.4,361.4,1.2,433.68,Completed
BK_002829,CUST_02324,Z106,Z305,Auto_Rickshaw,2026-03-06 19:49:00,3.8,108.4,1.4,151.76,Driver_Cancelled
BK_002830,CUST_01947,Z101,Z202,EV_Sedan,2026-03-01 19:02:00,14.4,439.4,1.4,615.16,Completed
BK_002831,CUST_03044,Z203,Z102,Auto_Rickshaw,2026-02-14 16:08:00,5.9,146.2,1.1,160.82,Completed
BK_002832,CUST_02212,Z104,Z101,Prime_Sedan,2026-02-19 21:54:00,3.1,156.8,1.8,282.24,Completed
BK_002833,CUST_02064,Z105,Z104,Auto_Rickshaw,2026-02-07 02:32:00,13.5,283.0,1.2,339.6,Completed
BK_002834,CUST_02490,Z303,Z103,EV_Sedan,2026-02-17 17:01:00,8.4,283.4,2.1,595.14,Driver_Cancelled
BK_002835,CUST_02435,Z104,Z106,Prime_Sedan,2026-03-08 07:40:00,7.8,288.4,1.0,288.4,Completed
BK_002836,CUST_01292,Z201,Z205,Auto_Rickshaw,2026-03-01 00:39:00,10.9,236.2,1.0,236.2,Completed
BK_002837,CUST_01640,Z304,Z106,EV_Sedan,2026-02-04 14:05:00,7.2,252.2,1.0,252.2,Completed
BK_002838,CUST_02903,Z302,Z102,EV_Sedan,2026-02-23 10:34:00,24.7,707.2,1.2,848.64,Completed
BK_002839,CUST_01760,Z302,Z206,Auto_Rickshaw,2026-02-09 09:50:00,5.9,146.2,1.6,233.92,Completed
BK_002840,CUST_02972,Z304,Z201,EV_Sedan,2026-02-21 07:36:00,15.4,465.4,1.2,558.48,Completed
BK_002841,CUST_03127,Z203,Z206,Bike_Taxi,2026-02-13 20:40:00,25.0,325.0,1.6,520.0,Driver_Cancelled
BK_002842,CUST_02485,Z302,Z105,Auto_Rickshaw,2026-02-25 05:57:00,23.5,463.0,1.0,463.0,Completed
BK_002843,CUST_01680,Z303,Z203,Auto_Rickshaw,2026-02-21 13:30:00,27.4,533.2,1.2,639.84,Completed
BK_002844,CUST_01292,Z107,Z204,Auto_Rickshaw,2026-03-10 10:41:00,25.8,504.4,1.8,907.92,Rider_Cancelled
BK_002845,CUST_02904,Z206,Z205,Prime_Sedan,2026-03-01 22:37:00,5.4,221.2,1.0,221.2,Completed
BK_002846,CUST_03138,Z302,Z102,EV_Sedan,2026-03-08 05:21:00,5.6,210.6,1.0,210.6,Completed
BK_002847,CUST_01012,Z204,Z107,Auto_Rickshaw,2026-03-13 14:58:00,28.1,545.8,1.1,600.38,Completed
BK_002848,CUST_02176,Z206,Z106,EV_Sedan,2026-02-09 09:30:00,20.1,587.6,1.8,1057.68,Completed
BK_002849,CUST_03208,Z303,Z105,Auto_Rickshaw,2026-03-12 08:31:00,14.1,293.8,2.4,705.12,Completed
BK_002850,CUST_03432,Z206,Z202,Auto_Rickshaw,2026-02-15 14:41:00,7.1,167.8,1.2,201.36,Completed
BK_002851,CUST_02830,Z103,Z206,Bike_Taxi,2026-02-21 18:01:00,16.2,219.4,1.4,307.16,Completed
BK_002852,CUST_01126,Z107,Z103,Auto_Rickshaw,2026-03-02 23:16:00,14.3,297.4,1.2,356.88,ETA_Timeout
BK_002853,CUST_02954,Z205,Z104,Prime_Sedan,2026-02-13 17:09:00,13.3,442.4,1.6,707.84,Rider_Cancelled
BK_002854,CUST_02649,Z302,Z206,Bike_Taxi,2026-03-09 11:39:00,21.2,279.4,1.2,335.28,Completed
BK_002855,CUST_02402,Z302,Z206,Auto_Rickshaw,2026-03-04 20:27:00,12.1,257.8,1.6,412.48,Driver_Cancelled
BK_002856,CUST_02876,Z107,Z105,Prime_Sedan,2026-02-28 00:11:00,27.8,848.4,1.1,933.24,Completed
BK_002857,CUST_01989,Z201,Z102,Prime_Sedan,2026-03-01 02:25:00,22.3,694.4,1.0,694.4,Completed
BK_002858,CUST_01903,Z302,Z201,EV_Sedan,2026-03-11 07:31:00,7.8,267.8,1.0,267.8,Driver_Cancelled
BK_002859,CUST_03225,Z101,Z304,Auto_Rickshaw,2026-03-05 12:47:00,19.0,382.0,1.2,458.4,Driver_Cancelled
BK_002860,CUST_01830,Z102,Z301,EV_Sedan,2026-02-06 07:42:00,15.0,455.0,1.0,455.0,Driver_Cancelled
BK_002861,CUST_02631,Z104,Z301,Auto_Rickshaw,2026-02-28 17:37:00,13.8,288.4,1.2,346.08,Driver_Cancelled
BK_002862,CUST_03361,Z102,Z203,Auto_Rickshaw,2026-02-06 15:20:00,19.6,392.8,1.0,392.8,Completed
BK_002863,CUST_02816,Z102,Z301,Auto_Rickshaw,2026-03-03 21:12:00,9.5,211.0,1.2,253.2,Completed
BK_002864,CUST_03217,Z304,Z203,Prime_Sedan,2026-03-05 15:51:00,24.6,758.8,1.1,834.68,Completed
BK_002865,CUST_03204,Z301,Z106,EV_Sedan,2026-02-21 14:14:00,7.4,257.4,1.0,257.4,Completed
BK_002866,CUST_03000,Z204,Z206,Auto_Rickshaw,2026-02-01 23:25:00,24.7,484.6,1.0,484.6,Driver_Cancelled
BK_002867,CUST_02853,Z105,Z103,EV_Sedan,2026-02-04 05:41:00,14.1,431.6,1.0,431.6,Completed
BK_002868,CUST_02264,Z104,Z202,Prime_Sedan,2026-02-21 16:50:00,23.1,716.8,1.0,716.8,Completed
BK_002869,CUST_01966,Z303,Z103,Prime_Sedan,2026-03-09 11:46:00,25.4,781.2,1.4,1093.68,Driver_Cancelled
BK_002870,CUST_01436,Z304,Z103,EV_Sedan,2026-03-05 12:35:00,23.5,676.0,1.0,676.0,Driver_Cancelled
BK_002871,CUST_02803,Z102,Z204,Auto_Rickshaw,2026-02-20 22:05:00,18.1,365.8,1.0,365.8,Completed
BK_002872,CUST_01638,Z303,Z103,Prime_Sedan,2026-03-12 15:13:00,13.8,456.4,1.0,456.4,Driver_Cancelled
BK_002873,CUST_03051,Z301,Z102,EV_Sedan,2026-03-02 09:35:00,25.7,733.2,1.8,1319.76,Rider_Cancelled
BK_002874,CUST_02757,Z301,Z206,Bike_Taxi,2026-02-05 14:52:00,22.2,291.4,1.0,291.4,Completed
BK_002875,CUST_02403,Z304,Z205,Auto_Rickshaw,2026-02-26 11:31:00,28.5,553.0,1.4,774.2,Completed
BK_002876,CUST_01028,Z102,Z202,Bike_Taxi,2026-02-03 22:08:00,12.0,169.0,1.0,169.0,Completed
BK_002877,CUST_02271,Z203,Z303,Prime_Sedan,2026-02-20 08:02:00,18.4,585.2,1.6,936.32,Completed
BK_002878,CUST_01339,Z101,Z106,EV_Sedan,2026-03-12 10:18:00,8.0,273.0,1.8,491.4,Rider_Cancelled
BK_002879,CUST_02815,Z303,Z304,Prime_Sedan,2026-02-03 17:55:00,17.5,560.0,2.1,1176.0,Rider_Cancelled
BK_002880,CUST_03074,Z106,Z202,EV_Sedan,2026-03-01 07:55:00,9.4,309.4,1.0,309.4,Completed
BK_002881,CUST_02389,Z303,Z206,Prime_Sedan,2026-02-28 15:34:00,20.0,630.0,1.0,630.0,Completed
BK_002882,CUST_01644,Z107,Z304,EV_Sedan,2026-02-17 16:58:00,22.2,642.2,1.0,642.2,Completed
BK_002883,CUST_01603,Z202,Z201,Bike_Taxi,2026-02-12 16:17:00,21.7,285.4,1.0,285.4,Completed
BK_002884,CUST_01809,Z201,Z206,Prime_Sedan,2026-02-02 02:45:00,20.9,655.2,1.0,655.2,Driver_Cancelled
BK_002885,CUST_03144,Z102,Z204,Prime_Sedan,2026-03-08 20:04:00,18.4,585.2,2.1,1228.92,Completed
BK_002886,CUST_01737,Z107,Z303,Auto_Rickshaw,2026-02-02 07:26:00,18.9,380.2,1.1,418.22,Completed
BK_002887,CUST_01557,Z301,Z105,Bike_Taxi,2026-03-07 15:27:00,27.8,358.6,1.0,358.6,ETA_Timeout
BK_002888,CUST_02529,Z101,Z104,Prime_Sedan,2026-02-05 02:08:00,24.6,758.8,1.0,758.8,Completed
BK_002889,CUST_02818,Z303,Z204,EV_Sedan,2026-03-07 16:58:00,20.6,600.6,1.1,660.66,Completed
BK_002890,CUST_02364,Z201,Z305,Prime_Sedan,2026-02-09 15:19:00,23.3,722.4,1.2,866.88,Completed
BK_002891,CUST_01800,Z303,Z206,EV_Sedan,2026-02-13 12:43:00,5.5,208.0,1.0,208.0,Completed
BK_002892,CUST_02671,Z202,Z203,Bike_Taxi,2026-03-09 15:47:00,5.7,93.4,1.0,93.4,Completed
BK_002893,CUST_03479,Z202,Z205,Auto_Rickshaw,2026-02-04 15:05:00,19.6,392.8,1.0,392.8,Completed
BK_002894,CUST_01061,Z203,Z106,Prime_Sedan,2026-02-23 07:28:00,20.7,649.6,1.2,779.52,Driver_Cancelled
BK_002895,CUST_02006,Z301,Z107,Bike_Taxi,2026-03-02 02:28:00,12.3,172.6,1.0,172.6,Completed
BK_002896,CUST_01575,Z107,Z205,EV_Sedan,2026-02-08 21:37:00,20.1,587.6,2.1,1233.96,Rider_Cancelled
BK_002897,CUST_03152,Z103,Z104,Auto_Rickshaw,2026-03-13 11:59:00,5.1,131.8,1.2,158.16,Completed
BK_002898,CUST_03080,Z204,Z305,Auto_Rickshaw,2026-02-14 06:36:00,7.9,182.2,1.0,182.2,Driver_Cancelled
BK_002899,CUST_01813,Z106,Z302,EV_Sedan,2026-03-12 08:07:00,28.3,800.8,2.4,1921.92,Rider_Cancelled
BK_002900,CUST_01917,Z103,Z104,EV_Sedan,2026-03-04 09:03:00,23.3,670.8,2.1,1408.68,Completed
BK_002901,CUST_02540,Z304,Z202,EV_Sedan,2026-02-09 06:52:00,17.0,507.0,1.0,507.0,Rider_Cancelled
BK_002902,CUST_02936,Z202,Z303,EV_Sedan,2026-02-08 19:27:00,21.0,611.0,2.1,1283.1,Driver_Cancelled
BK_002903,CUST_01504,Z106,Z301,Auto_Rickshaw,2026-02-17 11:43:00,10.5,229.0,2.1,480.9,Completed
BK_002904,CUST_02264,Z106,Z202,Auto_Rickshaw,2026-03-12 18:48:00,24.8,486.4,1.4,680.96,Completed
BK_002905,CUST_01100,Z202,Z104,EV_Sedan,2026-02-18 14:12:00,25.0,715.0,1.0,715.0,Completed
BK_002906,CUST_01077,Z103,Z303,Auto_Rickshaw,2026-02-28 15:30:00,4.2,115.6,1.0,115.6,Completed
BK_002907,CUST_01724,Z101,Z104,Prime_Sedan,2026-03-11 03:20:00,2.6,142.8,1.2,171.36,Driver_Cancelled
BK_002908,CUST_02588,Z103,Z202,Auto_Rickshaw,2026-03-10 09:14:00,26.8,522.4,1.8,940.32,Completed
BK_002909,CUST_02778,Z107,Z206,Auto_Rickshaw,2026-02-11 15:47:00,11.9,254.2,1.0,254.2,Completed
BK_002910,CUST_02548,Z104,Z304,EV_Sedan,2026-02-12 08:47:00,19.8,579.8,1.2,695.76,Driver_Cancelled
BK_002911,CUST_01848,Z201,Z105,Bike_Taxi,2026-02-02 14:01:00,14.0,193.0,1.2,231.6,Completed
BK_002912,CUST_01826,Z204,Z302,Auto_Rickshaw,2026-02-20 03:09:00,8.6,194.8,1.0,194.8,Completed
BK_002913,CUST_03479,Z104,Z205,Auto_Rickshaw,2026-03-13 00:11:00,20.8,414.4,1.2,497.28,Completed
BK_002914,CUST_02764,Z304,Z201,Prime_Sedan,2026-03-02 18:12:00,12.7,425.6,1.2,510.72,Completed
BK_002915,CUST_03093,Z203,Z301,Auto_Rickshaw,2026-03-12 09:43:00,19.2,385.6,2.4,925.44,Completed
BK_002916,CUST_02538,Z205,Z104,EV_Sedan,2026-02-28 13:24:00,13.1,405.6,1.2,486.72,Completed
BK_002917,CUST_02597,Z302,Z304,Bike_Taxi,2026-03-02 02:29:00,9.8,142.6,1.0,142.6,Completed
BK_002918,CUST_01804,Z301,Z205,EV_Sedan,2026-02-20 14:11:00,22.9,660.4,1.2,792.48,Completed
BK_002919,CUST_01932,Z206,Z204,EV_Sedan,2026-02-11 14:28:00,12.3,384.8,1.0,384.8,Completed
BK_002920,CUST_02211,Z204,Z107,Auto_Rickshaw,2026-02-04 04:22:00,17.6,356.8,1.0,356.8,Completed
BK_002921,CUST_02250,Z303,Z107,Bike_Taxi,2026-03-17 13:44:00,26.2,339.4,1.0,339.4,Completed
BK_002922,CUST_03317,Z304,Z106,EV_Sedan,2026-02-13 03:09:00,19.3,566.8,1.0,566.8,Completed
BK_002923,CUST_01461,Z303,Z102,EV_Sedan,2026-03-08 22:43:00,6.9,244.4,1.1,268.84,Completed
BK_002924,CUST_02844,Z301,Z106,Prime_Sedan,2026-02-09 17:56:00,26.1,800.8,2.1,1681.68,Completed
BK_002925,CUST_01149,Z205,Z202,Prime_Sedan,2026-02-26 11:37:00,14.1,464.8,1.4,650.72,Completed
BK_002926,CUST_03397,Z301,Z205,Prime_Sedan,2026-02-21 00:07:00,23.6,730.8,1.0,730.8,Driver_Cancelled
BK_002927,CUST_02583,Z202,Z302,Auto_Rickshaw,2026-03-11 07:55:00,9.3,207.4,1.1,228.14,Completed
BK_002928,CUST_02253,Z201,Z105,Auto_Rickshaw,2026-02-17 11:02:00,25.4,497.2,1.8,894.96,Completed
BK_002929,CUST_02028,Z201,Z305,Auto_Rickshaw,2026-03-04 00:34:00,20.3,405.4,1.0,405.4,Completed
BK_002930,CUST_03199,Z104,Z305,Auto_Rickshaw,2026-02-02 20:34:00,16.3,333.4,1.6,533.44,Completed
BK_002931,CUST_03218,Z201,Z102,Auto_Rickshaw,2026-02-11 13:56:00,3.0,94.0,1.2,112.8,Completed
BK_002932,CUST_01072,Z204,Z101,Prime_Sedan,2026-03-11 16:31:00,17.5,560.0,1.1,616.0,Completed
BK_002933,CUST_01101,Z301,Z104,EV_Sedan,2026-03-13 17:42:00,15.8,475.8,1.6,761.28,Driver_Cancelled
BK_002934,CUST_03263,Z203,Z201,EV_Sedan,2026-02-06 13:11:00,13.2,408.2,1.0,408.2,Completed
BK_002935,CUST_01673,Z303,Z107,Auto_Rickshaw,2026-02-08 20:50:00,15.2,313.6,1.6,501.76,Completed
BK_002936,CUST_02088,Z103,Z202,Bike_Taxi,2026-02-15 06:37:00,25.7,333.4,1.0,333.4,Completed
BK_002937,CUST_02768,Z102,Z206,Bike_Taxi,2026-03-10 03:07:00,14.7,201.4,1.0,201.4,Completed
BK_002938,CUST_02895,Z201,Z102,Prime_Sedan,2026-02-04 07:35:00,16.2,523.6,1.0,523.6,Completed
BK_002939,CUST_02696,Z104,Z103,Auto_Rickshaw,2026-02-06 04:40:00,12.4,263.2,1.0,263.2,Rider_Cancelled
BK_002940,CUST_01840,Z202,Z303,Prime_Sedan,2026-02-25 18:22:00,21.6,674.8,1.8,1214.64,Completed
BK_002941,CUST_01795,Z103,Z105,EV_Sedan,2026-03-08 16:15:00,16.4,491.4,1.1,540.54,Completed
BK_002942,CUST_01916,Z305,Z107,Auto_Rickshaw,2026-02-03 07:31:00,16.7,340.6,1.0,340.6,Completed
BK_002943,CUST_02084,Z103,Z305,Auto_Rickshaw,2026-03-04 08:52:00,22.0,436.0,2.1,915.6,Driver_Cancelled
BK_002944,CUST_02648,Z106,Z305,EV_Sedan,2026-03-08 19:52:00,4.2,174.2,1.4,243.88,Completed
BK_002945,CUST_01321,Z202,Z107,Bike_Taxi,2026-03-04 15:10:00,7.4,113.8,1.0,113.8,Rider_Cancelled
BK_002946,CUST_03131,Z101,Z204,Prime_Sedan,2026-02-16 16:40:00,2.6,142.8,1.0,142.8,Rider_Cancelled
BK_002947,CUST_03326,Z104,Z103,Prime_Sedan,2026-02-19 12:55:00,13.2,439.6,1.0,439.6,Completed
BK_002948,CUST_02946,Z105,Z107,Bike_Taxi,2026-03-02 04:17:00,17.0,229.0,1.1,251.9,Completed
BK_002949,CUST_01362,Z107,Z301,Auto_Rickshaw,2026-02-23 09:35:00,3.8,108.4,1.2,130.08,Completed
BK_002950,CUST_03093,Z303,Z203,Auto_Rickshaw,2026-02-28 11:00:00,6.7,160.6,1.2,192.72,Rider_Cancelled
BK_002951,CUST_01016,Z204,Z101,EV_Sedan,2026-02-12 13:04:00,13.4,413.4,1.2,496.08,Completed
BK_002952,CUST_03324,Z201,Z102,Prime_Sedan,2026-03-08 14:47:00,27.6,842.8,1.2,1011.36,Driver_Cancelled
BK_002953,CUST_03118,Z104,Z203,Bike_Taxi,2026-02-20 14:58:00,9.0,133.0,1.2,159.6,Completed
BK_002954,CUST_01686,Z203,Z305,Bike_Taxi,2026-02-20 02:33:00,11.4,161.8,1.0,161.8,Driver_Cancelled
BK_002955,CUST_01213,Z206,Z304,Bike_Taxi,2026-02-26 09:31:00,20.2,267.4,1.2,320.88,Completed
BK_002956,CUST_02046,Z203,Z303,Auto_Rickshaw,2026-02-06 00:53:00,28.2,547.6,1.0,547.6,Completed
BK_002957,CUST_03231,Z305,Z301,Prime_Sedan,2026-03-05 05:27:00,26.6,814.8,1.0,814.8,Driver_Cancelled
BK_002958,CUST_02881,Z301,Z101,Prime_Sedan,2026-03-05 06:24:00,18.4,585.2,1.1,643.72,Completed
BK_002959,CUST_02474,Z303,Z203,Auto_Rickshaw,2026-02-04 15:19:00,19.3,387.4,1.1,426.14,Rider_Cancelled
BK_002960,CUST_01999,Z201,Z304,EV_Sedan,2026-03-06 23:44:00,22.8,657.8,1.0,657.8,Rider_Cancelled
BK_002961,CUST_01907,Z204,Z304,EV_Sedan,2026-02-21 20:40:00,25.6,730.6,1.8,1315.08,Completed
BK_002962,CUST_02802,Z203,Z204,Prime_Sedan,2026-02-25 21:16:00,7.4,277.2,2.1,582.12,Completed
BK_002963,CUST_03034,Z102,Z106,Auto_Rickshaw,2026-02-06 17:39:00,18.6,374.8,1.8,674.64,Driver_Cancelled
BK_002964,CUST_01445,Z101,Z202,Prime_Sedan,2026-02-21 04:35:00,22.4,697.2,1.1,766.92,Completed
BK_002965,CUST_03011,Z202,Z103,Bike_Taxi,2026-03-01 16:48:00,18.4,245.8,1.0,245.8,Driver_Cancelled
BK_002966,CUST_02538,Z204,Z205,Auto_Rickshaw,2026-03-12 07:48:00,16.1,329.8,1.0,329.8,Driver_Cancelled
BK_002967,CUST_03432,Z302,Z101,EV_Sedan,2026-03-12 16:35:00,7.9,270.4,1.1,297.44,Driver_Cancelled
BK_002968,CUST_01524,Z203,Z102,Auto_Rickshaw,2026-02-08 19:49:00,23.2,457.6,2.4,1098.24,Completed
BK_002969,CUST_02309,Z303,Z203,Bike_Taxi,2026-02-24 23:32:00,19.0,253.0,1.1,278.3,Completed
BK_002970,CUST_01243,Z204,Z205,Bike_Taxi,2026-02-23 01:01:00,5.5,91.0,1.0,91.0,Completed
BK_002971,CUST_02405,Z107,Z103,EV_Sedan,2026-02-21 07:08:00,3.0,143.0,1.1,157.3,Completed
BK_002972,CUST_02202,Z107,Z202,Auto_Rickshaw,2026-03-07 19:11:00,25.0,490.0,2.4,1176.0,ETA_Timeout
BK_002973,CUST_02345,Z302,Z204,Prime_Sedan,2026-03-11 19:06:00,12.7,425.6,1.6,680.96,Completed
BK_002974,CUST_02271,Z301,Z206,Bike_Taxi,2026-02-18 09:57:00,16.7,225.4,2.4,540.96,Driver_Cancelled
BK_002975,CUST_02910,Z204,Z305,Auto_Rickshaw,2026-02-26 13:16:00,5.3,135.4,1.0,135.4,Completed
BK_002976,CUST_02599,Z104,Z202,EV_Sedan,2026-03-12 16:32:00,25.0,715.0,1.1,786.5,Completed
BK_002977,CUST_01669,Z103,Z201,Auto_Rickshaw,2026-02-13 18:01:00,11.1,239.8,2.4,575.52,Completed
BK_002978,CUST_01538,Z201,Z102,Auto_Rickshaw,2026-02-18 14:47:00,11.6,248.8,1.0,248.8,Driver_Cancelled
BK_002979,CUST_01302,Z205,Z104,Bike_Taxi,2026-03-17 03:56:00,5.1,86.2,1.0,86.2,Completed
BK_002980,CUST_01527,Z105,Z203,Auto_Rickshaw,2026-03-12 20:34:00,15.0,310.0,2.1,651.0,Completed
BK_002981,CUST_01124,Z203,Z205,Prime_Sedan,2026-02-13 06:19:00,16.5,532.0,1.0,532.0,Completed
BK_002982,CUST_02654,Z202,Z104,Auto_Rickshaw,2026-02-11 23:16:00,15.2,313.6,1.1,344.96,Driver_Cancelled
BK_002983,CUST_03476,Z206,Z101,Bike_Taxi,2026-02-24 21:16:00,8.5,127.0,1.8,228.6,Rider_Cancelled
BK_002984,CUST_03209,Z201,Z205,Prime_Sedan,2026-02-27 19:58:00,18.4,585.2,1.2,702.24,Completed
BK_002985,CUST_02408,Z105,Z304,EV_Sedan,2026-02-26 18:27:00,4.1,171.6,1.8,308.88,Completed
BK_002986,CUST_02007,Z104,Z203,Auto_Rickshaw,2026-02-18 15:03:00,14.2,295.6,1.0,295.6,Completed
BK_002987,CUST_01077,Z305,Z205,Prime_Sedan,2026-02-25 14:17:00,14.4,473.2,1.1,520.52,Rider_Cancelled
BK_002988,CUST_01121,Z104,Z201,EV_Sedan,2026-02-27 10:50:00,24.3,696.8,2.4,1672.32,Completed
BK_002989,CUST_02248,Z206,Z201,Auto_Rickshaw,2026-02-05 10:28:00,4.2,115.6,1.8,208.08,Completed
BK_002990,CUST_01928,Z305,Z206,Prime_Sedan,2026-02-10 16:47:00,8.8,316.4,1.2,379.68,Rider_Cancelled
BK_002991,CUST_01532,Z203,Z305,Auto_Rickshaw,2026-02-20 10:15:00,18.4,371.2,1.6,593.92,Completed
BK_002992,CUST_02217,Z202,Z201,Bike_Taxi,2026-03-10 10:31:00,10.0,145.0,1.6,232.0,Completed
BK_002993,CUST_03176,Z201,Z203,Prime_Sedan,2026-03-15 00:34:00,16.3,526.4,1.2,631.68,Rider_Cancelled
BK_002994,CUST_02456,Z201,Z301,Auto_Rickshaw,2026-02-15 20:59:00,19.0,382.0,1.2,458.4,Completed
BK_002995,CUST_01771,Z103,Z205,Auto_Rickshaw,2026-02-07 07:18:00,27.2,529.6,1.0,529.6,Rider_Cancelled
BK_002996,CUST_02869,Z204,Z305,Bike_Taxi,2026-03-04 15:07:00,14.5,199.0,1.0,199.0,Completed
BK_002997,CUST_01990,Z201,Z202,Bike_Taxi,2026-03-10 23:27:00,26.9,347.8,1.0,347.8,Completed
BK_002998,CUST_01344,Z301,Z106,Auto_Rickshaw,2026-03-13 11:49:00,3.9,110.2,2.1,231.42,Completed
BK_002999,CUST_02007,Z106,Z302,Bike_Taxi,2026-02-18 00:36:00,9.1,134.2,1.0,134.2,ETA_Timeout
BK_003000,CUST_02514,Z205,Z203,EV_Sedan,2026-02-20 19:06:00,5.8,215.8,2.4,517.92,Driver_Cancelled
BK_003001,CUST_03219,Z202,Z302,Bike_Taxi,2026-02-21 22:56:00,9.3,136.6,1.0,136.6,Completed
BK_003002,CUST_02230,Z107,Z205,Prime_Sedan,2026-03-17 22:41:00,25.3,778.4,1.0,778.4,Completed
BK_003003,CUST_01010,Z303,Z305,Auto_Rickshaw,2026-02-05 02:28:00,9.9,218.2,1.0,218.2,Completed
BK_003004,CUST_01362,Z304,Z204,Auto_Rickshaw,2026-02-02 02:09:00,19.9,398.2,1.0,398.2,Completed
BK_003005,CUST_02645,Z101,Z302,Bike_Taxi,2026-02-06 04:40:00,22.6,296.2,1.0,296.2,Completed
BK_003006,CUST_02268,Z201,Z203,Auto_Rickshaw,2026-02-13 14:30:00,20.4,407.2,1.0,407.2,Completed
BK_003007,CUST_01196,Z303,Z304,Prime_Sedan,2026-02-12 07:21:00,20.3,638.4,1.0,638.4,Completed
BK_003008,CUST_02591,Z105,Z101,Auto_Rickshaw,2026-03-13 22:03:00,22.5,445.0,1.0,445.0,Completed
BK_003009,CUST_02522,Z206,Z205,Auto_Rickshaw,2026-03-06 14:53:00,24.2,475.6,1.1,523.16,Driver_Cancelled
BK_003010,CUST_03378,Z203,Z107,EV_Sedan,2026-02-04 12:15:00,4.6,184.6,1.0,184.6,Completed
BK_003011,CUST_03318,Z204,Z304,EV_Sedan,2026-02-09 10:43:00,8.8,293.8,2.4,705.12,Completed
BK_003012,CUST_02656,Z101,Z303,Prime_Sedan,2026-03-07 13:13:00,25.1,772.8,1.0,772.8,Completed
BK_003013,CUST_01408,Z305,Z304,Prime_Sedan,2026-02-21 14:31:00,23.9,739.2,1.0,739.2,Completed
BK_003014,CUST_01187,Z202,Z301,Bike_Taxi,2026-03-09 08:19:00,25.6,332.2,2.1,697.62,ETA_Timeout
BK_003015,CUST_01853,Z101,Z301,Auto_Rickshaw,2026-03-10 20:05:00,15.0,310.0,1.6,496.0,Completed
BK_003016,CUST_02957,Z201,Z104,Bike_Taxi,2026-02-27 09:07:00,26.1,338.2,1.8,608.76,Driver_Cancelled
BK_003017,CUST_01277,Z106,Z102,Prime_Sedan,2026-03-07 17:09:00,15.2,495.6,1.4,693.84,Completed
BK_003018,CUST_02607,Z301,Z302,Bike_Taxi,2026-02-13 17:55:00,28.3,364.6,1.8,656.28,Completed
BK_003019,CUST_03228,Z201,Z104,Bike_Taxi,2026-03-16 15:41:00,19.4,257.8,1.0,257.8,Completed
BK_003020,CUST_01244,Z303,Z203,Auto_Rickshaw,2026-02-04 09:52:00,25.3,495.4,2.4,1188.96,Driver_Cancelled
BK_003021,CUST_01155,Z305,Z206,EV_Sedan,2026-02-02 08:26:00,17.0,507.0,1.6,811.2,Completed
BK_003022,CUST_02151,Z303,Z104,Bike_Taxi,2026-02-02 23:39:00,23.1,302.2,1.1,332.42,Completed
BK_003023,CUST_01297,Z202,Z104,Bike_Taxi,2026-02-25 23:31:00,4.1,74.2,1.0,74.2,Completed
BK_003024,CUST_01429,Z104,Z303,Prime_Sedan,2026-02-04 00:34:00,9.6,338.8,1.0,338.8,Completed
BK_003025,CUST_01923,Z201,Z301,EV_Sedan,2026-03-01 20:24:00,19.0,559.0,1.8,1006.2,Driver_Cancelled
BK_003026,CUST_03471,Z103,Z101,Prime_Sedan,2026-03-10 11:50:00,21.8,680.4,2.1,1428.84,Rider_Cancelled
BK_003027,CUST_02648,Z204,Z106,EV_Sedan,2026-02-11 03:15:00,10.0,325.0,1.0,325.0,Driver_Cancelled
BK_003028,CUST_01869,Z101,Z203,Auto_Rickshaw,2026-03-01 02:19:00,3.2,97.6,1.2,117.12,Completed
BK_003029,CUST_02423,Z107,Z302,EV_Sedan,2026-03-09 21:12:00,27.2,772.2,1.6,1235.52,Completed
BK_003030,CUST_01216,Z107,Z206,EV_Sedan,2026-02-24 07:43:00,14.8,449.8,1.0,449.8,Rider_Cancelled
BK_003031,CUST_02017,Z101,Z103,EV_Sedan,2026-03-08 20:59:00,16.9,504.4,2.4,1210.56,ETA_Timeout
BK_003032,CUST_01054,Z305,Z304,Auto_Rickshaw,2026-03-05 17:18:00,5.3,135.4,1.8,243.72,Driver_Cancelled
BK_003033,CUST_02248,Z201,Z102,Auto_Rickshaw,2026-02-19 08:30:00,26.5,517.0,1.6,827.2,Completed
BK_003034,CUST_02860,Z301,Z302,Prime_Sedan,2026-03-17 14:03:00,5.8,232.4,1.0,232.4,Completed
BK_003035,CUST_02618,Z305,Z301,EV_Sedan,2026-02-25 04:30:00,13.4,413.4,1.1,454.74,Completed
BK_003036,CUST_03250,Z204,Z107,EV_Sedan,2026-03-02 04:27:00,27.9,790.4,1.1,869.44,Completed
BK_003037,CUST_02976,Z201,Z206,Bike_Taxi,2026-02-05 06:35:00,3.4,65.8,1.1,72.38,Completed
BK_003038,CUST_01254,Z302,Z103,Prime_Sedan,2026-02-17 05:32:00,21.4,669.2,1.0,669.2,Completed
BK_003039,CUST_01309,Z103,Z206,EV_Sedan,2026-03-02 07:33:00,20.4,595.4,1.2,714.48,Completed
BK_003040,CUST_02780,Z106,Z305,EV_Sedan,2026-02-05 05:07:00,12.8,397.8,1.0,397.8,Completed
BK_003041,CUST_02078,Z107,Z203,Prime_Sedan,2026-03-10 08:56:00,13.1,436.8,2.1,917.28,Completed
BK_003042,CUST_02165,Z303,Z105,Bike_Taxi,2026-02-14 15:59:00,20.8,274.6,1.0,274.6,Completed
BK_003043,CUST_03048,Z203,Z105,EV_Sedan,2026-02-28 16:18:00,12.7,395.2,1.0,395.2,Completed
BK_003044,CUST_01427,Z301,Z106,Bike_Taxi,2026-02-26 17:50:00,17.0,229.0,2.4,549.6,Completed
BK_003045,CUST_02383,Z304,Z104,EV_Sedan,2026-02-07 04:41:00,12.7,395.2,1.2,474.24,Completed
BK_003046,CUST_02916,Z301,Z204,EV_Sedan,2026-03-05 18:59:00,10.4,335.4,1.4,469.56,Driver_Cancelled
BK_003047,CUST_02357,Z104,Z302,Bike_Taxi,2026-02-28 05:24:00,14.9,203.8,1.0,203.8,Completed
BK_003048,CUST_01120,Z204,Z101,Bike_Taxi,2026-03-01 17:20:00,23.4,305.8,1.2,366.96,Completed
BK_003049,CUST_01472,Z201,Z202,EV_Sedan,2026-02-06 15:55:00,13.8,423.8,1.0,423.8,Completed
BK_003050,CUST_02050,Z205,Z105,Prime_Sedan,2026-02-14 07:24:00,12.6,422.8,1.2,507.36,Completed
BK_003051,CUST_02276,Z301,Z104,EV_Sedan,2026-03-09 23:54:00,5.2,200.2,1.0,200.2,Driver_Cancelled
BK_003052,CUST_01409,Z203,Z303,Auto_Rickshaw,2026-03-12 14:07:00,18.9,380.2,1.0,380.2,Driver_Cancelled
BK_003053,CUST_03130,Z202,Z204,EV_Sedan,2026-02-26 17:43:00,20.0,585.0,2.4,1404.0,Completed
BK_003054,CUST_03056,Z204,Z107,EV_Sedan,2026-03-10 21:56:00,24.2,694.2,2.1,1457.82,Completed
BK_003055,CUST_01788,Z101,Z107,Bike_Taxi,2026-02-08 19:56:00,24.9,323.8,2.1,679.98,Completed
BK_003056,CUST_02903,Z301,Z202,EV_Sedan,2026-02-15 21:39:00,19.1,561.6,1.4,786.24,Completed
BK_003057,CUST_02696,Z102,Z101,Auto_Rickshaw,2026-02-26 11:34:00,17.6,356.8,1.2,428.16,Completed
BK_003058,CUST_02361,Z107,Z303,Prime_Sedan,2026-02-25 17:43:00,25.0,770.0,1.4,1078.0,Completed
BK_003059,CUST_01042,Z302,Z103,EV_Sedan,2026-02-04 01:04:00,25.9,738.4,1.2,886.08,Completed
BK_003060,CUST_01686,Z104,Z206,Bike_Taxi,2026-02-13 11:56:00,24.6,320.2,1.2,384.24,Completed
BK_003061,CUST_01550,Z106,Z204,EV_Sedan,2026-03-11 21:12:00,8.1,275.6,1.4,385.84,Completed
BK_003062,CUST_02104,Z204,Z206,Prime_Sedan,2026-02-28 23:11:00,18.3,582.4,1.0,582.4,Driver_Cancelled
BK_003063,CUST_02473,Z205,Z305,EV_Sedan,2026-02-24 04:40:00,24.5,702.0,1.0,702.0,Completed
BK_003064,CUST_02781,Z103,Z101,EV_Sedan,2026-02-17 04:27:00,12.0,377.0,1.0,377.0,Completed
BK_003065,CUST_01265,Z301,Z303,Auto_Rickshaw,2026-02-27 00:33:00,19.5,391.0,1.0,391.0,Completed
BK_003066,CUST_01291,Z305,Z104,Prime_Sedan,2026-02-22 18:52:00,15.8,512.4,2.4,1229.76,Completed
BK_003067,CUST_02724,Z106,Z305,Auto_Rickshaw,2026-03-17 09:40:00,21.6,428.8,1.8,771.84,Rider_Cancelled
BK_003068,CUST_01088,Z102,Z101,Bike_Taxi,2026-02-17 10:17:00,4.6,80.2,1.8,144.36,Rider_Cancelled
BK_003069,CUST_02319,Z302,Z204,Auto_Rickshaw,2026-03-04 10:52:00,11.1,239.8,1.4,335.72,ETA_Timeout
BK_003070,CUST_02531,Z301,Z305,Prime_Sedan,2026-02-02 08:45:00,13.5,448.0,2.4,1075.2,Completed
BK_003071,CUST_01625,Z202,Z106,Prime_Sedan,2026-02-14 14:28:00,22.9,711.2,1.2,853.44,Completed
BK_003072,CUST_01570,Z203,Z202,Bike_Taxi,2026-03-08 19:10:00,18.7,249.4,1.8,448.92,Completed
BK_003073,CUST_02583,Z201,Z102,Bike_Taxi,2026-03-16 05:01:00,11.2,159.4,1.2,191.28,Completed
BK_003074,CUST_02024,Z202,Z303,EV_Sedan,2026-02-15 05:45:00,2.9,140.4,1.0,140.4,Completed
BK_003075,CUST_02411,Z302,Z201,Auto_Rickshaw,2026-02-11 00:37:00,26.7,520.6,1.1,572.66,Driver_Cancelled
BK_003076,CUST_02841,Z205,Z206,EV_Sedan,2026-02-17 01:03:00,15.7,473.2,1.0,473.2,Completed
BK_003077,CUST_03151,Z106,Z301,Prime_Sedan,2026-02-15 08:28:00,5.4,221.2,2.1,464.52,Completed
BK_003078,CUST_02171,Z302,Z305,EV_Sedan,2026-02-17 03:20:00,19.0,559.0,1.0,559.0,ETA_Timeout
BK_003079,CUST_02173,Z203,Z303,Prime_Sedan,2026-02-01 12:36:00,20.4,641.2,1.0,641.2,Completed
BK_003080,CUST_01434,Z103,Z305,Bike_Taxi,2026-02-06 00:05:00,19.4,257.8,1.2,309.36,Completed
BK_003081,CUST_03355,Z304,Z104,EV_Sedan,2026-03-03 12:32:00,25.5,728.0,1.0,728.0,Completed
BK_003082,CUST_01332,Z304,Z101,Prime_Sedan,2026-03-12 10:10:00,14.0,462.0,1.2,554.4,Driver_Cancelled
BK_003083,CUST_02553,Z102,Z203,Prime_Sedan,2026-02-26 01:50:00,25.0,770.0,1.2,924.0,Completed
BK_003084,CUST_02036,Z107,Z204,Bike_Taxi,2026-03-08 13:06:00,20.6,272.2,1.1,299.42,Completed
BK_003085,CUST_02882,Z206,Z203,EV_Sedan,2026-03-17 06:51:00,16.5,494.0,1.0,494.0,Completed
BK_003086,CUST_01114,Z204,Z107,Auto_Rickshaw,2026-03-03 10:26:00,28.3,549.4,1.2,659.28,Completed
BK_003087,CUST_02377,Z205,Z303,EV_Sedan,2026-02-20 12:31:00,12.2,382.2,1.2,458.64,Driver_Cancelled
BK_003088,CUST_01699,Z301,Z305,EV_Sedan,2026-02-05 08:48:00,15.4,465.4,1.4,651.56,Completed
BK_003089,CUST_01701,Z201,Z203,Auto_Rickshaw,2026-02-16 04:01:00,7.7,178.6,1.2,214.32,Driver_Cancelled
BK_003090,CUST_01742,Z203,Z206,EV_Sedan,2026-02-15 18:42:00,26.3,748.8,1.8,1347.84,Driver_Cancelled
BK_003091,CUST_02906,Z202,Z107,Auto_Rickshaw,2026-02-16 09:39:00,18.0,364.0,1.2,436.8,Completed
BK_003092,CUST_01532,Z304,Z103,Prime_Sedan,2026-02-03 06:34:00,22.8,708.4,1.1,779.24,Driver_Cancelled
BK_003093,CUST_02216,Z202,Z107,EV_Sedan,2026-02-10 16:47:00,2.6,132.6,1.0,132.6,Completed
BK_003094,CUST_01735,Z305,Z303,EV_Sedan,2026-02-02 23:12:00,6.4,231.4,1.0,231.4,Completed
BK_003095,CUST_02945,Z105,Z201,Auto_Rickshaw,2026-03-03 16:14:00,12.0,256.0,1.1,281.6,Completed
BK_003096,CUST_02368,Z203,Z304,EV_Sedan,2026-02-08 05:57:00,3.4,153.4,1.0,153.4,Completed
BK_003097,CUST_01925,Z101,Z102,Prime_Sedan,2026-02-13 08:54:00,14.8,484.4,1.6,775.04,Driver_Cancelled
BK_003098,CUST_02098,Z102,Z305,Prime_Sedan,2026-02-23 15:11:00,13.4,445.2,1.0,445.2,Driver_Cancelled
BK_003099,CUST_02370,Z205,Z206,EV_Sedan,2026-02-19 12:55:00,12.1,379.6,1.0,379.6,Completed
BK_003100,CUST_03171,Z206,Z102,Bike_Taxi,2026-02-03 05:50:00,15.2,207.4,1.0,207.4,Rider_Cancelled
BK_003101,CUST_01516,Z206,Z301,Auto_Rickshaw,2026-02-01 07:03:00,2.8,90.4,1.2,108.48,Completed
BK_003102,CUST_02422,Z204,Z305,Auto_Rickshaw,2026-02-28 08:10:00,19.3,387.4,2.1,813.54,Completed
BK_003103,CUST_01694,Z203,Z106,Auto_Rickshaw,2026-02-03 04:01:00,3.0,94.0,1.0,94.0,Completed
BK_003104,CUST_02009,Z206,Z201,Auto_Rickshaw,2026-02-16 17:14:00,22.3,441.4,2.1,926.94,Driver_Cancelled
BK_003105,CUST_01603,Z102,Z106,Bike_Taxi,2026-02-26 04:06:00,6.0,97.0,1.1,106.7,Completed
BK_003106,CUST_02178,Z204,Z203,EV_Sedan,2026-02-07 10:56:00,21.7,629.2,1.4,880.88,Completed
BK_003107,CUST_01396,Z107,Z105,Prime_Sedan,2026-02-21 14:53:00,16.7,537.6,1.2,645.12,Completed
BK_003108,CUST_02375,Z201,Z106,Prime_Sedan,2026-02-28 17:54:00,5.5,224.0,1.6,358.4,Rider_Cancelled
BK_003109,CUST_03411,Z202,Z305,EV_Sedan,2026-02-13 18:09:00,23.3,670.8,1.8,1207.44,Completed
BK_003110,CUST_01883,Z206,Z103,Prime_Sedan,2026-03-14 10:36:00,16.8,540.4,1.6,864.64,Completed
BK_003111,CUST_02988,Z107,Z104,Prime_Sedan,2026-03-06 01:52:00,14.7,481.6,1.0,481.6,Completed
BK_003112,CUST_02194,Z204,Z304,Auto_Rickshaw,2026-03-05 10:59:00,7.6,176.8,1.8,318.24,Driver_Cancelled
BK_003113,CUST_02232,Z107,Z305,Auto_Rickshaw,2026-02-08 08:36:00,13.7,286.6,1.2,343.92,Completed
BK_003114,CUST_01807,Z304,Z204,Prime_Sedan,2026-02-09 06:53:00,11.3,386.4,1.0,386.4,ETA_Timeout
BK_003115,CUST_02577,Z105,Z304,EV_Sedan,2026-03-04 06:31:00,26.4,751.4,1.0,751.4,Driver_Cancelled
BK_003116,CUST_01393,Z202,Z204,Prime_Sedan,2026-02-04 15:16:00,11.3,386.4,1.0,386.4,Completed
BK_003117,CUST_03357,Z201,Z206,EV_Sedan,2026-02-02 19:47:00,26.1,743.6,1.6,1189.76,Completed
BK_003118,CUST_03265,Z201,Z107,Prime_Sedan,2026-03-05 19:42:00,15.7,509.6,2.1,1070.16,Rider_Cancelled
BK_003119,CUST_03497,Z101,Z205,Prime_Sedan,2026-02-12 06:39:00,11.3,386.4,1.0,386.4,Completed
BK_003120,CUST_01922,Z106,Z201,Auto_Rickshaw,2026-02-01 21:18:00,2.6,86.8,1.2,104.16,Completed
BK_003121,CUST_02168,Z302,Z205,EV_Sedan,2026-02-08 21:42:00,9.5,312.0,2.4,748.8,Completed
BK_003122,CUST_01571,Z302,Z101,EV_Sedan,2026-03-07 05:08:00,23.8,683.8,1.0,683.8,Completed
BK_003123,CUST_01255,Z205,Z206,Prime_Sedan,2026-03-06 21:02:00,19.5,616.0,1.8,1108.8,ETA_Timeout
BK_003124,CUST_01586,Z301,Z302,Auto_Rickshaw,2026-02-21 12:49:00,3.2,97.6,1.1,107.36,Completed
BK_003125,CUST_02018,Z107,Z302,Prime_Sedan,2026-03-10 15:17:00,24.4,753.2,1.0,753.2,Driver_Cancelled
BK_003126,CUST_01639,Z101,Z302,Auto_Rickshaw,2026-02-15 19:42:00,6.1,149.8,1.6,239.68,Completed
BK_003127,CUST_02960,Z103,Z206,Auto_Rickshaw,2026-02-08 01:08:00,23.2,457.6,1.0,457.6,Completed
BK_003128,CUST_01987,Z103,Z107,Prime_Sedan,2026-02-08 16:37:00,21.7,677.6,1.0,677.6,Driver_Cancelled
BK_003129,CUST_02820,Z203,Z303,EV_Sedan,2026-02-26 05:40:00,13.8,423.8,1.1,466.18,Completed
BK_003130,CUST_01123,Z302,Z305,Bike_Taxi,2026-02-04 20:39:00,21.5,283.0,2.4,679.2,Driver_Cancelled
BK_003131,CUST_02206,Z203,Z305,EV_Sedan,2026-03-08 08:32:00,12.7,395.2,1.2,474.24,Completed
BK_003132,CUST_02145,Z202,Z103,EV_Sedan,2026-03-10 20:53:00,13.9,426.4,1.2,511.68,Completed
BK_003133,CUST_01067,Z301,Z203,Bike_Taxi,2026-02-03 19:49:00,5.9,95.8,1.6,153.28,Completed
BK_003134,CUST_01039,Z107,Z103,EV_Sedan,2026-02-17 20:03:00,14.3,436.8,2.4,1048.32,Completed
BK_003135,CUST_01476,Z202,Z305,EV_Sedan,2026-02-11 14:58:00,11.1,353.6,1.0,353.6,Completed
BK_003136,CUST_02404,Z201,Z301,EV_Sedan,2026-02-06 11:27:00,5.7,213.2,1.2,255.84,Completed
BK_003137,CUST_02079,Z104,Z102,Prime_Sedan,2026-02-19 03:08:00,27.6,842.8,1.0,842.8,Completed
BK_003138,CUST_03035,Z107,Z304,Auto_Rickshaw,2026-03-14 01:25:00,6.3,153.4,1.0,153.4,Completed
BK_003139,CUST_02232,Z101,Z305,Bike_Taxi,2026-02-21 03:16:00,20.0,265.0,1.0,265.0,Completed
BK_003140,CUST_01305,Z104,Z203,Auto_Rickshaw,2026-03-08 09:52:00,23.6,464.8,1.2,557.76,Completed
BK_003141,CUST_01757,Z304,Z305,EV_Sedan,2026-02-21 14:45:00,11.2,356.2,1.0,356.2,Completed
BK_003142,CUST_01609,Z206,Z302,Prime_Sedan,2026-02-13 02:38:00,8.8,316.4,1.0,316.4,Rider_Cancelled
BK_003143,CUST_02613,Z301,Z202,Bike_Taxi,2026-02-26 05:19:00,3.5,67.0,1.0,67.0,Completed
BK_003144,CUST_01079,Z301,Z304,Bike_Taxi,2026-02-22 16:10:00,19.7,261.4,1.1,287.54,Completed
BK_003145,CUST_03062,Z201,Z206,Auto_Rickshaw,2026-02-05 00:55:00,21.8,432.4,1.0,432.4,Completed
BK_003146,CUST_01344,Z206,Z106,Prime_Sedan,2026-02-01 23:38:00,24.0,742.0,1.0,742.0,Rider_Cancelled
BK_003147,CUST_01576,Z206,Z301,Auto_Rickshaw,2026-02-03 21:17:00,27.2,529.6,2.4,1271.04,Completed
BK_003148,CUST_03327,Z106,Z304,EV_Sedan,2026-02-19 01:09:00,22.2,642.2,1.1,706.42,Completed
BK_003149,CUST_01181,Z206,Z301,Auto_Rickshaw,2026-03-05 04:59:00,13.6,284.8,1.1,313.28,Driver_Cancelled
BK_003150,CUST_01082,Z304,Z101,Prime_Sedan,2026-03-02 18:27:00,24.1,744.8,1.2,893.76,Completed
BK_003151,CUST_02440,Z205,Z302,Prime_Sedan,2026-03-15 11:45:00,23.3,722.4,1.6,1155.84,Completed
BK_003152,CUST_01053,Z106,Z102,Bike_Taxi,2026-02-21 06:50:00,17.6,236.2,1.1,259.82,Driver_Cancelled
BK_003153,CUST_02272,Z305,Z107,Prime_Sedan,2026-02-20 01:10:00,18.4,585.2,1.1,643.72,Completed
BK_003154,CUST_02784,Z302,Z204,Bike_Taxi,2026-02-18 03:36:00,9.8,142.6,1.0,142.6,Driver_Cancelled
BK_003155,CUST_01816,Z104,Z205,Bike_Taxi,2026-03-10 12:02:00,19.3,256.6,1.1,282.26,Completed
BK_003156,CUST_01147,Z107,Z102,EV_Sedan,2026-02-10 22:33:00,10.1,327.6,1.1,360.36,Completed
BK_003157,CUST_02293,Z201,Z203,Auto_Rickshaw,2026-03-03 08:25:00,9.9,218.2,2.4,523.68,Completed
BK_003158,CUST_01850,Z303,Z103,Prime_Sedan,2026-03-12 05:14:00,2.6,142.8,1.0,142.8,Completed
BK_003159,CUST_03447,Z101,Z303,Bike_Taxi,2026-02-17 01:33:00,5.5,91.0,1.1,100.1,Completed
BK_003160,CUST_02150,Z201,Z204,Prime_Sedan,2026-03-07 03:34:00,13.8,456.4,1.1,502.04,Completed
BK_003161,CUST_01077,Z204,Z202,Auto_Rickshaw,2026-03-08 18:32:00,6.9,164.2,2.4,394.08,Completed
BK_003162,CUST_01373,Z304,Z204,Auto_Rickshaw,2026-02-18 16:24:00,23.5,463.0,1.2,555.6,Rider_Cancelled
BK_003163,CUST_03397,Z302,Z202,EV_Sedan,2026-02-17 06:46:00,16.3,488.8,1.0,488.8,Completed
BK_003164,CUST_01920,Z302,Z201,Auto_Rickshaw,2026-02-18 10:35:00,18.6,374.8,2.4,899.52,Rider_Cancelled
BK_003165,CUST_02391,Z201,Z303,Bike_Taxi,2026-02-28 16:28:00,12.7,177.4,1.0,177.4,Completed
BK_003166,CUST_03432,Z106,Z304,Auto_Rickshaw,2026-02-25 16:47:00,24.5,481.0,1.0,481.0,Completed
BK_003167,CUST_03015,Z206,Z101,EV_Sedan,2026-03-10 14:19:00,3.6,158.6,1.2,190.32,Completed
BK_003168,CUST_01531,Z205,Z302,EV_Sedan,2026-02-17 15:47:00,22.1,639.6,1.2,767.52,Completed
BK_003169,CUST_01073,Z201,Z301,Prime_Sedan,2026-02-10 01:30:00,21.9,683.2,1.2,819.84,Completed
BK_003170,CUST_01179,Z105,Z301,Auto_Rickshaw,2026-03-09 08:53:00,7.3,171.4,1.6,274.24,Completed
BK_003171,CUST_01174,Z203,Z305,Bike_Taxi,2026-03-04 22:14:00,27.0,349.0,1.1,383.9,Completed
BK_003172,CUST_02306,Z103,Z107,Auto_Rickshaw,2026-02-28 20:06:00,18.2,367.6,2.1,771.96,Completed
BK_003173,CUST_02247,Z303,Z203,EV_Sedan,2026-02-07 20:03:00,14.4,439.4,1.6,703.04,Rider_Cancelled
BK_003174,CUST_01188,Z107,Z206,Auto_Rickshaw,2026-03-10 20:17:00,19.4,389.2,2.4,934.08,Driver_Cancelled
BK_003175,CUST_02753,Z302,Z303,EV_Sedan,2026-03-12 17:10:00,2.5,130.0,1.6,208.0,Driver_Cancelled
BK_003176,CUST_02306,Z303,Z206,Auto_Rickshaw,2026-03-05 16:45:00,12.7,268.6,1.0,268.6,Completed
BK_003177,CUST_01382,Z301,Z201,Auto_Rickshaw,2026-02-08 01:39:00,13.9,290.2,1.2,348.24,Completed
BK_003178,CUST_02707,Z203,Z205,Prime_Sedan,2026-02-04 16:07:00,20.6,646.8,1.1,711.48,Completed
BK_003179,CUST_01328,Z303,Z202,Prime_Sedan,2026-03-08 02:33:00,10.5,364.0,1.0,364.0,Rider_Cancelled
BK_003180,CUST_03410,Z105,Z205,Auto_Rickshaw,2026-02-20 00:21:00,26.0,508.0,1.2,609.6,Completed
BK_003181,CUST_02961,Z206,Z204,Auto_Rickshaw,2026-02-13 02:45:00,8.3,189.4,1.0,189.4,Rider_Cancelled
BK_003182,CUST_02160,Z205,Z104,Prime_Sedan,2026-03-13 13:41:00,9.6,338.8,1.0,338.8,Driver_Cancelled
BK_003183,CUST_01670,Z301,Z205,Prime_Sedan,2026-03-09 13:13:00,7.2,271.6,1.1,298.76,Completed
BK_003184,CUST_01057,Z201,Z204,EV_Sedan,2026-02-27 20:02:00,22.2,642.2,2.4,1541.28,ETA_Timeout
BK_003185,CUST_02011,Z302,Z205,Auto_Rickshaw,2026-03-01 11:23:00,8.7,196.6,1.6,314.56,Completed
BK_003186,CUST_03028,Z206,Z205,Bike_Taxi,2026-02-24 04:51:00,4.3,76.6,1.0,76.6,Completed
BK_003187,CUST_03095,Z305,Z204,EV_Sedan,2026-03-14 10:10:00,25.0,715.0,2.4,1716.0,Completed
BK_003188,CUST_01921,Z101,Z106,EV_Sedan,2026-03-10 16:54:00,25.9,738.4,1.2,886.08,Completed
BK_003189,CUST_03194,Z101,Z204,EV_Sedan,2026-03-05 01:21:00,16.2,486.2,1.1,534.82,Completed
BK_003190,CUST_01714,Z303,Z106,EV_Sedan,2026-02-15 05:41:00,5.2,200.2,1.1,220.22,Completed
BK_003191,CUST_02654,Z106,Z103,Bike_Taxi,2026-03-06 22:52:00,12.3,172.6,1.1,189.86,Completed
BK_003192,CUST_01309,Z104,Z301,Prime_Sedan,2026-02-20 14:23:00,13.5,448.0,1.1,492.8,Completed
BK_003193,CUST_01706,Z103,Z305,Prime_Sedan,2026-02-07 13:24:00,14.6,478.8,1.0,478.8,ETA_Timeout
BK_003194,CUST_01743,Z105,Z203,Prime_Sedan,2026-02-23 17:37:00,13.9,459.2,1.8,826.56,ETA_Timeout
BK_003195,CUST_02868,Z104,Z301,Bike_Taxi,2026-03-11 13:48:00,19.1,254.2,1.1,279.62,Completed
BK_003196,CUST_02293,Z105,Z305,Prime_Sedan,2026-02-03 18:15:00,10.1,352.8,1.2,423.36,Completed
BK_003197,CUST_01269,Z205,Z204,EV_Sedan,2026-02-24 19:40:00,27.2,772.2,1.4,1081.08,Completed
BK_003198,CUST_02781,Z302,Z304,Prime_Sedan,2026-03-02 23:25:00,24.0,742.0,1.1,816.2,Completed
BK_003199,CUST_02640,Z203,Z106,EV_Sedan,2026-02-17 02:57:00,24.7,707.2,1.0,707.2,Rider_Cancelled
BK_003200,CUST_01717,Z103,Z102,Bike_Taxi,2026-02-05 19:28:00,27.1,350.2,1.4,490.28,Completed
BK_003201,CUST_03339,Z302,Z304,Bike_Taxi,2026-02-03 04:10:00,20.8,274.6,1.0,274.6,Completed
BK_003202,CUST_02089,Z107,Z205,Auto_Rickshaw,2026-02-15 04:54:00,23.4,461.2,1.0,461.2,Driver_Cancelled
BK_003203,CUST_03091,Z304,Z201,EV_Sedan,2026-02-21 03:15:00,8.6,288.6,1.2,346.32,Completed
BK_003204,CUST_02654,Z107,Z105,Prime_Sedan,2026-03-08 22:19:00,22.3,694.4,1.1,763.84,Completed
BK_003205,CUST_01602,Z105,Z103,Auto_Rickshaw,2026-02-05 07:50:00,9.4,209.2,1.2,251.04,Completed
BK_003206,CUST_01245,Z107,Z305,Prime_Sedan,2026-02-23 02:25:00,5.0,210.0,1.0,210.0,Rider_Cancelled
BK_003207,CUST_03426,Z304,Z107,Bike_Taxi,2026-02-27 23:43:00,5.2,87.4,1.2,104.88,Rider_Cancelled
BK_003208,CUST_02221,Z303,Z301,EV_Sedan,2026-02-04 19:52:00,21.3,618.8,1.8,1113.84,ETA_Timeout
BK_003209,CUST_03101,Z102,Z202,EV_Sedan,2026-02-02 23:38:00,2.7,135.2,1.0,135.2,ETA_Timeout
BK_003210,CUST_02107,Z301,Z305,EV_Sedan,2026-02-02 00:30:00,5.6,210.6,1.0,210.6,Driver_Cancelled
BK_003211,CUST_01985,Z301,Z101,Auto_Rickshaw,2026-03-14 22:12:00,9.3,207.4,1.0,207.4,Completed
BK_003212,CUST_03368,Z103,Z304,Bike_Taxi,2026-02-28 08:09:00,18.0,241.0,2.4,578.4,Rider_Cancelled
BK_003213,CUST_01963,Z206,Z203,EV_Sedan,2026-02-04 05:49:00,10.7,343.2,1.1,377.52,Completed
BK_003214,CUST_02630,Z101,Z102,Prime_Sedan,2026-03-13 17:57:00,23.9,739.2,1.2,887.04,Completed
BK_003215,CUST_02196,Z107,Z204,Prime_Sedan,2026-02-17 19:29:00,19.5,616.0,2.4,1478.4,Rider_Cancelled
BK_003216,CUST_01517,Z102,Z101,Bike_Taxi,2026-03-11 22:42:00,3.4,65.8,1.2,78.96,Completed
BK_003217,CUST_02409,Z301,Z106,Auto_Rickshaw,2026-03-15 10:36:00,25.0,490.0,1.6,784.0,Completed
BK_003218,CUST_02657,Z107,Z106,Prime_Sedan,2026-03-05 21:41:00,24.4,753.2,1.6,1205.12,Rider_Cancelled
BK_003219,CUST_02185,Z104,Z103,Prime_Sedan,2026-03-14 17:46:00,12.1,408.8,2.4,981.12,Completed
BK_003220,CUST_03039,Z302,Z101,Prime_Sedan,2026-03-01 16:05:00,4.4,193.2,1.0,193.2,Completed
BK_003221,CUST_03483,Z202,Z105,Prime_Sedan,2026-02-28 02:20:00,28.4,865.2,1.0,865.2,Completed
BK_003222,CUST_02983,Z304,Z107,Bike_Taxi,2026-02-28 22:54:00,7.5,115.0,1.2,138.0,Completed
BK_003223,CUST_03322,Z203,Z305,EV_Sedan,2026-02-17 09:30:00,14.4,439.4,1.4,615.16,Completed
BK_003224,CUST_02122,Z101,Z205,EV_Sedan,2026-02-03 20:34:00,16.9,504.4,2.4,1210.56,Completed
BK_003225,CUST_02247,Z104,Z106,Auto_Rickshaw,2026-03-04 06:56:00,15.7,322.6,1.0,322.6,Completed
BK_003226,CUST_01599,Z204,Z206,Auto_Rickshaw,2026-02-20 21:09:00,9.5,211.0,1.2,253.2,Rider_Cancelled
BK_003227,CUST_01257,Z102,Z201,EV_Sedan,2026-03-03 08:21:00,11.2,356.2,1.4,498.68,Completed
BK_003228,CUST_01646,Z202,Z102,Prime_Sedan,2026-02-28 12:10:00,26.6,814.8,1.1,896.28,Completed
BK_003229,CUST_03115,Z103,Z102,EV_Sedan,2026-02-01 08:00:00,6.8,241.8,1.2,290.16,Completed
BK_003230,CUST_02904,Z201,Z106,Auto_Rickshaw,2026-02-11 07:49:00,12.6,266.8,1.2,320.16,Completed
BK_003231,CUST_02081,Z102,Z205,EV_Sedan,2026-03-17 21:57:00,20.0,585.0,1.4,819.0,Driver_Cancelled
BK_003232,CUST_02505,Z101,Z203,Auto_Rickshaw,2026-02-08 14:44:00,13.8,288.4,1.2,346.08,Completed
BK_003233,CUST_02913,Z203,Z104,EV_Sedan,2026-03-16 15:23:00,17.7,525.2,1.0,525.2,Rider_Cancelled
BK_003234,CUST_03346,Z304,Z103,Bike_Taxi,2026-02-18 05:33:00,4.9,83.8,1.0,83.8,Completed
BK_003235,CUST_01576,Z105,Z104,Auto_Rickshaw,2026-02-23 06:33:00,16.8,342.4,1.0,342.4,Completed
BK_003236,CUST_01635,Z103,Z303,Bike_Taxi,2026-02-09 02:14:00,22.6,296.2,1.1,325.82,Completed
BK_003237,CUST_02001,Z104,Z204,Auto_Rickshaw,2026-02-17 18:22:00,21.3,423.4,1.8,762.12,Completed
BK_003238,CUST_01864,Z103,Z204,Auto_Rickshaw,2026-02-20 13:26:00,7.3,171.4,1.0,171.4,Completed
BK_003239,CUST_01566,Z105,Z304,EV_Sedan,2026-03-17 04:53:00,27.0,767.0,1.1,843.7,Completed
BK_003240,CUST_01753,Z205,Z301,Bike_Taxi,2026-03-03 19:50:00,19.3,256.6,2.1,538.86,Completed
BK_003241,CUST_02851,Z106,Z303,Auto_Rickshaw,2026-03-05 09:44:00,8.2,187.6,1.8,337.68,Completed
BK_003242,CUST_01196,Z205,Z106,Bike_Taxi,2026-02-07 01:57:00,4.2,75.4,1.0,75.4,Rider_Cancelled
BK_003243,CUST_02155,Z105,Z106,EV_Sedan,2026-03-16 18:26:00,26.7,759.2,2.4,1822.08,Driver_Cancelled
BK_003244,CUST_01567,Z107,Z103,EV_Sedan,2026-03-10 00:45:00,8.0,273.0,1.0,273.0,Completed
BK_003245,CUST_02693,Z303,Z102,Auto_Rickshaw,2026-02-23 10:44:00,18.2,367.6,1.2,441.12,Completed
BK_003246,CUST_01526,Z201,Z102,EV_Sedan,2026-03-14 19:47:00,5.6,210.6,1.4,294.84,Completed
BK_003247,CUST_02389,Z304,Z203,Auto_Rickshaw,2026-03-05 14:53:00,14.1,293.8,1.1,323.18,Driver_Cancelled
BK_003248,CUST_03259,Z303,Z205,Auto_Rickshaw,2026-03-12 14:03:00,11.8,252.4,1.0,252.4,Completed
BK_003249,CUST_01202,Z102,Z106,EV_Sedan,2026-03-06 14:57:00,22.6,652.6,1.1,717.86,Completed
BK_003250,CUST_01214,Z203,Z204,Auto_Rickshaw,2026-02-25 18:26:00,5.5,139.0,1.8,250.2,Completed
BK_003251,CUST_02825,Z302,Z203,Auto_Rickshaw,2026-02-28 00:23:00,27.8,540.4,1.1,594.44,Completed
BK_003252,CUST_03116,Z304,Z104,EV_Sedan,2026-02-15 16:57:00,11.0,351.0,1.1,386.1,Completed
BK_003253,CUST_03447,Z302,Z101,EV_Sedan,2026-03-06 04:40:00,14.9,452.4,1.1,497.64,Completed
BK_003254,CUST_01292,Z303,Z107,Bike_Taxi,2026-02-05 23:27:00,6.4,101.8,1.0,101.8,Completed
BK_003255,CUST_01521,Z202,Z102,Prime_Sedan,2026-02-17 22:33:00,23.0,714.0,1.0,714.0,Rider_Cancelled
BK_003256,CUST_01429,Z303,Z304,Bike_Taxi,2026-02-14 09:21:00,13.7,189.4,2.4,454.56,Completed
BK_003257,CUST_03070,Z105,Z106,Auto_Rickshaw,2026-02-02 07:51:00,3.8,108.4,1.0,108.4,Completed
BK_003258,CUST_01438,Z202,Z305,Bike_Taxi,2026-02-22 05:53:00,18.7,249.4,1.1,274.34,Completed
BK_003259,CUST_03347,Z204,Z301,Auto_Rickshaw,2026-03-06 01:09:00,23.0,454.0,1.2,544.8,Completed
BK_003260,CUST_02376,Z305,Z304,EV_Sedan,2026-02-12 18:48:00,5.8,215.8,1.6,345.28,Completed
BK_003261,CUST_01136,Z305,Z206,EV_Sedan,2026-02-23 15:02:00,10.2,330.2,1.1,363.22,Rider_Cancelled
BK_003262,CUST_02004,Z106,Z104,Prime_Sedan,2026-03-11 07:41:00,20.6,646.8,1.0,646.8,Driver_Cancelled
BK_003263,CUST_03468,Z206,Z304,Auto_Rickshaw,2026-02-28 02:42:00,3.2,97.6,1.0,97.6,Completed
BK_003264,CUST_01135,Z303,Z102,Prime_Sedan,2026-03-14 07:18:00,4.5,196.0,1.0,196.0,Completed
BK_003265,CUST_03076,Z107,Z301,EV_Sedan,2026-02-23 09:32:00,16.6,496.6,1.6,794.56,Completed
BK_003266,CUST_01875,Z304,Z305,Bike_Taxi,2026-02-03 20:38:00,4.2,75.4,1.2,90.48,Completed
BK_003267,CUST_01606,Z107,Z303,Bike_Taxi,2026-02-23 17:21:00,9.5,139.0,1.6,222.4,Driver_Cancelled
BK_003268,CUST_01992,Z106,Z203,Auto_Rickshaw,2026-02-13 22:22:00,16.8,342.4,1.2,410.88,Completed
BK_003269,CUST_02331,Z203,Z105,EV_Sedan,2026-02-22 12:10:00,7.6,262.6,1.2,315.12,Completed
BK_003270,CUST_01143,Z203,Z304,EV_Sedan,2026-03-03 17:09:00,3.8,163.8,1.8,294.84,ETA_Timeout
BK_003271,CUST_02751,Z205,Z202,Bike_Taxi,2026-02-14 14:51:00,22.2,291.4,1.0,291.4,Completed
BK_003272,CUST_02353,Z101,Z201,Auto_Rickshaw,2026-02-15 21:02:00,8.7,196.6,1.8,353.88,Completed
BK_003273,CUST_01040,Z203,Z206,Bike_Taxi,2026-03-12 22:48:00,17.7,237.4,1.0,237.4,Completed
BK_003274,CUST_03479,Z103,Z105,EV_Sedan,2026-02-04 18:02:00,11.3,358.8,1.8,645.84,Completed
BK_003275,CUST_01598,Z105,Z106,EV_Sedan,2026-03-15 07:18:00,16.7,499.2,1.0,499.2,Completed
BK_003276,CUST_02985,Z106,Z107,Auto_Rickshaw,2026-03-03 17:41:00,24.4,479.2,1.6,766.72,Rider_Cancelled
BK_003277,CUST_02774,Z101,Z304,EV_Sedan,2026-02-27 21:18:00,8.6,288.6,2.1,606.06,Driver_Cancelled
BK_003278,CUST_01824,Z107,Z304,Prime_Sedan,2026-02-24 12:24:00,24.6,758.8,1.0,758.8,Completed
BK_003279,CUST_02972,Z205,Z302,Auto_Rickshaw,2026-02-16 12:53:00,3.2,97.6,1.0,97.6,Completed
BK_003280,CUST_02151,Z303,Z101,Auto_Rickshaw,2026-03-01 09:53:00,8.6,194.8,1.4,272.72,Completed
BK_003281,CUST_03044,Z201,Z106,Auto_Rickshaw,2026-03-01 23:04:00,28.2,547.6,1.0,547.6,Completed
BK_003282,CUST_02010,Z201,Z301,EV_Sedan,2026-03-06 12:24:00,8.1,275.6,1.2,330.72,Completed
BK_003283,CUST_03058,Z104,Z302,Auto_Rickshaw,2026-03-15 03:04:00,3.2,97.6,1.0,97.6,Driver_Cancelled
BK_003284,CUST_03189,Z305,Z102,Prime_Sedan,2026-02-13 05:01:00,8.5,308.0,1.0,308.0,Completed
BK_003285,CUST_03467,Z202,Z105,Bike_Taxi,2026-02-18 23:39:00,23.2,303.4,1.1,333.74,Completed
BK_003286,CUST_02312,Z102,Z105,Prime_Sedan,2026-02-19 02:33:00,22.7,705.6,1.2,846.72,Completed
BK_003287,CUST_02729,Z101,Z301,Bike_Taxi,2026-02-09 03:29:00,25.3,328.6,1.0,328.6,Completed
BK_003288,CUST_02326,Z105,Z301,Prime_Sedan,2026-02-19 05:34:00,4.2,187.6,1.0,187.6,Completed
BK_003289,CUST_03388,Z103,Z203,Auto_Rickshaw,2026-03-17 13:11:00,26.6,518.8,1.1,570.68,Driver_Cancelled
BK_003290,CUST_02773,Z304,Z204,Prime_Sedan,2026-03-14 11:17:00,14.4,473.2,1.2,567.84,Completed
BK_003291,CUST_02690,Z302,Z206,Auto_Rickshaw,2026-02-04 01:06:00,7.6,176.8,1.0,176.8,Completed
BK_003292,CUST_02845,Z101,Z203,Prime_Sedan,2026-02-10 05:17:00,10.2,355.6,1.0,355.6,Completed
BK_003293,CUST_01606,Z106,Z105,Auto_Rickshaw,2026-02-05 17:52:00,5.9,146.2,1.4,204.68,Completed
BK_003294,CUST_01953,Z202,Z303,Auto_Rickshaw,2026-02-10 12:49:00,11.0,238.0,1.0,238.0,Completed
BK_003295,CUST_01964,Z106,Z304,Auto_Rickshaw,2026-02-05 20:27:00,10.7,232.6,1.2,279.12,Completed
BK_003296,CUST_01923,Z103,Z303,Bike_Taxi,2026-03-17 01:53:00,25.7,333.4,1.0,333.4,Completed
BK_003297,CUST_01996,Z304,Z106,Bike_Taxi,2026-02-15 23:30:00,15.1,206.2,1.0,206.2,Completed
BK_003298,CUST_02397,Z305,Z102,Prime_Sedan,2026-02-09 03:45:00,11.5,392.0,1.2,470.4,Completed
BK_003299,CUST_02750,Z106,Z206,Prime_Sedan,2026-03-16 02:17:00,5.3,218.4,1.0,218.4,Completed
BK_003300,CUST_01914,Z301,Z303,Bike_Taxi,2026-03-04 18:12:00,4.6,80.2,1.6,128.32,Completed
BK_003301,CUST_02567,Z303,Z103,EV_Sedan,2026-02-07 00:46:00,15.1,457.6,1.1,503.36,Completed
BK_003302,CUST_01002,Z206,Z303,Prime_Sedan,2026-02-07 15:23:00,14.1,464.8,1.2,557.76,Completed
BK_003303,CUST_02545,Z302,Z303,Bike_Taxi,2026-02-15 12:26:00,20.4,269.8,1.2,323.76,Completed
BK_003304,CUST_02011,Z104,Z303,Prime_Sedan,2026-03-17 14:24:00,23.3,722.4,1.0,722.4,Completed
BK_003305,CUST_01201,Z201,Z303,Bike_Taxi,2026-02-06 23:17:00,11.2,159.4,1.1,175.34,Completed
BK_003306,CUST_02445,Z206,Z107,EV_Sedan,2026-02-19 20:23:00,8.2,278.2,2.4,667.68,Completed
BK_003307,CUST_02992,Z304,Z107,Auto_Rickshaw,2026-03-13 22:31:00,26.8,522.4,1.0,522.4,Completed
BK_003308,CUST_03099,Z205,Z305,EV_Sedan,2026-03-15 15:05:00,6.2,226.2,1.1,248.82,Completed
BK_003309,CUST_01315,Z302,Z104,EV_Sedan,2026-03-17 04:06:00,24.9,712.4,1.1,783.64,Rider_Cancelled
BK_003310,CUST_02422,Z107,Z203,Bike_Taxi,2026-03-15 08:36:00,13.5,187.0,1.6,299.2,Completed
BK_003311,CUST_03486,Z302,Z105,Bike_Taxi,2026-02-24 22:32:00,20.6,272.2,1.0,272.2,Completed
BK_003312,CUST_03319,Z104,Z203,Bike_Taxi,2026-02-08 11:32:00,9.1,134.2,1.2,161.04,Completed
BK_003313,CUST_03026,Z202,Z102,EV_Sedan,2026-02-15 07:46:00,6.6,236.6,1.0,236.6,Completed
BK_003314,CUST_02766,Z206,Z201,Bike_Taxi,2026-02-03 12:36:00,17.3,232.6,1.1,255.86,Completed
BK_003315,CUST_02159,Z101,Z304,Auto_Rickshaw,2026-02-08 23:13:00,27.2,529.6,1.0,529.6,Completed
BK_003316,CUST_03309,Z105,Z106,Auto_Rickshaw,2026-02-03 15:30:00,23.9,470.2,1.2,564.24,Completed
BK_003317,CUST_02245,Z302,Z202,Prime_Sedan,2026-03-14 08:10:00,7.1,268.8,2.4,645.12,Completed
BK_003318,CUST_02035,Z303,Z205,Bike_Taxi,2026-02-23 02:23:00,12.3,172.6,1.0,172.6,Completed
BK_003319,CUST_02698,Z204,Z103,Prime_Sedan,2026-02-27 05:23:00,21.0,658.0,1.0,658.0,Completed
BK_003320,CUST_02044,Z202,Z102,Bike_Taxi,2026-02-10 09:55:00,25.2,327.4,1.6,523.84,Completed
BK_003321,CUST_01958,Z102,Z303,Bike_Taxi,2026-02-06 07:16:00,24.1,314.2,1.2,377.04,Completed
BK_003322,CUST_01901,Z103,Z305,Auto_Rickshaw,2026-03-15 12:17:00,28.3,549.4,1.1,604.34,Completed
BK_003323,CUST_01632,Z201,Z202,Prime_Sedan,2026-03-13 15:11:00,26.2,803.6,1.1,883.96,Driver_Cancelled
BK_003324,CUST_02458,Z302,Z204,Prime_Sedan,2026-02-12 03:53:00,10.5,364.0,1.0,364.0,Completed
BK_003325,CUST_03144,Z206,Z201,Prime_Sedan,2026-02-28 04:26:00,6.7,257.6,1.2,309.12,Driver_Cancelled
BK_003326,CUST_03058,Z202,Z105,EV_Sedan,2026-02-03 20:53:00,14.8,449.8,1.4,629.72,Completed
BK_003327,CUST_02964,Z105,Z305,Prime_Sedan,2026-03-13 23:33:00,18.5,588.0,1.1,646.8,Completed
BK_003328,CUST_02822,Z206,Z204,Auto_Rickshaw,2026-03-10 13:41:00,16.5,337.0,1.0,337.0,Completed
BK_003329,CUST_03283,Z205,Z206,Auto_Rickshaw,2026-03-06 05:24:00,3.2,97.6,1.0,97.6,Completed
BK_003330,CUST_02241,Z203,Z204,Prime_Sedan,2026-02-23 14:37:00,2.6,142.8,1.2,171.36,Completed
BK_003331,CUST_01552,Z106,Z104,EV_Sedan,2026-03-06 03:14:00,11.0,351.0,1.1,386.1,Completed
BK_003332,CUST_03352,Z103,Z101,Auto_Rickshaw,2026-03-16 23:50:00,2.7,88.6,1.0,88.6,Completed
BK_003333,CUST_01706,Z204,Z303,Prime_Sedan,2026-02-16 02:52:00,6.5,252.0,1.0,252.0,Completed
BK_003334,CUST_01852,Z101,Z107,Bike_Taxi,2026-02-08 10:58:00,14.6,200.2,1.6,320.32,Completed
BK_003335,CUST_01852,Z107,Z204,Auto_Rickshaw,2026-02-17 20:02:00,17.1,347.8,2.1,730.38,Completed
BK_003336,CUST_03451,Z102,Z204,Prime_Sedan,2026-03-13 01:31:00,22.0,686.0,1.0,686.0,Completed
BK_003337,CUST_02429,Z301,Z203,Bike_Taxi,2026-03-08 06:39:00,16.6,224.2,1.2,269.04,Rider_Cancelled
BK_003338,CUST_02711,Z205,Z204,EV_Sedan,2026-03-04 01:26:00,21.3,618.8,1.1,680.68,Completed
BK_003339,CUST_02148,Z204,Z103,EV_Sedan,2026-02-05 18:36:00,10.6,340.6,1.6,544.96,Completed
BK_003340,CUST_02463,Z102,Z103,Prime_Sedan,2026-03-08 23:36:00,13.1,436.8,1.0,436.8,Completed
BK_003341,CUST_01419,Z301,Z105,EV_Sedan,2026-03-07 23:25:00,2.5,130.0,1.1,143.0,Driver_Cancelled
BK_003342,CUST_01647,Z106,Z205,EV_Sedan,2026-02-09 04:54:00,22.4,647.4,1.0,647.4,Driver_Cancelled
BK_003343,CUST_03380,Z203,Z202,Auto_Rickshaw,2026-03-05 02:31:00,25.8,504.4,1.1,554.84,Completed
BK_003344,CUST_01376,Z204,Z104,Auto_Rickshaw,2026-02-07 05:41:00,9.7,214.6,1.2,257.52,Completed
BK_003345,CUST_02358,Z304,Z203,Bike_Taxi,2026-02-27 05:07:00,13.8,190.6,1.2,228.72,Completed
BK_003346,CUST_02318,Z103,Z106,Bike_Taxi,2026-02-01 13:39:00,4.2,75.4,1.2,90.48,Completed
BK_003347,CUST_01979,Z107,Z302,Bike_Taxi,2026-03-11 23:05:00,26.7,345.4,1.0,345.4,Completed
BK_003348,CUST_02853,Z202,Z102,Prime_Sedan,2026-02-02 12:34:00,12.0,406.0,1.0,406.0,Completed
BK_003349,CUST_02228,Z106,Z101,Bike_Taxi,2026-03-04 00:16:00,23.7,309.4,1.2,371.28,Driver_Cancelled
BK_003350,CUST_02668,Z204,Z202,EV_Sedan,2026-02-27 04:53:00,16.7,499.2,1.0,499.2,Completed
BK_003351,CUST_03351,Z107,Z303,EV_Sedan,2026-02-18 01:46:00,28.0,793.0,1.1,872.3,ETA_Timeout
BK_003352,CUST_02814,Z206,Z101,Bike_Taxi,2026-03-18 04:00:00,26.1,338.2,1.1,372.02,Completed
BK_003353,CUST_02556,Z204,Z206,Bike_Taxi,2026-02-28 00:13:00,15.1,206.2,1.0,206.2,Completed
BK_003354,CUST_02535,Z206,Z202,Auto_Rickshaw,2026-02-28 11:12:00,25.5,499.0,1.2,598.8,Driver_Cancelled
BK_003355,CUST_02740,Z104,Z101,Auto_Rickshaw,2026-02-01 17:45:00,11.7,250.6,1.4,350.84,Completed
BK_003356,CUST_03391,Z104,Z205,Auto_Rickshaw,2026-03-16 13:16:00,20.8,414.4,1.1,455.84,Completed
BK_003357,CUST_03426,Z103,Z202,Prime_Sedan,2026-03-06 13:57:00,25.7,789.6,1.2,947.52,Completed
BK_003358,CUST_01492,Z201,Z202,Bike_Taxi,2026-03-09 11:51:00,25.3,328.6,1.8,591.48,Rider_Cancelled
BK_003359,CUST_01385,Z202,Z201,Bike_Taxi,2026-02-08 19:46:00,18.9,251.8,1.6,402.88,Completed
BK_003360,CUST_01983,Z201,Z305,Bike_Taxi,2026-02-23 08:05:00,24.4,317.8,2.1,667.38,Driver_Cancelled
BK_003361,CUST_01706,Z106,Z102,Prime_Sedan,2026-03-11 01:10:00,7.2,271.6,1.2,325.92,Completed
BK_003362,CUST_03110,Z305,Z104,EV_Sedan,2026-02-20 03:42:00,14.9,452.4,1.0,452.4,Driver_Cancelled
BK_003363,CUST_01579,Z204,Z101,EV_Sedan,2026-02-01 22:13:00,10.2,330.2,1.0,330.2,Completed
BK_003364,CUST_01392,Z201,Z304,Bike_Taxi,2026-02-23 15:36:00,9.2,135.4,1.0,135.4,Completed
BK_003365,CUST_03040,Z201,Z202,Prime_Sedan,2026-02-12 10:37:00,8.5,308.0,1.6,492.8,Completed
BK_003366,CUST_02714,Z305,Z205,Auto_Rickshaw,2026-02-14 08:18:00,4.6,122.8,1.8,221.04,Completed
BK_003367,CUST_02098,Z101,Z303,Prime_Sedan,2026-03-11 11:15:00,13.8,456.4,2.4,1095.36,Driver_Cancelled
BK_003368,CUST_01873,Z206,Z105,Auto_Rickshaw,2026-03-10 22:32:00,5.5,139.0,1.2,166.8,Completed
BK_003369,CUST_03220,Z204,Z101,Bike_Taxi,2026-02-28 02:19:00,24.4,317.8,1.0,317.8,Completed
BK_003370,CUST_03433,Z302,Z105,EV_Sedan,2026-02-17 06:15:00,24.4,699.4,1.0,699.4,Completed
BK_003371,CUST_02478,Z301,Z201,EV_Sedan,2026-02-27 03:30:00,27.0,767.0,1.0,767.0,Driver_Cancelled
BK_003372,CUST_02162,Z203,Z202,EV_Sedan,2026-02-15 03:19:00,15.1,457.6,1.1,503.36,Completed
BK_003373,CUST_02221,Z206,Z204,Prime_Sedan,2026-03-12 14:21:00,25.8,792.4,1.0,792.4,Completed
BK_003374,CUST_02790,Z303,Z204,Auto_Rickshaw,2026-02-13 02:40:00,18.5,373.0,1.2,447.6,Completed
BK_003375,CUST_02030,Z105,Z107,EV_Sedan,2026-02-12 23:08:00,28.4,803.4,1.0,803.4,ETA_Timeout
BK_003376,CUST_01007,Z107,Z305,EV_Sedan,2026-03-04 01:54:00,22.2,642.2,1.0,642.2,Completed
BK_003377,CUST_02219,Z103,Z304,Bike_Taxi,2026-02-16 23:25:00,3.8,70.6,1.0,70.6,Completed
BK_003378,CUST_02868,Z107,Z202,Bike_Taxi,2026-03-16 18:15:00,5.0,85.0,1.6,136.0,Completed
BK_003379,CUST_02701,Z201,Z106,Auto_Rickshaw,2026-03-16 08:55:00,23.3,459.4,1.2,551.28,Driver_Cancelled
BK_003380,CUST_01250,Z305,Z304,Bike_Taxi,2026-02-17 00:39:00,16.2,219.4,1.2,263.28,Rider_Cancelled
BK_003381,CUST_03300,Z104,Z304,EV_Sedan,2026-03-10 11:22:00,9.9,322.4,2.4,773.76,Driver_Cancelled
BK_003382,CUST_02046,Z107,Z201,EV_Sedan,2026-03-03 04:44:00,11.3,358.8,1.2,430.56,Driver_Cancelled
BK_003383,CUST_02163,Z302,Z104,EV_Sedan,2026-03-08 05:34:00,5.8,215.8,1.2,258.96,Completed
BK_003384,CUST_01803,Z102,Z101,Auto_Rickshaw,2026-03-01 03:27:00,8.3,189.4,1.0,189.4,Completed
BK_003385,CUST_01700,Z203,Z202,Auto_Rickshaw,2026-02-23 02:25:00,24.3,477.4,1.2,572.88,Completed
BK_003386,CUST_03459,Z103,Z102,Auto_Rickshaw,2026-02-07 22:00:00,17.3,351.4,1.0,351.4,Completed
BK_003387,CUST_02805,Z206,Z103,Bike_Taxi,2026-02-17 10:28:00,4.7,81.4,1.4,113.96,Rider_Cancelled
BK_003388,CUST_03076,Z205,Z104,EV_Sedan,2026-02-20 15:33:00,24.7,707.2,1.1,777.92,Completed
BK_003389,CUST_02912,Z302,Z206,Auto_Rickshaw,2026-02-03 22:32:00,8.3,189.4,1.0,189.4,Completed
BK_003390,CUST_03202,Z205,Z304,Auto_Rickshaw,2026-03-12 10:22:00,17.7,358.6,1.6,573.76,Rider_Cancelled
BK_003391,CUST_02107,Z302,Z103,Prime_Sedan,2026-03-07 03:50:00,23.4,725.2,1.2,870.24,Completed
BK_003392,CUST_03196,Z106,Z201,Prime_Sedan,2026-02-19 18:36:00,27.8,848.4,1.4,1187.76,Completed
BK_003393,CUST_01216,Z105,Z301,Auto_Rickshaw,2026-02-08 04:59:00,3.1,95.8,1.0,95.8,Completed
BK_003394,CUST_03359,Z106,Z205,Bike_Taxi,2026-02-14 01:18:00,27.3,352.6,1.1,387.86,Completed
BK_003395,CUST_03438,Z102,Z201,Auto_Rickshaw,2026-02-18 18:23:00,11.7,250.6,1.6,400.96,Completed
BK_003396,CUST_02851,Z206,Z105,Auto_Rickshaw,2026-02-08 20:48:00,12.6,266.8,1.8,480.24,Completed
BK_003397,CUST_02206,Z106,Z102,Prime_Sedan,2026-02-17 15:14:00,9.3,330.4,1.2,396.48,ETA_Timeout
BK_003398,CUST_02501,Z203,Z303,Auto_Rickshaw,2026-02-25 11:31:00,9.6,212.8,1.2,255.36,Completed
BK_003399,CUST_01910,Z103,Z105,EV_Sedan,2026-02-20 17:42:00,11.5,364.0,1.2,436.8,Driver_Cancelled
BK_003400,CUST_03470,Z205,Z106,Bike_Taxi,2026-03-15 10:30:00,22.6,296.2,1.2,355.44,Completed
BK_003401,CUST_01876,Z302,Z102,EV_Sedan,2026-03-05 06:40:00,24.3,696.8,1.2,836.16,Completed
BK_003402,CUST_02750,Z202,Z205,Prime_Sedan,2026-02-13 05:10:00,12.2,411.6,1.2,493.92,Completed
BK_003403,CUST_03380,Z102,Z204,Prime_Sedan,2026-02-10 22:38:00,23.2,719.6,1.1,791.56,Completed
BK_003404,CUST_03141,Z301,Z304,Prime_Sedan,2026-03-15 09:53:00,8.5,308.0,1.4,431.2,Completed
BK_003405,CUST_02529,Z104,Z105,Bike_Taxi,2026-03-11 18:11:00,20.2,267.4,2.1,561.54,Rider_Cancelled
BK_003406,CUST_02976,Z103,Z106,Prime_Sedan,2026-02-22 08:59:00,8.1,296.8,1.6,474.88,Rider_Cancelled
BK_003407,CUST_01602,Z205,Z301,EV_Sedan,2026-02-09 22:06:00,23.3,670.8,1.0,670.8,Completed
BK_003408,CUST_02542,Z103,Z202,Bike_Taxi,2026-03-04 09:06:00,4.2,75.4,2.4,180.96,Completed
BK_003409,CUST_01291,Z102,Z201,Prime_Sedan,2026-02-20 16:48:00,16.3,526.4,1.1,579.04,Completed
BK_003410,CUST_01164,Z103,Z104,Auto_Rickshaw,2026-02-22 00:08:00,25.5,499.0,1.0,499.0,Completed
BK_003411,CUST_03261,Z302,Z304,Bike_Taxi,2026-03-09 15:28:00,8.1,122.2,1.0,122.2,Completed
BK_003412,CUST_01194,Z103,Z102,Bike_Taxi,2026-02-01 23:43:00,14.7,201.4,1.1,221.54,Completed
BK_003413,CUST_02562,Z103,Z101,Prime_Sedan,2026-02-18 10:47:00,16.2,523.6,1.2,628.32,Completed
BK_003414,CUST_01576,Z105,Z104,Prime_Sedan,2026-02-08 22:53:00,25.2,775.6,1.1,853.16,Rider_Cancelled
BK_003415,CUST_01393,Z102,Z105,Bike_Taxi,2026-03-15 05:50:00,21.6,284.2,1.0,284.2,Completed
BK_003416,CUST_01266,Z102,Z105,Prime_Sedan,2026-02-14 01:35:00,4.6,198.8,1.2,238.56,Driver_Cancelled
BK_003417,CUST_01736,Z305,Z105,EV_Sedan,2026-03-07 02:18:00,5.4,205.4,1.0,205.4,Completed
BK_003418,CUST_02828,Z105,Z104,Bike_Taxi,2026-02-04 02:43:00,25.1,326.2,1.1,358.82,Completed
BK_003419,CUST_02129,Z106,Z103,Prime_Sedan,2026-03-11 16:24:00,26.3,806.4,1.2,967.68,Driver_Cancelled
BK_003420,CUST_03150,Z102,Z205,EV_Sedan,2026-03-04 21:28:00,18.6,548.6,1.8,987.48,ETA_Timeout
BK_003421,CUST_01009,Z106,Z204,Auto_Rickshaw,2026-02-07 16:43:00,13.4,281.2,1.0,281.2,Completed
BK_003422,CUST_01512,Z107,Z105,Auto_Rickshaw,2026-02-01 08:36:00,12.9,272.2,1.4,381.08,Completed
BK_003423,CUST_02148,Z203,Z305,Prime_Sedan,2026-03-13 12:01:00,15.8,512.4,1.0,512.4,Completed
BK_003424,CUST_01944,Z102,Z301,Prime_Sedan,2026-02-20 05:55:00,22.2,691.6,1.1,760.76,Completed
BK_003425,CUST_03499,Z103,Z102,EV_Sedan,2026-02-12 22:43:00,28.1,795.6,1.1,875.16,Completed
BK_003426,CUST_02668,Z205,Z303,Prime_Sedan,2026-02-22 06:25:00,20.4,641.2,1.0,641.2,Rider_Cancelled
BK_003427,CUST_02412,Z107,Z203,EV_Sedan,2026-02-08 20:44:00,21.9,634.4,1.8,1141.92,Completed
BK_003428,CUST_02919,Z206,Z302,EV_Sedan,2026-03-16 23:31:00,22.2,642.2,1.0,642.2,Completed
BK_003429,CUST_02251,Z204,Z202,Prime_Sedan,2026-03-02 17:23:00,25.7,789.6,1.2,947.52,Completed
BK_003430,CUST_02471,Z107,Z106,Prime_Sedan,2026-03-17 23:57:00,28.0,854.0,1.0,854.0,Completed
BK_003431,CUST_03146,Z301,Z205,Prime_Sedan,2026-03-08 07:26:00,10.4,361.2,1.1,397.32,Rider_Cancelled
BK_003432,CUST_01906,Z305,Z101,Bike_Taxi,2026-02-06 09:28:00,23.5,307.0,1.4,429.8,Completed
BK_003433,CUST_01407,Z203,Z103,Bike_Taxi,2026-02-06 11:49:00,22.0,289.0,1.2,346.8,Completed
BK_003434,CUST_01464,Z205,Z303,Bike_Taxi,2026-03-13 02:03:00,3.5,67.0,1.1,73.7,Driver_Cancelled
BK_003435,CUST_03459,Z302,Z205,Auto_Rickshaw,2026-02-02 06:46:00,23.8,468.4,1.0,468.4,Completed
BK_003436,CUST_01255,Z101,Z203,Auto_Rickshaw,2026-02-14 16:06:00,3.4,101.2,1.0,101.2,Completed
BK_003437,CUST_02692,Z107,Z101,Auto_Rickshaw,2026-03-11 05:10:00,12.4,263.2,1.2,315.84,Completed
BK_003438,CUST_02268,Z201,Z103,Auto_Rickshaw,2026-03-07 05:29:00,11.3,243.4,1.0,243.4,Driver_Cancelled
BK_003439,CUST_02132,Z104,Z203,EV_Sedan,2026-03-11 23:00:00,21.3,618.8,1.0,618.8,Completed
BK_003440,CUST_02153,Z107,Z305,Auto_Rickshaw,2026-03-06 15:23:00,25.2,493.6,1.0,493.6,Completed
BK_003441,CUST_01210,Z205,Z203,EV_Sedan,2026-03-03 03:13:00,8.9,296.4,1.1,326.04,Driver_Cancelled
BK_003442,CUST_02377,Z105,Z305,Auto_Rickshaw,2026-03-16 10:10:00,23.3,459.4,2.1,964.74,Completed
BK_003443,CUST_01767,Z203,Z205,Auto_Rickshaw,2026-02-16 22:38:00,21.4,425.2,1.0,425.2,Rider_Cancelled
BK_003444,CUST_01088,Z101,Z105,Auto_Rickshaw,2026-02-14 21:54:00,5.6,140.8,2.4,337.92,Driver_Cancelled
BK_003445,CUST_03158,Z204,Z202,Prime_Sedan,2026-02-18 04:03:00,21.3,666.4,1.0,666.4,Completed
BK_003446,CUST_01971,Z204,Z201,EV_Sedan,2026-03-15 09:51:00,3.3,150.8,2.4,361.92,Driver_Cancelled
BK_003447,CUST_02419,Z205,Z107,Auto_Rickshaw,2026-02-28 07:43:00,25.0,490.0,1.0,490.0,Completed
BK_003448,CUST_01648,Z203,Z206,Prime_Sedan,2026-02-25 09:48:00,23.5,728.0,2.4,1747.2,Completed
BK_003449,CUST_02495,Z305,Z107,Bike_Taxi,2026-02-19 23:12:00,24.1,314.2,1.0,314.2,Completed
BK_003450,CUST_01287,Z302,Z103,EV_Sedan,2026-02-11 18:17:00,11.6,366.6,1.6,586.56,Completed
BK_003451,CUST_02355,Z301,Z106,Bike_Taxi,2026-03-06 02:09:00,18.4,245.8,1.1,270.38,Driver_Cancelled
BK_003452,CUST_01828,Z104,Z302,EV_Sedan,2026-02-05 00:03:00,19.2,564.2,1.0,564.2,Completed
BK_003453,CUST_02972,Z204,Z104,Prime_Sedan,2026-02-15 13:30:00,19.6,618.8,1.0,618.8,Driver_Cancelled
BK_003454,CUST_03417,Z302,Z205,Auto_Rickshaw,2026-02-02 21:27:00,18.5,373.0,1.8,671.4,Completed
BK_003455,CUST_02194,Z103,Z302,EV_Sedan,2026-02-14 05:59:00,7.8,267.8,1.2,321.36,Driver_Cancelled
BK_003456,CUST_02311,Z206,Z204,Prime_Sedan,2026-02-15 10:58:00,12.6,422.8,1.2,507.36,Driver_Cancelled
BK_003457,CUST_01170,Z206,Z101,EV_Sedan,2026-03-05 19:48:00,9.0,299.0,1.4,418.6,Completed
BK_003458,CUST_02451,Z206,Z103,Auto_Rickshaw,2026-02-10 07:39:00,21.6,428.8,1.0,428.8,Completed
BK_003459,CUST_02262,Z107,Z101,EV_Sedan,2026-02-01 10:20:00,22.8,657.8,1.8,1184.04,Rider_Cancelled
BK_003460,CUST_02192,Z104,Z204,Auto_Rickshaw,2026-03-14 03:37:00,25.1,491.8,1.1,540.98,Completed
BK_003461,CUST_02776,Z107,Z102,EV_Sedan,2026-02-16 09:11:00,14.5,442.0,1.8,795.6,Completed
BK_003462,CUST_01096,Z302,Z206,Bike_Taxi,2026-02-20 17:08:00,26.8,346.6,1.8,623.88,Completed
BK_003463,CUST_03101,Z301,Z205,Prime_Sedan,2026-02-17 00:04:00,12.5,420.0,1.0,420.0,ETA_Timeout
BK_003464,CUST_03034,Z202,Z104,EV_Sedan,2026-03-02 18:20:00,4.2,174.2,2.4,418.08,Driver_Cancelled
BK_003465,CUST_02065,Z107,Z302,EV_Sedan,2026-02-24 22:24:00,24.4,699.4,1.0,699.4,Completed
BK_003466,CUST_01433,Z206,Z107,EV_Sedan,2026-02-25 10:10:00,17.9,530.4,2.1,1113.84,Driver_Cancelled
BK_003467,CUST_01333,Z104,Z305,Auto_Rickshaw,2026-02-28 05:04:00,17.0,346.0,1.2,415.2,Driver_Cancelled
BK_003468,CUST_01527,Z104,Z302,Bike_Taxi,2026-02-16 09:08:00,24.5,319.0,1.2,382.8,Rider_Cancelled
BK_003469,CUST_02725,Z101,Z105,Bike_Taxi,2026-02-24 12:36:00,21.0,277.0,1.0,277.0,Completed
BK_003470,CUST_03124,Z201,Z106,Prime_Sedan,2026-02-24 11:27:00,25.2,775.6,1.2,930.72,Completed
BK_003471,CUST_02187,Z201,Z104,Auto_Rickshaw,2026-02-12 03:22:00,21.0,418.0,1.0,418.0,Driver_Cancelled
BK_003472,CUST_02748,Z106,Z206,EV_Sedan,2026-02-16 20:18:00,27.3,774.8,2.1,1627.08,Completed
BK_003473,CUST_02383,Z104,Z301,EV_Sedan,2026-02-11 00:17:00,14.3,436.8,1.2,524.16,Completed
BK_003474,CUST_02177,Z104,Z202,EV_Sedan,2026-03-08 22:34:00,7.4,257.4,1.0,257.4,Completed
BK_003475,CUST_02335,Z302,Z203,Bike_Taxi,2026-03-02 15:18:00,20.7,273.4,1.0,273.4,Completed
BK_003476,CUST_01434,Z105,Z205,EV_Sedan,2026-03-14 11:02:00,16.6,496.6,1.6,794.56,Completed
BK_003477,CUST_01272,Z107,Z204,Prime_Sedan,2026-03-08 00:39:00,3.9,179.2,1.1,197.12,Completed
BK_003478,CUST_02092,Z203,Z304,Auto_Rickshaw,2026-03-13 12:12:00,8.4,191.2,1.1,210.32,Completed
BK_003479,CUST_02080,Z103,Z101,Auto_Rickshaw,2026-02-20 13:02:00,24.0,472.0,1.0,472.0,Completed
BK_003480,CUST_02725,Z303,Z102,Bike_Taxi,2026-03-12 17:00:00,8.1,122.2,1.4,171.08,Completed
BK_003481,CUST_01832,Z303,Z104,Auto_Rickshaw,2026-03-07 08:29:00,28.1,545.8,1.2,654.96,Completed
BK_003482,CUST_02956,Z104,Z304,Prime_Sedan,2026-02-10 06:22:00,8.0,294.0,1.0,294.0,Completed
BK_003483,CUST_02946,Z304,Z305,Auto_Rickshaw,2026-02-23 22:21:00,16.2,331.6,1.2,397.92,Completed
BK_003484,CUST_02906,Z303,Z103,Bike_Taxi,2026-02-05 18:05:00,14.4,197.8,1.6,316.48,Rider_Cancelled
BK_003485,CUST_01275,Z102,Z301,Auto_Rickshaw,2026-02-28 01:14:00,19.1,383.8,1.0,383.8,Completed
BK_003486,CUST_01545,Z303,Z305,Prime_Sedan,2026-03-17 00:56:00,16.0,518.0,1.1,569.8,Completed
BK_003487,CUST_01248,Z201,Z102,EV_Sedan,2026-03-13 05:15:00,9.3,306.8,1.0,306.8,Completed
BK_003488,CUST_01885,Z204,Z106,Auto_Rickshaw,2026-03-11 10:34:00,18.1,365.8,2.1,768.18,Completed
BK_003489,CUST_03212,Z202,Z106,Bike_Taxi,2026-03-07 14:50:00,3.9,71.8,1.2,86.16,Driver_Cancelled
BK_003490,CUST_02738,Z305,Z302,Auto_Rickshaw,2026-02-19 09:11:00,20.6,410.8,1.2,492.96,Completed
BK_003491,CUST_02315,Z206,Z103,Prime_Sedan,2026-02-14 00:38:00,11.5,392.0,1.0,392.0,Completed
BK_003492,CUST_02004,Z103,Z107,Prime_Sedan,2026-03-12 20:25:00,16.0,518.0,1.2,621.6,Completed
BK_003493,CUST_01132,Z107,Z301,Auto_Rickshaw,2026-03-05 20:29:00,25.5,499.0,1.6,798.4,Driver_Cancelled
BK_003494,CUST_01318,Z107,Z204,Auto_Rickshaw,2026-03-10 10:39:00,10.6,230.8,2.4,553.92,Completed
BK_003495,CUST_02968,Z303,Z203,Auto_Rickshaw,2026-03-06 08:42:00,5.1,131.8,1.4,184.52,Driver_Cancelled
BK_003496,CUST_03031,Z202,Z105,Bike_Taxi,2026-02-04 22:22:00,26.0,337.0,1.0,337.0,Driver_Cancelled
BK_003497,CUST_03009,Z301,Z201,Auto_Rickshaw,2026-02-04 21:34:00,9.6,212.8,1.4,297.92,Completed
BK_003498,CUST_01378,Z206,Z301,Bike_Taxi,2026-02-09 01:32:00,9.7,141.4,1.1,155.54,Completed
BK_003499,CUST_01878,Z302,Z305,Auto_Rickshaw,2026-02-18 04:21:00,5.0,130.0,1.1,143.0,Rider_Cancelled
BK_003500,CUST_01729,Z103,Z201,Bike_Taxi,2026-03-12 03:05:00,15.3,208.6,1.2,250.32,Completed
BK_003501,CUST_02797,Z301,Z106,Prime_Sedan,2026-03-06 18:31:00,11.3,386.4,1.6,618.24,Completed
BK_003502,CUST_02721,Z203,Z302,Auto_Rickshaw,2026-03-14 02:56:00,21.7,430.6,1.0,430.6,Completed
BK_003503,CUST_02114,Z107,Z106,Prime_Sedan,2026-02-01 14:25:00,6.8,260.4,1.0,260.4,Completed
BK_003504,CUST_03177,Z205,Z203,Bike_Taxi,2026-02-16 03:54:00,25.6,332.2,1.1,365.42,Completed
BK_003505,CUST_01912,Z105,Z106,Auto_Rickshaw,2026-02-09 03:17:00,12.1,257.8,1.0,257.8,Completed
BK_003506,CUST_03343,Z202,Z205,EV_Sedan,2026-02-18 01:59:00,5.0,195.0,1.1,214.5,Driver_Cancelled
BK_003507,CUST_02737,Z301,Z106,Bike_Taxi,2026-02-07 20:54:00,15.3,208.6,2.4,500.64,Completed
BK_003508,CUST_01250,Z102,Z106,Bike_Taxi,2026-02-12 20:36:00,9.6,140.2,1.6,224.32,Completed
BK_003509,CUST_01832,Z201,Z305,Prime_Sedan,2026-02-10 03:44:00,23.8,736.4,1.0,736.4,Completed
BK_003510,CUST_02833,Z107,Z302,Bike_Taxi,2026-03-17 05:57:00,26.2,339.4,1.2,407.28,Completed
BK_003511,CUST_02966,Z305,Z303,Bike_Taxi,2026-02-11 20:19:00,6.0,97.0,2.4,232.8,Completed
BK_003512,CUST_01855,Z203,Z106,EV_Sedan,2026-02-28 07:05:00,4.0,169.0,1.2,202.8,Completed
BK_003513,CUST_02842,Z206,Z303,Bike_Taxi,2026-02-22 01:03:00,27.5,355.0,1.1,390.5,Completed
BK_003514,CUST_03361,Z302,Z202,Auto_Rickshaw,2026-03-14 13:06:00,27.2,529.6,1.1,582.56,Completed
BK_003515,CUST_01647,Z202,Z105,EV_Sedan,2026-02-18 21:42:00,20.9,608.4,1.2,730.08,Completed
BK_003516,CUST_03481,Z104,Z302,Bike_Taxi,2026-03-07 13:53:00,8.0,121.0,1.1,133.1,Completed
BK_003517,CUST_03456,Z305,Z205,Prime_Sedan,2026-02-22 21:42:00,19.7,621.6,1.4,870.24,Completed
BK_003518,CUST_03150,Z101,Z102,EV_Sedan,2026-02-27 14:21:00,13.6,418.6,1.2,502.32,Rider_Cancelled
BK_003519,CUST_02283,Z101,Z205,Prime_Sedan,2026-02-04 04:46:00,10.6,366.8,1.0,366.8,Completed
BK_003520,CUST_01962,Z206,Z203,Prime_Sedan,2026-03-01 09:42:00,5.1,212.8,2.1,446.88,Completed
BK_003521,CUST_02759,Z203,Z301,Bike_Taxi,2026-03-06 11:51:00,22.2,291.4,2.4,699.36,Completed
BK_003522,CUST_01246,Z303,Z301,EV_Sedan,2026-03-09 21:12:00,22.4,647.4,2.1,1359.54,Driver_Cancelled
BK_003523,CUST_01159,Z204,Z104,Prime_Sedan,2026-02-12 17:24:00,25.1,772.8,1.6,1236.48,Completed
BK_003524,CUST_03040,Z204,Z101,Prime_Sedan,2026-02-03 17:42:00,18.4,585.2,1.2,702.24,Driver_Cancelled
BK_003525,CUST_02499,Z304,Z205,Auto_Rickshaw,2026-03-15 11:33:00,25.0,490.0,2.1,1029.0,Rider_Cancelled
BK_003526,CUST_02059,Z202,Z205,Prime_Sedan,2026-02-17 10:45:00,7.3,274.4,1.8,493.92,Completed
BK_003527,CUST_03343,Z205,Z103,EV_Sedan,2026-03-14 15:53:00,17.2,512.2,1.1,563.42,Completed
BK_003528,CUST_01055,Z205,Z302,Bike_Taxi,2026-02-28 10:53:00,2.8,58.6,1.6,93.76,Completed
BK_003529,CUST_02194,Z102,Z305,EV_Sedan,2026-03-02 17:55:00,14.3,436.8,1.2,524.16,Completed
BK_003530,CUST_02287,Z105,Z303,Prime_Sedan,2026-03-13 17:12:00,6.0,238.0,2.1,499.8,Completed
BK_003531,CUST_01194,Z204,Z301,Auto_Rickshaw,2026-03-12 14:07:00,21.8,432.4,1.0,432.4,Completed
BK_003532,CUST_02336,Z202,Z103,Auto_Rickshaw,2026-02-26 04:29:00,27.5,535.0,1.0,535.0,Completed
BK_003533,CUST_03047,Z102,Z206,Auto_Rickshaw,2026-02-12 18:52:00,10.5,229.0,2.1,480.9,Completed
BK_003534,CUST_02608,Z101,Z204,Bike_Taxi,2026-02-13 15:19:00,11.9,167.8,1.1,184.58,Driver_Cancelled
BK_003535,CUST_01906,Z204,Z102,Prime_Sedan,2026-02-20 05:31:00,24.9,767.2,1.1,843.92,Completed
BK_003536,CUST_02527,Z302,Z301,Bike_Taxi,2026-02-16 06:15:00,24.0,313.0,1.1,344.3,Completed
BK_003537,CUST_01782,Z204,Z105,Auto_Rickshaw,2026-02-05 00:16:00,23.5,463.0,1.2,555.6,Completed
BK_003538,CUST_01768,Z202,Z201,Prime_Sedan,2026-02-08 21:52:00,4.4,193.2,1.2,231.84,Completed
BK_003539,CUST_03262,Z104,Z202,EV_Sedan,2026-03-16 09:52:00,18.4,543.4,1.4,760.76,ETA_Timeout
BK_003540,CUST_01997,Z104,Z203,Bike_Taxi,2026-02-18 02:07:00,15.3,208.6,1.0,208.6,Rider_Cancelled
BK_003541,CUST_02265,Z206,Z107,EV_Sedan,2026-03-09 16:02:00,15.9,478.4,1.0,478.4,Completed
BK_003542,CUST_03177,Z102,Z205,Bike_Taxi,2026-03-15 03:03:00,3.3,64.6,1.2,77.52,Completed
BK_003543,CUST_02922,Z205,Z102,Bike_Taxi,2026-03-14 19:05:00,9.5,139.0,1.2,166.8,Completed
BK_003544,CUST_01437,Z203,Z305,Prime_Sedan,2026-03-17 20:16:00,11.5,392.0,2.1,823.2,Driver_Cancelled
BK_003545,CUST_02111,Z301,Z302,Prime_Sedan,2026-02-05 11:12:00,9.1,324.8,2.1,682.08,Completed
BK_003546,CUST_02602,Z301,Z205,EV_Sedan,2026-02-14 11:17:00,8.6,288.6,1.6,461.76,Driver_Cancelled
BK_003547,CUST_03039,Z303,Z301,EV_Sedan,2026-02-20 23:33:00,18.6,548.6,1.0,548.6,Completed
BK_003548,CUST_02753,Z106,Z107,Prime_Sedan,2026-02-18 14:22:00,15.8,512.4,1.1,563.64,Completed
BK_003549,CUST_02655,Z107,Z205,Prime_Sedan,2026-02-25 17:05:00,22.0,686.0,1.2,823.2,Completed
BK_003550,CUST_02820,Z101,Z107,Auto_Rickshaw,2026-02-23 07:54:00,14.8,306.4,1.2,367.68,Completed
BK_003551,CUST_02977,Z206,Z103,Prime_Sedan,2026-03-01 00:26:00,25.4,781.2,1.1,859.32,Completed
BK_003552,CUST_01493,Z107,Z205,Prime_Sedan,2026-03-04 22:27:00,2.9,151.2,1.1,166.32,Completed
BK_003553,CUST_01428,Z303,Z205,Auto_Rickshaw,2026-02-19 18:54:00,15.1,311.8,1.6,498.88,Completed
BK_003554,CUST_01354,Z304,Z102,EV_Sedan,2026-02-28 10:25:00,11.2,356.2,1.6,569.92,Completed
BK_003555,CUST_01025,Z103,Z302,Prime_Sedan,2026-03-11 16:51:00,3.7,173.6,1.0,173.6,Driver_Cancelled
BK_003556,CUST_03486,Z104,Z204,Bike_Taxi,2026-02-15 04:09:00,28.5,367.0,1.0,367.0,Completed
BK_003557,CUST_01448,Z206,Z203,Prime_Sedan,2026-02-04 17:39:00,8.4,305.2,1.6,488.32,Completed
BK_003558,CUST_01064,Z101,Z304,Prime_Sedan,2026-02-06 07:32:00,15.0,490.0,1.2,588.0,Completed
BK_003559,CUST_02339,Z305,Z107,Bike_Taxi,2026-02-25 22:42:00,12.5,175.0,1.1,192.5,Completed
BK_003560,CUST_01989,Z304,Z305,EV_Sedan,2026-03-13 12:33:00,24.0,689.0,1.0,689.0,Completed
BK_003561,CUST_02867,Z101,Z204,Auto_Rickshaw,2026-03-06 04:12:00,9.0,202.0,1.1,222.2,Completed
BK_003562,CUST_03096,Z103,Z305,Bike_Taxi,2026-02-23 01:38:00,3.9,71.8,1.0,71.8,Completed
BK_003563,CUST_01910,Z301,Z204,Prime_Sedan,2026-02-03 22:43:00,6.3,246.4,1.0,246.4,Completed
BK_003564,CUST_01673,Z301,Z205,Auto_Rickshaw,2026-02-13 02:10:00,3.9,110.2,1.2,132.24,Driver_Cancelled
BK_003565,CUST_03308,Z302,Z107,EV_Sedan,2026-03-08 05:48:00,5.0,195.0,1.0,195.0,Completed
BK_003566,CUST_01105,Z305,Z302,Auto_Rickshaw,2026-02-08 08:45:00,25.4,497.2,1.8,894.96,Driver_Cancelled
BK_003567,CUST_01993,Z104,Z301,Auto_Rickshaw,2026-02-14 11:48:00,18.3,369.4,1.2,443.28,Driver_Cancelled
BK_003568,CUST_02504,Z301,Z203,Auto_Rickshaw,2026-03-05 21:21:00,20.7,412.6,1.2,495.12,Rider_Cancelled
BK_003569,CUST_01167,Z102,Z302,Auto_Rickshaw,2026-02-07 00:53:00,6.8,162.4,1.2,194.88,Completed
BK_003570,CUST_03348,Z203,Z206,Prime_Sedan,2026-03-13 02:50:00,6.5,252.0,1.2,302.4,Completed
BK_003571,CUST_02631,Z205,Z204,EV_Sedan,2026-02-05 21:33:00,24.5,702.0,1.4,982.8,Driver_Cancelled
BK_003572,CUST_01827,Z305,Z107,Auto_Rickshaw,2026-02-20 17:39:00,13.5,283.0,1.8,509.4,Driver_Cancelled
BK_003573,CUST_01329,Z101,Z104,EV_Sedan,2026-02-08 21:07:00,8.9,296.4,1.4,414.96,Completed
BK_003574,CUST_02235,Z203,Z305,Auto_Rickshaw,2026-02-11 00:16:00,20.1,401.8,1.0,401.8,Completed
BK_003575,CUST_03302,Z105,Z206,Prime_Sedan,2026-02-08 02:35:00,8.1,296.8,1.0,296.8,Completed
BK_003576,CUST_01259,Z303,Z107,Prime_Sedan,2026-03-04 05:02:00,13.4,445.2,1.0,445.2,Driver_Cancelled
BK_003577,CUST_03352,Z105,Z203,EV_Sedan,2026-02-22 15:36:00,14.9,452.4,1.0,452.4,Completed
BK_003578,CUST_01665,Z106,Z104,Bike_Taxi,2026-03-05 19:46:00,17.6,236.2,1.4,330.68,Rider_Cancelled
BK_003579,CUST_01396,Z301,Z305,Auto_Rickshaw,2026-02-11 11:10:00,6.5,157.0,1.4,219.8,Completed
BK_003580,CUST_02690,Z105,Z104,EV_Sedan,2026-02-14 16:11:00,7.8,267.8,1.0,267.8,Completed
BK_003581,CUST_03023,Z305,Z304,Auto_Rickshaw,2026-03-10 02:31:00,20.2,403.6,1.0,403.6,Completed
BK_003582,CUST_01779,Z204,Z206,EV_Sedan,2026-03-09 08:16:00,18.4,543.4,1.6,869.44,Completed
BK_003583,CUST_02821,Z103,Z303,EV_Sedan,2026-02-12 12:09:00,20.8,605.8,1.0,605.8,Completed
BK_003584,CUST_01663,Z206,Z101,EV_Sedan,2026-03-13 06:37:00,11.1,353.6,1.0,353.6,Completed
BK_003585,CUST_03457,Z205,Z101,Bike_Taxi,2026-02-23 04:08:00,15.4,209.8,1.2,251.76,Completed
BK_003586,CUST_03328,Z203,Z303,Prime_Sedan,2026-02-13 16:02:00,7.0,266.0,1.1,292.6,Rider_Cancelled
BK_003587,CUST_01036,Z102,Z106,EV_Sedan,2026-02-14 09:44:00,11.3,358.8,1.2,430.56,Completed
BK_003588,CUST_01838,Z107,Z106,EV_Sedan,2026-03-13 06:41:00,5.9,218.4,1.1,240.24,Driver_Cancelled
BK_003589,CUST_02780,Z304,Z301,Prime_Sedan,2026-03-10 01:57:00,23.6,730.8,1.2,876.96,Driver_Cancelled
BK_003590,CUST_01286,Z103,Z301,Auto_Rickshaw,2026-02-08 14:28:00,21.0,418.0,1.0,418.0,Completed
BK_003591,CUST_02649,Z205,Z203,Auto_Rickshaw,2026-03-07 08:09:00,3.0,94.0,1.4,131.6,Completed
BK_003592,CUST_02889,Z204,Z302,EV_Sedan,2026-02-03 03:19:00,16.7,499.2,1.2,599.04,Completed
BK_003593,CUST_02073,Z202,Z205,Prime_Sedan,2026-02-08 20:28:00,6.9,263.2,2.4,631.68,Driver_Cancelled
BK_003594,CUST_02738,Z105,Z101,EV_Sedan,2026-03-07 16:24:00,5.3,202.8,1.2,243.36,Completed
BK_003595,CUST_02299,Z104,Z204,EV_Sedan,2026-03-07 03:54:00,2.6,132.6,1.0,132.6,Driver_Cancelled
BK_003596,CUST_01325,Z201,Z203,Prime_Sedan,2026-02-23 01:24:00,27.7,845.6,1.0,845.6,Completed
BK_003597,CUST_01556,Z204,Z202,Prime_Sedan,2026-03-04 14:55:00,9.9,347.2,1.0,347.2,Completed
BK_003598,CUST_02133,Z105,Z206,Auto_Rickshaw,2026-03-03 20:45:00,16.2,331.6,1.4,464.24,Completed
BK_003599,CUST_03245,Z305,Z104,Auto_Rickshaw,2026-02-08 18:43:00,22.9,452.2,1.4,633.08,Driver_Cancelled
BK_003600,CUST_02064,Z106,Z102,EV_Sedan,2026-02-28 19:18:00,6.7,239.2,1.8,430.56,Completed
BK_003601,CUST_02304,Z103,Z104,Bike_Taxi,2026-02-22 14:28:00,8.6,128.2,1.0,128.2,Completed
BK_003602,CUST_01211,Z203,Z201,EV_Sedan,2026-02-22 12:51:00,16.8,501.8,1.1,551.98,Completed
BK_003603,CUST_01931,Z101,Z102,Bike_Taxi,2026-02-10 08:07:00,27.2,351.4,1.4,491.96,Completed
BK_003604,CUST_01287,Z104,Z206,EV_Sedan,2026-02-05 09:52:00,15.6,470.6,2.1,988.26,Completed
BK_003605,CUST_02508,Z203,Z107,EV_Sedan,2026-02-02 01:14:00,28.4,803.4,1.2,964.08,Completed
BK_003606,CUST_02554,Z301,Z304,EV_Sedan,2026-02-05 06:04:00,10.5,338.0,1.0,338.0,Rider_Cancelled
BK_003607,CUST_01342,Z203,Z205,EV_Sedan,2026-02-08 22:20:00,22.1,639.6,1.0,639.6,Completed
BK_003608,CUST_03440,Z302,Z107,Auto_Rickshaw,2026-03-05 15:43:00,11.7,250.6,1.0,250.6,Completed
BK_003609,CUST_01001,Z206,Z203,Auto_Rickshaw,2026-02-01 13:07:00,4.8,126.4,1.1,139.04,Completed
BK_003610,CUST_02854,Z204,Z101,Prime_Sedan,2026-02-06 02:55:00,6.2,243.6,1.1,267.96,Completed
BK_003611,CUST_02559,Z206,Z107,Auto_Rickshaw,2026-03-10 14:53:00,6.8,162.4,1.1,178.64,Rider_Cancelled
BK_003612,CUST_02664,Z202,Z205,Auto_Rickshaw,2026-03-16 01:58:00,12.6,266.8,1.0,266.8,Completed
BK_003613,CUST_02583,Z304,Z301,EV_Sedan,2026-03-05 12:41:00,25.7,733.2,1.0,733.2,Completed
BK_003614,CUST_01388,Z302,Z101,Auto_Rickshaw,2026-02-09 00:47:00,5.6,140.8,1.1,154.88,Completed
BK_003615,CUST_02883,Z205,Z302,EV_Sedan,2026-03-16 12:36:00,21.7,629.2,1.0,629.2,Driver_Cancelled
BK_003616,CUST_02337,Z105,Z301,EV_Sedan,2026-02-02 13:56:00,25.4,725.4,1.1,797.94,Driver_Cancelled
BK_003617,CUST_02284,Z206,Z103,Bike_Taxi,2026-02-15 05:09:00,17.2,231.4,1.0,231.4,Completed
BK_003618,CUST_02851,Z304,Z102,EV_Sedan,2026-03-14 17:09:00,11.2,356.2,2.1,748.02,Rider_Cancelled
BK_003619,CUST_01225,Z201,Z204,Auto_Rickshaw,2026-03-06 17:49:00,21.7,430.6,2.4,1033.44,Rider_Cancelled
BK_003620,CUST_01754,Z102,Z106,EV_Sedan,2026-02-22 14:00:00,24.1,691.6,1.0,691.6,Completed
BK_003621,CUST_01571,Z105,Z102,EV_Sedan,2026-02-22 09:34:00,7.6,262.6,1.4,367.64,Driver_Cancelled
BK_003622,CUST_03267,Z105,Z202,EV_Sedan,2026-02-11 11:00:00,4.3,176.8,2.1,371.28,Driver_Cancelled
BK_003623,CUST_03387,Z303,Z304,Auto_Rickshaw,2026-03-15 02:10:00,18.1,365.8,1.0,365.8,Completed
BK_003624,CUST_01747,Z105,Z301,Auto_Rickshaw,2026-03-10 02:31:00,5.2,133.6,1.1,146.96,Completed
BK_003625,CUST_01096,Z206,Z305,Auto_Rickshaw,2026-02-04 04:32:00,23.5,463.0,1.0,463.0,Completed
BK_003626,CUST_01258,Z107,Z101,Auto_Rickshaw,2026-03-07 19:15:00,8.7,196.6,1.2,235.92,Completed
BK_003627,CUST_02795,Z301,Z201,Bike_Taxi,2026-03-13 21:12:00,18.8,250.6,1.4,350.84,ETA_Timeout
BK_003628,CUST_02862,Z202,Z205,Auto_Rickshaw,2026-02-03 15:40:00,8.7,196.6,1.0,196.6,Driver_Cancelled
BK_003629,CUST_03420,Z106,Z101,Auto_Rickshaw,2026-02-07 17:11:00,27.9,542.2,2.4,1301.28,Completed
BK_003630,CUST_01733,Z202,Z102,EV_Sedan,2026-02-24 21:34:00,28.0,793.0,2.4,1903.2,Completed
BK_003631,CUST_02978,Z203,Z103,Bike_Taxi,2026-02-02 23:08:00,13.2,183.4,1.0,183.4,Completed
BK_003632,CUST_03157,Z205,Z103,Bike_Taxi,2026-03-09 18:30:00,10.7,153.4,1.8,276.12,Completed
BK_003633,CUST_02962,Z104,Z201,Auto_Rickshaw,2026-02-09 00:20:00,23.1,455.8,1.2,546.96,Completed
BK_003634,CUST_01495,Z104,Z206,Prime_Sedan,2026-02-25 04:09:00,24.0,742.0,1.0,742.0,Completed
BK_003635,CUST_03087,Z106,Z305,Bike_Taxi,2026-02-28 04:49:00,22.9,299.8,1.0,299.8,Rider_Cancelled
BK_003636,CUST_01993,Z204,Z302,Auto_Rickshaw,2026-02-11 14:49:00,15.4,317.2,1.0,317.2,Completed
BK_003637,CUST_02920,Z304,Z302,EV_Sedan,2026-03-16 20:44:00,24.7,707.2,1.2,848.64,Completed
BK_003638,CUST_01052,Z202,Z304,EV_Sedan,2026-02-11 20:03:00,7.3,254.8,1.2,305.76,Completed
BK_003639,CUST_02233,Z201,Z101,Prime_Sedan,2026-02-13 17:18:00,12.4,417.2,1.6,667.52,Completed
BK_003640,CUST_01088,Z103,Z303,Auto_Rickshaw,2026-02-20 08:31:00,8.9,200.2,2.1,420.42,Completed
BK_003641,CUST_01108,Z302,Z206,EV_Sedan,2026-03-12 08:10:00,14.9,452.4,1.8,814.32,Completed
BK_003642,CUST_01127,Z304,Z303,Prime_Sedan,2026-02-07 00:08:00,22.5,700.0,1.2,840.0,Rider_Cancelled
BK_003643,CUST_02595,Z206,Z105,Auto_Rickshaw,2026-02-11 13:12:00,25.8,504.4,1.0,504.4,Completed
BK_003644,CUST_03338,Z301,Z107,Prime_Sedan,2026-03-02 20:06:00,3.2,159.6,1.8,287.28,ETA_Timeout
BK_003645,CUST_01305,Z301,Z101,Bike_Taxi,2026-03-16 12:01:00,27.3,352.6,1.0,352.6,Completed
BK_003646,CUST_02735,Z304,Z206,Auto_Rickshaw,2026-02-12 07:11:00,5.1,131.8,1.1,144.98,Completed
BK_003647,CUST_02249,Z303,Z102,EV_Sedan,2026-03-08 16:53:00,4.8,189.8,1.0,189.8,Rider_Cancelled
BK_003648,CUST_02302,Z206,Z205,Bike_Taxi,2026-02-18 17:32:00,5.1,86.2,2.4,206.88,Completed
BK_003649,CUST_01487,Z105,Z102,Auto_Rickshaw,2026-03-15 21:40:00,5.2,133.6,1.8,240.48,Driver_Cancelled
BK_003650,CUST_02383,Z304,Z107,Prime_Sedan,2026-03-08 01:48:00,15.3,498.4,1.0,498.4,Completed
BK_003651,CUST_02886,Z301,Z103,EV_Sedan,2026-02-17 03:40:00,7.4,257.4,1.0,257.4,Driver_Cancelled
BK_003652,CUST_01194,Z304,Z301,Bike_Taxi,2026-02-04 05:37:00,20.0,265.0,1.2,318.0,Completed
BK_003653,CUST_01660,Z303,Z205,Auto_Rickshaw,2026-02-11 02:54:00,20.5,409.0,1.0,409.0,Completed
BK_003654,CUST_01031,Z102,Z202,EV_Sedan,2026-02-23 13:11:00,16.9,504.4,1.1,554.84,Driver_Cancelled
BK_003655,CUST_02246,Z102,Z205,EV_Sedan,2026-02-20 22:34:00,6.3,228.8,1.0,228.8,Completed
BK_003656,CUST_01586,Z302,Z101,Auto_Rickshaw,2026-02-13 14:15:00,12.8,270.4,1.1,297.44,Driver_Cancelled
BK_003657,CUST_01791,Z304,Z301,Prime_Sedan,2026-03-13 08:10:00,12.4,417.2,1.6,667.52,Completed
BK_003658,CUST_02866,Z302,Z204,Bike_Taxi,2026-02-09 16:18:00,21.1,278.2,1.2,333.84,Completed
BK_003659,CUST_03213,Z302,Z103,EV_Sedan,2026-03-03 19:34:00,5.0,195.0,2.4,468.0,Completed
BK_003660,CUST_02384,Z204,Z102,Prime_Sedan,2026-02-15 21:49:00,9.4,333.2,1.8,599.76,Rider_Cancelled
BK_003661,CUST_03199,Z305,Z206,Prime_Sedan,2026-02-21 08:40:00,25.0,770.0,2.1,1617.0,Completed
BK_003662,CUST_02224,Z106,Z101,Auto_Rickshaw,2026-02-05 20:34:00,24.2,475.6,1.4,665.84,Driver_Cancelled
BK_003663,CUST_03262,Z106,Z103,Auto_Rickshaw,2026-03-15 19:56:00,10.1,221.8,1.6,354.88,Completed
BK_003664,CUST_01884,Z301,Z106,Bike_Taxi,2026-02-23 03:57:00,3.7,69.4,1.0,69.4,Completed
BK_003665,CUST_01732,Z103,Z102,EV_Sedan,2026-03-12 15:06:00,10.2,330.2,1.2,396.24,Completed
BK_003666,CUST_03320,Z101,Z104,Auto_Rickshaw,2026-03-04 21:12:00,24.5,481.0,2.4,1154.4,Rider_Cancelled
BK_003667,CUST_02827,Z301,Z103,EV_Sedan,2026-02-22 10:18:00,5.6,210.6,1.2,252.72,Completed
BK_003668,CUST_01545,Z103,Z102,EV_Sedan,2026-03-17 19:39:00,6.2,226.2,2.4,542.88,Completed
BK_003669,CUST_02052,Z203,Z202,Prime_Sedan,2026-02-04 14:29:00,24.6,758.8,1.0,758.8,Driver_Cancelled
BK_003670,CUST_01976,Z102,Z206,Auto_Rickshaw,2026-03-06 08:09:00,15.4,317.2,1.8,570.96,Completed
BK_003671,CUST_03312,Z101,Z205,Prime_Sedan,2026-02-10 01:46:00,5.6,226.8,1.1,249.48,Completed
BK_003672,CUST_01887,Z105,Z203,Auto_Rickshaw,2026-02-24 21:20:00,24.1,473.8,2.1,994.98,Completed
BK_003673,CUST_02540,Z206,Z204,Auto_Rickshaw,2026-02-10 13:22:00,5.5,139.0,1.0,139.0,Driver_Cancelled
BK_003674,CUST_02715,Z305,Z304,Auto_Rickshaw,2026-03-17 12:17:00,25.6,500.8,1.2,600.96,Completed
BK_003675,CUST_03250,Z205,Z301,Bike_Taxi,2026-03-10 15:23:00,4.8,82.6,1.0,82.6,Completed
BK_003676,CUST_01374,Z206,Z205,Prime_Sedan,2026-02-07 19:42:00,27.9,851.2,1.4,1191.68,Completed
BK_003677,CUST_02122,Z203,Z304,Auto_Rickshaw,2026-03-03 12:30:00,10.3,225.4,1.1,247.94,Rider_Cancelled
BK_003678,CUST_01317,Z101,Z201,Auto_Rickshaw,2026-02-04 07:31:00,24.7,484.6,1.2,581.52,ETA_Timeout
BK_003679,CUST_01734,Z303,Z304,Auto_Rickshaw,2026-03-13 00:16:00,27.7,538.6,1.2,646.32,Driver_Cancelled
BK_003680,CUST_02159,Z106,Z101,Bike_Taxi,2026-02-16 07:00:00,14.7,201.4,1.0,201.4,Rider_Cancelled
BK_003681,CUST_01591,Z103,Z301,Auto_Rickshaw,2026-02-10 18:32:00,11.1,239.8,1.6,383.68,Completed
BK_003682,CUST_01957,Z304,Z105,Auto_Rickshaw,2026-03-01 20:37:00,19.2,385.6,2.1,809.76,Completed
BK_003683,CUST_02039,Z301,Z302,Bike_Taxi,2026-03-10 00:18:00,15.3,208.6,1.0,208.6,Driver_Cancelled
BK_003684,CUST_01971,Z301,Z303,EV_Sedan,2026-02-02 22:24:00,12.1,379.6,1.0,379.6,Driver_Cancelled
BK_003685,CUST_02263,Z103,Z106,Prime_Sedan,2026-02-13 05:13:00,11.2,383.6,1.1,421.96,Completed
BK_003686,CUST_01470,Z206,Z201,EV_Sedan,2026-02-07 14:27:00,6.6,236.6,1.0,236.6,Rider_Cancelled
BK_003687,CUST_01878,Z103,Z305,Auto_Rickshaw,2026-02-03 12:49:00,4.6,122.8,1.0,122.8,Completed
BK_003688,CUST_02364,Z205,Z303,EV_Sedan,2026-03-04 09:35:00,10.0,325.0,1.8,585.0,Completed
BK_003689,CUST_03252,Z201,Z302,Prime_Sedan,2026-02-19 00:13:00,18.7,593.6,1.2,712.32,Completed
BK_003690,CUST_01846,Z105,Z303,EV_Sedan,2026-03-13 20:54:00,9.6,314.6,1.6,503.36,Completed
BK_003691,CUST_02608,Z304,Z202,Prime_Sedan,2026-02-17 01:46:00,18.1,576.8,1.2,692.16,Completed
BK_003692,CUST_02192,Z206,Z204,EV_Sedan,2026-02-24 02:21:00,7.1,249.6,1.2,299.52,Completed
BK_003693,CUST_01573,Z102,Z107,Prime_Sedan,2026-02-22 02:50:00,20.3,638.4,1.0,638.4,Driver_Cancelled
BK_003694,CUST_01328,Z105,Z106,EV_Sedan,2026-02-02 23:34:00,11.4,361.4,1.0,361.4,Completed
BK_003695,CUST_02191,Z104,Z301,EV_Sedan,2026-03-03 16:57:00,28.4,803.4,1.0,803.4,Completed
BK_003696,CUST_01190,Z107,Z106,Bike_Taxi,2026-02-08 11:02:00,3.2,63.4,2.4,152.16,Completed
BK_003697,CUST_02730,Z202,Z201,Prime_Sedan,2026-02-04 18:47:00,6.1,240.8,1.2,288.96,ETA_Timeout
BK_003698,CUST_03232,Z205,Z202,Auto_Rickshaw,2026-02-12 07:05:00,27.4,533.2,1.1,586.52,Completed
BK_003699,CUST_02398,Z301,Z105,Auto_Rickshaw,2026-02-07 13:23:00,4.9,128.2,1.0,128.2,Completed
BK_003700,CUST_01690,Z107,Z101,Prime_Sedan,2026-02-22 23:12:00,9.4,333.2,1.2,399.84,Completed
BK_003701,CUST_02230,Z202,Z205,Bike_Taxi,2026-02-14 22:09:00,19.5,259.0,1.1,284.9,Rider_Cancelled
BK_003702,CUST_01945,Z104,Z206,EV_Sedan,2026-03-10 00:50:00,8.0,273.0,1.1,300.3,Completed
BK_003703,CUST_03343,Z202,Z302,EV_Sedan,2026-02-25 07:04:00,15.9,478.4,1.0,478.4,Completed
BK_003704,CUST_01554,Z206,Z107,Prime_Sedan,2026-03-04 06:07:00,11.6,394.8,1.0,394.8,Driver_Cancelled
BK_003705,CUST_01291,Z105,Z301,EV_Sedan,2026-02-15 03:54:00,21.9,634.4,1.0,634.4,Completed
BK_003706,CUST_03002,Z201,Z302,Auto_Rickshaw,2026-03-17 15:53:00,17.3,351.4,1.1,386.54,Completed
BK_003707,CUST_03307,Z206,Z202,EV_Sedan,2026-02-11 06:59:00,13.3,410.8,1.0,410.8,Completed
BK_003708,CUST_01022,Z102,Z101,EV_Sedan,2026-02-03 01:47:00,7.1,249.6,1.2,299.52,ETA_Timeout
BK_003709,CUST_02471,Z201,Z105,Bike_Taxi,2026-03-07 08:58:00,16.6,224.2,1.4,313.88,Completed
BK_003710,CUST_01291,Z302,Z104,Bike_Taxi,2026-03-11 06:54:00,9.9,143.8,1.0,143.8,Driver_Cancelled
BK_003711,CUST_02908,Z205,Z104,EV_Sedan,2026-03-08 05:55:00,7.5,260.0,1.0,260.0,Completed
BK_003712,CUST_02893,Z301,Z102,Prime_Sedan,2026-02-09 13:40:00,5.6,226.8,1.1,249.48,Completed
BK_003713,CUST_01519,Z302,Z102,Bike_Taxi,2026-03-15 17:16:00,6.5,103.0,2.4,247.2,Rider_Cancelled
BK_003714,CUST_02751,Z202,Z205,EV_Sedan,2026-02-20 21:03:00,16.5,494.0,1.6,790.4,Completed
BK_003715,CUST_02139,Z106,Z305,Auto_Rickshaw,2026-02-15 03:09:00,2.6,86.8,1.0,86.8,Rider_Cancelled
BK_003716,CUST_02817,Z202,Z107,EV_Sedan,2026-02-21 14:37:00,15.2,460.2,1.2,552.24,Completed
BK_003717,CUST_01915,Z303,Z301,Prime_Sedan,2026-03-08 18:23:00,25.1,772.8,1.4,1081.92,Completed
BK_003718,CUST_02892,Z305,Z301,Auto_Rickshaw,2026-03-10 07:49:00,3.6,104.8,1.1,115.28,Completed
BK_003719,CUST_01667,Z202,Z304,EV_Sedan,2026-02-28 22:31:00,18.8,553.8,1.0,553.8,Completed
BK_003720,CUST_01923,Z103,Z205,Auto_Rickshaw,2026-03-17 09:39:00,19.0,382.0,2.4,916.8,Driver_Cancelled
BK_003721,CUST_01078,Z304,Z303,Prime_Sedan,2026-02-18 02:43:00,14.5,476.0,1.1,523.6,Completed
BK_003722,CUST_03012,Z102,Z203,Auto_Rickshaw,2026-02-13 17:57:00,16.4,335.2,1.6,536.32,Completed
BK_003723,CUST_01448,Z305,Z203,Auto_Rickshaw,2026-02-09 07:17:00,6.7,160.6,1.2,192.72,Completed
BK_003724,CUST_02023,Z201,Z304,Bike_Taxi,2026-03-03 08:06:00,3.7,69.4,1.2,83.28,Completed
BK_003725,CUST_03366,Z201,Z103,Prime_Sedan,2026-03-01 18:52:00,25.3,778.4,1.2,934.08,Completed
BK_003726,CUST_02779,Z101,Z204,Auto_Rickshaw,2026-02-06 12:30:00,18.5,373.0,1.2,447.6,Completed
BK_003727,CUST_03256,Z105,Z103,Auto_Rickshaw,2026-03-05 09:17:00,10.6,230.8,1.2,276.96,Completed
BK_003728,CUST_02546,Z107,Z104,Auto_Rickshaw,2026-03-16 20:08:00,15.5,319.0,1.6,510.4,Completed
BK_003729,CUST_01893,Z202,Z205,EV_Sedan,2026-03-03 06:26:00,26.8,761.8,1.0,761.8,Completed
BK_003730,CUST_02386,Z204,Z305,Prime_Sedan,2026-03-08 11:11:00,2.8,148.4,1.4,207.76,Driver_Cancelled
BK_003731,CUST_01242,Z305,Z302,Prime_Sedan,2026-02-18 00:12:00,9.1,324.8,1.1,357.28,Completed
BK_003732,CUST_01350,Z106,Z303,Prime_Sedan,2026-03-06 05:37:00,24.5,756.0,1.0,756.0,Driver_Cancelled
BK_003733,CUST_01859,Z203,Z102,Prime_Sedan,2026-02-23 20:31:00,6.1,240.8,2.1,505.68,Rider_Cancelled
BK_003734,CUST_02941,Z103,Z304,Bike_Taxi,2026-02-21 19:36:00,5.6,92.2,2.4,221.28,Completed
BK_003735,CUST_02309,Z302,Z202,Bike_Taxi,2026-02-06 01:13:00,15.6,212.2,1.1,233.42,Completed
BK_003736,CUST_01242,Z106,Z104,Auto_Rickshaw,2026-02-13 19:46:00,9.1,203.8,2.1,427.98,Completed
BK_003737,CUST_02456,Z305,Z103,EV_Sedan,2026-02-27 15:45:00,22.5,650.0,1.0,650.0,Rider_Cancelled
BK_003738,CUST_02024,Z302,Z301,Auto_Rickshaw,2026-03-16 12:16:00,12.3,261.4,1.0,261.4,Completed
BK_003739,CUST_01846,Z206,Z204,Prime_Sedan,2026-03-01 12:20:00,15.2,495.6,1.1,545.16,Completed
BK_003740,CUST_03093,Z201,Z202,EV_Sedan,2026-03-16 04:07:00,24.4,699.4,1.2,839.28,Completed
BK_003741,CUST_01556,Z206,Z301,Prime_Sedan,2026-02-19 23:23:00,12.5,420.0,1.2,504.0,Driver_Cancelled
BK_003742,CUST_02875,Z302,Z101,Bike_Taxi,2026-03-03 23:21:00,20.6,272.2,1.2,326.64,Completed
BK_003743,CUST_02812,Z204,Z303,Auto_Rickshaw,2026-02-23 13:41:00,8.1,185.8,1.1,204.38,Completed
BK_003744,CUST_01788,Z201,Z304,Auto_Rickshaw,2026-02-11 22:41:00,9.8,216.4,1.0,216.4,Driver_Cancelled
BK_003745,CUST_01720,Z301,Z304,EV_Sedan,2026-02-26 20:16:00,23.7,681.2,2.1,1430.52,Completed
BK_003746,CUST_02473,Z105,Z103,Bike_Taxi,2026-03-17 12:49:00,6.0,97.0,1.1,106.7,Completed
BK_003747,CUST_01674,Z106,Z206,Prime_Sedan,2026-02-16 10:27:00,18.6,590.8,1.8,1063.44,Completed
BK_003748,CUST_03463,Z101,Z302,Bike_Taxi,2026-02-07 01:09:00,11.5,163.0,1.0,163.0,Completed
BK_003749,CUST_03237,Z203,Z301,Auto_Rickshaw,2026-02-23 11:00:00,20.8,414.4,1.2,497.28,Completed
BK_003750,CUST_02731,Z205,Z102,Auto_Rickshaw,2026-03-17 09:24:00,5.2,133.6,2.1,280.56,Rider_Cancelled
BK_003751,CUST_01732,Z202,Z101,Prime_Sedan,2026-02-24 06:05:00,6.8,260.4,1.2,312.48,Completed
BK_003752,CUST_02737,Z302,Z102,EV_Sedan,2026-02-04 02:50:00,15.8,475.8,1.2,570.96,Completed
BK_003753,CUST_02952,Z103,Z305,Auto_Rickshaw,2026-03-12 16:21:00,6.4,155.2,1.2,186.24,Completed
BK_003754,CUST_02577,Z104,Z103,Auto_Rickshaw,2026-02-22 19:23:00,4.8,126.4,1.4,176.96,ETA_Timeout
BK_003755,CUST_02052,Z103,Z203,Auto_Rickshaw,2026-02-19 19:19:00,10.3,225.4,1.6,360.64,Completed
BK_003756,CUST_02236,Z103,Z206,EV_Sedan,2026-03-03 02:23:00,7.5,260.0,1.1,286.0,Completed
BK_003757,CUST_02829,Z203,Z202,Prime_Sedan,2026-02-10 18:03:00,25.9,795.2,1.6,1272.32,Completed
BK_003758,CUST_02610,Z301,Z302,EV_Sedan,2026-03-11 16:03:00,15.7,473.2,1.1,520.52,Completed
BK_003759,CUST_02126,Z103,Z205,EV_Sedan,2026-02-11 02:00:00,17.3,514.8,1.0,514.8,Completed
BK_003760,CUST_01855,Z105,Z203,Auto_Rickshaw,2026-03-02 05:45:00,5.1,131.8,1.1,144.98,Rider_Cancelled
BK_003761,CUST_01352,Z102,Z103,Bike_Taxi,2026-02-14 20:50:00,25.0,325.0,2.1,682.5,Completed
BK_003762,CUST_03359,Z106,Z101,Bike_Taxi,2026-02-17 17:48:00,28.3,364.6,1.2,437.52,Driver_Cancelled
BK_003763,CUST_01621,Z201,Z301,Auto_Rickshaw,2026-02-07 00:48:00,6.0,148.0,1.0,148.0,Completed
BK_003764,CUST_02201,Z104,Z106,Bike_Taxi,2026-02-24 11:59:00,2.6,56.2,2.4,134.88,Completed
BK_003765,CUST_02099,Z205,Z104,EV_Sedan,2026-02-20 02:40:00,15.3,462.8,1.1,509.08,Completed
BK_003766,CUST_01972,Z201,Z205,Bike_Taxi,2026-02-26 23:07:00,21.5,283.0,1.0,283.0,Completed
BK_003767,CUST_01563,Z203,Z206,Auto_Rickshaw,2026-03-05 00:27:00,21.2,421.6,1.0,421.6,ETA_Timeout
BK_003768,CUST_01115,Z202,Z104,Prime_Sedan,2026-02-13 09:02:00,4.8,204.4,1.8,367.92,Rider_Cancelled
BK_003769,CUST_03205,Z106,Z103,Auto_Rickshaw,2026-02-25 15:37:00,9.9,218.2,1.0,218.2,Completed
BK_003770,CUST_02799,Z201,Z105,Prime_Sedan,2026-03-17 10:32:00,8.2,299.6,2.4,719.04,Completed
BK_003771,CUST_02609,Z304,Z103,Auto_Rickshaw,2026-02-08 11:11:00,5.2,133.6,1.6,213.76,Completed
BK_003772,CUST_02137,Z202,Z303,Bike_Taxi,2026-02-14 03:08:00,13.5,187.0,1.0,187.0,Completed
BK_003773,CUST_01748,Z205,Z107,EV_Sedan,2026-02-09 06:53:00,18.9,556.4,1.2,667.68,Completed
BK_003774,CUST_02308,Z101,Z303,EV_Sedan,2026-02-23 05:22:00,15.3,462.8,1.0,462.8,Completed
BK_003775,CUST_01425,Z301,Z106,Auto_Rickshaw,2026-02-09 18:28:00,7.6,176.8,1.2,212.16,Driver_Cancelled
BK_003776,CUST_02062,Z203,Z304,Auto_Rickshaw,2026-02-08 18:14:00,17.7,358.6,1.6,573.76,Completed
BK_003777,CUST_02322,Z301,Z105,Bike_Taxi,2026-03-06 09:19:00,15.7,213.4,1.2,256.08,Completed
BK_003778,CUST_03377,Z105,Z206,EV_Sedan,2026-02-09 07:15:00,19.3,566.8,1.0,566.8,Driver_Cancelled
BK_003779,CUST_01801,Z205,Z202,Bike_Taxi,2026-02-23 14:25:00,8.0,121.0,1.2,145.2,Completed
BK_003780,CUST_01356,Z101,Z102,Prime_Sedan,2026-03-09 10:38:00,6.9,263.2,2.4,631.68,Completed
BK_003781,CUST_02364,Z202,Z107,EV_Sedan,2026-02-08 22:24:00,8.5,286.0,1.1,314.6,Driver_Cancelled
BK_003782,CUST_03257,Z101,Z303,Prime_Sedan,2026-02-22 19:18:00,2.8,148.4,2.4,356.16,Completed
BK_003783,CUST_02203,Z206,Z101,EV_Sedan,2026-02-24 06:57:00,23.9,686.4,1.2,823.68,Completed
BK_003784,CUST_02570,Z102,Z101,EV_Sedan,2026-03-17 02:38:00,27.6,782.6,1.2,939.12,Completed
BK_003785,CUST_01962,Z206,Z203,Prime_Sedan,2026-03-11 03:39:00,9.0,322.0,1.2,386.4,Completed
BK_003786,CUST_03074,Z202,Z305,Prime_Sedan,2026-03-04 15:12:00,22.3,694.4,1.0,694.4,Completed
BK_003787,CUST_02374,Z203,Z106,Prime_Sedan,2026-03-10 02:08:00,20.0,630.0,1.2,756.0,Rider_Cancelled
BK_003788,CUST_01335,Z203,Z303,Prime_Sedan,2026-03-03 19:27:00,3.8,176.4,2.4,423.36,Completed
BK_003789,CUST_01773,Z201,Z301,Bike_Taxi,2026-03-10 07:56:00,18.7,249.4,1.0,249.4,Completed
BK_003790,CUST_03184,Z305,Z301,EV_Sedan,2026-02-20 09:15:00,28.1,795.6,1.4,1113.84,Completed
BK_003791,CUST_01461,Z304,Z305,EV_Sedan,2026-03-01 11:56:00,18.0,533.0,1.6,852.8,Rider_Cancelled
BK_003792,CUST_02333,Z204,Z104,Bike_Taxi,2026-02-22 21:46:00,12.7,177.4,1.4,248.36,Completed
BK_003793,CUST_01003,Z103,Z102,Bike_Taxi,2026-03-13 18:45:00,2.6,56.2,1.2,67.44,Completed
BK_003794,CUST_03329,Z204,Z103,Auto_Rickshaw,2026-03-03 13:28:00,5.6,140.8,1.2,168.96,Completed
BK_003795,CUST_02168,Z201,Z301,Bike_Taxi,2026-02-27 14:32:00,25.7,333.4,1.2,400.08,Rider_Cancelled
BK_003796,CUST_03468,Z202,Z107,Auto_Rickshaw,2026-02-02 13:15:00,3.8,108.4,1.0,108.4,Completed
BK_003797,CUST_01771,Z107,Z103,Auto_Rickshaw,2026-02-19 08:14:00,12.6,266.8,1.8,480.24,Completed
BK_003798,CUST_03310,Z101,Z302,Prime_Sedan,2026-02-13 21:44:00,4.1,184.8,1.2,221.76,Completed
BK_003799,CUST_03480,Z106,Z101,Auto_Rickshaw,2026-02-25 20:09:00,8.1,185.8,1.8,334.44,Completed
BK_003800,CUST_02781,Z206,Z204,Prime_Sedan,2026-02-12 21:42:00,9.1,324.8,2.1,682.08,Completed
BK_003801,CUST_01030,Z303,Z206,Auto_Rickshaw,2026-03-05 08:05:00,7.1,167.8,2.4,402.72,Completed
BK_003802,CUST_02736,Z105,Z202,Prime_Sedan,2026-03-17 03:50:00,11.2,383.6,1.0,383.6,Completed
BK_003803,CUST_02898,Z301,Z104,Bike_Taxi,2026-03-13 10:08:00,16.7,225.4,1.6,360.64,Completed
BK_003804,CUST_01251,Z202,Z105,EV_Sedan,2026-03-09 20:42:00,25.4,725.4,1.6,1160.64,Completed
BK_003805,CUST_03328,Z205,Z103,EV_Sedan,2026-02-28 07:59:00,9.1,301.6,1.1,331.76,Driver_Cancelled
BK_003806,CUST_02084,Z101,Z102,Auto_Rickshaw,2026-02-16 11:36:00,10.6,230.8,1.6,369.28,Completed
BK_003807,CUST_01890,Z102,Z303,Bike_Taxi,2026-03-14 05:46:00,21.8,286.6,1.1,315.26,Completed
BK_003808,CUST_02970,Z303,Z101,Bike_Taxi,2026-02-19 15:41:00,5.2,87.4,1.0,87.4,Completed
BK_003809,CUST_02727,Z304,Z102,EV_Sedan,2026-03-13 01:04:00,28.3,800.8,1.0,800.8,Completed
BK_003810,CUST_01006,Z103,Z303,Auto_Rickshaw,2026-03-01 21:17:00,24.8,486.4,1.8,875.52,Completed
BK_003811,CUST_02065,Z105,Z303,Bike_Taxi,2026-03-15 03:20:00,20.0,265.0,1.0,265.0,ETA_Timeout
BK_003812,CUST_03257,Z105,Z201,EV_Sedan,2026-02-10 10:54:00,19.2,564.2,2.4,1354.08,Rider_Cancelled
BK_003813,CUST_02329,Z201,Z102,Auto_Rickshaw,2026-02-13 18:49:00,14.7,304.6,2.4,731.04,Completed
BK_003814,CUST_01318,Z204,Z301,Auto_Rickshaw,2026-02-14 16:14:00,10.9,236.2,1.2,283.44,Completed
BK_003815,CUST_01974,Z206,Z203,EV_Sedan,2026-02-26 20:37:00,11.5,364.0,1.4,509.6,Driver_Cancelled
BK_003816,CUST_02491,Z304,Z302,Prime_Sedan,2026-03-07 11:01:00,12.5,420.0,1.2,504.0,Completed
BK_003817,CUST_02911,Z101,Z105,Bike_Taxi,2026-02-24 13:07:00,24.1,314.2,1.0,314.2,Driver_Cancelled
BK_003818,CUST_03005,Z202,Z103,Prime_Sedan,2026-03-14 02:31:00,5.1,212.8,1.0,212.8,Completed
BK_003819,CUST_03356,Z103,Z204,Prime_Sedan,2026-02-13 08:42:00,18.9,599.2,2.4,1438.08,Rider_Cancelled
BK_003820,CUST_03384,Z206,Z105,Bike_Taxi,2026-02-16 21:32:00,14.2,195.4,1.4,273.56,Completed
BK_003821,CUST_02100,Z104,Z303,EV_Sedan,2026-02-16 18:13:00,28.0,793.0,1.8,1427.4,Rider_Cancelled
BK_003822,CUST_01024,Z102,Z106,Prime_Sedan,2026-02-09 15:58:00,5.9,235.2,1.0,235.2,Rider_Cancelled
BK_003823,CUST_02649,Z206,Z203,Auto_Rickshaw,2026-02-11 15:01:00,21.6,428.8,1.0,428.8,Driver_Cancelled
BK_003824,CUST_03455,Z302,Z106,Bike_Taxi,2026-03-15 00:31:00,4.3,76.6,1.0,76.6,Completed
BK_003825,CUST_01228,Z301,Z304,EV_Sedan,2026-02-20 18:32:00,5.8,215.8,2.4,517.92,Completed
BK_003826,CUST_01308,Z102,Z104,Prime_Sedan,2026-02-03 01:49:00,3.3,162.4,1.2,194.88,Completed
BK_003827,CUST_02586,Z301,Z206,EV_Sedan,2026-03-05 13:34:00,3.0,143.0,1.0,143.0,Completed
BK_003828,CUST_03350,Z106,Z101,Bike_Taxi,2026-02-08 19:53:00,7.2,111.4,1.6,178.24,Completed
BK_003829,CUST_02462,Z302,Z304,Auto_Rickshaw,2026-03-09 09:38:00,10.6,230.8,1.8,415.44,Completed
BK_003830,CUST_02403,Z201,Z203,Bike_Taxi,2026-02-21 21:25:00,27.2,351.4,1.6,562.24,Completed
BK_003831,CUST_01670,Z107,Z203,Auto_Rickshaw,2026-03-04 03:40:00,9.7,214.6,1.0,214.6,Driver_Cancelled
BK_003832,CUST_02245,Z304,Z205,Prime_Sedan,2026-03-08 23:36:00,10.3,358.4,1.1,394.24,Completed
BK_003833,CUST_01543,Z206,Z102,Auto_Rickshaw,2026-02-23 01:54:00,7.8,180.4,1.0,180.4,Completed
BK_003834,CUST_01542,Z107,Z206,Bike_Taxi,2026-02-15 22:19:00,21.7,285.4,1.0,285.4,Rider_Cancelled
BK_003835,CUST_03340,Z104,Z201,Bike_Taxi,2026-02-21 08:13:00,23.9,311.8,1.4,436.52,Driver_Cancelled
BK_003836,CUST_01892,Z102,Z303,Prime_Sedan,2026-02-26 19:27:00,24.7,761.6,1.2,913.92,Completed
BK_003837,CUST_03307,Z104,Z103,Auto_Rickshaw,2026-03-07 20:57:00,16.8,342.4,2.4,821.76,Completed
BK_003838,CUST_02813,Z201,Z305,EV_Sedan,2026-02-15 01:22:00,11.3,358.8,1.2,430.56,Completed
BK_003839,CUST_02620,Z301,Z106,Bike_Taxi,2026-02-04 11:59:00,26.6,344.2,1.8,619.56,Driver_Cancelled
BK_003840,CUST_01943,Z304,Z104,Prime_Sedan,2026-03-16 20:48:00,25.2,775.6,1.6,1240.96,Completed
BK_003841,CUST_01286,Z203,Z202,Bike_Taxi,2026-02-18 18:26:00,8.8,130.6,2.4,313.44,Completed
BK_003842,CUST_03294,Z104,Z201,Prime_Sedan,2026-02-04 20:10:00,27.5,840.0,1.4,1176.0,Driver_Cancelled
BK_003843,CUST_03268,Z304,Z201,Bike_Taxi,2026-02-02 07:59:00,19.5,259.0,1.2,310.8,Completed
BK_003844,CUST_03426,Z302,Z102,Auto_Rickshaw,2026-03-10 13:46:00,20.6,410.8,1.1,451.88,Completed
BK_003845,CUST_03451,Z303,Z304,Bike_Taxi,2026-02-11 07:48:00,17.6,236.2,1.0,236.2,Completed
BK_003846,CUST_02492,Z204,Z107,Prime_Sedan,2026-02-03 14:34:00,11.3,386.4,1.0,386.4,Completed
BK_003847,CUST_02345,Z301,Z203,Bike_Taxi,2026-02-14 11:16:00,18.9,251.8,1.2,302.16,Completed
BK_003848,CUST_01740,Z101,Z206,Auto_Rickshaw,2026-02-18 07:34:00,6.7,160.6,1.0,160.6,Completed
BK_003849,CUST_02505,Z101,Z206,Prime_Sedan,2026-03-17 06:13:00,21.4,669.2,1.2,803.04,Completed
BK_003850,CUST_03180,Z305,Z301,EV_Sedan,2026-03-13 03:21:00,17.5,520.0,1.1,572.0,Completed
BK_003851,CUST_02168,Z203,Z107,Auto_Rickshaw,2026-02-02 16:56:00,19.7,394.6,1.0,394.6,Completed
BK_003852,CUST_02824,Z101,Z303,Prime_Sedan,2026-03-02 06:50:00,26.2,803.6,1.0,803.6,Completed
BK_003853,CUST_02204,Z101,Z303,Auto_Rickshaw,2026-02-27 04:43:00,18.2,367.6,1.2,441.12,Completed
BK_003854,CUST_03448,Z101,Z206,Prime_Sedan,2026-03-12 14:01:00,25.4,781.2,1.0,781.2,Completed
BK_003855,CUST_02067,Z101,Z305,Auto_Rickshaw,2026-03-12 08:50:00,15.2,313.6,2.1,658.56,Completed
BK_003856,CUST_01549,Z104,Z201,EV_Sedan,2026-02-22 00:11:00,18.8,553.8,1.2,664.56,Completed
BK_003857,CUST_01047,Z203,Z304,Prime_Sedan,2026-03-08 11:55:00,10.4,361.2,2.4,866.88,Rider_Cancelled
BK_003858,CUST_02914,Z206,Z304,Bike_Taxi,2026-03-10 15:12:00,5.2,87.4,1.1,96.14,Completed
BK_003859,CUST_01844,Z302,Z104,EV_Sedan,2026-02-18 10:46:00,12.8,397.8,1.6,636.48,Completed
BK_003860,CUST_02273,Z103,Z304,Auto_Rickshaw,2026-02-06 14:31:00,10.3,225.4,1.1,247.94,Completed
BK_003861,CUST_01503,Z103,Z101,Auto_Rickshaw,2026-02-08 18:48:00,20.5,409.0,2.4,981.6,Driver_Cancelled
BK_003862,CUST_01314,Z102,Z104,EV_Sedan,2026-02-05 08:01:00,3.7,161.2,2.4,386.88,Completed
BK_003863,CUST_03330,Z301,Z104,EV_Sedan,2026-02-28 00:17:00,7.4,257.4,1.0,257.4,Completed
BK_003864,CUST_01036,Z304,Z101,Bike_Taxi,2026-03-07 08:34:00,17.7,237.4,1.8,427.32,Completed
BK_003865,CUST_02269,Z302,Z102,Bike_Taxi,2026-03-16 08:44:00,18.7,249.4,1.4,349.16,Completed
BK_003866,CUST_02982,Z106,Z303,EV_Sedan,2026-02-08 00:53:00,20.7,603.2,1.0,603.2,Completed
BK_003867,CUST_02240,Z202,Z206,Auto_Rickshaw,2026-02-11 17:51:00,27.1,527.8,2.1,1108.38,Rider_Cancelled
BK_003868,CUST_01084,Z107,Z305,Bike_Taxi,2026-03-05 23:39:00,20.7,273.4,1.0,273.4,Completed
BK_003869,CUST_02720,Z105,Z301,Auto_Rickshaw,2026-02-26 09:07:00,18.6,374.8,2.4,899.52,Completed
BK_003870,CUST_01961,Z303,Z106,Auto_Rickshaw,2026-02-19 11:46:00,24.2,475.6,2.4,1141.44,Completed
BK_003871,CUST_01057,Z106,Z304,Prime_Sedan,2026-02-25 15:49:00,19.1,604.8,1.0,604.8,Completed
BK_003872,CUST_01612,Z106,Z107,EV_Sedan,2026-02-06 18:06:00,16.7,499.2,1.4,698.88,Completed
BK_003873,CUST_01613,Z201,Z106,Auto_Rickshaw,2026-02-23 18:32:00,10.4,227.2,1.4,318.08,Completed
BK_003874,CUST_02042,Z305,Z202,Prime_Sedan,2026-02-25 21:56:00,28.3,862.4,2.4,2069.76,Completed
BK_003875,CUST_01490,Z302,Z103,Bike_Taxi,2026-02-03 07:35:00,22.4,293.8,1.2,352.56,Completed
BK_003876,CUST_01732,Z103,Z203,Auto_Rickshaw,2026-02-16 22:32:00,9.2,205.6,1.0,205.6,Completed
BK_003877,CUST_02079,Z202,Z106,Prime_Sedan,2026-03-14 14:24:00,18.4,585.2,1.0,585.2,Driver_Cancelled
BK_003878,CUST_01895,Z303,Z202,Auto_Rickshaw,2026-02-24 16:38:00,16.1,329.8,1.0,329.8,Driver_Cancelled
BK_003879,CUST_01911,Z105,Z102,Auto_Rickshaw,2026-03-07 11:07:00,19.6,392.8,1.2,471.36,Driver_Cancelled
BK_003880,CUST_02863,Z303,Z201,EV_Sedan,2026-03-16 17:01:00,15.1,457.6,1.8,823.68,Completed
BK_003881,CUST_02917,Z201,Z202,Bike_Taxi,2026-02-11 20:04:00,15.5,211.0,1.6,337.6,Completed
BK_003882,CUST_01230,Z204,Z302,Auto_Rickshaw,2026-02-28 06:57:00,12.4,263.2,1.0,263.2,Completed
BK_003883,CUST_02890,Z206,Z105,Auto_Rickshaw,2026-02-13 23:41:00,25.4,497.2,1.2,596.64,Driver_Cancelled
BK_003884,CUST_01655,Z202,Z105,Prime_Sedan,2026-03-07 13:58:00,13.6,450.8,1.1,495.88,Driver_Cancelled
BK_003885,CUST_01620,Z102,Z104,Auto_Rickshaw,2026-02-22 21:49:00,4.2,115.6,2.4,277.44,Completed
BK_003886,CUST_01177,Z301,Z303,Auto_Rickshaw,2026-03-05 19:29:00,9.3,207.4,1.6,331.84,Completed
BK_003887,CUST_03014,Z304,Z305,Auto_Rickshaw,2026-02-03 15:08:00,23.6,464.8,1.0,464.8,ETA_Timeout
BK_003888,CUST_03358,Z105,Z202,EV_Sedan,2026-03-03 22:44:00,17.1,509.6,1.0,509.6,Completed
BK_003889,CUST_01803,Z107,Z102,EV_Sedan,2026-03-08 15:00:00,27.0,767.0,1.0,767.0,Rider_Cancelled
BK_003890,CUST_02104,Z107,Z104,Auto_Rickshaw,2026-03-10 21:10:00,21.6,428.8,1.4,600.32,Completed
BK_003891,CUST_03217,Z303,Z205,Auto_Rickshaw,2026-02-26 23:17:00,8.4,191.2,1.2,229.44,Completed
BK_003892,CUST_03356,Z305,Z206,Bike_Taxi,2026-02-10 20:06:00,18.9,251.8,2.1,528.78,Completed
BK_003893,CUST_01912,Z305,Z103,Bike_Taxi,2026-03-12 00:10:00,26.2,339.4,1.1,373.34,Completed
BK_003894,CUST_02051,Z202,Z203,Prime_Sedan,2026-02-27 22:43:00,16.7,537.6,1.0,537.6,Completed
BK_003895,CUST_01937,Z101,Z105,EV_Sedan,2026-02-24 04:36:00,6.0,221.0,1.0,221.0,Completed
BK_003896,CUST_02986,Z205,Z106,EV_Sedan,2026-02-06 11:12:00,24.4,699.4,2.4,1678.56,Completed
BK_003897,CUST_02572,Z201,Z106,Auto_Rickshaw,2026-02-20 06:30:00,22.2,439.6,1.1,483.56,Driver_Cancelled
BK_003898,CUST_02906,Z302,Z303,EV_Sedan,2026-02-06 05:42:00,20.7,603.2,1.2,723.84,Completed
BK_003899,CUST_02174,Z102,Z301,EV_Sedan,2026-03-09 07:30:00,9.2,304.2,1.2,365.04,Completed
BK_003900,CUST_01649,Z105,Z103,Prime_Sedan,2026-03-07 23:42:00,22.0,686.0,1.1,754.6,Completed
BK_003901,CUST_01350,Z101,Z102,Auto_Rickshaw,2026-02-02 16:54:00,16.6,338.8,1.1,372.68,ETA_Timeout
BK_003902,CUST_01479,Z304,Z106,Prime_Sedan,2026-03-06 14:01:00,14.9,487.2,1.1,535.92,Completed
BK_003903,CUST_03111,Z103,Z201,Auto_Rickshaw,2026-02-11 18:11:00,6.7,160.6,2.1,337.26,ETA_Timeout
BK_003904,CUST_02058,Z203,Z206,Bike_Taxi,2026-02-13 07:32:00,22.5,295.0,1.0,295.0,Rider_Cancelled
BK_003905,CUST_03125,Z303,Z106,Auto_Rickshaw,2026-02-14 10:56:00,23.7,466.6,1.6,746.56,Completed
BK_003906,CUST_02841,Z202,Z105,Auto_Rickshaw,2026-03-12 17:19:00,5.6,140.8,1.2,168.96,Completed
BK_003907,CUST_01122,Z305,Z303,Prime_Sedan,2026-02-24 19:33:00,18.1,576.8,1.8,1038.24,Completed
BK_003908,CUST_02497,Z301,Z304,Auto_Rickshaw,2026-02-04 15:52:00,27.5,535.0,1.0,535.0,Completed
BK_003909,CUST_01535,Z304,Z203,EV_Sedan,2026-02-14 11:25:00,20.0,585.0,1.4,819.0,Driver_Cancelled
BK_003910,CUST_02041,Z101,Z105,Bike_Taxi,2026-03-12 16:57:00,25.5,331.0,1.0,331.0,Completed
BK_003911,CUST_01629,Z203,Z304,Prime_Sedan,2026-03-14 20:37:00,19.6,618.8,2.1,1299.48,Completed
BK_003912,CUST_01206,Z107,Z304,Bike_Taxi,2026-02-17 04:38:00,15.2,207.4,1.0,207.4,Rider_Cancelled
BK_003913,CUST_01417,Z206,Z304,Prime_Sedan,2026-02-26 21:20:00,17.0,546.0,2.1,1146.6,Rider_Cancelled
BK_003914,CUST_03084,Z202,Z302,EV_Sedan,2026-02-17 04:35:00,11.2,356.2,1.0,356.2,Rider_Cancelled
BK_003915,CUST_02529,Z206,Z203,Bike_Taxi,2026-03-07 13:20:00,20.5,271.0,1.0,271.0,Completed
BK_003916,CUST_01675,Z105,Z205,EV_Sedan,2026-02-22 18:12:00,3.7,161.2,2.4,386.88,Rider_Cancelled
BK_003917,CUST_01482,Z106,Z107,Auto_Rickshaw,2026-03-16 21:13:00,12.2,259.6,1.8,467.28,Rider_Cancelled
BK_003918,CUST_01049,Z201,Z101,Prime_Sedan,2026-02-21 20:43:00,16.7,537.6,2.1,1128.96,Completed
BK_003919,CUST_03309,Z101,Z303,Auto_Rickshaw,2026-02-15 18:48:00,7.7,178.6,1.2,214.32,Completed
BK_003920,CUST_02881,Z107,Z303,Auto_Rickshaw,2026-03-06 00:42:00,18.5,373.0,1.0,373.0,Completed
BK_003921,CUST_02244,Z202,Z101,Auto_Rickshaw,2026-03-04 03:27:00,26.2,511.6,1.0,511.6,Completed
BK_003922,CUST_02112,Z106,Z105,Prime_Sedan,2026-02-25 17:21:00,21.0,658.0,1.4,921.2,Completed
BK_003923,CUST_02230,Z304,Z206,Bike_Taxi,2026-02-09 20:51:00,26.6,344.2,1.8,619.56,Driver_Cancelled
BK_003924,CUST_02038,Z206,Z102,Prime_Sedan,2026-02-22 20:21:00,8.5,308.0,1.2,369.6,Completed
BK_003925,CUST_01137,Z305,Z202,EV_Sedan,2026-02-16 02:44:00,26.5,754.0,1.1,829.4,Completed
BK_003926,CUST_03161,Z305,Z303,EV_Sedan,2026-02-17 15:23:00,23.7,681.2,1.0,681.2,Completed
BK_003927,CUST_02718,Z304,Z102,Auto_Rickshaw,2026-03-01 15:27:00,4.5,121.0,1.1,133.1,Completed
BK_003928,CUST_02945,Z302,Z305,Bike_Taxi,2026-03-08 01:16:00,10.8,154.6,1.0,154.6,Completed
BK_003929,CUST_02390,Z305,Z304,Prime_Sedan,2026-03-03 17:38:00,16.5,532.0,1.4,744.8,Completed
BK_003930,CUST_02263,Z103,Z104,Prime_Sedan,2026-03-06 07:00:00,12.0,406.0,1.0,406.0,Completed
BK_003931,CUST_02643,Z305,Z103,Prime_Sedan,2026-02-25 19:38:00,5.8,232.4,1.2,278.88,ETA_Timeout
BK_003932,CUST_03408,Z105,Z101,Bike_Taxi,2026-02-03 07:14:00,9.1,134.2,1.2,161.04,Completed
BK_003933,CUST_02646,Z203,Z107,Auto_Rickshaw,2026-03-12 11:37:00,15.1,311.8,1.4,436.52,Completed
BK_003934,CUST_03382,Z201,Z105,EV_Sedan,2026-02-17 12:39:00,10.9,348.4,1.0,348.4,Completed
BK_003935,CUST_02760,Z301,Z204,EV_Sedan,2026-02-10 16:47:00,18.4,543.4,1.0,543.4,Rider_Cancelled
BK_003936,CUST_03325,Z101,Z102,Bike_Taxi,2026-02-08 03:38:00,2.5,55.0,1.2,66.0,Completed
BK_003937,CUST_02052,Z203,Z103,EV_Sedan,2026-02-19 01:36:00,20.6,600.6,1.0,600.6,Driver_Cancelled
BK_003938,CUST_01606,Z203,Z106,Bike_Taxi,2026-02-17 09:10:00,6.5,103.0,1.2,123.6,Driver_Cancelled
BK_003939,CUST_01825,Z205,Z107,Auto_Rickshaw,2026-02-22 00:37:00,27.9,542.2,1.0,542.2,Completed
BK_003940,CUST_03483,Z107,Z201,EV_Sedan,2026-02-25 09:28:00,23.8,683.8,1.2,820.56,Completed
BK_003941,CUST_02624,Z101,Z202,Auto_Rickshaw,2026-02-14 17:19:00,9.4,209.2,2.1,439.32,Completed
BK_003942,CUST_01912,Z104,Z205,Auto_Rickshaw,2026-03-12 02:32:00,18.1,365.8,1.0,365.8,Completed
BK_003943,CUST_02854,Z205,Z104,Prime_Sedan,2026-02-14 19:40:00,9.8,344.4,1.2,413.28,Completed
BK_003944,CUST_01790,Z105,Z303,Prime_Sedan,2026-02-25 07:59:00,6.6,254.8,1.1,280.28,Completed
BK_003945,CUST_01579,Z103,Z104,Bike_Taxi,2026-02-13 04:46:00,5.9,95.8,1.2,114.96,Completed
BK_003946,CUST_03332,Z303,Z102,Auto_Rickshaw,2026-02-16 13:48:00,27.7,538.6,1.2,646.32,Completed
BK_003947,CUST_01839,Z304,Z303,EV_Sedan,2026-02-01 07:47:00,8.9,296.4,1.1,326.04,Completed
BK_003948,CUST_01139,Z203,Z302,Auto_Rickshaw,2026-02-25 21:16:00,11.7,250.6,1.8,451.08,Completed
BK_003949,CUST_02776,Z304,Z206,Auto_Rickshaw,2026-03-10 05:44:00,6.8,162.4,1.0,162.4,Completed
BK_003950,CUST_03040,Z107,Z105,Bike_Taxi,2026-03-01 11:15:00,22.1,290.2,1.4,406.28,Driver_Cancelled
BK_003951,CUST_02557,Z202,Z305,Prime_Sedan,2026-03-02 15:44:00,21.1,660.8,1.1,726.88,Completed
BK_003952,CUST_01339,Z302,Z205,Prime_Sedan,2026-03-02 04:19:00,10.4,361.2,1.0,361.2,Completed
BK_003953,CUST_02019,Z106,Z206,Auto_Rickshaw,2026-02-16 20:29:00,14.5,301.0,1.4,421.4,Completed
BK_003954,CUST_02382,Z102,Z302,Prime_Sedan,2026-03-12 22:29:00,16.3,526.4,1.0,526.4,Completed
BK_003955,CUST_02737,Z303,Z205,Bike_Taxi,2026-03-15 11:00:00,16.3,220.6,1.2,264.72,Driver_Cancelled
BK_003956,CUST_02209,Z103,Z205,EV_Sedan,2026-03-04 21:16:00,8.0,273.0,1.4,382.2,Completed
BK_003957,CUST_01147,Z205,Z102,Prime_Sedan,2026-02-27 19:47:00,23.8,736.4,2.1,1546.44,Completed
BK_003958,CUST_02656,Z304,Z203,Prime_Sedan,2026-03-03 14:29:00,12.2,411.6,1.2,493.92,Completed
BK_003959,CUST_02375,Z205,Z302,Prime_Sedan,2026-03-11 13:06:00,27.7,845.6,1.0,845.6,Completed
BK_003960,CUST_02808,Z203,Z202,Auto_Rickshaw,2026-02-07 12:18:00,4.8,126.4,1.0,126.4,Completed
BK_003961,CUST_02179,Z106,Z101,Prime_Sedan,2026-03-06 12:37:00,14.4,473.2,1.0,473.2,Completed
BK_003962,CUST_02537,Z105,Z202,Prime_Sedan,2026-02-04 08:15:00,19.1,604.8,1.8,1088.64,Completed
BK_003963,CUST_02780,Z204,Z206,Auto_Rickshaw,2026-02-24 10:16:00,25.4,497.2,1.4,696.08,Completed
BK_003964,CUST_02415,Z305,Z303,Prime_Sedan,2026-02-11 05:18:00,21.0,658.0,1.0,658.0,Completed
BK_003965,CUST_01520,Z304,Z107,Auto_Rickshaw,2026-02-19 19:54:00,13.2,277.6,2.1,582.96,Completed
BK_003966,CUST_02491,Z104,Z102,EV_Sedan,2026-02-23 17:17:00,17.1,509.6,1.6,815.36,Completed
BK_003967,CUST_03060,Z302,Z105,EV_Sedan,2026-02-28 05:22:00,23.9,686.4,1.1,755.04,Completed
BK_003968,CUST_01763,Z102,Z301,Auto_Rickshaw,2026-02-03 11:02:00,22.7,448.6,1.6,717.76,Completed
BK_003969,CUST_03260,Z105,Z103,Prime_Sedan,2026-02-28 18:25:00,4.7,201.6,1.6,322.56,Completed
BK_003970,CUST_02010,Z105,Z205,Bike_Taxi,2026-03-16 11:46:00,18.7,249.4,1.8,448.92,Completed
BK_003971,CUST_02330,Z301,Z202,Bike_Taxi,2026-03-16 17:16:00,14.0,193.0,1.4,270.2,Driver_Cancelled
BK_003972,CUST_01236,Z202,Z301,EV_Sedan,2026-02-10 18:51:00,16.2,486.2,1.2,583.44,Completed
BK_003973,CUST_02433,Z101,Z205,EV_Sedan,2026-02-14 22:40:00,18.6,548.6,1.0,548.6,Completed
BK_003974,CUST_01791,Z202,Z104,Bike_Taxi,2026-02-11 23:44:00,26.7,345.4,1.0,345.4,Completed
BK_003975,CUST_01533,Z202,Z107,EV_Sedan,2026-02-19 20:46:00,7.4,257.4,2.1,540.54,Completed
BK_003976,CUST_01548,Z101,Z303,Auto_Rickshaw,2026-03-08 01:02:00,21.5,427.0,1.2,512.4,Completed
BK_003977,CUST_02552,Z101,Z106,Prime_Sedan,2026-02-05 14:38:00,13.5,448.0,1.2,537.6,Completed
BK_003978,CUST_02043,Z202,Z206,Auto_Rickshaw,2026-03-13 16:50:00,13.0,274.0,1.0,274.0,Completed
BK_003979,CUST_01855,Z202,Z204,Prime_Sedan,2026-02-10 08:20:00,5.2,215.6,2.4,517.44,Driver_Cancelled
BK_003980,CUST_02359,Z302,Z205,Prime_Sedan,2026-02-13 12:26:00,14.5,476.0,1.0,476.0,Completed
BK_003981,CUST_03131,Z304,Z107,EV_Sedan,2026-02-08 19:10:00,24.6,704.6,1.4,986.44,Driver_Cancelled
BK_003982,CUST_01108,Z106,Z107,EV_Sedan,2026-02-21 14:33:00,19.4,569.4,1.1,626.34,Completed
BK_003983,CUST_02391,Z304,Z303,EV_Sedan,2026-03-13 06:57:00,6.1,223.6,1.1,245.96,Completed
BK_003984,CUST_02251,Z101,Z106,Auto_Rickshaw,2026-02-11 00:36:00,27.6,536.8,1.0,536.8,ETA_Timeout
BK_003985,CUST_01769,Z201,Z304,Auto_Rickshaw,2026-03-02 09:41:00,12.2,259.6,1.4,363.44,Driver_Cancelled
BK_003986,CUST_01135,Z102,Z106,Bike_Taxi,2026-02-05 15:55:00,8.7,129.4,1.0,129.4,Completed
BK_003987,CUST_02246,Z103,Z304,Prime_Sedan,2026-02-25 22:00:00,24.3,750.4,1.0,750.4,Completed
BK_003988,CUST_03038,Z107,Z304,Prime_Sedan,2026-03-12 02:12:00,25.2,775.6,1.0,775.6,Completed
BK_003989,CUST_02639,Z201,Z202,EV_Sedan,2026-03-10 06:35:00,23.1,665.6,1.0,665.6,Driver_Cancelled
BK_003990,CUST_02390,Z202,Z104,Auto_Rickshaw,2026-02-18 12:06:00,10.2,223.6,1.2,268.32,Driver_Cancelled
BK_003991,CUST_02460,Z202,Z104,EV_Sedan,2026-02-04 11:10:00,25.5,728.0,2.4,1747.2,Rider_Cancelled
BK_003992,CUST_02108,Z303,Z206,EV_Sedan,2026-02-17 07:58:00,26.6,756.6,1.0,756.6,Completed
BK_003993,CUST_03104,Z201,Z203,Bike_Taxi,2026-03-15 20:23:00,6.8,106.6,1.6,170.56,Completed
BK_003994,CUST_01635,Z107,Z102,EV_Sedan,2026-02-28 06:43:00,12.9,400.4,1.0,400.4,Completed
BK_003995,CUST_02119,Z305,Z107,EV_Sedan,2026-02-11 17:22:00,5.0,195.0,1.6,312.0,Completed
BK_003996,CUST_01676,Z104,Z204,Bike_Taxi,2026-03-02 11:54:00,26.6,344.2,2.1,722.82,Rider_Cancelled
BK_003997,CUST_01654,Z102,Z305,Bike_Taxi,2026-03-15 18:35:00,22.3,292.6,1.4,409.64,Completed
BK_003998,CUST_03148,Z301,Z305,EV_Sedan,2026-03-14 23:26:00,5.9,218.4,1.1,240.24,Completed
BK_003999,CUST_02614,Z303,Z103,EV_Sedan,2026-02-24 04:52:00,21.1,613.6,1.1,674.96,Completed
BK_004000,CUST_03367,Z103,Z204,EV_Sedan,2026-03-05 22:01:00,19.6,574.6,1.2,689.52,Completed
BK_004001,CUST_02271,Z101,Z204,Prime_Sedan,2026-02-17 12:53:00,24.2,747.6,1.0,747.6,Completed
BK_004002,CUST_01123,Z305,Z104,EV_Sedan,2026-02-03 12:01:00,14.3,436.8,1.0,436.8,Completed
BK_004003,CUST_02046,Z206,Z102,Bike_Taxi,2026-03-11 05:05:00,16.6,224.2,1.0,224.2,Completed
BK_004004,CUST_01411,Z204,Z102,EV_Sedan,2026-02-24 13:13:00,16.9,504.4,1.0,504.4,Completed
BK_004005,CUST_03453,Z101,Z201,Bike_Taxi,2026-02-15 21:55:00,24.1,314.2,1.6,502.72,Completed
BK_004006,CUST_03183,Z304,Z303,Auto_Rickshaw,2026-02-19 09:09:00,16.5,337.0,2.1,707.7,Driver_Cancelled
BK_004007,CUST_02157,Z103,Z107,EV_Sedan,2026-02-04 21:54:00,9.8,319.8,1.4,447.72,Completed
BK_004008,CUST_01587,Z201,Z205,EV_Sedan,2026-02-07 14:05:00,21.0,611.0,1.1,672.1,Driver_Cancelled
BK_004009,CUST_01455,Z201,Z305,Prime_Sedan,2026-03-09 10:43:00,4.0,182.0,2.1,382.2,Completed
BK_004010,CUST_02239,Z304,Z303,Auto_Rickshaw,2026-03-17 02:50:00,17.3,351.4,1.0,351.4,Completed
BK_004011,CUST_02659,Z102,Z105,EV_Sedan,2026-02-21 00:43:00,11.3,358.8,1.1,394.68,Rider_Cancelled
BK_004012,CUST_02801,Z304,Z204,Auto_Rickshaw,2026-02-11 18:06:00,10.5,229.0,2.4,549.6,Completed
BK_004013,CUST_01516,Z206,Z101,Prime_Sedan,2026-02-12 12:46:00,28.1,856.8,1.2,1028.16,Completed
BK_004014,CUST_02610,Z305,Z107,EV_Sedan,2026-02-21 16:53:00,20.0,585.0,1.2,702.0,Completed
BK_004015,CUST_01477,Z105,Z102,Bike_Taxi,2026-02-12 16:31:00,10.4,149.8,1.1,164.78,Completed
BK_004016,CUST_01856,Z105,Z106,Bike_Taxi,2026-03-13 12:09:00,24.9,323.8,1.0,323.8,Rider_Cancelled
BK_004017,CUST_01233,Z201,Z304,Auto_Rickshaw,2026-02-28 07:19:00,26.0,508.0,1.2,609.6,Completed
BK_004018,CUST_01715,Z201,Z107,Prime_Sedan,2026-02-16 12:04:00,21.7,677.6,1.1,745.36,Completed
BK_004019,CUST_01634,Z101,Z104,EV_Sedan,2026-02-11 21:59:00,2.9,140.4,1.4,196.56,Completed
BK_004020,CUST_02216,Z103,Z104,Prime_Sedan,2026-03-17 22:34:00,16.5,532.0,1.0,532.0,Completed
BK_004021,CUST_03298,Z201,Z103,Auto_Rickshaw,2026-02-12 02:35:00,20.4,407.2,1.2,488.64,Completed
BK_004022,CUST_02658,Z103,Z204,Bike_Taxi,2026-03-05 23:47:00,15.5,211.0,1.0,211.0,Completed
BK_004023,CUST_03069,Z104,Z103,Auto_Rickshaw,2026-02-01 18:45:00,19.7,394.6,1.8,710.28,Completed
BK_004024,CUST_03141,Z107,Z105,Auto_Rickshaw,2026-02-03 03:46:00,28.4,551.2,1.0,551.2,Completed
BK_004025,CUST_03039,Z203,Z303,EV_Sedan,2026-02-24 20:42:00,4.9,192.4,1.4,269.36,Rider_Cancelled
BK_004026,CUST_01507,Z101,Z305,Prime_Sedan,2026-03-16 07:50:00,10.5,364.0,1.2,436.8,Rider_Cancelled
BK_004027,CUST_02390,Z201,Z304,EV_Sedan,2026-02-14 12:29:00,18.1,535.6,1.0,535.6,Completed
BK_004028,CUST_03077,Z107,Z103,Bike_Taxi,2026-02-03 18:23:00,12.2,171.4,2.1,359.94,Rider_Cancelled
BK_004029,CUST_02197,Z201,Z303,Auto_Rickshaw,2026-03-08 06:14:00,26.6,518.8,1.2,622.56,Completed
BK_004030,CUST_02427,Z102,Z205,Bike_Taxi,2026-02-28 20:55:00,7.8,118.6,2.4,284.64,Completed
BK_004031,CUST_02918,Z301,Z302,Prime_Sedan,2026-02-05 05:28:00,19.0,602.0,1.1,662.2,Completed
BK_004032,CUST_02504,Z305,Z103,Prime_Sedan,2026-02-03 21:24:00,4.1,184.8,1.2,221.76,Completed
BK_004033,CUST_02412,Z104,Z105,Prime_Sedan,2026-02-23 00:55:00,24.5,756.0,1.1,831.6,Completed
BK_004034,CUST_02270,Z301,Z101,EV_Sedan,2026-03-10 18:15:00,13.4,413.4,1.6,661.44,Completed
BK_004035,CUST_01059,Z202,Z105,Auto_Rickshaw,2026-03-09 23:46:00,15.0,310.0,1.0,310.0,Driver_Cancelled
BK_004036,CUST_03225,Z302,Z204,Bike_Taxi,2026-03-15 12:19:00,8.3,124.6,1.0,124.6,Completed
BK_004037,CUST_01717,Z103,Z102,Bike_Taxi,2026-02-11 01:42:00,2.9,59.8,1.1,65.78,Completed
BK_004038,CUST_02919,Z203,Z103,Prime_Sedan,2026-03-07 00:03:00,25.8,792.4,1.0,792.4,Rider_Cancelled
BK_004039,CUST_03079,Z206,Z102,Prime_Sedan,2026-02-13 06:12:00,5.1,212.8,1.0,212.8,Completed
BK_004040,CUST_02260,Z205,Z204,Prime_Sedan,2026-02-21 20:22:00,19.4,613.2,2.4,1471.68,Completed
BK_004041,CUST_02389,Z305,Z103,Bike_Taxi,2026-02-24 01:05:00,19.7,261.4,1.0,261.4,ETA_Timeout
BK_004042,CUST_01968,Z204,Z101,Auto_Rickshaw,2026-03-12 03:29:00,18.2,367.6,1.1,404.36,Completed
BK_004043,CUST_01984,Z302,Z107,Bike_Taxi,2026-02-12 02:11:00,7.1,110.2,1.0,110.2,ETA_Timeout
BK_004044,CUST_01839,Z304,Z206,Bike_Taxi,2026-03-06 23:29:00,13.0,181.0,1.0,181.0,Completed
BK_004045,CUST_03032,Z105,Z303,Bike_Taxi,2026-02-28 06:51:00,8.0,121.0,1.0,121.0,Completed
BK_004046,CUST_02045,Z301,Z104,Bike_Taxi,2026-03-01 21:29:00,5.5,91.0,1.4,127.4,Completed
BK_004047,CUST_01310,Z301,Z102,EV_Sedan,2026-02-05 19:13:00,17.1,509.6,2.4,1223.04,Driver_Cancelled
BK_004048,CUST_02808,Z201,Z204,Bike_Taxi,2026-03-11 03:09:00,7.8,118.6,1.2,142.32,Completed
BK_004049,CUST_01828,Z104,Z304,EV_Sedan,2026-03-17 22:40:00,23.7,681.2,1.0,681.2,Rider_Cancelled
BK_004050,CUST_01758,Z106,Z203,Prime_Sedan,2026-02-02 07:08:00,6.0,238.0,1.0,238.0,Completed
BK_004051,CUST_01758,Z105,Z304,EV_Sedan,2026-03-16 15:04:00,27.9,790.4,1.0,790.4,Completed
BK_004052,CUST_01938,Z205,Z103,Auto_Rickshaw,2026-03-01 20:14:00,20.9,416.2,2.1,874.02,Completed
BK_004053,CUST_01298,Z206,Z201,Prime_Sedan,2026-03-16 00:45:00,15.3,498.4,1.0,498.4,Completed
BK_004054,CUST_01618,Z101,Z206,Bike_Taxi,2026-02-18 00:43:00,21.8,286.6,1.0,286.6,Completed
BK_004055,CUST_02025,Z202,Z104,EV_Sedan,2026-02-17 17:02:00,24.1,691.6,2.1,1452.36,Driver_Cancelled
BK_004056,CUST_02193,Z201,Z202,Auto_Rickshaw,2026-03-03 21:07:00,5.4,137.2,1.8,246.96,Completed
BK_004057,CUST_01910,Z103,Z104,EV_Sedan,2026-02-06 12:52:00,15.3,462.8,1.0,462.8,Completed
BK_004058,CUST_03073,Z203,Z204,EV_Sedan,2026-02-11 21:53:00,8.0,273.0,1.2,327.6,Rider_Cancelled
BK_004059,CUST_02453,Z101,Z305,Bike_Taxi,2026-02-07 23:27:00,16.2,219.4,1.0,219.4,Completed
BK_004060,CUST_03112,Z305,Z101,Auto_Rickshaw,2026-02-23 13:50:00,26.1,509.8,1.0,509.8,Completed
BK_004061,CUST_01880,Z305,Z302,Bike_Taxi,2026-02-09 07:33:00,27.4,353.8,1.0,353.8,Completed
BK_004062,CUST_01576,Z303,Z203,Prime_Sedan,2026-02-02 13:02:00,11.7,397.6,1.0,397.6,Completed
BK_004063,CUST_01120,Z304,Z104,Auto_Rickshaw,2026-02-24 04:54:00,21.2,421.6,1.0,421.6,Completed
BK_004064,CUST_02941,Z201,Z304,Bike_Taxi,2026-03-02 04:25:00,17.7,237.4,1.0,237.4,Completed
BK_004065,CUST_01827,Z105,Z204,Auto_Rickshaw,2026-03-07 19:43:00,6.4,155.2,1.2,186.24,Completed
BK_004066,CUST_02934,Z102,Z107,EV_Sedan,2026-03-12 12:01:00,11.5,364.0,1.0,364.0,Driver_Cancelled
BK_004067,CUST_02192,Z305,Z104,Prime_Sedan,2026-03-14 06:32:00,24.7,761.6,1.0,761.6,Completed
BK_004068,CUST_03313,Z105,Z106,Prime_Sedan,2026-03-07 10:51:00,18.6,590.8,2.4,1417.92,Completed
BK_004069,CUST_03100,Z106,Z303,Prime_Sedan,2026-02-13 21:45:00,9.7,341.6,1.6,546.56,Completed
BK_004070,CUST_01930,Z303,Z201,Auto_Rickshaw,2026-02-20 03:48:00,12.2,259.6,1.0,259.6,Rider_Cancelled
BK_004071,CUST_01741,Z104,Z204,Prime_Sedan,2026-02-19 04:30:00,15.5,504.0,1.0,504.0,Completed
BK_004072,CUST_01889,Z105,Z202,Auto_Rickshaw,2026-02-04 06:21:00,13.0,274.0,1.0,274.0,Completed
BK_004073,CUST_02335,Z105,Z104,EV_Sedan,2026-02-19 10:57:00,10.2,330.2,1.2,396.24,Completed
BK_004074,CUST_02092,Z206,Z202,Prime_Sedan,2026-02-22 21:19:00,12.0,406.0,2.1,852.6,Completed
BK_004075,CUST_01547,Z301,Z303,Auto_Rickshaw,2026-03-11 17:12:00,26.7,520.6,1.2,624.72,Completed
BK_004076,CUST_01584,Z104,Z303,Bike_Taxi,2026-03-02 19:08:00,17.8,238.6,1.8,429.48,Rider_Cancelled
BK_004077,CUST_02993,Z303,Z106,Prime_Sedan,2026-02-02 08:20:00,8.4,305.2,1.6,488.32,Completed
BK_004078,CUST_01564,Z302,Z206,Prime_Sedan,2026-02-08 02:14:00,17.5,560.0,1.0,560.0,Completed
BK_004079,CUST_01852,Z107,Z103,Prime_Sedan,2026-02-22 19:36:00,22.1,688.8,2.1,1446.48,Driver_Cancelled
BK_004080,CUST_01906,Z106,Z103,Auto_Rickshaw,2026-02-06 04:27:00,16.9,344.2,1.2,413.04,Completed
BK_004081,CUST_01480,Z102,Z206,Auto_Rickshaw,2026-03-11 16:47:00,8.0,184.0,1.2,220.8,Completed
BK_004082,CUST_02871,Z106,Z202,EV_Sedan,2026-03-12 01:39:00,12.6,392.6,1.1,431.86,Completed
BK_004083,CUST_03333,Z206,Z301,Prime_Sedan,2026-02-11 19:45:00,21.5,672.0,2.4,1612.8,Completed
BK_004084,CUST_01047,Z101,Z303,Bike_Taxi,2026-02-17 16:34:00,9.2,135.4,1.0,135.4,Completed
BK_004085,CUST_01272,Z302,Z204,EV_Sedan,2026-03-14 22:35:00,2.6,132.6,1.0,132.6,ETA_Timeout
BK_004086,CUST_02922,Z101,Z304,EV_Sedan,2026-02-23 05:57:00,21.4,621.4,1.2,745.68,Completed
BK_004087,CUST_01165,Z106,Z101,Auto_Rickshaw,2026-02-07 05:12:00,6.3,153.4,1.2,184.08,Rider_Cancelled
BK_004088,CUST_02589,Z301,Z103,Bike_Taxi,2026-03-17 12:09:00,4.9,83.8,1.1,92.18,Completed
BK_004089,CUST_01215,Z203,Z107,EV_Sedan,2026-02-26 00:43:00,7.6,262.6,1.2,315.12,Completed
BK_004090,CUST_01767,Z206,Z103,Auto_Rickshaw,2026-02-21 23:10:00,17.5,355.0,1.1,390.5,Completed
BK_004091,CUST_01227,Z302,Z101,Auto_Rickshaw,2026-03-06 03:19:00,14.7,304.6,1.0,304.6,Completed
BK_004092,CUST_02882,Z202,Z304,EV_Sedan,2026-02-06 06:59:00,20.7,603.2,1.2,723.84,Completed
BK_004093,CUST_02835,Z303,Z304,Bike_Taxi,2026-02-19 12:47:00,3.9,71.8,1.1,78.98,Completed
BK_004094,CUST_01560,Z201,Z205,Prime_Sedan,2026-02-15 19:03:00,3.3,162.4,1.4,227.36,Completed
BK_004095,CUST_01606,Z101,Z107,Auto_Rickshaw,2026-02-17 16:21:00,17.5,355.0,1.0,355.0,Completed
BK_004096,CUST_02822,Z206,Z204,Auto_Rickshaw,2026-02-20 04:04:00,13.5,283.0,1.2,339.6,Driver_Cancelled
BK_004097,CUST_03456,Z106,Z302,Auto_Rickshaw,2026-02-07 23:07:00,12.1,257.8,1.2,309.36,ETA_Timeout
BK_004098,CUST_01626,Z102,Z201,Prime_Sedan,2026-03-05 15:18:00,20.5,644.0,1.0,644.0,Driver_Cancelled
BK_004099,CUST_02227,Z201,Z106,Bike_Taxi,2026-02-24 11:16:00,27.0,349.0,2.1,732.9,Completed
BK_004100,CUST_03261,Z105,Z202,EV_Sedan,2026-03-09 02:53:00,4.1,171.6,1.1,188.76,Completed
BK_004101,CUST_02577,Z305,Z304,Bike_Taxi,2026-02-22 12:07:00,16.5,223.0,1.2,267.6,Completed
BK_004102,CUST_01783,Z305,Z303,Auto_Rickshaw,2026-02-16 09:35:00,20.6,410.8,1.2,492.96,Completed
BK_004103,CUST_01942,Z302,Z304,EV_Sedan,2026-02-10 11:48:00,2.6,132.6,1.4,185.64,Completed
BK_004104,CUST_02280,Z203,Z104,EV_Sedan,2026-03-08 23:35:00,22.4,647.4,1.0,647.4,Rider_Cancelled
BK_004105,CUST_01138,Z305,Z206,Auto_Rickshaw,2026-02-17 19:52:00,7.0,166.0,2.1,348.6,Rider_Cancelled
BK_004106,CUST_02064,Z305,Z303,Prime_Sedan,2026-02-25 02:12:00,10.3,358.4,1.0,358.4,Completed
BK_004107,CUST_01899,Z106,Z205,Bike_Taxi,2026-02-05 02:23:00,11.2,159.4,1.0,159.4,Completed
BK_004108,CUST_03345,Z105,Z203,Auto_Rickshaw,2026-03-17 21:44:00,28.3,549.4,1.8,988.92,Completed
BK_004109,CUST_03133,Z202,Z104,Prime_Sedan,2026-03-12 04:48:00,15.2,495.6,1.1,545.16,Completed
BK_004110,CUST_02573,Z107,Z101,Bike_Taxi,2026-03-14 18:55:00,23.4,305.8,2.4,733.92,Rider_Cancelled
BK_004111,CUST_03371,Z105,Z106,Auto_Rickshaw,2026-03-01 03:55:00,3.7,106.6,1.2,127.92,Completed
BK_004112,CUST_01888,Z304,Z301,Prime_Sedan,2026-03-17 11:23:00,6.8,260.4,1.2,312.48,Completed
BK_004113,CUST_01479,Z302,Z105,EV_Sedan,2026-02-25 16:30:00,16.6,496.6,1.0,496.6,Completed
BK_004114,CUST_01804,Z203,Z303,EV_Sedan,2026-03-10 08:23:00,21.2,616.2,1.8,1109.16,ETA_Timeout
BK_004115,CUST_01392,Z105,Z305,EV_Sedan,2026-03-11 11:48:00,18.3,540.8,1.2,648.96,Rider_Cancelled
BK_004116,CUST_01512,Z104,Z102,EV_Sedan,2026-03-04 22:52:00,8.0,273.0,1.2,327.6,Completed
BK_004117,CUST_01429,Z107,Z203,EV_Sedan,2026-02-04 13:21:00,18.3,540.8,1.0,540.8,Completed
BK_004118,CUST_02039,Z302,Z206,EV_Sedan,2026-02-15 19:00:00,10.0,325.0,2.4,780.0,Completed
BK_004119,CUST_02586,Z102,Z204,Bike_Taxi,2026-02-12 04:28:00,15.9,215.8,1.2,258.96,Completed
BK_004120,CUST_01005,Z206,Z102,EV_Sedan,2026-02-07 21:32:00,17.3,514.8,1.8,926.64,Completed
BK_004121,CUST_01768,Z101,Z304,Auto_Rickshaw,2026-02-22 09:50:00,3.8,108.4,1.8,195.12,Rider_Cancelled
BK_004122,CUST_01942,Z101,Z107,Auto_Rickshaw,2026-03-17 09:11:00,7.9,182.2,2.1,382.62,Rider_Cancelled
BK_004123,CUST_01249,Z205,Z105,Prime_Sedan,2026-02-26 22:25:00,11.7,397.6,1.1,437.36,Completed
BK_004124,CUST_01588,Z205,Z201,EV_Sedan,2026-03-15 04:14:00,20.8,605.8,1.0,605.8,Completed
BK_004125,CUST_02731,Z106,Z304,Auto_Rickshaw,2026-02-13 18:39:00,5.0,130.0,1.4,182.0,Completed
BK_004126,CUST_03107,Z205,Z101,Auto_Rickshaw,2026-02-07 21:09:00,22.2,439.6,2.4,1055.04,Driver_Cancelled
BK_004127,CUST_01289,Z206,Z103,EV_Sedan,2026-03-13 07:18:00,5.2,200.2,1.0,200.2,Rider_Cancelled
BK_004128,CUST_03006,Z201,Z101,EV_Sedan,2026-03-16 01:09:00,26.9,764.4,1.2,917.28,Completed
BK_004129,CUST_02223,Z101,Z204,Bike_Taxi,2026-02-15 01:23:00,6.6,104.2,1.0,104.2,Completed
BK_004130,CUST_01820,Z206,Z103,Auto_Rickshaw,2026-02-13 17:09:00,23.9,470.2,1.6,752.32,Completed
BK_004131,CUST_02753,Z302,Z303,Bike_Taxi,2026-02-16 23:05:00,12.9,179.8,1.1,197.78,Completed
BK_004132,CUST_03142,Z104,Z302,Auto_Rickshaw,2026-02-24 08:13:00,4.7,124.6,1.6,199.36,Completed
BK_004133,CUST_02247,Z206,Z104,EV_Sedan,2026-03-15 11:39:00,25.5,728.0,2.1,1528.8,Completed
BK_004134,CUST_03205,Z201,Z103,Auto_Rickshaw,2026-02-15 02:57:00,6.6,158.8,1.1,174.68,Driver_Cancelled
BK_004135,CUST_01580,Z202,Z107,EV_Sedan,2026-03-01 15:49:00,24.6,704.6,1.1,775.06,Completed
BK_004136,CUST_03476,Z106,Z103,Auto_Rickshaw,2026-02-12 11:44:00,10.5,229.0,1.4,320.6,Completed
BK_004137,CUST_03411,Z105,Z303,Auto_Rickshaw,2026-02-12 17:34:00,26.5,517.0,1.6,827.2,Completed
BK_004138,CUST_03388,Z104,Z201,EV_Sedan,2026-02-13 20:02:00,6.6,236.6,1.4,331.24,Completed
BK_004139,CUST_01195,Z203,Z204,EV_Sedan,2026-02-03 21:40:00,9.4,309.4,1.6,495.04,Completed
BK_004140,CUST_02009,Z101,Z102,Prime_Sedan,2026-02-21 05:09:00,14.5,476.0,1.0,476.0,Completed
BK_004141,CUST_02969,Z304,Z107,Bike_Taxi,2026-02-22 06:51:00,12.3,172.6,1.0,172.6,Driver_Cancelled
BK_004142,CUST_02935,Z303,Z106,EV_Sedan,2026-02-15 03:16:00,6.9,244.4,1.0,244.4,Completed
BK_004143,CUST_01548,Z304,Z105,Bike_Taxi,2026-02-20 16:01:00,9.8,142.6,1.0,142.6,Completed
BK_004144,CUST_03388,Z203,Z102,EV_Sedan,2026-02-19 18:36:00,7.1,249.6,2.4,599.04,Completed
BK_004145,CUST_01587,Z204,Z305,EV_Sedan,2026-03-15 21:12:00,27.5,780.0,1.8,1404.0,Completed
BK_004146,CUST_01796,Z305,Z301,Auto_Rickshaw,2026-03-13 20:55:00,26.7,520.6,1.6,832.96,Completed
BK_004147,CUST_02903,Z303,Z101,Auto_Rickshaw,2026-02-06 10:03:00,28.5,553.0,1.8,995.4,Rider_Cancelled
BK_004148,CUST_02558,Z105,Z304,EV_Sedan,2026-02-02 15:06:00,22.5,650.0,1.1,715.0,Completed
BK_004149,CUST_02343,Z203,Z201,Bike_Taxi,2026-02-17 21:08:00,6.7,105.4,2.4,252.96,ETA_Timeout
BK_004150,CUST_02276,Z205,Z302,Bike_Taxi,2026-02-11 05:16:00,24.3,316.6,1.2,379.92,Rider_Cancelled
BK_004151,CUST_01197,Z204,Z102,Auto_Rickshaw,2026-02-03 20:26:00,23.0,454.0,1.6,726.4,Completed
BK_004152,CUST_03371,Z204,Z106,Bike_Taxi,2026-03-02 10:29:00,17.6,236.2,1.6,377.92,Rider_Cancelled
BK_004153,CUST_03157,Z304,Z201,Prime_Sedan,2026-02-08 16:07:00,24.0,742.0,1.0,742.0,Completed
BK_004154,CUST_03208,Z106,Z305,EV_Sedan,2026-03-13 05:42:00,18.5,546.0,1.0,546.0,Completed
BK_004155,CUST_03261,Z104,Z206,Prime_Sedan,2026-02-12 23:58:00,27.6,842.8,1.2,1011.36,Driver_Cancelled
BK_004156,CUST_01989,Z305,Z201,Auto_Rickshaw,2026-02-11 09:05:00,22.3,441.4,1.8,794.52,Rider_Cancelled
BK_004157,CUST_03418,Z107,Z204,Auto_Rickshaw,2026-02-22 11:21:00,8.4,191.2,2.4,458.88,Completed
BK_004158,CUST_02779,Z103,Z105,EV_Sedan,2026-03-08 04:15:00,12.9,400.4,1.0,400.4,Completed
BK_004159,CUST_02753,Z301,Z101,Auto_Rickshaw,2026-03-07 22:46:00,26.7,520.6,1.0,520.6,Completed
BK_004160,CUST_02198,Z305,Z101,Prime_Sedan,2026-02-08 01:13:00,21.5,672.0,1.1,739.2,Completed
BK_004161,CUST_02620,Z205,Z105,EV_Sedan,2026-02-06 01:26:00,25.2,720.2,1.1,792.22,Completed
BK_004162,CUST_03303,Z203,Z204,Auto_Rickshaw,2026-03-11 14:18:00,19.9,398.2,1.0,398.2,Rider_Cancelled
BK_004163,CUST_02244,Z205,Z303,Bike_Taxi,2026-03-13 19:01:00,28.5,367.0,2.1,770.7,Rider_Cancelled
BK_004164,CUST_03265,Z103,Z205,Prime_Sedan,2026-03-02 01:41:00,17.5,560.0,1.1,616.0,Completed
BK_004165,CUST_01513,Z201,Z106,Prime_Sedan,2026-03-08 21:27:00,8.1,296.8,1.8,534.24,Rider_Cancelled
BK_004166,CUST_02164,Z303,Z107,EV_Sedan,2026-03-17 11:40:00,12.7,395.2,2.1,829.92,Completed
BK_004167,CUST_02976,Z205,Z201,EV_Sedan,2026-02-13 08:46:00,5.3,202.8,1.2,243.36,Completed
BK_004168,CUST_02160,Z202,Z102,Prime_Sedan,2026-02-20 00:30:00,5.6,226.8,1.0,226.8,Completed
BK_004169,CUST_01666,Z302,Z305,Bike_Taxi,2026-03-04 23:00:00,7.1,110.2,1.0,110.2,Driver_Cancelled
BK_004170,CUST_03016,Z107,Z103,Auto_Rickshaw,2026-02-26 22:34:00,10.4,227.2,1.1,249.92,Completed
BK_004171,CUST_01647,Z301,Z303,Prime_Sedan,2026-02-06 17:43:00,17.7,565.6,1.6,904.96,Completed
BK_004172,CUST_02462,Z203,Z103,Auto_Rickshaw,2026-03-13 05:30:00,12.6,266.8,1.1,293.48,Completed
BK_004173,CUST_03248,Z204,Z107,EV_Sedan,2026-02-03 12:41:00,11.0,351.0,1.0,351.0,Completed
BK_004174,CUST_01215,Z101,Z301,Bike_Taxi,2026-03-15 10:22:00,19.3,256.6,1.6,410.56,Completed
BK_004175,CUST_02169,Z105,Z101,Auto_Rickshaw,2026-03-05 21:35:00,24.5,481.0,1.8,865.8,Completed
BK_004176,CUST_03286,Z104,Z304,Prime_Sedan,2026-03-01 00:56:00,5.7,229.6,1.1,252.56,Rider_Cancelled
BK_004177,CUST_01602,Z201,Z102,Prime_Sedan,2026-02-13 07:41:00,15.7,509.6,1.1,560.56,ETA_Timeout
BK_004178,CUST_02628,Z205,Z101,Auto_Rickshaw,2026-03-07 06:44:00,19.9,398.2,1.0,398.2,Completed
BK_004179,CUST_01158,Z305,Z206,Prime_Sedan,2026-03-12 13:19:00,6.1,240.8,1.0,240.8,Completed
BK_004180,CUST_02987,Z305,Z107,EV_Sedan,2026-03-13 21:20:00,20.6,600.6,1.6,960.96,Completed
BK_004181,CUST_01851,Z203,Z204,Auto_Rickshaw,2026-02-14 05:25:00,23.9,470.2,1.0,470.2,Completed
BK_004182,CUST_03391,Z106,Z206,Auto_Rickshaw,2026-02-01 16:48:00,23.6,464.8,1.0,464.8,Completed
BK_004183,CUST_01615,Z206,Z304,EV_Sedan,2026-03-04 03:16:00,19.6,574.6,1.0,574.6,Completed
BK_004184,CUST_03092,Z103,Z301,Auto_Rickshaw,2026-03-03 12:47:00,18.1,365.8,1.1,402.38,Completed
BK_004185,CUST_02433,Z106,Z304,Auto_Rickshaw,2026-02-11 14:14:00,22.4,443.2,1.0,443.2,Completed
BK_004186,CUST_02374,Z101,Z202,Prime_Sedan,2026-03-16 23:19:00,5.7,229.6,1.2,275.52,Completed
BK_004187,CUST_02084,Z106,Z203,Prime_Sedan,2026-02-12 20:18:00,21.1,660.8,1.6,1057.28,Completed
BK_004188,CUST_02577,Z202,Z301,Prime_Sedan,2026-02-04 05:56:00,22.0,686.0,1.2,823.2,Completed
BK_004189,CUST_01469,Z303,Z106,Prime_Sedan,2026-02-13 23:06:00,21.6,674.8,1.0,674.8,Driver_Cancelled
BK_004190,CUST_01717,Z102,Z305,Bike_Taxi,2026-03-02 07:22:00,5.5,91.0,1.0,91.0,Rider_Cancelled
BK_004191,CUST_01455,Z107,Z205,Auto_Rickshaw,2026-02-11 10:37:00,14.0,292.0,2.1,613.2,Completed
BK_004192,CUST_02765,Z205,Z206,Auto_Rickshaw,2026-02-27 16:00:00,14.9,308.2,1.0,308.2,Completed
BK_004193,CUST_02764,Z305,Z103,Auto_Rickshaw,2026-03-14 01:26:00,6.2,151.6,1.0,151.6,Completed
BK_004194,CUST_02946,Z106,Z304,Bike_Taxi,2026-02-03 16:25:00,21.5,283.0,1.0,283.0,Completed
BK_004195,CUST_01077,Z103,Z204,EV_Sedan,2026-03-05 12:53:00,24.3,696.8,1.0,696.8,Completed
BK_004196,CUST_03115,Z106,Z202,EV_Sedan,2026-02-03 16:39:00,4.6,184.6,1.1,203.06,Completed
BK_004197,CUST_01862,Z102,Z204,Auto_Rickshaw,2026-02-07 15:41:00,14.7,304.6,1.0,304.6,Completed
BK_004198,CUST_02749,Z203,Z106,EV_Sedan,2026-03-05 22:16:00,21.7,629.2,1.1,692.12,Completed
BK_004199,CUST_01771,Z304,Z204,Bike_Taxi,2026-03-12 00:08:00,8.4,125.8,1.0,125.8,Driver_Cancelled
BK_004200,CUST_02070,Z202,Z205,EV_Sedan,2026-03-10 01:15:00,9.1,301.6,1.0,301.6,Rider_Cancelled
BK_004201,CUST_02066,Z202,Z102,Auto_Rickshaw,2026-02-09 05:22:00,27.3,531.4,1.0,531.4,Driver_Cancelled
BK_004202,CUST_03153,Z304,Z105,EV_Sedan,2026-03-02 01:50:00,5.0,195.0,1.0,195.0,Completed
BK_004203,CUST_02178,Z206,Z101,Auto_Rickshaw,2026-02-26 16:42:00,23.9,470.2,1.1,517.22,Completed
BK_004204,CUST_02843,Z301,Z201,EV_Sedan,2026-02-18 00:34:00,9.7,317.2,1.0,317.2,Completed
BK_004205,CUST_02047,Z203,Z302,EV_Sedan,2026-02-27 16:13:00,13.4,413.4,1.0,413.4,Completed
BK_004206,CUST_01194,Z202,Z203,Auto_Rickshaw,2026-02-16 18:40:00,10.0,220.0,1.2,264.0,Completed
BK_004207,CUST_01470,Z303,Z202,Bike_Taxi,2026-03-08 19:53:00,6.8,106.6,2.1,223.86,Completed
BK_004208,CUST_02215,Z303,Z107,EV_Sedan,2026-03-04 12:58:00,22.5,650.0,1.2,780.0,Completed
BK_004209,CUST_02350,Z205,Z104,Auto_Rickshaw,2026-02-11 23:28:00,4.3,117.4,1.0,117.4,Completed
BK_004210,CUST_03323,Z201,Z206,Auto_Rickshaw,2026-02-17 10:48:00,18.5,373.0,1.2,447.6,Completed
BK_004211,CUST_02262,Z201,Z304,EV_Sedan,2026-03-12 05:08:00,15.8,475.8,1.0,475.8,Completed
BK_004212,CUST_02456,Z205,Z107,Prime_Sedan,2026-03-09 04:35:00,16.0,518.0,1.2,621.6,Completed
BK_004213,CUST_02255,Z101,Z302,Auto_Rickshaw,2026-02-19 03:19:00,6.4,155.2,1.2,186.24,Completed
BK_004214,CUST_01402,Z305,Z303,Auto_Rickshaw,2026-02-09 04:59:00,17.3,351.4,1.0,351.4,Completed
BK_004215,CUST_02833,Z106,Z201,Auto_Rickshaw,2026-02-25 16:27:00,13.1,275.8,1.1,303.38,Completed
BK_004216,CUST_02109,Z102,Z302,Prime_Sedan,2026-02-28 05:18:00,22.8,708.4,1.0,708.4,Completed
BK_004217,CUST_01147,Z201,Z104,Auto_Rickshaw,2026-02-24 13:53:00,17.8,360.4,1.2,432.48,Driver_Cancelled
BK_004218,CUST_01917,Z106,Z107,Bike_Taxi,2026-03-17 23:50:00,11.7,165.4,1.2,198.48,Driver_Cancelled
BK_004219,CUST_02731,Z301,Z101,Bike_Taxi,2026-03-16 16:12:00,11.2,159.4,1.0,159.4,Driver_Cancelled
BK_004220,CUST_03351,Z105,Z104,Auto_Rickshaw,2026-02-06 14:39:00,27.4,533.2,1.2,639.84,Completed
BK_004221,CUST_02441,Z304,Z103,Auto_Rickshaw,2026-02-13 07:43:00,19.9,398.2,1.1,438.02,Completed
BK_004222,CUST_02655,Z304,Z305,Prime_Sedan,2026-02-16 13:49:00,9.3,330.4,1.0,330.4,Completed
BK_004223,CUST_01851,Z201,Z202,Bike_Taxi,2026-03-15 21:35:00,8.3,124.6,1.2,149.52,Completed
BK_004224,CUST_02500,Z201,Z102,Auto_Rickshaw,2026-03-17 22:21:00,19.0,382.0,1.0,382.0,Driver_Cancelled
BK_004225,CUST_02181,Z101,Z102,Prime_Sedan,2026-02-06 04:37:00,17.8,568.4,1.0,568.4,Completed
BK_004226,CUST_02583,Z205,Z302,EV_Sedan,2026-03-10 20:25:00,14.2,434.2,1.8,781.56,Completed
BK_004227,CUST_01333,Z202,Z201,EV_Sedan,2026-02-18 06:13:00,11.6,366.6,1.0,366.6,Completed
BK_004228,CUST_02586,Z102,Z103,Auto_Rickshaw,2026-03-01 01:43:00,22.8,450.4,1.1,495.44,Rider_Cancelled
BK_004229,CUST_01374,Z105,Z301,Auto_Rickshaw,2026-02-06 03:49:00,12.2,259.6,1.2,311.52,Completed
BK_004230,CUST_01237,Z203,Z305,EV_Sedan,2026-02-28 19:17:00,13.8,423.8,1.8,762.84,Completed
BK_004231,CUST_02894,Z205,Z206,Prime_Sedan,2026-02-20 17:56:00,8.9,319.2,1.2,383.04,Completed
BK_004232,CUST_02464,Z101,Z304,EV_Sedan,2026-02-20 20:10:00,6.9,244.4,1.4,342.16,Completed
BK_004233,CUST_01101,Z304,Z105,Bike_Taxi,2026-02-14 18:31:00,14.5,199.0,1.2,238.8,Completed
BK_004234,CUST_02872,Z201,Z205,Bike_Taxi,2026-02-23 16:30:00,12.6,176.2,1.0,176.2,Completed
BK_004235,CUST_01668,Z204,Z205,EV_Sedan,2026-03-12 18:21:00,10.9,348.4,1.4,487.76,Completed
BK_004236,CUST_02184,Z201,Z304,EV_Sedan,2026-02-07 00:53:00,2.6,132.6,1.0,132.6,Completed
BK_004237,CUST_02230,Z105,Z206,EV_Sedan,2026-03-07 05:20:00,17.6,522.6,1.0,522.6,Completed
BK_004238,CUST_03168,Z305,Z101,Auto_Rickshaw,2026-03-12 18:00:00,17.4,353.2,1.8,635.76,Completed
BK_004239,CUST_02409,Z201,Z304,Prime_Sedan,2026-02-03 08:09:00,13.2,439.6,1.6,703.36,Completed
BK_004240,CUST_02456,Z104,Z305,Auto_Rickshaw,2026-02-12 01:03:00,28.5,553.0,1.0,553.0,Completed
BK_004241,CUST_01085,Z201,Z107,Prime_Sedan,2026-02-20 17:17:00,12.4,417.2,2.1,876.12,Completed
BK_004242,CUST_02179,Z206,Z101,Prime_Sedan,2026-02-19 05:01:00,26.1,800.8,1.0,800.8,Completed
BK_004243,CUST_02701,Z206,Z102,Auto_Rickshaw,2026-02-18 06:16:00,14.2,295.6,1.0,295.6,Completed
BK_004244,CUST_01791,Z103,Z201,Prime_Sedan,2026-02-04 14:37:00,21.2,663.6,1.0,663.6,Completed
BK_004245,CUST_01138,Z302,Z304,Bike_Taxi,2026-03-08 20:41:00,24.8,322.6,2.1,677.46,Driver_Cancelled
BK_004246,CUST_02706,Z206,Z302,Auto_Rickshaw,2026-02-24 10:20:00,10.3,225.4,2.4,540.96,Completed
BK_004247,CUST_01737,Z303,Z105,Bike_Taxi,2026-03-09 03:14:00,5.3,88.6,1.0,88.6,Rider_Cancelled
BK_004248,CUST_02249,Z107,Z202,EV_Sedan,2026-02-13 23:11:00,14.9,452.4,1.1,497.64,Completed
BK_004249,CUST_01371,Z204,Z201,Auto_Rickshaw,2026-03-03 13:36:00,17.3,351.4,1.0,351.4,Completed
BK_004250,CUST_02555,Z305,Z206,Prime_Sedan,2026-02-04 00:07:00,8.5,308.0,1.0,308.0,Completed
BK_004251,CUST_02544,Z103,Z204,Auto_Rickshaw,2026-02-08 11:54:00,6.1,149.8,1.8,269.64,Completed
BK_004252,CUST_01356,Z101,Z305,Prime_Sedan,2026-02-03 01:59:00,19.3,610.4,1.0,610.4,Completed
BK_004253,CUST_02658,Z202,Z105,Prime_Sedan,2026-02-18 04:11:00,11.3,386.4,1.0,386.4,Completed
BK_004254,CUST_02467,Z301,Z205,Prime_Sedan,2026-02-18 18:24:00,15.4,501.2,1.4,701.68,Rider_Cancelled
BK_004255,CUST_03240,Z305,Z103,EV_Sedan,2026-03-01 08:38:00,22.3,644.8,1.2,773.76,Driver_Cancelled
BK_004256,CUST_01691,Z202,Z106,EV_Sedan,2026-02-02 06:13:00,14.2,434.2,1.0,434.2,Completed
BK_004257,CUST_03229,Z303,Z203,Bike_Taxi,2026-02-14 19:51:00,5.9,95.8,1.2,114.96,Completed
BK_004258,CUST_01609,Z103,Z203,Auto_Rickshaw,2026-02-03 18:02:00,28.0,544.0,2.4,1305.6,Completed
BK_004259,CUST_03151,Z203,Z305,Prime_Sedan,2026-03-01 20:30:00,19.0,602.0,2.4,1444.8,Completed
BK_004260,CUST_02436,Z205,Z101,Auto_Rickshaw,2026-02-28 03:01:00,25.2,493.6,1.1,542.96,Completed
BK_004261,CUST_01697,Z305,Z205,Prime_Sedan,2026-03-07 08:36:00,4.0,182.0,1.4,254.8,Completed
BK_004262,CUST_02569,Z202,Z304,EV_Sedan,2026-02-12 23:15:00,24.6,704.6,1.2,845.52,Completed
BK_004263,CUST_03176,Z103,Z206,Bike_Taxi,2026-03-13 10:42:00,26.9,347.8,2.1,730.38,Completed
BK_004264,CUST_01952,Z105,Z202,Prime_Sedan,2026-03-15 23:21:00,4.4,193.2,1.0,193.2,Completed
BK_004265,CUST_02842,Z101,Z201,EV_Sedan,2026-02-04 21:20:00,16.7,499.2,1.8,898.56,Completed
BK_004266,CUST_01771,Z102,Z305,Auto_Rickshaw,2026-02-05 18:02:00,9.7,214.6,1.6,343.36,Rider_Cancelled
BK_004267,CUST_02795,Z202,Z205,Prime_Sedan,2026-03-04 05:25:00,24.9,767.2,1.0,767.2,Completed
BK_004268,CUST_03080,Z302,Z206,EV_Sedan,2026-02-18 00:54:00,27.4,777.4,1.1,855.14,Completed
BK_004269,CUST_02797,Z105,Z301,EV_Sedan,2026-02-12 15:40:00,22.5,650.0,1.0,650.0,Completed
BK_004270,CUST_01515,Z203,Z205,EV_Sedan,2026-02-10 08:55:00,20.9,608.4,1.2,730.08,Completed
BK_004271,CUST_02099,Z101,Z102,Auto_Rickshaw,2026-02-24 20:54:00,16.0,328.0,1.6,524.8,Driver_Cancelled
BK_004272,CUST_03480,Z202,Z106,Prime_Sedan,2026-02-02 02:45:00,20.5,644.0,1.1,708.4,Completed
BK_004273,CUST_03360,Z103,Z202,EV_Sedan,2026-02-05 19:59:00,3.1,145.6,1.2,174.72,Driver_Cancelled
BK_004274,CUST_01314,Z204,Z303,Prime_Sedan,2026-03-14 14:05:00,13.5,448.0,1.0,448.0,Completed
BK_004275,CUST_03017,Z305,Z204,Prime_Sedan,2026-02-06 15:09:00,3.1,156.8,1.1,172.48,Rider_Cancelled
BK_004276,CUST_03114,Z205,Z303,Auto_Rickshaw,2026-03-01 02:25:00,4.2,115.6,1.0,115.6,Driver_Cancelled
BK_004277,CUST_01342,Z205,Z101,Prime_Sedan,2026-02-19 09:46:00,4.8,204.4,2.1,429.24,Completed
BK_004278,CUST_01818,Z202,Z305,EV_Sedan,2026-03-18 05:28:00,5.5,208.0,1.0,208.0,Completed
BK_004279,CUST_02190,Z101,Z106,EV_Sedan,2026-02-09 23:43:00,22.3,644.8,1.0,644.8,Completed
BK_004280,CUST_02892,Z104,Z202,EV_Sedan,2026-03-10 06:11:00,14.6,444.6,1.2,533.52,Completed
BK_004281,CUST_01714,Z201,Z305,Prime_Sedan,2026-03-07 20:23:00,3.7,173.6,1.8,312.48,Completed
BK_004282,CUST_02731,Z105,Z107,Bike_Taxi,2026-02-08 02:31:00,7.8,118.6,1.0,118.6,Completed
BK_004283,CUST_01531,Z302,Z105,EV_Sedan,2026-03-09 12:54:00,12.8,397.8,1.0,397.8,Completed
BK_004284,CUST_01986,Z302,Z204,Auto_Rickshaw,2026-03-03 13:36:00,22.7,448.6,1.0,448.6,Completed
BK_004285,CUST_03309,Z202,Z305,Auto_Rickshaw,2026-02-06 20:22:00,9.7,214.6,1.8,386.28,Completed
BK_004286,CUST_02758,Z107,Z303,Prime_Sedan,2026-03-04 19:47:00,3.4,165.2,2.1,346.92,Driver_Cancelled
BK_004287,CUST_01007,Z106,Z305,Auto_Rickshaw,2026-03-15 21:42:00,28.2,547.6,2.1,1149.96,Completed
BK_004288,CUST_01160,Z103,Z205,Auto_Rickshaw,2026-03-03 15:09:00,20.3,405.4,1.0,405.4,ETA_Timeout
BK_004289,CUST_02162,Z201,Z103,Prime_Sedan,2026-02-03 06:31:00,23.6,730.8,1.0,730.8,Completed
BK_004290,CUST_02396,Z202,Z105,EV_Sedan,2026-02-23 20:45:00,8.1,275.6,1.2,330.72,Completed
BK_004291,CUST_01429,Z203,Z107,EV_Sedan,2026-03-13 08:35:00,21.9,634.4,1.2,761.28,Completed
BK_004292,CUST_03124,Z205,Z104,Auto_Rickshaw,2026-02-28 07:48:00,15.7,322.6,1.1,354.86,Completed
BK_004293,CUST_02041,Z106,Z205,Auto_Rickshaw,2026-02-01 15:05:00,9.7,214.6,1.0,214.6,Completed
BK_004294,CUST_01219,Z301,Z302,Auto_Rickshaw,2026-03-09 08:52:00,9.5,211.0,1.2,253.2,Completed
BK_004295,CUST_03272,Z104,Z105,Prime_Sedan,2026-03-04 16:23:00,14.4,473.2,1.1,520.52,Completed
BK_004296,CUST_01742,Z103,Z301,EV_Sedan,2026-02-26 18:45:00,7.2,252.2,1.6,403.52,Completed
BK_004297,CUST_02152,Z202,Z107,Bike_Taxi,2026-02-09 12:48:00,21.9,287.8,1.2,345.36,ETA_Timeout
BK_004298,CUST_01018,Z205,Z302,Bike_Taxi,2026-03-12 07:43:00,9.9,143.8,1.2,172.56,Rider_Cancelled
BK_004299,CUST_03014,Z106,Z203,Auto_Rickshaw,2026-03-09 06:20:00,23.4,461.2,1.1,507.32,Completed
BK_004300,CUST_02595,Z105,Z101,Auto_Rickshaw,2026-02-10 20:13:00,26.7,520.6,1.8,937.08,Driver_Cancelled
BK_004301,CUST_03363,Z103,Z302,EV_Sedan,2026-03-04 04:28:00,9.8,319.8,1.1,351.78,Completed
BK_004302,CUST_01947,Z301,Z206,EV_Sedan,2026-03-10 15:06:00,24.0,689.0,1.0,689.0,Completed
BK_004303,CUST_02086,Z105,Z204,EV_Sedan,2026-02-23 12:37:00,19.9,582.4,1.0,582.4,Completed
BK_004304,CUST_02726,Z203,Z102,Auto_Rickshaw,2026-03-09 08:54:00,24.6,482.8,1.2,579.36,Rider_Cancelled
BK_004305,CUST_02080,Z104,Z203,Auto_Rickshaw,2026-02-11 08:35:00,23.0,454.0,2.4,1089.6,Rider_Cancelled
BK_004306,CUST_02261,Z301,Z206,Auto_Rickshaw,2026-02-11 04:20:00,4.6,122.8,1.2,147.36,Completed
BK_004307,CUST_02462,Z303,Z202,Auto_Rickshaw,2026-02-28 10:45:00,25.8,504.4,1.8,907.92,Completed
BK_004308,CUST_03356,Z103,Z202,Bike_Taxi,2026-02-15 00:38:00,12.7,177.4,1.2,212.88,Completed
BK_004309,CUST_02447,Z107,Z105,Prime_Sedan,2026-03-12 22:43:00,20.5,644.0,1.0,644.0,Completed
BK_004310,CUST_01217,Z204,Z305,Auto_Rickshaw,2026-02-05 19:29:00,13.5,283.0,2.1,594.3,Completed
BK_004311,CUST_02691,Z205,Z107,Prime_Sedan,2026-03-01 10:35:00,3.4,165.2,1.8,297.36,Completed
BK_004312,CUST_01242,Z107,Z205,Auto_Rickshaw,2026-02-13 15:31:00,7.9,182.2,1.0,182.2,Completed
BK_004313,CUST_01179,Z305,Z204,Prime_Sedan,2026-02-27 21:44:00,27.0,826.0,1.6,1321.6,ETA_Timeout
BK_004314,CUST_01409,Z105,Z104,Bike_Taxi,2026-02-17 15:04:00,17.4,233.8,1.0,233.8,Driver_Cancelled
BK_004315,CUST_01709,Z202,Z103,Auto_Rickshaw,2026-02-28 21:38:00,5.4,137.2,2.4,329.28,Completed
BK_004316,CUST_01002,Z107,Z105,Bike_Taxi,2026-02-26 04:29:00,6.4,101.8,1.0,101.8,Completed
BK_004317,CUST_02925,Z105,Z103,Prime_Sedan,2026-03-03 00:41:00,4.4,193.2,1.1,212.52,Driver_Cancelled
BK_004318,CUST_01408,Z203,Z302,Prime_Sedan,2026-02-26 10:03:00,12.4,417.2,1.8,750.96,Completed
BK_004319,CUST_02434,Z102,Z201,Prime_Sedan,2026-02-17 17:58:00,26.6,814.8,1.6,1303.68,Completed
BK_004320,CUST_02272,Z107,Z203,EV_Sedan,2026-03-05 11:47:00,12.4,387.4,2.4,929.76,Completed
BK_004321,CUST_03427,Z202,Z203,Prime_Sedan,2026-02-01 21:48:00,4.5,196.0,1.8,352.8,Rider_Cancelled
BK_004322,CUST_01538,Z101,Z205,EV_Sedan,2026-03-05 22:57:00,18.0,533.0,1.2,639.6,Completed
BK_004323,CUST_01828,Z107,Z206,Prime_Sedan,2026-02-11 23:18:00,27.3,834.4,1.0,834.4,Rider_Cancelled
BK_004324,CUST_02815,Z205,Z104,Prime_Sedan,2026-02-24 01:40:00,14.2,467.6,1.0,467.6,Completed
BK_004325,CUST_03288,Z206,Z103,Prime_Sedan,2026-02-07 15:53:00,22.4,697.2,1.0,697.2,Completed
BK_004326,CUST_02972,Z105,Z203,Bike_Taxi,2026-03-16 17:54:00,12.5,175.0,2.4,420.0,Driver_Cancelled
BK_004327,CUST_02655,Z302,Z107,EV_Sedan,2026-02-05 16:50:00,22.0,637.0,1.0,637.0,Completed
BK_004328,CUST_01744,Z103,Z204,Auto_Rickshaw,2026-02-10 05:01:00,25.8,504.4,1.0,504.4,Completed
BK_004329,CUST_02439,Z301,Z205,EV_Sedan,2026-03-07 01:43:00,2.9,140.4,1.2,168.48,Completed
BK_004330,CUST_01843,Z201,Z205,Bike_Taxi,2026-02-23 23:39:00,18.6,248.2,1.2,297.84,Completed
BK_004331,CUST_02663,Z305,Z304,EV_Sedan,2026-02-15 11:05:00,17.9,530.4,1.4,742.56,Completed
BK_004332,CUST_01450,Z105,Z204,Auto_Rickshaw,2026-02-22 15:38:00,9.7,214.6,1.2,257.52,Driver_Cancelled
BK_004333,CUST_01061,Z107,Z104,Bike_Taxi,2026-03-02 18:55:00,15.6,212.2,2.4,509.28,Rider_Cancelled
BK_004334,CUST_03448,Z203,Z305,Auto_Rickshaw,2026-02-06 10:28:00,18.3,369.4,2.4,886.56,Completed
BK_004335,CUST_03319,Z205,Z103,Prime_Sedan,2026-03-16 13:30:00,5.4,221.2,1.0,221.2,Completed
BK_004336,CUST_02272,Z102,Z105,Prime_Sedan,2026-03-09 12:55:00,22.8,708.4,1.0,708.4,Completed
BK_004337,CUST_02446,Z304,Z105,EV_Sedan,2026-03-04 07:41:00,20.4,595.4,1.2,714.48,Rider_Cancelled
BK_004338,CUST_01481,Z304,Z101,Bike_Taxi,2026-02-13 07:02:00,18.4,245.8,1.0,245.8,Completed
BK_004339,CUST_02253,Z203,Z303,Prime_Sedan,2026-03-15 13:30:00,22.0,686.0,1.0,686.0,Completed
BK_004340,CUST_01173,Z106,Z201,Auto_Rickshaw,2026-03-12 13:02:00,19.6,392.8,1.1,432.08,Completed
BK_004341,CUST_02508,Z304,Z104,EV_Sedan,2026-03-08 18:33:00,28.1,795.6,1.4,1113.84,Completed
BK_004342,CUST_02082,Z205,Z105,Bike_Taxi,2026-02-13 07:03:00,11.9,167.8,1.0,167.8,Completed
BK_004343,CUST_02467,Z106,Z107,Auto_Rickshaw,2026-02-28 13:39:00,15.0,310.0,1.0,310.0,Completed
BK_004344,CUST_02167,Z105,Z107,EV_Sedan,2026-03-11 13:09:00,10.2,330.2,1.0,330.2,ETA_Timeout
BK_004345,CUST_02853,Z106,Z104,EV_Sedan,2026-02-09 16:57:00,19.6,574.6,1.2,689.52,Rider_Cancelled
BK_004346,CUST_01977,Z201,Z206,EV_Sedan,2026-03-04 00:32:00,3.2,148.2,1.0,148.2,Completed
BK_004347,CUST_02459,Z303,Z301,Prime_Sedan,2026-02-09 20:21:00,19.4,613.2,1.4,858.48,Completed
BK_004348,CUST_03284,Z206,Z107,Prime_Sedan,2026-02-23 20:39:00,3.8,176.4,1.6,282.24,Completed
BK_004349,CUST_02581,Z304,Z302,EV_Sedan,2026-03-10 22:11:00,11.2,356.2,1.0,356.2,Completed
BK_004350,CUST_01748,Z106,Z305,Bike_Taxi,2026-02-24 15:41:00,21.6,284.2,1.1,312.62,Completed
BK_004351,CUST_03298,Z305,Z106,EV_Sedan,2026-03-09 20:26:00,3.2,148.2,2.1,311.22,Completed
BK_004352,CUST_02388,Z101,Z102,Bike_Taxi,2026-02-28 17:32:00,13.6,188.2,1.8,338.76,Rider_Cancelled
BK_004353,CUST_02937,Z103,Z107,Prime_Sedan,2026-03-04 05:20:00,23.3,722.4,1.0,722.4,Rider_Cancelled
BK_004354,CUST_02331,Z204,Z205,EV_Sedan,2026-02-09 13:12:00,23.1,665.6,1.0,665.6,Rider_Cancelled
BK_004355,CUST_01466,Z205,Z103,EV_Sedan,2026-02-06 11:05:00,25.7,733.2,1.4,1026.48,ETA_Timeout
BK_004356,CUST_01936,Z205,Z107,Auto_Rickshaw,2026-02-06 07:30:00,19.1,383.8,1.0,383.8,Completed
BK_004357,CUST_01225,Z305,Z301,Prime_Sedan,2026-02-02 13:50:00,26.0,798.0,1.1,877.8,Driver_Cancelled
BK_004358,CUST_02570,Z302,Z101,EV_Sedan,2026-03-03 03:55:00,12.5,390.0,1.2,468.0,Completed
BK_004359,CUST_01361,Z305,Z201,Auto_Rickshaw,2026-02-09 08:25:00,3.1,95.8,2.1,201.18,Driver_Cancelled
BK_004360,CUST_02204,Z202,Z102,Bike_Taxi,2026-02-21 22:15:00,9.6,140.2,1.2,168.24,Rider_Cancelled
BK_004361,CUST_01923,Z104,Z303,Bike_Taxi,2026-02-09 21:41:00,25.0,325.0,2.4,780.0,Completed
BK_004362,CUST_02068,Z103,Z204,Bike_Taxi,2026-03-13 05:32:00,6.1,98.2,1.2,117.84,Completed
BK_004363,CUST_02933,Z201,Z107,EV_Sedan,2026-03-11 21:55:00,23.0,663.0,2.4,1591.2,Completed
BK_004364,CUST_03092,Z202,Z303,EV_Sedan,2026-02-03 14:24:00,25.3,722.8,1.2,867.36,Completed
BK_004365,CUST_03435,Z202,Z203,Auto_Rickshaw,2026-03-10 12:15:00,18.5,373.0,1.2,447.6,Completed
BK_004366,CUST_01691,Z201,Z102,Prime_Sedan,2026-02-23 02:37:00,25.3,778.4,1.1,856.24,Driver_Cancelled
BK_004367,CUST_01130,Z105,Z302,EV_Sedan,2026-02-01 20:18:00,15.7,473.2,1.2,567.84,Completed
BK_004368,CUST_01898,Z303,Z305,EV_Sedan,2026-02-03 18:06:00,3.6,158.6,1.2,190.32,Completed
BK_004369,CUST_01550,Z205,Z301,EV_Sedan,2026-02-22 15:16:00,27.8,787.8,1.0,787.8,Rider_Cancelled
BK_004370,CUST_02360,Z103,Z104,Auto_Rickshaw,2026-02-01 14:16:00,11.9,254.2,1.2,305.04,Completed
BK_004371,CUST_02462,Z103,Z204,Auto_Rickshaw,2026-03-09 21:51:00,20.2,403.6,1.8,726.48,Rider_Cancelled
BK_004372,CUST_03184,Z304,Z305,Prime_Sedan,2026-03-02 22:58:00,10.3,358.4,1.1,394.24,Driver_Cancelled
BK_004373,CUST_02876,Z302,Z106,Auto_Rickshaw,2026-02-08 12:52:00,12.1,257.8,1.0,257.8,Rider_Cancelled
BK_004374,CUST_01778,Z103,Z203,Bike_Taxi,2026-02-26 21:42:00,10.0,145.0,1.4,203.0,Completed
BK_004375,CUST_03421,Z102,Z202,Prime_Sedan,2026-02-21 14:50:00,8.9,319.2,1.1,351.12,Completed
BK_004376,CUST_03378,Z201,Z107,Bike_Taxi,2026-02-16 06:39:00,5.5,91.0,1.2,109.2,ETA_Timeout
BK_004377,CUST_01279,Z203,Z202,EV_Sedan,2026-02-03 00:57:00,9.4,309.4,1.0,309.4,Driver_Cancelled
BK_004378,CUST_01932,Z302,Z305,Bike_Taxi,2026-02-25 15:54:00,16.1,218.2,1.0,218.2,Completed
BK_004379,CUST_02328,Z205,Z204,Bike_Taxi,2026-02-25 14:47:00,9.0,133.0,1.1,146.3,Completed
BK_004380,CUST_02529,Z202,Z301,EV_Sedan,2026-02-18 15:20:00,22.9,660.4,1.0,660.4,Completed
BK_004381,CUST_02867,Z104,Z106,Bike_Taxi,2026-02-06 12:33:00,7.2,111.4,1.1,122.54,Completed
BK_004382,CUST_02088,Z106,Z301,EV_Sedan,2026-02-25 22:11:00,10.1,327.6,1.0,327.6,Driver_Cancelled
BK_004383,CUST_03159,Z204,Z305,Auto_Rickshaw,2026-03-17 11:18:00,28.1,545.8,2.1,1146.18,Completed
BK_004384,CUST_01519,Z104,Z304,Bike_Taxi,2026-02-28 18:49:00,10.3,148.6,1.6,237.76,Completed
BK_004385,CUST_01102,Z203,Z204,EV_Sedan,2026-03-14 03:38:00,26.7,759.2,1.0,759.2,Completed
BK_004386,CUST_02805,Z101,Z203,EV_Sedan,2026-03-17 16:33:00,23.2,668.2,1.1,735.02,Completed
BK_004387,CUST_03193,Z204,Z302,EV_Sedan,2026-02-28 06:15:00,21.3,618.8,1.0,618.8,Completed
BK_004388,CUST_02129,Z105,Z102,EV_Sedan,2026-02-22 23:25:00,3.0,143.0,1.0,143.0,Completed
BK_004389,CUST_02823,Z201,Z203,Bike_Taxi,2026-03-01 10:25:00,27.8,358.6,1.6,573.76,Completed
BK_004390,CUST_02193,Z206,Z205,Prime_Sedan,2026-02-04 07:45:00,23.0,714.0,1.1,785.4,Completed
BK_004391,CUST_02979,Z104,Z305,Auto_Rickshaw,2026-02-20 07:36:00,19.8,396.4,1.1,436.04,Completed
BK_004392,CUST_02791,Z202,Z205,Auto_Rickshaw,2026-03-16 01:39:00,4.5,121.0,1.0,121.0,Completed
BK_004393,CUST_01935,Z101,Z103,Auto_Rickshaw,2026-02-15 01:43:00,25.3,495.4,1.0,495.4,ETA_Timeout
BK_004394,CUST_02602,Z104,Z205,Auto_Rickshaw,2026-02-12 10:25:00,2.7,88.6,2.4,212.64,Completed
BK_004395,CUST_02549,Z103,Z101,EV_Sedan,2026-03-11 10:46:00,13.8,423.8,1.2,508.56,Completed
BK_004396,CUST_01609,Z305,Z301,Bike_Taxi,2026-02-16 00:08:00,28.3,364.6,1.0,364.6,Driver_Cancelled
BK_004397,CUST_01071,Z103,Z104,EV_Sedan,2026-02-26 19:14:00,25.2,720.2,1.8,1296.36,ETA_Timeout
BK_004398,CUST_02901,Z203,Z107,Prime_Sedan,2026-02-18 18:17:00,7.1,268.8,2.4,645.12,Completed
BK_004399,CUST_01535,Z203,Z103,Bike_Taxi,2026-02-16 04:07:00,6.5,103.0,1.0,103.0,Driver_Cancelled
BK_004400,CUST_03238,Z302,Z107,Bike_Taxi,2026-02-02 00:46:00,3.5,67.0,1.0,67.0,Completed
BK_004401,CUST_02889,Z201,Z303,Prime_Sedan,2026-03-07 01:08:00,13.8,456.4,1.1,502.04,Completed
BK_004402,CUST_01518,Z204,Z202,Auto_Rickshaw,2026-03-07 02:56:00,15.4,317.2,1.0,317.2,Completed
BK_004403,CUST_02309,Z205,Z105,Prime_Sedan,2026-03-05 17:58:00,10.9,375.2,1.4,525.28,Rider_Cancelled
BK_004404,CUST_01693,Z304,Z204,EV_Sedan,2026-03-12 16:41:00,4.9,192.4,1.0,192.4,Completed
BK_004405,CUST_01964,Z107,Z201,Bike_Taxi,2026-03-15 11:19:00,2.8,58.6,2.4,140.64,Completed
BK_004406,CUST_02723,Z303,Z102,Auto_Rickshaw,2026-02-24 12:50:00,27.1,527.8,1.0,527.8,Completed
BK_004407,CUST_03116,Z101,Z201,Bike_Taxi,2026-03-03 09:46:00,15.7,213.4,2.4,512.16,Completed
BK_004408,CUST_03488,Z305,Z301,Prime_Sedan,2026-03-10 15:46:00,3.0,154.0,1.0,154.0,Completed
BK_004409,CUST_03235,Z104,Z203,Prime_Sedan,2026-02-12 00:00:00,26.5,812.0,1.0,812.0,Completed
BK_004410,CUST_02485,Z305,Z304,EV_Sedan,2026-03-08 10:54:00,19.6,574.6,1.8,1034.28,Rider_Cancelled
BK_004411,CUST_02671,Z305,Z303,Prime_Sedan,2026-02-27 03:21:00,9.8,344.4,1.0,344.4,Completed
BK_004412,CUST_02114,Z304,Z202,Auto_Rickshaw,2026-02-02 12:51:00,20.3,405.4,1.2,486.48,Completed
BK_004413,CUST_02080,Z305,Z102,Auto_Rickshaw,2026-02-05 09:00:00,12.6,266.8,1.6,426.88,Completed
BK_004414,CUST_02463,Z304,Z206,Bike_Taxi,2026-02-20 05:00:00,9.6,140.2,1.2,168.24,Driver_Cancelled
BK_004415,CUST_02033,Z204,Z202,Prime_Sedan,2026-02-16 00:17:00,14.3,470.4,1.0,470.4,Driver_Cancelled
BK_004416,CUST_01706,Z301,Z107,EV_Sedan,2026-02-11 03:56:00,20.2,590.2,1.0,590.2,Completed
BK_004417,CUST_02194,Z203,Z302,Prime_Sedan,2026-02-18 22:52:00,26.8,820.4,1.0,820.4,Completed
BK_004418,CUST_01721,Z106,Z201,Prime_Sedan,2026-03-10 20:29:00,25.8,792.4,2.4,1901.76,Rider_Cancelled
BK_004419,CUST_02545,Z205,Z305,Auto_Rickshaw,2026-02-16 11:37:00,7.1,167.8,1.6,268.48,Driver_Cancelled
BK_004420,CUST_03440,Z203,Z204,Auto_Rickshaw,2026-02-11 00:15:00,23.3,459.4,1.1,505.34,Completed
BK_004421,CUST_03184,Z104,Z304,Auto_Rickshaw,2026-02-14 04:26:00,21.9,434.2,1.0,434.2,Completed
BK_004422,CUST_01149,Z304,Z303,Bike_Taxi,2026-03-16 04:06:00,8.2,123.4,1.0,123.4,Completed
BK_004423,CUST_01027,Z302,Z102,Bike_Taxi,2026-02-15 20:02:00,23.0,301.0,1.6,481.6,Completed
BK_004424,CUST_01366,Z303,Z105,Auto_Rickshaw,2026-03-17 15:05:00,18.7,376.6,1.1,414.26,Completed
BK_004425,CUST_02603,Z104,Z102,EV_Sedan,2026-02-06 19:38:00,27.6,782.6,1.6,1252.16,Completed
BK_004426,CUST_02924,Z303,Z305,Auto_Rickshaw,2026-03-04 13:01:00,13.4,281.2,1.2,337.44,Rider_Cancelled
BK_004427,CUST_01551,Z101,Z104,Auto_Rickshaw,2026-02-05 08:37:00,12.7,268.6,2.1,564.06,Completed
BK_004428,CUST_02159,Z302,Z303,Bike_Taxi,2026-03-06 03:39:00,16.8,226.6,1.0,226.6,Completed
BK_004429,CUST_01793,Z104,Z203,EV_Sedan,2026-02-25 04:13:00,14.6,444.6,1.0,444.6,Completed
BK_004430,CUST_03202,Z107,Z205,EV_Sedan,2026-02-13 23:55:00,24.3,696.8,1.1,766.48,Completed
BK_004431,CUST_03440,Z107,Z104,Auto_Rickshaw,2026-03-13 02:41:00,14.0,292.0,1.2,350.4,Completed
BK_004432,CUST_01655,Z201,Z303,Prime_Sedan,2026-02-12 09:48:00,14.3,470.4,2.1,987.84,Driver_Cancelled
BK_004433,CUST_01422,Z202,Z205,Bike_Taxi,2026-03-14 23:57:00,4.7,81.4,1.2,97.68,Completed
BK_004434,CUST_01523,Z304,Z302,Prime_Sedan,2026-02-21 19:26:00,27.0,826.0,1.6,1321.6,Completed
BK_004435,CUST_03420,Z304,Z305,Auto_Rickshaw,2026-02-16 10:35:00,21.0,418.0,1.8,752.4,Completed
BK_004436,CUST_03382,Z106,Z304,Auto_Rickshaw,2026-03-15 06:45:00,12.6,266.8,1.2,320.16,Completed
BK_004437,CUST_01068,Z303,Z305,Bike_Taxi,2026-03-18 05:09:00,16.0,217.0,1.0,217.0,Driver_Cancelled
BK_004438,CUST_02655,Z105,Z203,Auto_Rickshaw,2026-02-01 11:57:00,4.6,122.8,2.1,257.88,Completed
BK_004439,CUST_02317,Z301,Z107,Prime_Sedan,2026-03-06 08:29:00,6.3,246.4,2.4,591.36,Completed
BK_004440,CUST_03052,Z305,Z101,EV_Sedan,2026-03-07 11:25:00,9.3,306.8,1.6,490.88,Completed
BK_004441,CUST_02855,Z104,Z204,Bike_Taxi,2026-03-12 14:16:00,7.5,115.0,1.0,115.0,Completed
BK_004442,CUST_03489,Z106,Z204,Prime_Sedan,2026-03-10 21:08:00,18.3,582.4,1.2,698.88,Completed
BK_004443,CUST_01721,Z105,Z101,Bike_Taxi,2026-02-23 07:30:00,23.9,311.8,1.0,311.8,Completed
BK_004444,CUST_01615,Z202,Z304,EV_Sedan,2026-03-02 22:04:00,6.9,244.4,1.0,244.4,Rider_Cancelled
BK_004445,CUST_01782,Z302,Z101,Prime_Sedan,2026-02-03 23:03:00,2.8,148.4,1.1,163.24,Completed
BK_004446,CUST_02501,Z102,Z303,Prime_Sedan,2026-03-01 19:10:00,7.1,268.8,2.1,564.48,ETA_Timeout
BK_004447,CUST_01031,Z102,Z305,Auto_Rickshaw,2026-02-07 07:41:00,9.5,211.0,1.0,211.0,Driver_Cancelled
BK_004448,CUST_01162,Z206,Z104,EV_Sedan,2026-02-01 06:09:00,10.8,345.8,1.2,414.96,Driver_Cancelled
BK_004449,CUST_01497,Z107,Z302,EV_Sedan,2026-02-12 20:08:00,9.6,314.6,1.2,377.52,Completed
BK_004450,CUST_03364,Z205,Z102,Auto_Rickshaw,2026-02-04 19:06:00,8.9,200.2,1.2,240.24,Completed
BK_004451,CUST_03213,Z204,Z305,Auto_Rickshaw,2026-03-13 22:30:00,28.0,544.0,1.0,544.0,Completed
BK_004452,CUST_02608,Z103,Z102,Prime_Sedan,2026-03-04 16:07:00,8.3,302.4,1.0,302.4,Completed
BK_004453,CUST_03213,Z103,Z204,Auto_Rickshaw,2026-03-15 16:14:00,24.4,479.2,1.0,479.2,Completed
BK_004454,CUST_02989,Z301,Z201,Bike_Taxi,2026-02-02 05:32:00,5.3,88.6,1.0,88.6,Completed
BK_004455,CUST_01450,Z101,Z204,Auto_Rickshaw,2026-03-03 22:28:00,23.7,466.6,1.2,559.92,Completed
BK_004456,CUST_01723,Z303,Z107,Bike_Taxi,2026-02-20 23:23:00,19.4,257.8,1.0,257.8,Completed
BK_004457,CUST_02552,Z205,Z302,Bike_Taxi,2026-03-04 13:06:00,25.4,329.8,1.1,362.78,Completed
BK_004458,CUST_01078,Z104,Z202,EV_Sedan,2026-02-02 05:44:00,5.9,218.4,1.0,218.4,Driver_Cancelled
BK_004459,CUST_01677,Z203,Z303,Auto_Rickshaw,2026-03-09 22:10:00,19.9,398.2,1.0,398.2,Completed
BK_004460,CUST_03353,Z106,Z102,Prime_Sedan,2026-03-05 15:18:00,16.6,534.8,1.0,534.8,Completed
BK_004461,CUST_02310,Z102,Z105,EV_Sedan,2026-02-15 18:43:00,6.8,241.8,1.8,435.24,Driver_Cancelled
BK_004462,CUST_01472,Z101,Z302,EV_Sedan,2026-02-01 20:21:00,24.0,689.0,1.6,1102.4,Completed
BK_004463,CUST_02780,Z203,Z303,Auto_Rickshaw,2026-03-04 01:41:00,6.3,153.4,1.0,153.4,Completed
BK_004464,CUST_01923,Z107,Z204,Bike_Taxi,2026-03-10 11:38:00,18.4,245.8,1.4,344.12,Completed
BK_004465,CUST_03062,Z204,Z105,Auto_Rickshaw,2026-02-03 05:16:00,9.2,205.6,1.0,205.6,Completed
BK_004466,CUST_02494,Z103,Z304,Bike_Taxi,2026-03-07 05:48:00,22.7,297.4,1.0,297.4,Driver_Cancelled
BK_004467,CUST_02216,Z203,Z105,EV_Sedan,2026-03-07 14:35:00,9.8,319.8,1.0,319.8,Completed
BK_004468,CUST_03391,Z203,Z202,EV_Sedan,2026-03-14 15:10:00,24.3,696.8,1.0,696.8,Completed
BK_004469,CUST_01900,Z101,Z203,Prime_Sedan,2026-03-01 05:52:00,3.1,156.8,1.0,156.8,Rider_Cancelled
BK_004470,CUST_03177,Z206,Z203,Prime_Sedan,2026-02-04 07:20:00,16.7,537.6,1.1,591.36,Driver_Cancelled
BK_004471,CUST_02378,Z106,Z206,Bike_Taxi,2026-02-05 21:43:00,5.6,92.2,1.4,129.08,Rider_Cancelled
BK_004472,CUST_01653,Z201,Z104,Auto_Rickshaw,2026-03-17 00:21:00,27.9,542.2,1.0,542.2,Completed
BK_004473,CUST_01792,Z107,Z205,Auto_Rickshaw,2026-02-27 16:33:00,11.6,248.8,1.0,248.8,Driver_Cancelled
BK_004474,CUST_02496,Z204,Z301,EV_Sedan,2026-02-27 01:15:00,9.4,309.4,1.0,309.4,Completed
BK_004475,CUST_01609,Z205,Z304,Prime_Sedan,2026-03-12 20:24:00,20.7,649.6,1.8,1169.28,Driver_Cancelled
BK_004476,CUST_02491,Z301,Z206,Auto_Rickshaw,2026-03-07 10:34:00,13.0,274.0,1.6,438.4,Completed
BK_004477,CUST_02731,Z301,Z303,Auto_Rickshaw,2026-02-27 05:27:00,18.5,373.0,1.1,410.3,Rider_Cancelled
BK_004478,CUST_01633,Z201,Z204,Prime_Sedan,2026-02-14 03:31:00,18.1,576.8,1.0,576.8,Completed
BK_004479,CUST_02819,Z302,Z203,EV_Sedan,2026-02-04 09:35:00,8.3,280.8,1.8,505.44,Completed
BK_004480,CUST_02507,Z107,Z204,Auto_Rickshaw,2026-03-07 05:23:00,7.8,180.4,1.0,180.4,Rider_Cancelled
BK_004481,CUST_02485,Z203,Z102,Bike_Taxi,2026-03-01 19:34:00,5.3,88.6,2.4,212.64,Rider_Cancelled
BK_004482,CUST_03271,Z303,Z206,EV_Sedan,2026-02-01 12:47:00,24.8,709.8,1.2,851.76,Rider_Cancelled
BK_004483,CUST_01106,Z107,Z301,Auto_Rickshaw,2026-03-13 03:20:00,25.4,497.2,1.0,497.2,Completed
BK_004484,CUST_02871,Z201,Z302,Bike_Taxi,2026-02-18 21:00:00,28.0,361.0,2.4,866.4,Completed
BK_004485,CUST_01651,Z303,Z304,Auto_Rickshaw,2026-03-07 17:40:00,13.3,279.4,1.4,391.16,Completed
BK_004486,CUST_01485,Z301,Z202,Auto_Rickshaw,2026-02-02 12:36:00,12.8,270.4,1.0,270.4,Rider_Cancelled
BK_004487,CUST_02047,Z202,Z205,Auto_Rickshaw,2026-03-06 08:04:00,9.4,209.2,1.8,376.56,Completed
BK_004488,CUST_01106,Z204,Z304,Prime_Sedan,2026-02-24 14:08:00,7.8,288.4,1.0,288.4,Completed
BK_004489,CUST_02980,Z101,Z205,Bike_Taxi,2026-02-10 01:06:00,16.4,221.8,1.0,221.8,Completed
BK_004490,CUST_03243,Z205,Z302,Bike_Taxi,2026-03-06 23:37:00,4.2,75.4,1.2,90.48,Driver_Cancelled
BK_004491,CUST_03410,Z302,Z205,Bike_Taxi,2026-02-25 06:37:00,16.9,227.8,1.1,250.58,Completed
BK_004492,CUST_02623,Z206,Z104,Prime_Sedan,2026-02-10 09:46:00,7.7,285.6,1.2,342.72,Completed
BK_004493,CUST_02191,Z304,Z101,EV_Sedan,2026-02-24 16:30:00,10.7,343.2,1.2,411.84,Completed
BK_004494,CUST_01220,Z106,Z204,Bike_Taxi,2026-03-07 23:36:00,15.5,211.0,1.2,253.2,Completed
BK_004495,CUST_02078,Z202,Z205,Auto_Rickshaw,2026-03-09 02:05:00,11.4,245.2,1.2,294.24,Completed
BK_004496,CUST_02136,Z205,Z303,Prime_Sedan,2026-03-02 09:08:00,24.1,744.8,2.1,1564.08,Completed
BK_004497,CUST_02685,Z107,Z303,Auto_Rickshaw,2026-03-01 08:15:00,8.4,191.2,2.1,401.52,Completed
BK_004498,CUST_03257,Z201,Z301,Prime_Sedan,2026-02-27 05:48:00,3.5,168.0,1.0,168.0,Completed
BK_004499,CUST_02755,Z105,Z107,EV_Sedan,2026-02-10 09:43:00,13.0,403.0,2.4,967.2,Completed
BK_004500,CUST_01068,Z204,Z304,Auto_Rickshaw,2026-02-15 08:42:00,23.8,468.4,2.1,983.64,Completed
BK_004501,CUST_01137,Z105,Z203,Prime_Sedan,2026-02-18 02:11:00,23.3,722.4,1.1,794.64,Completed
BK_004502,CUST_02957,Z101,Z102,Bike_Taxi,2026-03-08 02:18:00,3.6,68.2,1.2,81.84,Completed
BK_004503,CUST_02138,Z205,Z304,Auto_Rickshaw,2026-03-15 02:57:00,20.7,412.6,1.0,412.6,Completed
BK_004504,CUST_01071,Z103,Z202,Bike_Taxi,2026-03-04 10:24:00,4.3,76.6,1.4,107.24,Completed
BK_004505,CUST_03223,Z103,Z302,Prime_Sedan,2026-02-28 07:30:00,11.4,389.2,1.0,389.2,Completed
BK_004506,CUST_02125,Z105,Z204,EV_Sedan,2026-03-13 21:02:00,23.7,681.2,2.1,1430.52,Rider_Cancelled
BK_004507,CUST_03287,Z201,Z106,Prime_Sedan,2026-02-04 13:41:00,23.0,714.0,1.0,714.0,Completed
BK_004508,CUST_02584,Z206,Z304,Auto_Rickshaw,2026-02-20 18:01:00,16.3,333.4,2.4,800.16,Completed
BK_004509,CUST_03024,Z203,Z302,EV_Sedan,2026-03-11 21:19:00,15.7,473.2,1.6,757.12,Completed
BK_004510,CUST_02427,Z202,Z106,Prime_Sedan,2026-02-26 15:29:00,19.0,602.0,1.0,602.0,Completed
BK_004511,CUST_02427,Z203,Z303,EV_Sedan,2026-03-11 13:38:00,21.9,634.4,1.2,761.28,Completed
BK_004512,CUST_02920,Z205,Z201,Bike_Taxi,2026-02-27 08:24:00,22.4,293.8,1.4,411.32,Completed
BK_004513,CUST_03417,Z304,Z201,EV_Sedan,2026-02-28 15:51:00,10.1,327.6,1.1,360.36,Driver_Cancelled
BK_004514,CUST_01808,Z107,Z305,Bike_Taxi,2026-03-02 14:53:00,8.1,122.2,1.0,122.2,Rider_Cancelled
BK_004515,CUST_02818,Z103,Z301,Bike_Taxi,2026-02-23 19:07:00,9.2,135.4,2.1,284.34,Rider_Cancelled
BK_004516,CUST_03270,Z102,Z206,Auto_Rickshaw,2026-03-01 22:20:00,11.5,247.0,1.0,247.0,Completed
BK_004517,CUST_02061,Z204,Z106,Auto_Rickshaw,2026-02-05 15:38:00,5.0,130.0,1.2,156.0,Completed
BK_004518,CUST_02557,Z103,Z203,Auto_Rickshaw,2026-03-11 17:37:00,10.9,236.2,1.2,283.44,Completed
BK_004519,CUST_01123,Z204,Z301,EV_Sedan,2026-02-19 23:19:00,13.2,408.2,1.0,408.2,Completed
BK_004520,CUST_03224,Z301,Z204,EV_Sedan,2026-03-11 19:36:00,15.0,455.0,1.4,637.0,Completed
BK_004521,CUST_01456,Z106,Z203,Bike_Taxi,2026-02-15 21:12:00,4.6,80.2,2.1,168.42,Rider_Cancelled
BK_004522,CUST_03078,Z203,Z202,Bike_Taxi,2026-03-04 14:57:00,4.2,75.4,1.0,75.4,Completed
BK_004523,CUST_03094,Z105,Z202,Prime_Sedan,2026-02-23 07:43:00,12.2,411.6,1.0,411.6,Completed
BK_004524,CUST_01624,Z303,Z106,Auto_Rickshaw,2026-02-07 02:47:00,20.7,412.6,1.0,412.6,Completed
BK_004525,CUST_02828,Z103,Z305,Prime_Sedan,2026-02-18 00:17:00,9.5,336.0,1.0,336.0,Rider_Cancelled
BK_004526,CUST_02908,Z104,Z301,Auto_Rickshaw,2026-02-10 11:14:00,18.5,373.0,1.2,447.6,Completed
BK_004527,CUST_01456,Z103,Z305,Bike_Taxi,2026-03-07 06:04:00,17.2,231.4,1.2,277.68,Completed
BK_004528,CUST_03101,Z201,Z205,Auto_Rickshaw,2026-03-03 08:44:00,9.8,216.4,2.1,454.44,Completed
BK_004529,CUST_01652,Z101,Z204,Auto_Rickshaw,2026-03-01 01:21:00,26.5,517.0,1.0,517.0,Completed
BK_004530,CUST_02676,Z305,Z304,Prime_Sedan,2026-02-04 17:13:00,28.5,868.0,1.6,1388.8,Completed
BK_004531,CUST_01831,Z303,Z107,Bike_Taxi,2026-02-09 19:27:00,19.6,260.2,1.4,364.28,Driver_Cancelled
BK_004532,CUST_02226,Z203,Z204,Auto_Rickshaw,2026-02-26 19:53:00,22.5,445.0,2.1,934.5,Completed
BK_004533,CUST_01382,Z204,Z304,Bike_Taxi,2026-03-03 15:40:00,23.7,309.4,1.2,371.28,Completed
BK_004534,CUST_01052,Z204,Z105,Prime_Sedan,2026-03-03 23:16:00,3.2,159.6,1.2,191.52,Completed
BK_004535,CUST_01517,Z105,Z206,Bike_Taxi,2026-02-19 16:54:00,10.1,146.2,1.0,146.2,Completed
BK_004536,CUST_02067,Z205,Z302,Prime_Sedan,2026-03-13 08:47:00,22.8,708.4,2.4,1700.16,Completed
BK_004537,CUST_02496,Z303,Z205,EV_Sedan,2026-02-11 21:11:00,28.1,795.6,2.1,1670.76,Driver_Cancelled
BK_004538,CUST_02045,Z107,Z303,Bike_Taxi,2026-02-05 11:35:00,19.3,256.6,1.2,307.92,Completed
BK_004539,CUST_03239,Z103,Z305,Auto_Rickshaw,2026-02-26 17:56:00,26.3,513.4,1.8,924.12,Completed
BK_004540,CUST_03466,Z107,Z303,EV_Sedan,2026-02-24 20:10:00,15.6,470.6,1.6,752.96,Completed
BK_004541,CUST_01040,Z102,Z101,Auto_Rickshaw,2026-02-13 00:11:00,23.0,454.0,1.1,499.4,Completed
BK_004542,CUST_01794,Z302,Z101,EV_Sedan,2026-03-13 16:45:00,28.3,800.8,1.2,960.96,Driver_Cancelled
BK_004543,CUST_01841,Z103,Z102,Bike_Taxi,2026-02-07 16:48:00,7.0,109.0,1.1,119.9,Completed
BK_004544,CUST_02933,Z101,Z104,Bike_Taxi,2026-03-17 11:12:00,20.3,268.6,1.4,376.04,Completed
BK_004545,CUST_03409,Z106,Z202,Auto_Rickshaw,2026-02-18 21:29:00,28.1,545.8,1.4,764.12,ETA_Timeout
BK_004546,CUST_01951,Z203,Z105,Auto_Rickshaw,2026-03-12 18:45:00,21.1,419.8,1.2,503.76,Driver_Cancelled
BK_004547,CUST_01128,Z105,Z305,EV_Sedan,2026-02-19 04:20:00,5.3,202.8,1.0,202.8,Completed
BK_004548,CUST_01786,Z205,Z305,Bike_Taxi,2026-02-09 17:54:00,9.0,133.0,2.4,319.2,Rider_Cancelled
BK_004549,CUST_03151,Z304,Z305,Auto_Rickshaw,2026-03-14 06:25:00,11.1,239.8,1.0,239.8,Completed
BK_004550,CUST_01609,Z107,Z105,Auto_Rickshaw,2026-02-26 10:42:00,19.2,385.6,2.1,809.76,Completed
BK_004551,CUST_01203,Z205,Z204,Auto_Rickshaw,2026-02-14 05:57:00,23.2,457.6,1.0,457.6,Completed
BK_004552,CUST_01167,Z303,Z102,Auto_Rickshaw,2026-03-09 12:02:00,17.7,358.6,1.0,358.6,Rider_Cancelled
BK_004553,CUST_02925,Z104,Z304,Auto_Rickshaw,2026-03-10 11:49:00,15.9,326.2,2.1,685.02,Completed
BK_004554,CUST_02245,Z204,Z304,EV_Sedan,2026-02-28 20:34:00,15.4,465.4,1.6,744.64,Completed
BK_004555,CUST_01824,Z302,Z105,EV_Sedan,2026-02-12 21:17:00,17.3,514.8,1.6,823.68,Completed
BK_004556,CUST_02706,Z106,Z102,Bike_Taxi,2026-02-03 23:40:00,22.7,297.4,1.2,356.88,ETA_Timeout
BK_004557,CUST_03093,Z205,Z201,Auto_Rickshaw,2026-03-12 13:18:00,6.0,148.0,1.0,148.0,Completed
BK_004558,CUST_01091,Z301,Z202,Auto_Rickshaw,2026-02-02 20:21:00,28.2,547.6,1.2,657.12,Completed
BK_004559,CUST_02558,Z105,Z203,EV_Sedan,2026-02-19 08:23:00,11.1,353.6,1.2,424.32,Rider_Cancelled
BK_004560,CUST_03236,Z101,Z204,EV_Sedan,2026-03-03 14:46:00,18.3,540.8,1.0,540.8,ETA_Timeout
BK_004561,CUST_02342,Z102,Z205,EV_Sedan,2026-03-08 22:36:00,17.7,525.2,1.0,525.2,Completed
BK_004562,CUST_01044,Z206,Z103,Bike_Taxi,2026-02-02 01:22:00,4.0,73.0,1.0,73.0,Driver_Cancelled
BK_004563,CUST_01430,Z205,Z201,Bike_Taxi,2026-02-21 07:30:00,14.5,199.0,1.0,199.0,ETA_Timeout
BK_004564,CUST_02074,Z101,Z305,Bike_Taxi,2026-02-15 10:12:00,12.0,169.0,1.8,304.2,Completed
BK_004565,CUST_01879,Z201,Z305,EV_Sedan,2026-02-07 04:26:00,12.5,390.0,1.2,468.0,Driver_Cancelled
BK_004566,CUST_01167,Z302,Z202,EV_Sedan,2026-03-11 20:44:00,16.8,501.8,1.2,602.16,Completed
BK_004567,CUST_03407,Z305,Z302,Auto_Rickshaw,2026-03-10 16:54:00,3.9,110.2,1.0,110.2,Completed
BK_004568,CUST_01411,Z107,Z101,Prime_Sedan,2026-02-02 22:25:00,26.7,817.6,1.2,981.12,Completed
BK_004569,CUST_02707,Z103,Z204,Prime_Sedan,2026-03-05 17:17:00,7.2,271.6,1.2,325.92,Completed
BK_004570,CUST_03443,Z105,Z102,Auto_Rickshaw,2026-02-11 18:13:00,5.3,135.4,1.2,162.48,Rider_Cancelled
BK_004571,CUST_03156,Z103,Z303,EV_Sedan,2026-02-22 07:26:00,11.5,364.0,1.0,364.0,Completed
BK_004572,CUST_01609,Z204,Z105,Bike_Taxi,2026-02-20 14:53:00,4.3,76.6,1.0,76.6,Completed
BK_004573,CUST_01314,Z105,Z107,EV_Sedan,2026-02-05 05:21:00,18.8,553.8,1.0,553.8,Completed
BK_004574,CUST_02363,Z106,Z102,Auto_Rickshaw,2026-03-06 06:20:00,3.4,101.2,1.0,101.2,Rider_Cancelled
BK_004575,CUST_03490,Z302,Z104,Prime_Sedan,2026-02-15 21:13:00,15.8,512.4,2.1,1076.04,Completed
BK_004576,CUST_02241,Z104,Z107,Prime_Sedan,2026-03-10 20:31:00,4.0,182.0,1.4,254.8,Completed
BK_004577,CUST_02620,Z302,Z102,EV_Sedan,2026-02-10 03:07:00,17.8,527.8,1.2,633.36,Completed
BK_004578,CUST_03459,Z103,Z102,EV_Sedan,2026-02-13 19:18:00,10.4,335.4,1.6,536.64,Completed
BK_004579,CUST_03319,Z205,Z201,Auto_Rickshaw,2026-03-09 09:00:00,11.3,243.4,1.6,389.44,Completed
BK_004580,CUST_01230,Z205,Z106,Auto_Rickshaw,2026-03-08 01:37:00,27.0,526.0,1.0,526.0,Completed
BK_004581,CUST_03256,Z107,Z206,Auto_Rickshaw,2026-03-06 12:39:00,26.4,515.2,1.1,566.72,Completed
BK_004582,CUST_03073,Z305,Z103,EV_Sedan,2026-02-05 19:36:00,11.6,366.6,2.1,769.86,Completed
BK_004583,CUST_01540,Z302,Z103,Bike_Taxi,2026-02-03 21:43:00,5.2,87.4,2.4,209.76,Completed
BK_004584,CUST_01959,Z305,Z206,Auto_Rickshaw,2026-02-25 07:44:00,4.2,115.6,1.0,115.6,Completed
BK_004585,CUST_01477,Z301,Z101,Prime_Sedan,2026-02-04 01:49:00,8.9,319.2,1.2,383.04,Completed
BK_004586,CUST_01971,Z202,Z203,Auto_Rickshaw,2026-02-19 22:36:00,12.9,272.2,1.2,326.64,Completed
BK_004587,CUST_03189,Z201,Z107,Prime_Sedan,2026-02-13 23:04:00,27.2,831.6,1.2,997.92,Completed
BK_004588,CUST_02860,Z103,Z201,Bike_Taxi,2026-02-18 01:36:00,5.6,92.2,1.2,110.64,Driver_Cancelled
BK_004589,CUST_01332,Z107,Z104,Auto_Rickshaw,2026-02-06 13:18:00,15.5,319.0,1.0,319.0,Completed
BK_004590,CUST_03342,Z201,Z102,EV_Sedan,2026-02-27 09:14:00,27.2,772.2,1.2,926.64,Completed
BK_004591,CUST_01766,Z204,Z101,EV_Sedan,2026-02-27 21:40:00,20.8,605.8,1.6,969.28,Completed
BK_004592,CUST_02489,Z205,Z106,EV_Sedan,2026-03-12 11:09:00,7.6,262.6,2.1,551.46,Completed
BK_004593,CUST_01495,Z301,Z104,Prime_Sedan,2026-02-23 19:33:00,7.5,280.0,1.8,504.0,Completed
BK_004594,CUST_01230,Z104,Z107,Prime_Sedan,2026-02-16 06:07:00,9.8,344.4,1.0,344.4,Completed
BK_004595,CUST_02204,Z202,Z304,Prime_Sedan,2026-02-06 17:21:00,11.8,400.4,1.6,640.64,Completed
BK_004596,CUST_03092,Z105,Z302,EV_Sedan,2026-02-25 17:32:00,4.6,184.6,1.4,258.44,Completed
BK_004597,CUST_02933,Z205,Z304,Auto_Rickshaw,2026-02-15 11:55:00,5.2,133.6,2.4,320.64,Driver_Cancelled
BK_004598,CUST_02838,Z105,Z206,Bike_Taxi,2026-02-01 23:09:00,24.6,320.2,1.0,320.2,Completed
BK_004599,CUST_03415,Z105,Z201,Bike_Taxi,2026-02-06 16:27:00,5.4,89.8,1.0,89.8,Driver_Cancelled
BK_004600,CUST_03100,Z107,Z103,Auto_Rickshaw,2026-02-11 15:09:00,4.3,117.4,1.0,117.4,Completed
BK_004601,CUST_02477,Z304,Z305,EV_Sedan,2026-02-05 03:41:00,25.5,728.0,1.2,873.6,Driver_Cancelled
BK_004602,CUST_01089,Z301,Z103,EV_Sedan,2026-03-02 20:02:00,4.5,182.0,2.4,436.8,Rider_Cancelled
BK_004603,CUST_02847,Z205,Z202,Prime_Sedan,2026-02-27 08:37:00,23.4,725.2,1.4,1015.28,Completed
BK_004604,CUST_02105,Z202,Z204,EV_Sedan,2026-02-10 16:14:00,7.3,254.8,1.0,254.8,Completed
BK_004605,CUST_02854,Z104,Z304,Prime_Sedan,2026-02-15 12:45:00,21.4,669.2,1.1,736.12,Completed
BK_004606,CUST_01662,Z102,Z101,Bike_Taxi,2026-02-22 12:50:00,11.1,158.2,1.0,158.2,Completed
BK_004607,CUST_01559,Z105,Z203,Auto_Rickshaw,2026-02-27 06:52:00,4.8,126.4,1.1,139.04,Completed
BK_004608,CUST_01418,Z101,Z302,Auto_Rickshaw,2026-02-07 05:46:00,7.6,176.8,1.0,176.8,Rider_Cancelled
BK_004609,CUST_01436,Z305,Z105,EV_Sedan,2026-03-08 09:16:00,6.0,221.0,1.8,397.8,Rider_Cancelled
BK_004610,CUST_03172,Z202,Z302,Bike_Taxi,2026-02-20 12:12:00,24.8,322.6,1.1,354.86,Completed
BK_004611,CUST_01881,Z302,Z202,Auto_Rickshaw,2026-02-27 18:54:00,13.5,283.0,1.8,509.4,Completed
BK_004612,CUST_02772,Z203,Z103,Prime_Sedan,2026-02-15 21:10:00,24.1,744.8,1.6,1191.68,Rider_Cancelled
BK_004613,CUST_02016,Z103,Z104,Prime_Sedan,2026-02-12 12:23:00,16.2,523.6,1.2,628.32,Completed
BK_004614,CUST_02774,Z303,Z106,EV_Sedan,2026-02-09 09:11:00,23.6,678.6,1.2,814.32,Completed
BK_004615,CUST_03128,Z203,Z204,EV_Sedan,2026-02-28 18:34:00,17.1,509.6,1.4,713.44,Completed
BK_004616,CUST_02498,Z202,Z302,Bike_Taxi,2026-02-25 19:53:00,6.6,104.2,1.6,166.72,Completed
BK_004617,CUST_01453,Z303,Z103,Prime_Sedan,2026-02-18 18:45:00,9.6,338.8,2.1,711.48,Completed
BK_004618,CUST_02271,Z106,Z206,EV_Sedan,2026-03-17 08:00:00,28.3,800.8,1.6,1281.28,Completed
BK_004619,CUST_03199,Z102,Z301,EV_Sedan,2026-03-09 06:55:00,9.5,312.0,1.2,374.4,Completed
BK_004620,CUST_03366,Z104,Z304,Auto_Rickshaw,2026-03-05 03:57:00,11.9,254.2,1.0,254.2,Completed
BK_004621,CUST_01473,Z103,Z305,EV_Sedan,2026-02-25 00:03:00,21.4,621.4,1.0,621.4,Completed
BK_004622,CUST_03009,Z201,Z305,Bike_Taxi,2026-02-04 13:40:00,8.9,131.8,1.0,131.8,Driver_Cancelled
BK_004623,CUST_01289,Z305,Z205,Auto_Rickshaw,2026-02-02 21:59:00,6.1,149.8,2.1,314.58,Completed
BK_004624,CUST_01459,Z303,Z205,Prime_Sedan,2026-03-17 14:08:00,4.1,184.8,1.0,184.8,ETA_Timeout
BK_004625,CUST_01296,Z302,Z205,EV_Sedan,2026-02-17 17:35:00,17.9,530.4,1.2,636.48,Completed
BK_004626,CUST_02478,Z201,Z107,EV_Sedan,2026-03-16 21:42:00,18.0,533.0,2.1,1119.3,Completed
BK_004627,CUST_01330,Z305,Z303,Bike_Taxi,2026-02-13 21:37:00,3.9,71.8,2.4,172.32,Completed
BK_004628,CUST_01917,Z303,Z206,EV_Sedan,2026-02-03 03:18:00,12.3,384.8,1.0,384.8,Rider_Cancelled
BK_004629,CUST_01597,Z203,Z304,Auto_Rickshaw,2026-02-09 02:07:00,26.0,508.0,1.0,508.0,Completed
BK_004630,CUST_02552,Z102,Z201,Auto_Rickshaw,2026-02-09 10:51:00,19.6,392.8,1.4,549.92,Completed
BK_004631,CUST_01294,Z302,Z201,Auto_Rickshaw,2026-02-02 09:39:00,23.3,459.4,2.1,964.74,Driver_Cancelled
BK_004632,CUST_03353,Z105,Z204,Auto_Rickshaw,2026-03-06 13:04:00,5.3,135.4,1.0,135.4,Driver_Cancelled
BK_004633,CUST_02460,Z303,Z205,EV_Sedan,2026-02-08 13:47:00,20.6,600.6,1.0,600.6,Completed
BK_004634,CUST_03483,Z106,Z202,Auto_Rickshaw,2026-02-19 19:06:00,16.4,335.2,1.8,603.36,Rider_Cancelled
BK_004635,CUST_02408,Z202,Z204,Prime_Sedan,2026-02-14 04:19:00,6.2,243.6,1.0,243.6,ETA_Timeout
BK_004636,CUST_02898,Z201,Z304,Prime_Sedan,2026-02-07 22:22:00,6.8,260.4,1.1,286.44,Completed
BK_004637,CUST_03018,Z305,Z204,Prime_Sedan,2026-02-05 10:53:00,27.9,851.2,1.4,1191.68,Completed
BK_004638,CUST_02550,Z302,Z205,EV_Sedan,2026-03-11 10:41:00,11.7,369.2,1.8,664.56,Completed
BK_004639,CUST_01952,Z205,Z301,EV_Sedan,2026-02-08 20:17:00,11.3,358.8,2.4,861.12,Completed
BK_004640,CUST_01341,Z103,Z202,EV_Sedan,2026-02-21 07:48:00,3.1,145.6,1.0,145.6,Completed
BK_004641,CUST_01517,Z301,Z102,Bike_Taxi,2026-03-17 00:26:00,18.9,251.8,1.1,276.98,Driver_Cancelled
BK_004642,CUST_01944,Z101,Z304,Bike_Taxi,2026-02-02 00:00:00,23.5,307.0,1.2,368.4,Completed
BK_004643,CUST_02759,Z305,Z104,EV_Sedan,2026-02-27 11:19:00,17.4,517.4,1.4,724.36,Rider_Cancelled
BK_004644,CUST_01528,Z304,Z203,Prime_Sedan,2026-02-27 17:32:00,16.2,523.6,2.4,1256.64,Completed
BK_004645,CUST_03485,Z203,Z305,Auto_Rickshaw,2026-03-07 02:59:00,25.2,493.6,1.1,542.96,Completed
BK_004646,CUST_02323,Z107,Z201,Prime_Sedan,2026-02-09 01:30:00,26.3,806.4,1.0,806.4,Rider_Cancelled
BK_004647,CUST_03286,Z206,Z301,EV_Sedan,2026-02-15 07:37:00,11.3,358.8,1.0,358.8,ETA_Timeout
BK_004648,CUST_02579,Z203,Z202,EV_Sedan,2026-03-15 07:39:00,18.2,538.2,1.1,592.02,Completed
BK_004649,CUST_01213,Z304,Z101,EV_Sedan,2026-02-01 09:53:00,2.6,132.6,1.6,212.16,Completed
BK_004650,CUST_03307,Z103,Z201,Auto_Rickshaw,2026-03-04 20:13:00,8.9,200.2,1.6,320.32,Rider_Cancelled
BK_004651,CUST_01872,Z305,Z304,Bike_Taxi,2026-02-25 07:46:00,5.1,86.2,1.2,103.44,Completed
BK_004652,CUST_01976,Z301,Z104,Bike_Taxi,2026-02-20 21:09:00,3.0,61.0,1.2,73.2,Rider_Cancelled
BK_004653,CUST_03289,Z107,Z106,Bike_Taxi,2026-02-04 08:53:00,3.5,67.0,1.4,93.8,Rider_Cancelled
BK_004654,CUST_02700,Z102,Z304,Auto_Rickshaw,2026-03-10 00:23:00,17.1,347.8,1.2,417.36,Completed
BK_004655,CUST_02661,Z301,Z201,Bike_Taxi,2026-02-05 22:01:00,18.2,243.4,1.0,243.4,Completed
BK_004656,CUST_01880,Z206,Z204,EV_Sedan,2026-03-07 02:07:00,14.8,449.8,1.0,449.8,Completed
BK_004657,CUST_01804,Z201,Z105,EV_Sedan,2026-03-17 15:58:00,3.5,156.0,1.1,171.6,Completed
BK_004658,CUST_03381,Z107,Z302,Prime_Sedan,2026-02-01 15:55:00,4.6,198.8,1.0,198.8,Completed
BK_004659,CUST_01820,Z302,Z106,Auto_Rickshaw,2026-02-08 04:01:00,12.2,259.6,1.0,259.6,Completed
BK_004660,CUST_01025,Z105,Z205,Auto_Rickshaw,2026-03-10 17:38:00,7.0,166.0,1.8,298.8,Driver_Cancelled
BK_004661,CUST_02380,Z304,Z301,EV_Sedan,2026-02-07 10:51:00,28.0,793.0,1.4,1110.2,Completed
BK_004662,CUST_01499,Z202,Z203,Auto_Rickshaw,2026-03-16 14:57:00,25.7,502.6,1.0,502.6,Completed
BK_004663,CUST_01620,Z205,Z104,EV_Sedan,2026-02-23 08:48:00,10.3,332.8,1.6,532.48,Completed
BK_004664,CUST_03323,Z101,Z202,Auto_Rickshaw,2026-03-05 08:05:00,18.2,367.6,1.2,441.12,Completed
BK_004665,CUST_02196,Z305,Z205,Prime_Sedan,2026-02-06 07:10:00,24.0,742.0,1.0,742.0,Completed
BK_004666,CUST_03400,Z302,Z206,Bike_Taxi,2026-02-20 15:03:00,17.2,231.4,1.0,231.4,Rider_Cancelled
BK_004667,CUST_01165,Z106,Z107,Auto_Rickshaw,2026-02-22 18:47:00,13.2,277.6,1.8,499.68,ETA_Timeout
BK_004668,CUST_02138,Z305,Z106,Auto_Rickshaw,2026-02-16 08:41:00,23.4,461.2,2.4,1106.88,Completed
BK_004669,CUST_01785,Z303,Z206,EV_Sedan,2026-02-24 12:55:00,26.6,756.6,1.0,756.6,Driver_Cancelled
BK_004670,CUST_02987,Z105,Z203,Auto_Rickshaw,2026-02-09 02:48:00,13.4,281.2,1.0,281.2,Completed
BK_004671,CUST_01551,Z206,Z304,Auto_Rickshaw,2026-02-21 22:29:00,25.6,500.8,1.2,600.96,Driver_Cancelled
BK_004672,CUST_01201,Z107,Z102,EV_Sedan,2026-02-13 11:14:00,3.8,163.8,1.4,229.32,Driver_Cancelled
BK_004673,CUST_01073,Z101,Z104,Bike_Taxi,2026-02-07 04:10:00,25.4,329.8,1.0,329.8,Completed
BK_004674,CUST_01661,Z303,Z104,Auto_Rickshaw,2026-02-26 14:34:00,12.5,265.0,1.0,265.0,Completed
BK_004675,CUST_02110,Z301,Z105,Prime_Sedan,2026-03-02 05:05:00,19.8,624.4,1.2,749.28,ETA_Timeout
BK_004676,CUST_02728,Z204,Z103,Bike_Taxi,2026-02-19 09:50:00,5.9,95.8,1.6,153.28,Completed
BK_004677,CUST_02243,Z104,Z206,EV_Sedan,2026-02-07 19:46:00,13.9,426.4,1.4,596.96,Driver_Cancelled
BK_004678,CUST_01111,Z101,Z305,Auto_Rickshaw,2026-02-16 18:34:00,4.0,112.0,1.6,179.2,Completed
BK_004679,CUST_01763,Z107,Z205,Auto_Rickshaw,2026-03-11 02:02:00,27.7,538.6,1.0,538.6,Completed
BK_004680,CUST_01160,Z303,Z102,EV_Sedan,2026-02-21 12:47:00,8.7,291.2,1.0,291.2,Completed
BK_004681,CUST_03484,Z101,Z203,Bike_Taxi,2026-03-14 01:14:00,3.1,62.2,1.1,68.42,Completed
BK_004682,CUST_02099,Z103,Z301,Bike_Taxi,2026-02-05 03:18:00,7.4,113.8,1.0,113.8,Completed
BK_004683,CUST_02825,Z203,Z104,EV_Sedan,2026-03-01 11:10:00,28.4,803.4,1.6,1285.44,Rider_Cancelled
BK_004684,CUST_01157,Z301,Z206,EV_Sedan,2026-02-02 09:20:00,8.6,288.6,1.4,404.04,Completed
BK_004685,CUST_02006,Z107,Z202,EV_Sedan,2026-02-18 10:32:00,10.9,348.4,1.4,487.76,Driver_Cancelled
BK_004686,CUST_01900,Z107,Z106,EV_Sedan,2026-03-06 23:01:00,9.7,317.2,1.1,348.92,Driver_Cancelled
BK_004687,CUST_02237,Z202,Z302,Auto_Rickshaw,2026-03-14 16:29:00,25.3,495.4,1.0,495.4,Completed
BK_004688,CUST_01075,Z303,Z202,Auto_Rickshaw,2026-02-27 05:50:00,19.5,391.0,1.0,391.0,Rider_Cancelled
BK_004689,CUST_01068,Z305,Z104,Auto_Rickshaw,2026-02-07 14:00:00,24.8,486.4,1.0,486.4,Completed
BK_004690,CUST_01275,Z203,Z304,EV_Sedan,2026-02-03 14:10:00,11.6,366.6,1.1,403.26,Completed
BK_004691,CUST_03332,Z302,Z303,Prime_Sedan,2026-03-15 00:58:00,23.2,719.6,1.1,791.56,Completed
BK_004692,CUST_02272,Z301,Z302,Bike_Taxi,2026-02-07 08:55:00,28.4,365.8,1.6,585.28,Completed
BK_004693,CUST_01717,Z206,Z104,Prime_Sedan,2026-03-09 01:19:00,26.4,809.2,1.0,809.2,Driver_Cancelled
BK_004694,CUST_02176,Z206,Z304,EV_Sedan,2026-02-24 23:34:00,8.0,273.0,1.0,273.0,Rider_Cancelled
BK_004695,CUST_03211,Z101,Z203,Auto_Rickshaw,2026-02-13 09:10:00,8.5,193.0,2.4,463.2,Completed
BK_004696,CUST_01562,Z103,Z303,Auto_Rickshaw,2026-02-05 21:11:00,5.2,133.6,1.6,213.76,Completed
BK_004697,CUST_01277,Z107,Z301,Auto_Rickshaw,2026-03-02 01:39:00,18.9,380.2,1.0,380.2,Driver_Cancelled
BK_004698,CUST_01908,Z203,Z202,EV_Sedan,2026-02-20 13:08:00,15.8,475.8,1.0,475.8,Completed
BK_004699,CUST_03229,Z204,Z106,Prime_Sedan,2026-02-07 08:17:00,5.7,229.6,1.4,321.44,Completed
BK_004700,CUST_01035,Z202,Z305,Auto_Rickshaw,2026-03-16 01:52:00,23.1,455.8,1.0,455.8,Completed
BK_004701,CUST_02002,Z106,Z305,EV_Sedan,2026-02-13 20:25:00,26.7,759.2,1.6,1214.72,Driver_Cancelled
BK_004702,CUST_02877,Z304,Z305,EV_Sedan,2026-02-13 13:17:00,2.6,132.6,1.0,132.6,Completed
BK_004703,CUST_01019,Z101,Z107,EV_Sedan,2026-02-03 14:58:00,4.1,171.6,1.0,171.6,Driver_Cancelled
BK_004704,CUST_03338,Z105,Z203,Prime_Sedan,2026-02-03 19:03:00,12.3,414.4,1.2,497.28,Driver_Cancelled
BK_004705,CUST_02702,Z305,Z102,Prime_Sedan,2026-03-15 21:36:00,27.5,840.0,1.8,1512.0,Rider_Cancelled
BK_004706,CUST_02503,Z102,Z303,EV_Sedan,2026-02-23 14:03:00,15.6,470.6,1.0,470.6,Driver_Cancelled
BK_004707,CUST_02718,Z205,Z102,Bike_Taxi,2026-03-03 11:10:00,11.9,167.8,1.6,268.48,Completed
BK_004708,CUST_01339,Z301,Z103,Auto_Rickshaw,2026-02-21 22:32:00,14.1,293.8,1.0,293.8,Completed
BK_004709,CUST_01385,Z103,Z302,EV_Sedan,2026-02-28 02:59:00,25.5,728.0,1.2,873.6,Driver_Cancelled
BK_004710,CUST_01474,Z304,Z205,Prime_Sedan,2026-02-27 11:43:00,3.8,176.4,1.4,246.96,Completed
BK_004711,CUST_02643,Z104,Z302,Auto_Rickshaw,2026-03-10 16:03:00,5.5,139.0,1.1,152.9,Completed
BK_004712,CUST_01946,Z302,Z301,EV_Sedan,2026-02-19 12:42:00,19.9,582.4,1.0,582.4,Driver_Cancelled
BK_004713,CUST_02377,Z204,Z304,Bike_Taxi,2026-02-08 18:21:00,7.5,115.0,2.1,241.5,Completed
BK_004714,CUST_02956,Z105,Z304,Prime_Sedan,2026-02-09 00:01:00,12.9,431.2,1.0,431.2,Completed
BK_004715,CUST_03482,Z104,Z107,Auto_Rickshaw,2026-03-01 16:19:00,28.1,545.8,1.2,654.96,Driver_Cancelled
BK_004716,CUST_01893,Z103,Z105,Prime_Sedan,2026-02-01 06:06:00,26.1,800.8,1.0,800.8,Completed
BK_004717,CUST_02399,Z201,Z305,Bike_Taxi,2026-02-22 21:38:00,18.3,244.6,2.1,513.66,Rider_Cancelled
BK_004718,CUST_02320,Z201,Z205,Prime_Sedan,2026-03-06 06:43:00,16.7,537.6,1.0,537.6,Completed
BK_004719,CUST_02818,Z201,Z301,EV_Sedan,2026-02-10 04:47:00,14.9,452.4,1.1,497.64,Completed
BK_004720,CUST_03028,Z305,Z201,EV_Sedan,2026-02-10 23:59:00,13.2,408.2,1.1,449.02,Completed
BK_004721,CUST_01273,Z102,Z103,Bike_Taxi,2026-03-15 17:47:00,25.0,325.0,1.4,455.0,Rider_Cancelled
BK_004722,CUST_01749,Z303,Z204,Auto_Rickshaw,2026-02-21 11:29:00,16.1,329.8,1.2,395.76,Rider_Cancelled
BK_004723,CUST_02433,Z105,Z104,EV_Sedan,2026-03-04 03:58:00,7.8,267.8,1.1,294.58,Completed
BK_004724,CUST_03259,Z301,Z302,Prime_Sedan,2026-02-25 04:54:00,14.1,464.8,1.0,464.8,Completed
BK_004725,CUST_02124,Z101,Z106,EV_Sedan,2026-02-09 19:41:00,6.0,221.0,1.2,265.2,Rider_Cancelled
BK_004726,CUST_02803,Z104,Z205,Bike_Taxi,2026-03-17 23:30:00,3.7,69.4,1.0,69.4,Driver_Cancelled
BK_004727,CUST_02223,Z104,Z204,EV_Sedan,2026-03-03 10:04:00,4.1,171.6,1.4,240.24,Completed
BK_004728,CUST_03324,Z106,Z305,Auto_Rickshaw,2026-02-10 11:19:00,17.2,349.6,1.4,489.44,Driver_Cancelled
BK_004729,CUST_03419,Z301,Z303,Auto_Rickshaw,2026-02-02 15:41:00,18.7,376.6,1.0,376.6,Completed
BK_004730,CUST_02898,Z301,Z105,Auto_Rickshaw,2026-02-28 22:09:00,21.9,434.2,1.1,477.62,Completed
BK_004731,CUST_03272,Z106,Z103,Prime_Sedan,2026-03-02 17:43:00,15.1,492.8,2.1,1034.88,Driver_Cancelled
BK_004732,CUST_03102,Z202,Z301,EV_Sedan,2026-02-14 11:23:00,27.2,772.2,1.4,1081.08,Completed
BK_004733,CUST_01398,Z103,Z104,Bike_Taxi,2026-03-12 20:56:00,10.0,145.0,1.4,203.0,Completed
BK_004734,CUST_01920,Z104,Z201,EV_Sedan,2026-02-08 17:07:00,25.2,720.2,2.1,1512.42,Completed
BK_004735,CUST_01141,Z203,Z302,EV_Sedan,2026-02-01 10:10:00,12.5,390.0,2.1,819.0,Rider_Cancelled
BK_004736,CUST_01138,Z303,Z105,Bike_Taxi,2026-02-14 08:19:00,22.2,291.4,2.1,611.94,Completed
BK_004737,CUST_03215,Z202,Z103,Bike_Taxi,2026-02-15 18:05:00,15.2,207.4,2.4,497.76,Driver_Cancelled
BK_004738,CUST_01665,Z303,Z204,EV_Sedan,2026-03-05 05:05:00,19.0,559.0,1.0,559.0,Rider_Cancelled
BK_004739,CUST_01979,Z106,Z102,Prime_Sedan,2026-02-15 01:48:00,24.4,753.2,1.0,753.2,Driver_Cancelled
BK_004740,CUST_02587,Z106,Z305,EV_Sedan,2026-03-17 22:00:00,17.1,509.6,1.0,509.6,Rider_Cancelled
BK_004741,CUST_01337,Z107,Z101,Prime_Sedan,2026-02-22 20:39:00,12.6,422.8,1.4,591.92,Driver_Cancelled
BK_004742,CUST_01450,Z302,Z301,Auto_Rickshaw,2026-03-09 01:34:00,16.1,329.8,1.2,395.76,Completed
BK_004743,CUST_02490,Z303,Z102,EV_Sedan,2026-02-03 17:20:00,26.7,759.2,1.8,1366.56,ETA_Timeout
BK_004744,CUST_01455,Z105,Z303,Bike_Taxi,2026-02-04 13:56:00,23.6,308.2,1.0,308.2,Completed
BK_004745,CUST_01448,Z301,Z304,Auto_Rickshaw,2026-02-10 12:06:00,16.9,344.2,1.0,344.2,Completed
BK_004746,CUST_02328,Z203,Z206,Auto_Rickshaw,2026-03-15 08:13:00,5.8,144.4,2.4,346.56,Completed
BK_004747,CUST_02091,Z304,Z302,Bike_Taxi,2026-02-23 06:42:00,16.2,219.4,1.0,219.4,Driver_Cancelled
BK_004748,CUST_03273,Z104,Z106,Auto_Rickshaw,2026-03-04 12:49:00,8.6,194.8,1.0,194.8,Completed
BK_004749,CUST_03055,Z301,Z202,Auto_Rickshaw,2026-02-08 11:25:00,4.3,117.4,1.2,140.88,Rider_Cancelled
BK_004750,CUST_01273,Z101,Z104,Bike_Taxi,2026-03-06 04:37:00,15.0,205.0,1.0,205.0,Completed
BK_004751,CUST_01936,Z106,Z302,Prime_Sedan,2026-03-07 13:55:00,13.8,456.4,1.0,456.4,Completed
BK_004752,CUST_02990,Z202,Z201,Auto_Rickshaw,2026-02-14 02:42:00,4.4,119.2,1.0,119.2,Completed
BK_004753,CUST_03138,Z301,Z101,Auto_Rickshaw,2026-03-02 09:57:00,9.0,202.0,1.6,323.2,ETA_Timeout
BK_004754,CUST_01940,Z103,Z101,Bike_Taxi,2026-02-19 11:49:00,26.2,339.4,1.8,610.92,Completed
BK_004755,CUST_02683,Z101,Z103,EV_Sedan,2026-02-04 17:11:00,23.2,668.2,2.4,1603.68,Completed
BK_004756,CUST_01006,Z107,Z301,EV_Sedan,2026-03-11 09:06:00,13.7,421.2,1.4,589.68,ETA_Timeout
BK_004757,CUST_02945,Z204,Z101,Bike_Taxi,2026-02-16 12:16:00,6.5,103.0,1.0,103.0,Completed
BK_004758,CUST_02161,Z102,Z301,Prime_Sedan,2026-03-14 06:05:00,27.2,831.6,1.2,997.92,Driver_Cancelled
BK_004759,CUST_02461,Z304,Z303,Prime_Sedan,2026-03-11 19:59:00,23.2,719.6,2.4,1727.04,Completed
BK_004760,CUST_02691,Z302,Z203,Bike_Taxi,2026-02-06 01:45:00,15.4,209.8,1.0,209.8,Completed
BK_004761,CUST_02515,Z101,Z303,EV_Sedan,2026-02-16 08:37:00,9.2,304.2,1.8,547.56,Completed
BK_004762,CUST_02273,Z106,Z203,Auto_Rickshaw,2026-03-05 19:54:00,22.4,443.2,1.2,531.84,Completed
BK_004763,CUST_01207,Z106,Z105,EV_Sedan,2026-02-08 03:47:00,26.1,743.6,1.1,817.96,Completed
BK_004764,CUST_02899,Z305,Z103,Bike_Taxi,2026-03-11 21:29:00,16.5,223.0,1.6,356.8,Completed
BK_004765,CUST_01478,Z103,Z202,EV_Sedan,2026-03-10 11:41:00,16.5,494.0,2.4,1185.6,Driver_Cancelled
BK_004766,CUST_01370,Z106,Z107,Prime_Sedan,2026-03-05 18:00:00,13.6,450.8,2.1,946.68,Completed
BK_004767,CUST_01932,Z102,Z203,Auto_Rickshaw,2026-02-02 22:08:00,15.7,322.6,1.2,387.12,Completed
BK_004768,CUST_02154,Z106,Z303,Prime_Sedan,2026-02-02 16:29:00,26.5,812.0,1.2,974.4,Completed
BK_004769,CUST_02373,Z107,Z105,Prime_Sedan,2026-03-05 23:55:00,6.8,260.4,1.0,260.4,Completed
BK_004770,CUST_01178,Z101,Z106,EV_Sedan,2026-02-24 16:32:00,23.2,668.2,1.2,801.84,Completed
BK_004771,CUST_01369,Z204,Z206,Bike_Taxi,2026-03-12 23:04:00,14.6,200.2,1.0,200.2,Rider_Cancelled
BK_004772,CUST_02119,Z103,Z102,Prime_Sedan,2026-02-15 10:20:00,25.2,775.6,1.6,1240.96,Completed
BK_004773,CUST_02034,Z204,Z105,EV_Sedan,2026-02-18 13:47:00,20.8,605.8,1.0,605.8,Completed
BK_004774,CUST_02992,Z105,Z104,Prime_Sedan,2026-02-06 01:13:00,7.9,291.2,1.0,291.2,Completed
BK_004775,CUST_02506,Z202,Z205,Prime_Sedan,2026-03-07 15:03:00,11.1,380.8,1.2,456.96,Driver_Cancelled
BK_004776,CUST_02420,Z303,Z102,Auto_Rickshaw,2026-03-10 17:13:00,13.2,277.6,1.2,333.12,Completed
BK_004777,CUST_03217,Z103,Z104,Bike_Taxi,2026-02-20 15:24:00,7.1,110.2,1.0,110.2,Completed
BK_004778,CUST_01382,Z204,Z104,Prime_Sedan,2026-02-01 15:12:00,15.4,501.2,1.0,501.2,Completed
BK_004779,CUST_01150,Z102,Z304,Prime_Sedan,2026-02-22 11:50:00,14.1,464.8,2.4,1115.52,Completed
BK_004780,CUST_03035,Z301,Z203,EV_Sedan,2026-03-13 22:17:00,21.7,629.2,1.1,692.12,Driver_Cancelled
BK_004781,CUST_02533,Z101,Z205,Prime_Sedan,2026-02-06 17:10:00,17.7,565.6,2.1,1187.76,Completed
BK_004782,CUST_01549,Z204,Z104,Bike_Taxi,2026-02-03 17:47:00,12.0,169.0,1.4,236.6,Completed
BK_004783,CUST_02983,Z303,Z301,Prime_Sedan,2026-03-03 11:49:00,16.9,543.2,2.1,1140.72,Completed
BK_004784,CUST_01032,Z303,Z105,Auto_Rickshaw,2026-03-14 01:38:00,15.4,317.2,1.2,380.64,Completed
BK_004785,CUST_01832,Z203,Z103,Bike_Taxi,2026-02-21 05:35:00,3.9,71.8,1.0,71.8,Completed
BK_004786,CUST_02262,Z202,Z201,Bike_Taxi,2026-03-01 17:33:00,15.3,208.6,1.8,375.48,Completed
BK_004787,CUST_03078,Z206,Z107,Bike_Taxi,2026-02-18 08:30:00,9.0,133.0,2.1,279.3,Driver_Cancelled
BK_004788,CUST_01561,Z205,Z302,Auto_Rickshaw,2026-02-13 11:50:00,11.7,250.6,1.2,300.72,Completed
BK_004789,CUST_03335,Z301,Z205,EV_Sedan,2026-02-05 19:07:00,6.2,226.2,1.6,361.92,Driver_Cancelled
BK_004790,CUST_01579,Z204,Z302,EV_Sedan,2026-03-07 22:50:00,3.5,156.0,1.0,156.0,Completed
BK_004791,CUST_02506,Z205,Z107,Prime_Sedan,2026-02-20 18:37:00,5.4,221.2,1.8,398.16,Completed
BK_004792,CUST_02776,Z201,Z302,EV_Sedan,2026-02-01 13:48:00,3.5,156.0,1.2,187.2,Completed
BK_004793,CUST_03217,Z304,Z301,Auto_Rickshaw,2026-02-10 02:26:00,5.1,131.8,1.0,131.8,Completed
BK_004794,CUST_01148,Z206,Z202,Bike_Taxi,2026-02-08 07:59:00,13.3,184.6,1.0,184.6,Completed
BK_004795,CUST_02229,Z202,Z105,Auto_Rickshaw,2026-03-06 20:02:00,10.6,230.8,1.4,323.12,Driver_Cancelled
BK_004796,CUST_01566,Z303,Z202,Auto_Rickshaw,2026-02-05 22:06:00,13.8,288.4,1.0,288.4,Completed
BK_004797,CUST_02927,Z203,Z202,Bike_Taxi,2026-02-04 19:25:00,10.1,146.2,2.4,350.88,Completed
BK_004798,CUST_02324,Z107,Z305,Auto_Rickshaw,2026-02-06 12:03:00,26.1,509.8,1.0,509.8,Completed
BK_004799,CUST_03374,Z305,Z201,Prime_Sedan,2026-03-06 16:31:00,3.6,170.8,1.1,187.88,Completed
BK_004800,CUST_02160,Z202,Z102,Prime_Sedan,2026-02-04 01:49:00,9.1,324.8,1.0,324.8,ETA_Timeout
BK_004801,CUST_01370,Z106,Z105,Auto_Rickshaw,2026-02-08 16:25:00,17.7,358.6,1.1,394.46,Completed
BK_004802,CUST_01909,Z304,Z107,Bike_Taxi,2026-02-15 02:43:00,19.5,259.0,1.1,284.9,Rider_Cancelled
BK_004803,CUST_01769,Z105,Z205,Bike_Taxi,2026-02-10 07:37:00,19.3,256.6,1.1,282.26,Driver_Cancelled
BK_004804,CUST_02685,Z302,Z103,Auto_Rickshaw,2026-02-18 13:26:00,8.8,198.4,1.0,198.4,Completed
BK_004805,CUST_01938,Z304,Z205,EV_Sedan,2026-03-13 21:43:00,16.6,496.6,1.6,794.56,Completed
BK_004806,CUST_01901,Z202,Z304,EV_Sedan,2026-02-22 03:35:00,21.9,634.4,1.0,634.4,Completed
BK_004807,CUST_01914,Z102,Z201,Bike_Taxi,2026-02-07 20:15:00,25.9,335.8,2.4,805.92,Completed
BK_004808,CUST_01571,Z205,Z103,EV_Sedan,2026-03-07 19:50:00,7.9,270.4,2.1,567.84,Driver_Cancelled
BK_004809,CUST_03463,Z304,Z201,Auto_Rickshaw,2026-02-11 04:38:00,13.9,290.2,1.0,290.2,Rider_Cancelled
BK_004810,CUST_01007,Z102,Z303,Prime_Sedan,2026-02-14 03:35:00,4.5,196.0,1.2,235.2,Completed
BK_004811,CUST_01235,Z305,Z206,EV_Sedan,2026-02-19 20:50:00,16.0,481.0,1.8,865.8,Driver_Cancelled
BK_004812,CUST_02017,Z206,Z105,Prime_Sedan,2026-02-07 21:28:00,26.8,820.4,1.4,1148.56,ETA_Timeout
BK_004813,CUST_02577,Z202,Z302,EV_Sedan,2026-02-27 07:52:00,17.3,514.8,1.0,514.8,Completed
BK_004814,CUST_01211,Z302,Z107,Auto_Rickshaw,2026-02-08 02:08:00,18.1,365.8,1.0,365.8,Completed
BK_004815,CUST_01530,Z102,Z301,Prime_Sedan,2026-02-20 06:26:00,28.1,856.8,1.0,856.8,Rider_Cancelled
BK_004816,CUST_02995,Z101,Z104,EV_Sedan,2026-02-07 09:46:00,24.7,707.2,1.2,848.64,Completed
BK_004817,CUST_03100,Z204,Z201,EV_Sedan,2026-03-13 09:31:00,15.9,478.4,1.2,574.08,Completed
BK_004818,CUST_03213,Z206,Z304,Auto_Rickshaw,2026-03-04 19:50:00,14.3,297.4,1.8,535.32,Completed
BK_004819,CUST_01580,Z305,Z102,Bike_Taxi,2026-02-10 11:37:00,25.4,329.8,1.8,593.64,Driver_Cancelled
BK_004820,CUST_02656,Z205,Z102,Auto_Rickshaw,2026-02-05 06:20:00,28.3,549.4,1.0,549.4,Completed
BK_004821,CUST_01150,Z305,Z201,Auto_Rickshaw,2026-02-15 04:19:00,6.4,155.2,1.0,155.2,Completed
BK_004822,CUST_02803,Z203,Z205,Auto_Rickshaw,2026-02-27 04:40:00,5.7,142.6,1.2,171.12,Completed
BK_004823,CUST_03401,Z107,Z106,Bike_Taxi,2026-02-02 03:31:00,9.9,143.8,1.1,158.18,Completed
BK_004824,CUST_03461,Z103,Z107,EV_Sedan,2026-03-08 00:35:00,6.1,223.6,1.0,223.6,Completed
BK_004825,CUST_02949,Z301,Z102,EV_Sedan,2026-03-03 09:14:00,27.5,780.0,1.4,1092.0,Completed
BK_004826,CUST_02656,Z107,Z102,Auto_Rickshaw,2026-02-10 05:17:00,15.8,324.4,1.2,389.28,Completed
BK_004827,CUST_01989,Z206,Z105,Prime_Sedan,2026-03-06 17:38:00,26.7,817.6,2.1,1716.96,Completed
BK_004828,CUST_01267,Z305,Z304,Bike_Taxi,2026-02-24 18:46:00,20.0,265.0,1.2,318.0,Completed
BK_004829,CUST_03314,Z301,Z303,Prime_Sedan,2026-02-10 08:57:00,9.1,324.8,1.2,389.76,Driver_Cancelled
BK_004830,CUST_01837,Z305,Z206,EV_Sedan,2026-02-14 17:50:00,4.1,171.6,1.8,308.88,ETA_Timeout
BK_004831,CUST_02867,Z305,Z104,EV_Sedan,2026-02-09 01:38:00,24.6,704.6,1.1,775.06,Completed
BK_004832,CUST_01903,Z103,Z302,Auto_Rickshaw,2026-03-05 21:36:00,3.4,101.2,1.4,141.68,Completed
BK_004833,CUST_01974,Z201,Z107,EV_Sedan,2026-02-25 10:57:00,5.4,205.4,2.4,492.96,Completed
BK_004834,CUST_01242,Z202,Z104,EV_Sedan,2026-03-06 06:23:00,27.8,787.8,1.2,945.36,Completed
BK_004835,CUST_01693,Z101,Z206,EV_Sedan,2026-03-14 14:31:00,24.7,707.2,1.1,777.92,Completed
BK_004836,CUST_01222,Z303,Z305,Prime_Sedan,2026-03-12 04:46:00,4.2,187.6,1.0,187.6,Completed
BK_004837,CUST_03001,Z305,Z104,Prime_Sedan,2026-03-11 16:29:00,7.4,277.2,1.0,277.2,Driver_Cancelled
BK_004838,CUST_01816,Z102,Z107,Prime_Sedan,2026-03-04 03:33:00,8.8,316.4,1.0,316.4,Completed
BK_004839,CUST_03085,Z101,Z204,Auto_Rickshaw,2026-02-03 18:24:00,24.4,479.2,1.4,670.88,Completed
BK_004840,CUST_01541,Z201,Z203,EV_Sedan,2026-03-15 21:52:00,6.1,223.6,1.6,357.76,Completed
BK_004841,CUST_01728,Z104,Z203,Bike_Taxi,2026-03-16 15:16:00,13.3,184.6,1.0,184.6,Completed
BK_004842,CUST_02674,Z107,Z205,EV_Sedan,2026-02-03 18:05:00,4.2,174.2,2.4,418.08,Completed
BK_004843,CUST_02160,Z204,Z205,Auto_Rickshaw,2026-03-16 11:38:00,2.7,88.6,2.1,186.06,Driver_Cancelled
BK_004844,CUST_01521,Z202,Z203,Auto_Rickshaw,2026-02-17 14:29:00,5.0,130.0,1.0,130.0,Completed
BK_004845,CUST_03491,Z304,Z201,Bike_Taxi,2026-03-09 20:07:00,6.9,107.8,1.4,150.92,Completed
BK_004846,CUST_01835,Z203,Z105,Bike_Taxi,2026-02-17 08:44:00,15.4,209.8,2.4,503.52,Completed
BK_004847,CUST_01552,Z202,Z201,EV_Sedan,2026-03-12 10:27:00,14.8,449.8,1.2,539.76,Completed
BK_004848,CUST_01425,Z106,Z103,Bike_Taxi,2026-03-03 07:31:00,5.7,93.4,1.0,93.4,Completed
BK_004849,CUST_02932,Z202,Z302,EV_Sedan,2026-03-12 09:29:00,13.9,426.4,2.4,1023.36,Completed
BK_004850,CUST_02245,Z305,Z201,Bike_Taxi,2026-02-17 22:14:00,10.6,152.2,1.0,152.2,Completed
BK_004851,CUST_02680,Z203,Z305,Auto_Rickshaw,2026-02-27 10:19:00,9.1,203.8,2.4,489.12,Completed
BK_004852,CUST_02333,Z305,Z301,Prime_Sedan,2026-02-01 08:07:00,20.8,652.4,2.1,1370.04,Completed
BK_004853,CUST_03099,Z105,Z203,Auto_Rickshaw,2026-02-02 03:48:00,6.3,153.4,1.0,153.4,Completed
BK_004854,CUST_01843,Z106,Z204,EV_Sedan,2026-03-09 03:57:00,11.4,361.4,1.1,397.54,Completed
BK_004855,CUST_02948,Z201,Z102,Auto_Rickshaw,2026-02-09 21:27:00,17.3,351.4,1.2,421.68,Driver_Cancelled
BK_004856,CUST_03090,Z205,Z202,Prime_Sedan,2026-02-02 22:41:00,23.1,716.8,1.1,788.48,Completed
BK_004857,CUST_02132,Z206,Z305,Auto_Rickshaw,2026-03-13 05:53:00,11.3,243.4,1.1,267.74,Completed
BK_004858,CUST_03020,Z102,Z206,EV_Sedan,2026-02-18 06:47:00,25.3,722.8,1.1,795.08,Driver_Cancelled
BK_004859,CUST_01193,Z204,Z201,Auto_Rickshaw,2026-02-20 03:18:00,16.9,344.2,1.2,413.04,Completed
BK_004860,CUST_03210,Z303,Z304,Auto_Rickshaw,2026-02-20 01:11:00,6.8,162.4,1.1,178.64,Driver_Cancelled
BK_004861,CUST_02034,Z103,Z104,Prime_Sedan,2026-02-18 02:23:00,27.6,842.8,1.0,842.8,Completed
BK_004862,CUST_01620,Z303,Z105,Auto_Rickshaw,2026-02-13 00:22:00,26.7,520.6,1.0,520.6,Driver_Cancelled
BK_004863,CUST_02065,Z205,Z101,EV_Sedan,2026-02-21 21:21:00,6.3,228.8,1.2,274.56,Completed
BK_004864,CUST_02388,Z302,Z301,EV_Sedan,2026-03-13 18:29:00,5.7,213.2,2.4,511.68,Completed
BK_004865,CUST_01200,Z202,Z101,Prime_Sedan,2026-02-23 04:39:00,18.8,596.4,1.0,596.4,Completed
BK_004866,CUST_03483,Z107,Z202,Auto_Rickshaw,2026-02-17 06:27:00,9.9,218.2,1.2,261.84,Completed
BK_004867,CUST_01398,Z303,Z103,Auto_Rickshaw,2026-02-02 22:04:00,15.2,313.6,1.1,344.96,Rider_Cancelled
BK_004868,CUST_03408,Z201,Z107,Prime_Sedan,2026-02-27 20:03:00,22.5,700.0,2.4,1680.0,Completed
BK_004869,CUST_01894,Z304,Z202,Prime_Sedan,2026-03-07 13:46:00,16.9,543.2,1.0,543.2,Completed
BK_004870,CUST_03241,Z302,Z201,Auto_Rickshaw,2026-02-07 03:48:00,11.0,238.0,1.0,238.0,Completed
BK_004871,CUST_02491,Z201,Z202,Bike_Taxi,2026-02-12 07:29:00,14.1,194.2,1.0,194.2,Completed
BK_004872,CUST_03400,Z304,Z204,Bike_Taxi,2026-02-27 02:56:00,9.9,143.8,1.2,172.56,Completed
BK_004873,CUST_02233,Z105,Z107,Auto_Rickshaw,2026-02-22 07:17:00,3.5,103.0,1.0,103.0,Completed
BK_004874,CUST_02111,Z305,Z104,EV_Sedan,2026-02-28 17:29:00,26.0,741.0,1.4,1037.4,Completed
BK_004875,CUST_03091,Z101,Z203,Bike_Taxi,2026-03-08 17:44:00,5.5,91.0,1.8,163.8,Rider_Cancelled
BK_004876,CUST_02761,Z101,Z203,EV_Sedan,2026-02-28 04:45:00,21.7,629.2,1.0,629.2,Completed
BK_004877,CUST_01084,Z304,Z102,EV_Sedan,2026-03-06 13:11:00,21.8,631.8,1.0,631.8,ETA_Timeout
BK_004878,CUST_02730,Z106,Z107,Prime_Sedan,2026-03-14 12:11:00,15.1,492.8,1.0,492.8,Completed
BK_004879,CUST_01279,Z305,Z206,Auto_Rickshaw,2026-02-20 23:21:00,2.9,92.2,1.0,92.2,Driver_Cancelled
BK_004880,CUST_03383,Z204,Z304,EV_Sedan,2026-02-08 12:11:00,26.5,754.0,1.0,754.0,Completed
BK_004881,CUST_01159,Z205,Z107,EV_Sedan,2026-03-06 11:07:00,12.0,377.0,1.6,603.2,Completed
BK_004882,CUST_01206,Z303,Z201,EV_Sedan,2026-02-13 13:13:00,11.8,371.8,1.0,371.8,Driver_Cancelled
BK_004883,CUST_01691,Z206,Z303,Auto_Rickshaw,2026-03-11 00:48:00,24.5,481.0,1.0,481.0,Completed
BK_004884,CUST_01747,Z303,Z104,EV_Sedan,2026-02-15 16:36:00,14.3,436.8,1.0,436.8,Completed
BK_004885,CUST_01458,Z302,Z104,EV_Sedan,2026-02-18 13:24:00,7.5,260.0,1.2,312.0,ETA_Timeout
BK_004886,CUST_01777,Z204,Z305,Auto_Rickshaw,2026-02-05 23:17:00,5.0,130.0,1.1,143.0,Driver_Cancelled
BK_004887,CUST_02314,Z101,Z201,Bike_Taxi,2026-02-15 13:00:00,12.0,169.0,1.1,185.9,Completed
BK_004888,CUST_02618,Z103,Z204,Auto_Rickshaw,2026-03-17 00:32:00,3.1,95.8,1.0,95.8,Completed
BK_004889,CUST_02988,Z103,Z105,EV_Sedan,2026-02-01 20:11:00,10.4,335.4,2.4,804.96,Completed
BK_004890,CUST_01105,Z301,Z206,Prime_Sedan,2026-03-09 05:40:00,7.4,277.2,1.0,277.2,Completed
BK_004891,CUST_02072,Z106,Z305,Auto_Rickshaw,2026-03-15 22:42:00,28.0,544.0,1.0,544.0,Completed
BK_004892,CUST_01219,Z101,Z305,Bike_Taxi,2026-02-15 16:30:00,10.9,155.8,1.2,186.96,Completed
BK_004893,CUST_01081,Z105,Z104,Auto_Rickshaw,2026-03-06 20:54:00,17.2,349.6,1.4,489.44,Completed
BK_004894,CUST_03135,Z301,Z105,Auto_Rickshaw,2026-02-01 20:02:00,14.4,299.2,2.1,628.32,Completed
BK_004895,CUST_02647,Z304,Z101,EV_Sedan,2026-02-06 16:21:00,4.1,171.6,1.1,188.76,Completed
BK_004896,CUST_02466,Z302,Z107,Prime_Sedan,2026-02-20 16:50:00,21.4,669.2,1.1,736.12,Completed
BK_004897,CUST_03440,Z302,Z102,Bike_Taxi,2026-03-03 18:54:00,13.1,182.2,1.6,291.52,Rider_Cancelled
BK_004898,CUST_02184,Z102,Z305,Prime_Sedan,2026-02-16 12:13:00,23.4,725.2,1.0,725.2,Completed
BK_004899,CUST_03284,Z105,Z302,Auto_Rickshaw,2026-02-02 00:42:00,6.6,158.8,1.0,158.8,Driver_Cancelled
BK_004900,CUST_03255,Z203,Z201,Prime_Sedan,2026-02-07 13:38:00,12.0,406.0,1.0,406.0,Completed
BK_004901,CUST_02436,Z105,Z202,Prime_Sedan,2026-02-24 07:47:00,22.4,697.2,1.0,697.2,Completed
BK_004902,CUST_02450,Z204,Z201,Prime_Sedan,2026-03-09 03:50:00,11.9,403.2,1.2,483.84,Completed
BK_004903,CUST_02123,Z202,Z201,EV_Sedan,2026-02-07 01:16:00,17.3,514.8,1.2,617.76,Completed
BK_004904,CUST_02855,Z101,Z202,Auto_Rickshaw,2026-02-08 08:30:00,16.2,331.6,2.4,795.84,ETA_Timeout
BK_004905,CUST_03489,Z303,Z102,Auto_Rickshaw,2026-03-04 02:40:00,3.3,99.4,1.0,99.4,Completed
BK_004906,CUST_01100,Z206,Z304,Auto_Rickshaw,2026-02-22 19:39:00,11.3,243.4,2.4,584.16,Rider_Cancelled
BK_004907,CUST_02984,Z303,Z107,Auto_Rickshaw,2026-03-15 07:26:00,6.3,153.4,1.1,168.74,Completed
BK_004908,CUST_02094,Z201,Z301,Auto_Rickshaw,2026-02-28 15:34:00,27.6,536.8,1.0,536.8,Completed
BK_004909,CUST_03382,Z103,Z305,Bike_Taxi,2026-02-03 16:30:00,26.1,338.2,1.2,405.84,Completed
BK_004910,CUST_01099,Z202,Z104,Auto_Rickshaw,2026-03-14 23:26:00,21.6,428.8,1.0,428.8,Completed
BK_004911,CUST_03011,Z303,Z102,Bike_Taxi,2026-02-12 08:28:00,20.1,266.2,2.1,559.02,Completed
BK_004912,CUST_02769,Z204,Z303,Prime_Sedan,2026-02-04 16:20:00,6.3,246.4,1.1,271.04,Completed
BK_004913,CUST_01047,Z205,Z304,Prime_Sedan,2026-03-07 13:09:00,15.9,515.2,1.0,515.2,Driver_Cancelled
BK_004914,CUST_01352,Z303,Z104,Auto_Rickshaw,2026-02-23 06:17:00,10.1,221.8,1.0,221.8,Rider_Cancelled
BK_004915,CUST_01748,Z201,Z105,Auto_Rickshaw,2026-02-25 04:26:00,8.6,194.8,1.0,194.8,Completed
BK_004916,CUST_02893,Z106,Z301,Bike_Taxi,2026-03-14 21:17:00,5.7,93.4,1.8,168.12,Completed
BK_004917,CUST_01582,Z205,Z201,Bike_Taxi,2026-02-28 15:01:00,8.1,122.2,1.0,122.2,Completed
BK_004918,CUST_02041,Z105,Z301,Auto_Rickshaw,2026-03-07 14:35:00,13.1,275.8,1.2,330.96,Driver_Cancelled
BK_004919,CUST_02227,Z305,Z107,Auto_Rickshaw,2026-02-01 12:59:00,26.1,509.8,1.0,509.8,Driver_Cancelled
BK_004920,CUST_03171,Z206,Z101,Auto_Rickshaw,2026-02-04 10:38:00,19.1,383.8,2.1,805.98,Completed
BK_004921,CUST_03013,Z107,Z204,Auto_Rickshaw,2026-02-16 15:41:00,3.1,95.8,1.1,105.38,Completed
BK_004922,CUST_01550,Z105,Z201,Bike_Taxi,2026-02-04 17:52:00,20.2,267.4,1.6,427.84,Driver_Cancelled
BK_004923,CUST_01053,Z302,Z206,Bike_Taxi,2026-02-17 13:22:00,27.4,353.8,1.1,389.18,Completed
BK_004924,CUST_02810,Z206,Z106,Bike_Taxi,2026-02-11 19:16:00,13.1,182.2,1.8,327.96,Completed
BK_004925,CUST_03022,Z303,Z301,EV_Sedan,2026-02-23 04:23:00,9.1,301.6,1.0,301.6,Completed
BK_004926,CUST_01356,Z205,Z206,Auto_Rickshaw,2026-02-20 18:23:00,18.5,373.0,1.6,596.8,Completed
BK_004927,CUST_02776,Z303,Z304,Auto_Rickshaw,2026-03-15 02:05:00,25.9,506.2,1.2,607.44,Completed
BK_004928,CUST_02579,Z107,Z104,Auto_Rickshaw,2026-02-13 06:36:00,10.7,232.6,1.0,232.6,Rider_Cancelled
BK_004929,CUST_02847,Z304,Z204,EV_Sedan,2026-02-04 22:53:00,7.1,249.6,1.0,249.6,Driver_Cancelled
BK_004930,CUST_03384,Z101,Z301,Prime_Sedan,2026-02-23 17:14:00,25.2,775.6,1.8,1396.08,Completed
BK_004931,CUST_02703,Z104,Z105,Auto_Rickshaw,2026-02-16 11:04:00,17.7,358.6,1.6,573.76,Completed
BK_004932,CUST_02461,Z105,Z103,Bike_Taxi,2026-02-08 21:26:00,19.8,262.6,1.6,420.16,Completed
BK_004933,CUST_02187,Z205,Z107,EV_Sedan,2026-02-12 07:56:00,14.4,439.4,1.2,527.28,Completed
BK_004934,CUST_01354,Z102,Z304,Auto_Rickshaw,2026-02-21 10:29:00,19.3,387.4,1.8,697.32,Completed
BK_004935,CUST_02966,Z305,Z101,EV_Sedan,2026-02-09 05:34:00,4.0,169.0,1.1,185.9,Completed
BK_004936,CUST_02468,Z204,Z203,Auto_Rickshaw,2026-03-15 17:20:00,15.5,319.0,2.4,765.6,Driver_Cancelled
BK_004937,CUST_02945,Z205,Z303,EV_Sedan,2026-02-03 05:19:00,23.0,663.0,1.0,663.0,Completed
BK_004938,CUST_03208,Z301,Z103,EV_Sedan,2026-02-02 20:26:00,16.3,488.8,1.2,586.56,Completed
BK_004939,CUST_01186,Z204,Z302,EV_Sedan,2026-03-13 21:30:00,16.4,491.4,1.2,589.68,Completed
BK_004940,CUST_01434,Z202,Z203,Bike_Taxi,2026-02-21 05:01:00,18.6,248.2,1.0,248.2,Completed
BK_004941,CUST_02970,Z301,Z205,EV_Sedan,2026-02-10 04:31:00,7.4,257.4,1.2,308.88,Completed
BK_004942,CUST_03228,Z106,Z303,Bike_Taxi,2026-02-24 20:09:00,13.2,183.4,1.8,330.12,Completed
BK_004943,CUST_02569,Z305,Z304,Auto_Rickshaw,2026-03-10 00:41:00,21.7,430.6,1.0,430.6,Completed
BK_004944,CUST_03154,Z303,Z206,EV_Sedan,2026-03-07 07:55:00,5.7,213.2,1.0,213.2,Completed
BK_004945,CUST_02247,Z104,Z101,Bike_Taxi,2026-02-08 09:26:00,12.0,169.0,1.4,236.6,Completed
BK_004946,CUST_02419,Z105,Z301,Prime_Sedan,2026-03-12 05:38:00,8.9,319.2,1.0,319.2,Rider_Cancelled
BK_004947,CUST_02624,Z101,Z302,Auto_Rickshaw,2026-03-05 13:38:00,12.8,270.4,1.1,297.44,Completed
BK_004948,CUST_01404,Z104,Z102,Bike_Taxi,2026-02-28 23:14:00,20.8,274.6,1.0,274.6,Driver_Cancelled
BK_004949,CUST_01741,Z201,Z105,Bike_Taxi,2026-03-06 17:12:00,15.2,207.4,1.4,290.36,Rider_Cancelled
BK_004950,CUST_02047,Z102,Z104,Bike_Taxi,2026-03-07 10:30:00,8.1,122.2,2.1,256.62,Completed
BK_004951,CUST_01276,Z303,Z203,Bike_Taxi,2026-03-03 16:38:00,28.5,367.0,1.0,367.0,Completed
BK_004952,CUST_02002,Z204,Z203,EV_Sedan,2026-02-21 02:49:00,9.0,299.0,1.2,358.8,Completed
BK_004953,CUST_01914,Z101,Z303,Bike_Taxi,2026-02-13 20:48:00,13.5,187.0,1.4,261.8,Completed
BK_004954,CUST_01226,Z301,Z101,EV_Sedan,2026-03-01 15:43:00,9.9,322.4,1.0,322.4,Completed
BK_004955,CUST_03245,Z202,Z205,Bike_Taxi,2026-03-01 23:54:00,11.6,164.2,1.0,164.2,Completed
BK_004956,CUST_01087,Z206,Z303,Auto_Rickshaw,2026-03-05 15:06:00,6.2,151.6,1.0,151.6,Driver_Cancelled
BK_004957,CUST_01066,Z101,Z202,Prime_Sedan,2026-02-06 00:15:00,26.7,817.6,1.0,817.6,Completed
BK_004958,CUST_03296,Z201,Z107,Prime_Sedan,2026-03-04 18:03:00,11.9,403.2,1.4,564.48,Driver_Cancelled
BK_004959,CUST_01715,Z304,Z103,Bike_Taxi,2026-02-24 05:54:00,19.0,253.0,1.0,253.0,Completed
BK_004960,CUST_01832,Z203,Z302,EV_Sedan,2026-02-26 16:30:00,18.8,553.8,1.0,553.8,Completed
BK_004961,CUST_02691,Z303,Z106,Auto_Rickshaw,2026-02-10 21:20:00,28.0,544.0,1.6,870.4,Completed
BK_004962,CUST_02596,Z305,Z303,EV_Sedan,2026-03-05 10:47:00,7.9,270.4,1.2,324.48,Completed
BK_004963,CUST_01446,Z206,Z305,EV_Sedan,2026-02-07 09:13:00,17.5,520.0,1.4,728.0,Driver_Cancelled
BK_004964,CUST_02235,Z105,Z101,EV_Sedan,2026-02-16 05:51:00,15.6,470.6,1.1,517.66,Rider_Cancelled
BK_004965,CUST_01704,Z206,Z303,EV_Sedan,2026-02-15 16:26:00,25.4,725.4,1.1,797.94,Completed
BK_004966,CUST_01486,Z101,Z102,Auto_Rickshaw,2026-03-13 20:34:00,26.9,524.2,1.6,838.72,Rider_Cancelled
BK_004967,CUST_01009,Z101,Z105,Prime_Sedan,2026-03-14 03:46:00,2.6,142.8,1.2,171.36,Completed
BK_004968,CUST_02867,Z205,Z105,Bike_Taxi,2026-03-11 20:05:00,17.4,233.8,1.2,280.56,Rider_Cancelled
BK_004969,CUST_01321,Z205,Z304,EV_Sedan,2026-03-06 12:36:00,17.6,522.6,1.0,522.6,Completed
BK_004970,CUST_03015,Z203,Z302,Auto_Rickshaw,2026-02-16 02:04:00,13.5,283.0,1.0,283.0,Driver_Cancelled
BK_004971,CUST_01452,Z206,Z101,EV_Sedan,2026-03-09 08:34:00,19.2,564.2,1.4,789.88,Completed
BK_004972,CUST_01431,Z303,Z105,Bike_Taxi,2026-02-20 20:16:00,6.0,97.0,1.4,135.8,Completed
BK_004973,CUST_01623,Z205,Z105,Auto_Rickshaw,2026-02-03 01:18:00,22.7,448.6,1.0,448.6,Completed
BK_004974,CUST_03226,Z106,Z205,Prime_Sedan,2026-02-12 00:18:00,15.4,501.2,1.0,501.2,Completed
BK_004975,CUST_01290,Z206,Z103,Bike_Taxi,2026-02-12 14:12:00,26.9,347.8,1.0,347.8,Completed
BK_004976,CUST_02780,Z106,Z301,EV_Sedan,2026-02-20 11:20:00,14.9,452.4,1.8,814.32,Driver_Cancelled
BK_004977,CUST_01969,Z201,Z305,Prime_Sedan,2026-03-15 07:53:00,27.8,848.4,1.0,848.4,Completed
BK_004978,CUST_01276,Z103,Z303,Bike_Taxi,2026-03-08 17:43:00,18.5,247.0,1.2,296.4,Completed
BK_004979,CUST_01295,Z305,Z107,Bike_Taxi,2026-02-04 14:55:00,5.0,85.0,1.0,85.0,Completed
BK_004980,CUST_02611,Z104,Z101,Auto_Rickshaw,2026-02-03 21:44:00,13.7,286.6,1.8,515.88,Completed
BK_004981,CUST_02741,Z203,Z102,Bike_Taxi,2026-03-13 05:02:00,16.8,226.6,1.0,226.6,Rider_Cancelled
BK_004982,CUST_02422,Z104,Z106,Auto_Rickshaw,2026-02-24 02:59:00,22.8,450.4,1.0,450.4,Completed
BK_004983,CUST_02163,Z303,Z106,EV_Sedan,2026-03-03 18:37:00,23.2,668.2,1.6,1069.12,Completed
BK_004984,CUST_01845,Z303,Z205,Prime_Sedan,2026-02-27 16:36:00,8.3,302.4,1.2,362.88,Completed
BK_004985,CUST_03421,Z202,Z301,EV_Sedan,2026-03-07 04:09:00,13.7,421.2,1.1,463.32,Rider_Cancelled
BK_004986,CUST_01745,Z203,Z303,Prime_Sedan,2026-02-19 18:01:00,14.8,484.4,2.1,1017.24,Completed
BK_004987,CUST_01769,Z301,Z304,Bike_Taxi,2026-03-03 01:49:00,5.2,87.4,1.1,96.14,Completed
BK_004988,CUST_01751,Z303,Z105,Auto_Rickshaw,2026-02-15 10:05:00,19.8,396.4,1.6,634.24,Completed
BK_004989,CUST_01829,Z201,Z301,Bike_Taxi,2026-03-07 11:38:00,28.4,365.8,1.4,512.12,ETA_Timeout
BK_004990,CUST_02278,Z202,Z304,Auto_Rickshaw,2026-02-06 09:44:00,15.4,317.2,1.6,507.52,Driver_Cancelled
BK_004991,CUST_02120,Z204,Z206,Bike_Taxi,2026-03-04 22:34:00,4.5,79.0,1.2,94.8,Completed
BK_004992,CUST_02559,Z202,Z101,EV_Sedan,2026-02-16 01:38:00,6.0,221.0,1.0,221.0,Completed
BK_004993,CUST_02334,Z302,Z106,Bike_Taxi,2026-02-06 16:12:00,9.8,142.6,1.2,171.12,Driver_Cancelled
BK_004994,CUST_02784,Z103,Z301,Auto_Rickshaw,2026-03-01 09:02:00,28.0,544.0,1.2,652.8,Completed
BK_004995,CUST_03119,Z101,Z206,Prime_Sedan,2026-02-15 13:02:00,3.8,176.4,1.0,176.4,Completed
BK_004996,CUST_01576,Z301,Z105,EV_Sedan,2026-02-02 09:11:00,19.3,566.8,1.6,906.88,Completed
BK_004997,CUST_02816,Z103,Z107,Auto_Rickshaw,2026-03-07 05:26:00,26.6,518.8,1.2,622.56,Driver_Cancelled
BK_004998,CUST_01503,Z101,Z301,EV_Sedan,2026-03-07 13:14:00,26.1,743.6,1.2,892.32,Completed
BK_004999,CUST_02702,Z304,Z105,Bike_Taxi,2026-03-15 15:29:00,8.1,122.2,1.0,122.2,Driver_Cancelled
BK_005000,CUST_02892,Z303,Z107,Auto_Rickshaw,2026-02-06 09:33:00,10.2,223.6,1.8,402.48,Rider_Cancelled
BK_005001,CUST_03476,Z202,Z107,EV_Sedan,2026-02-23 00:18:00,6.7,239.2,1.2,287.04,Completed
BK_005002,CUST_03237,Z101,Z206,Prime_Sedan,2026-02-11 00:09:00,25.5,784.0,1.0,784.0,Completed
BK_005003,CUST_01783,Z202,Z102,EV_Sedan,2026-02-23 05:30:00,16.5,494.0,1.0,494.0,Completed
BK_005004,CUST_02966,Z103,Z102,Auto_Rickshaw,2026-02-26 05:15:00,26.8,522.4,1.0,522.4,Driver_Cancelled
BK_005005,CUST_02098,Z102,Z201,Prime_Sedan,2026-02-10 11:36:00,14.4,473.2,1.6,757.12,ETA_Timeout
BK_005006,CUST_02016,Z107,Z301,EV_Sedan,2026-02-21 09:33:00,11.8,371.8,2.1,780.78,Completed
BK_005007,CUST_01859,Z304,Z105,Bike_Taxi,2026-03-07 09:52:00,25.0,325.0,1.4,455.0,Completed
BK_005008,CUST_01998,Z205,Z301,Prime_Sedan,2026-02-18 12:17:00,26.0,798.0,1.0,798.0,Completed
BK_005009,CUST_02868,Z303,Z201,Prime_Sedan,2026-02-02 18:14:00,27.9,851.2,2.1,1787.52,Completed
BK_005010,CUST_03209,Z103,Z102,Prime_Sedan,2026-03-06 00:34:00,22.9,711.2,1.0,711.2,Completed
BK_005011,CUST_01536,Z103,Z203,EV_Sedan,2026-03-06 12:48:00,21.6,626.6,1.2,751.92,Completed
BK_005012,CUST_01495,Z202,Z105,EV_Sedan,2026-03-02 14:02:00,20.2,590.2,1.1,649.22,Completed
BK_005013,CUST_01378,Z204,Z106,EV_Sedan,2026-02-05 20:52:00,17.3,514.8,2.4,1235.52,Completed
BK_005014,CUST_01948,Z204,Z304,EV_Sedan,2026-03-08 22:15:00,22.6,652.6,1.0,652.6,Completed
BK_005015,CUST_03264,Z203,Z206,Auto_Rickshaw,2026-02-20 07:05:00,20.3,405.4,1.0,405.4,Driver_Cancelled
BK_005016,CUST_01029,Z205,Z201,Auto_Rickshaw,2026-02-20 21:59:00,11.0,238.0,1.2,285.6,Completed
BK_005017,CUST_01396,Z302,Z304,Bike_Taxi,2026-02-09 12:42:00,5.9,95.8,1.2,114.96,Completed
BK_005018,CUST_02115,Z301,Z103,Auto_Rickshaw,2026-03-03 04:21:00,6.1,149.8,1.1,164.78,Completed
BK_005019,CUST_01022,Z101,Z105,Auto_Rickshaw,2026-03-02 03:16:00,14.6,302.8,1.2,363.36,Completed
BK_005020,CUST_01097,Z302,Z103,Prime_Sedan,2026-02-07 21:12:00,16.8,540.4,1.6,864.64,Completed
BK_005021,CUST_01756,Z203,Z303,Auto_Rickshaw,2026-02-06 22:31:00,7.4,173.2,1.2,207.84,Completed
BK_005022,CUST_01423,Z102,Z204,Auto_Rickshaw,2026-03-05 21:01:00,12.4,263.2,1.6,421.12,Completed
BK_005023,CUST_02377,Z105,Z107,EV_Sedan,2026-03-10 06:09:00,15.7,473.2,1.0,473.2,Completed
BK_005024,CUST_01275,Z206,Z107,EV_Sedan,2026-03-04 15:19:00,27.3,774.8,1.1,852.28,Completed
BK_005025,CUST_01976,Z204,Z205,Auto_Rickshaw,2026-03-14 01:12:00,12.0,256.0,1.2,307.2,Completed
BK_005026,CUST_01469,Z203,Z303,EV_Sedan,2026-02-18 13:06:00,15.7,473.2,1.0,473.2,Completed
BK_005027,CUST_01360,Z301,Z202,Auto_Rickshaw,2026-02-04 13:20:00,9.3,207.4,1.2,248.88,Completed
BK_005028,CUST_02759,Z107,Z105,EV_Sedan,2026-02-07 22:42:00,25.9,738.4,1.2,886.08,Completed
BK_005029,CUST_02990,Z105,Z102,Auto_Rickshaw,2026-03-15 23:24:00,15.2,313.6,1.2,376.32,Completed
BK_005030,CUST_02874,Z101,Z202,Auto_Rickshaw,2026-03-12 23:10:00,15.0,310.0,1.2,372.0,Completed
BK_005031,CUST_02405,Z201,Z101,Bike_Taxi,2026-02-26 07:12:00,24.0,313.0,1.0,313.0,Driver_Cancelled
BK_005032,CUST_02201,Z301,Z304,EV_Sedan,2026-03-15 01:08:00,4.5,182.0,1.0,182.0,Rider_Cancelled
BK_005033,CUST_01215,Z201,Z106,Auto_Rickshaw,2026-03-06 23:42:00,21.3,423.4,1.0,423.4,Completed
BK_005034,CUST_02788,Z201,Z204,Bike_Taxi,2026-02-02 01:27:00,17.3,232.6,1.2,279.12,Completed
BK_005035,CUST_02511,Z203,Z303,Prime_Sedan,2026-02-28 17:16:00,14.6,478.8,1.4,670.32,Rider_Cancelled
BK_005036,CUST_03421,Z105,Z203,Auto_Rickshaw,2026-03-02 23:20:00,11.7,250.6,1.1,275.66,Completed
BK_005037,CUST_02308,Z104,Z303,EV_Sedan,2026-02-02 15:31:00,26.1,743.6,1.2,892.32,Completed
BK_005038,CUST_02620,Z103,Z201,Auto_Rickshaw,2026-02-16 03:20:00,6.5,157.0,1.0,157.0,Rider_Cancelled
BK_005039,CUST_02350,Z201,Z203,Auto_Rickshaw,2026-02-15 13:41:00,6.7,160.6,1.0,160.6,Completed
BK_005040,CUST_03387,Z105,Z102,EV_Sedan,2026-02-05 08:06:00,28.4,803.4,1.6,1285.44,Completed
BK_005041,CUST_03187,Z301,Z204,EV_Sedan,2026-02-01 15:05:00,3.2,148.2,1.1,163.02,Driver_Cancelled
BK_005042,CUST_02415,Z204,Z305,Bike_Taxi,2026-03-15 18:56:00,5.0,85.0,1.8,153.0,Completed
BK_005043,CUST_01210,Z301,Z206,Bike_Taxi,2026-03-03 00:44:00,13.5,187.0,1.0,187.0,Completed
BK_005044,CUST_03202,Z202,Z107,EV_Sedan,2026-02-25 19:45:00,26.0,741.0,1.2,889.2,Completed
BK_005045,CUST_02729,Z104,Z101,EV_Sedan,2026-02-28 16:58:00,19.7,577.2,1.2,692.64,Completed
BK_005046,CUST_02770,Z204,Z103,Bike_Taxi,2026-02-20 07:39:00,3.3,64.6,1.2,77.52,Driver_Cancelled
BK_005047,CUST_02338,Z107,Z205,Prime_Sedan,2026-02-22 17:17:00,3.0,154.0,2.4,369.6,Completed
BK_005048,CUST_02342,Z205,Z101,EV_Sedan,2026-03-02 22:51:00,27.0,767.0,1.0,767.0,Completed
BK_005049,CUST_02456,Z205,Z202,Prime_Sedan,2026-03-13 06:53:00,9.2,327.6,1.0,327.6,Completed
BK_005050,CUST_01578,Z204,Z305,EV_Sedan,2026-03-03 04:16:00,20.5,598.0,1.0,598.0,Completed
BK_005051,CUST_02981,Z202,Z204,Prime_Sedan,2026-02-23 20:18:00,2.8,148.4,2.4,356.16,Completed
BK_005052,CUST_03288,Z303,Z301,Auto_Rickshaw,2026-03-10 19:01:00,16.2,331.6,1.8,596.88,Completed
BK_005053,CUST_01898,Z302,Z102,EV_Sedan,2026-03-08 19:06:00,15.7,473.2,1.2,567.84,Rider_Cancelled
BK_005054,CUST_01811,Z206,Z103,Bike_Taxi,2026-02-10 13:29:00,15.0,205.0,1.1,225.5,ETA_Timeout
BK_005055,CUST_01099,Z301,Z101,Auto_Rickshaw,2026-02-15 11:43:00,8.8,198.4,1.2,238.08,Completed
BK_005056,CUST_03279,Z203,Z206,EV_Sedan,2026-03-04 05:13:00,13.2,408.2,1.1,449.02,Driver_Cancelled
BK_005057,CUST_01053,Z201,Z203,Auto_Rickshaw,2026-03-03 09:12:00,23.5,463.0,2.4,1111.2,Driver_Cancelled
BK_005058,CUST_02805,Z201,Z106,EV_Sedan,2026-03-15 08:05:00,25.6,730.6,1.4,1022.84,Completed
BK_005059,CUST_01067,Z303,Z204,Prime_Sedan,2026-02-04 22:47:00,22.8,708.4,1.0,708.4,Completed
BK_005060,CUST_02556,Z202,Z206,EV_Sedan,2026-02-28 20:18:00,22.2,642.2,2.4,1541.28,Completed
BK_005061,CUST_02222,Z106,Z107,EV_Sedan,2026-02-06 03:13:00,21.6,626.6,1.0,626.6,Completed
BK_005062,CUST_02186,Z106,Z205,Auto_Rickshaw,2026-02-18 08:00:00,3.3,99.4,1.2,119.28,Completed
BK_005063,CUST_01098,Z302,Z205,Bike_Taxi,2026-02-08 05:19:00,24.3,316.6,1.0,316.6,Completed
BK_005064,CUST_01913,Z104,Z203,Prime_Sedan,2026-02-12 06:05:00,9.8,344.4,1.2,413.28,Completed
BK_005065,CUST_01968,Z101,Z103,Prime_Sedan,2026-03-06 17:35:00,12.4,417.2,2.1,876.12,Completed
BK_005066,CUST_03251,Z305,Z103,Bike_Taxi,2026-02-11 18:52:00,9.6,140.2,2.1,294.42,Rider_Cancelled
BK_005067,CUST_02485,Z206,Z203,Bike_Taxi,2026-02-04 02:23:00,4.3,76.6,1.0,76.6,Completed
BK_005068,CUST_01987,Z107,Z303,Auto_Rickshaw,2026-02-05 22:50:00,25.6,500.8,1.2,600.96,Completed
BK_005069,CUST_02686,Z201,Z305,EV_Sedan,2026-02-01 14:50:00,6.4,231.4,1.0,231.4,Completed
BK_005070,CUST_01381,Z205,Z206,EV_Sedan,2026-02-27 01:47:00,16.5,494.0,1.1,543.4,Completed
BK_005071,CUST_01168,Z305,Z304,EV_Sedan,2026-02-13 23:14:00,19.9,582.4,1.0,582.4,Completed
BK_005072,CUST_03261,Z103,Z202,Bike_Taxi,2026-02-16 20:06:00,7.8,118.6,2.4,284.64,Driver_Cancelled
BK_005073,CUST_01586,Z202,Z204,Bike_Taxi,2026-02-20 22:39:00,11.2,159.4,1.0,159.4,Completed
BK_005074,CUST_01345,Z303,Z105,Auto_Rickshaw,2026-02-22 05:57:00,14.3,297.4,1.0,297.4,Completed
BK_005075,CUST_02548,Z104,Z303,Auto_Rickshaw,2026-02-11 10:21:00,12.9,272.2,1.6,435.52,Completed
BK_005076,CUST_02259,Z101,Z104,Bike_Taxi,2026-03-04 08:41:00,3.3,64.6,1.4,90.44,Completed
BK_005077,CUST_01106,Z301,Z203,Bike_Taxi,2026-02-24 09:36:00,22.7,297.4,1.2,356.88,Completed
BK_005078,CUST_01254,Z305,Z104,Auto_Rickshaw,2026-02-14 04:53:00,16.6,338.8,1.2,406.56,Completed
BK_005079,CUST_01592,Z301,Z102,Bike_Taxi,2026-02-20 13:39:00,9.0,133.0,1.2,159.6,Completed
BK_005080,CUST_03288,Z301,Z302,Auto_Rickshaw,2026-02-21 10:17:00,8.0,184.0,2.1,386.4,Rider_Cancelled
BK_005081,CUST_02324,Z301,Z303,Auto_Rickshaw,2026-02-19 23:57:00,20.3,405.4,1.0,405.4,Completed
BK_005082,CUST_01451,Z103,Z305,EV_Sedan,2026-03-01 11:37:00,9.8,319.8,1.8,575.64,Completed
BK_005083,CUST_02072,Z302,Z105,Bike_Taxi,2026-03-05 11:55:00,21.3,280.6,1.8,505.08,Completed
BK_005084,CUST_02635,Z203,Z102,Auto_Rickshaw,2026-02-23 05:43:00,3.7,106.6,1.1,117.26,ETA_Timeout
BK_005085,CUST_01722,Z305,Z105,Prime_Sedan,2026-03-16 11:01:00,15.0,490.0,2.4,1176.0,Completed
BK_005086,CUST_02008,Z105,Z203,Bike_Taxi,2026-02-16 21:15:00,21.4,281.8,2.1,591.78,Completed
BK_005087,CUST_02404,Z202,Z205,Prime_Sedan,2026-03-06 17:49:00,9.0,322.0,2.4,772.8,Completed
BK_005088,CUST_01147,Z205,Z103,Auto_Rickshaw,2026-02-03 23:29:00,20.5,409.0,1.0,409.0,Completed
BK_005089,CUST_02158,Z203,Z105,EV_Sedan,2026-02-24 18:52:00,24.1,691.6,1.4,968.24,ETA_Timeout
BK_005090,CUST_01555,Z302,Z102,Prime_Sedan,2026-02-20 07:59:00,15.0,490.0,1.0,490.0,Completed
BK_005091,CUST_03019,Z102,Z202,Prime_Sedan,2026-03-08 18:51:00,7.0,266.0,1.4,372.4,Completed
BK_005092,CUST_01327,Z104,Z303,Auto_Rickshaw,2026-02-03 22:51:00,6.7,160.6,1.0,160.6,Completed
BK_005093,CUST_01156,Z305,Z203,Auto_Rickshaw,2026-03-14 12:32:00,14.1,293.8,1.0,293.8,Completed
BK_005094,CUST_01503,Z303,Z305,Auto_Rickshaw,2026-03-10 07:45:00,11.5,247.0,1.1,271.7,Completed
BK_005095,CUST_02117,Z206,Z204,Bike_Taxi,2026-03-02 16:56:00,22.2,291.4,1.0,291.4,Completed
BK_005096,CUST_02999,Z203,Z106,EV_Sedan,2026-02-26 16:14:00,27.6,782.6,1.0,782.6,Driver_Cancelled
BK_005097,CUST_01827,Z301,Z201,Auto_Rickshaw,2026-02-17 05:06:00,27.8,540.4,1.0,540.4,Completed
BK_005098,CUST_02311,Z203,Z304,Prime_Sedan,2026-03-13 11:19:00,25.8,792.4,2.1,1664.04,Completed
BK_005099,CUST_01164,Z107,Z202,Prime_Sedan,2026-03-10 23:13:00,13.0,434.0,1.1,477.4,ETA_Timeout
BK_005100,CUST_02372,Z101,Z107,Auto_Rickshaw,2026-03-01 06:56:00,13.9,290.2,1.1,319.22,Driver_Cancelled
BK_005101,CUST_01025,Z107,Z101,Auto_Rickshaw,2026-03-05 04:43:00,13.9,290.2,1.0,290.2,Driver_Cancelled
BK_005102,CUST_01051,Z206,Z105,Bike_Taxi,2026-02-19 01:56:00,11.5,163.0,1.0,163.0,Completed
BK_005103,CUST_01438,Z302,Z203,Auto_Rickshaw,2026-02-13 08:02:00,27.5,535.0,1.6,856.0,Completed
BK_005104,CUST_02407,Z105,Z301,Auto_Rickshaw,2026-02-11 15:06:00,8.9,200.2,1.1,220.22,Driver_Cancelled
BK_005105,CUST_03029,Z303,Z305,Auto_Rickshaw,2026-02-26 21:54:00,24.6,482.8,1.2,579.36,Completed
BK_005106,CUST_01115,Z302,Z206,EV_Sedan,2026-02-06 21:54:00,19.9,582.4,1.6,931.84,Completed
BK_005107,CUST_01924,Z305,Z105,EV_Sedan,2026-03-09 15:45:00,18.1,535.6,1.0,535.6,Completed
BK_005108,CUST_01093,Z304,Z202,Auto_Rickshaw,2026-02-22 07:32:00,18.5,373.0,1.2,447.6,Driver_Cancelled
BK_005109,CUST_02577,Z202,Z301,Prime_Sedan,2026-02-28 15:30:00,19.0,602.0,1.0,602.0,Completed
BK_005110,CUST_01859,Z305,Z106,Prime_Sedan,2026-02-09 13:34:00,8.0,294.0,1.0,294.0,Completed
BK_005111,CUST_01116,Z103,Z303,EV_Sedan,2026-02-08 03:37:00,18.5,546.0,1.0,546.0,Completed
BK_005112,CUST_01504,Z107,Z101,EV_Sedan,2026-02-24 13:39:00,8.0,273.0,1.0,273.0,Completed
BK_005113,CUST_02450,Z302,Z203,Bike_Taxi,2026-02-24 01:38:00,12.9,179.8,1.2,215.76,Driver_Cancelled
BK_005114,CUST_01269,Z303,Z205,Prime_Sedan,2026-02-01 14:58:00,16.1,520.8,1.0,520.8,Driver_Cancelled
BK_005115,CUST_01230,Z202,Z107,Prime_Sedan,2026-03-13 01:44:00,4.8,204.4,1.2,245.28,Driver_Cancelled
BK_005116,CUST_01026,Z101,Z206,Bike_Taxi,2026-03-04 19:36:00,12.1,170.2,2.1,357.42,Completed
BK_005117,CUST_02129,Z103,Z303,Auto_Rickshaw,2026-03-16 07:48:00,8.2,187.6,1.2,225.12,Rider_Cancelled
BK_005118,CUST_01116,Z104,Z305,Auto_Rickshaw,2026-03-07 03:09:00,22.8,450.4,1.0,450.4,Completed
BK_005119,CUST_02500,Z105,Z203,Auto_Rickshaw,2026-03-03 22:26:00,22.2,439.6,1.1,483.56,Completed
BK_005120,CUST_01283,Z201,Z205,EV_Sedan,2026-03-06 07:52:00,4.6,184.6,1.2,221.52,Completed
BK_005121,CUST_02273,Z201,Z204,Auto_Rickshaw,2026-03-02 19:04:00,17.9,362.2,1.4,507.08,Completed
BK_005122,CUST_03054,Z106,Z104,Auto_Rickshaw,2026-03-17 13:55:00,6.5,157.0,1.0,157.0,Completed
BK_005123,CUST_01313,Z107,Z106,Auto_Rickshaw,2026-03-06 14:18:00,3.1,95.8,1.0,95.8,Driver_Cancelled
BK_005124,CUST_02063,Z304,Z105,Bike_Taxi,2026-02-08 00:14:00,23.2,303.4,1.0,303.4,Completed
BK_005125,CUST_01856,Z201,Z304,Auto_Rickshaw,2026-02-13 10:15:00,2.7,88.6,1.4,124.04,Completed
BK_005126,CUST_02089,Z201,Z205,Bike_Taxi,2026-02-11 03:48:00,27.1,350.2,1.2,420.24,Driver_Cancelled
BK_005127,CUST_01499,Z302,Z106,Auto_Rickshaw,2026-03-16 09:41:00,4.1,113.8,1.2,136.56,Completed
BK_005128,CUST_01902,Z102,Z105,Auto_Rickshaw,2026-02-16 22:55:00,26.3,513.4,1.0,513.4,ETA_Timeout
BK_005129,CUST_02918,Z203,Z103,Auto_Rickshaw,2026-02-06 20:15:00,9.7,214.6,2.1,450.66,Completed
BK_005130,CUST_03332,Z101,Z103,Prime_Sedan,2026-03-11 22:31:00,23.4,725.2,1.0,725.2,Rider_Cancelled
BK_005131,CUST_02899,Z107,Z104,Auto_Rickshaw,2026-03-18 01:54:00,7.2,169.6,1.0,169.6,Driver_Cancelled
BK_005132,CUST_02855,Z201,Z206,Bike_Taxi,2026-02-14 23:17:00,19.1,254.2,1.0,254.2,Completed
BK_005133,CUST_03225,Z205,Z102,Prime_Sedan,2026-03-10 13:44:00,18.7,593.6,1.1,652.96,Completed
BK_005134,CUST_01536,Z103,Z204,EV_Sedan,2026-02-19 11:40:00,16.5,494.0,1.6,790.4,Completed
BK_005135,CUST_02446,Z106,Z205,Auto_Rickshaw,2026-03-12 09:10:00,18.1,365.8,1.2,438.96,Completed
BK_005136,CUST_02910,Z102,Z101,Auto_Rickshaw,2026-03-12 10:29:00,6.2,151.6,1.8,272.88,Rider_Cancelled
BK_005137,CUST_02850,Z303,Z204,EV_Sedan,2026-03-01 01:41:00,20.3,592.8,1.0,592.8,Driver_Cancelled
BK_005138,CUST_01729,Z107,Z202,Auto_Rickshaw,2026-02-19 20:29:00,19.2,385.6,1.2,462.72,Completed
BK_005139,CUST_02558,Z204,Z105,EV_Sedan,2026-02-22 18:10:00,27.7,785.2,1.4,1099.28,Completed
BK_005140,CUST_03112,Z305,Z302,EV_Sedan,2026-03-09 05:33:00,13.7,421.2,1.0,421.2,Completed
BK_005141,CUST_03001,Z101,Z202,Auto_Rickshaw,2026-02-13 03:44:00,18.2,367.6,1.0,367.6,Completed
BK_005142,CUST_02194,Z201,Z202,Prime_Sedan,2026-03-15 22:25:00,24.8,764.4,1.2,917.28,Completed
BK_005143,CUST_03368,Z204,Z105,EV_Sedan,2026-03-06 19:29:00,15.5,468.0,1.8,842.4,Completed
BK_005144,CUST_01900,Z101,Z106,Auto_Rickshaw,2026-02-03 12:50:00,23.2,457.6,1.1,503.36,Completed
BK_005145,CUST_02026,Z302,Z305,EV_Sedan,2026-02-15 16:01:00,25.0,715.0,1.1,786.5,Driver_Cancelled
BK_005146,CUST_02546,Z206,Z103,Bike_Taxi,2026-03-17 16:30:00,16.8,226.6,1.0,226.6,Completed
BK_005147,CUST_02307,Z103,Z202,Prime_Sedan,2026-02-03 09:14:00,23.8,736.4,2.1,1546.44,Completed
BK_005148,CUST_01068,Z303,Z101,Bike_Taxi,2026-02-11 04:55:00,12.3,172.6,1.0,172.6,Completed
BK_005149,CUST_03393,Z205,Z304,Prime_Sedan,2026-02-17 10:02:00,5.5,224.0,2.1,470.4,Completed
BK_005150,CUST_03155,Z105,Z106,Auto_Rickshaw,2026-02-14 22:28:00,16.1,329.8,1.0,329.8,Driver_Cancelled
BK_005151,CUST_01443,Z304,Z302,EV_Sedan,2026-03-12 23:21:00,13.9,426.4,1.0,426.4,Completed
BK_005152,CUST_01777,Z104,Z206,Auto_Rickshaw,2026-02-18 01:44:00,14.5,301.0,1.1,331.1,Driver_Cancelled
BK_005153,CUST_02683,Z107,Z206,EV_Sedan,2026-03-01 10:33:00,21.6,626.6,1.4,877.24,Completed
BK_005154,CUST_02297,Z205,Z201,EV_Sedan,2026-03-01 14:12:00,15.3,462.8,1.2,555.36,Completed
BK_005155,CUST_01595,Z106,Z104,Auto_Rickshaw,2026-02-08 14:22:00,28.2,547.6,1.0,547.6,Driver_Cancelled
BK_005156,CUST_01050,Z101,Z105,Auto_Rickshaw,2026-02-14 23:50:00,26.7,520.6,1.0,520.6,Completed
BK_005157,CUST_02997,Z107,Z205,EV_Sedan,2026-02-11 05:52:00,7.5,260.0,1.2,312.0,Driver_Cancelled
BK_005158,CUST_03092,Z203,Z302,Auto_Rickshaw,2026-02-20 20:48:00,8.8,198.4,1.2,238.08,Completed
BK_005159,CUST_02562,Z102,Z206,EV_Sedan,2026-03-05 00:00:00,21.5,624.0,1.1,686.4,Completed
BK_005160,CUST_01718,Z201,Z305,EV_Sedan,2026-03-11 19:27:00,16.3,488.8,1.8,879.84,Completed
BK_005161,CUST_03146,Z302,Z202,Bike_Taxi,2026-02-08 10:11:00,20.0,265.0,1.8,477.0,Completed
BK_005162,CUST_03131,Z201,Z106,EV_Sedan,2026-02-09 18:41:00,20.8,605.8,2.1,1272.18,Completed
BK_005163,CUST_02919,Z303,Z101,Auto_Rickshaw,2026-02-04 21:30:00,24.3,477.4,2.1,1002.54,Completed
BK_005164,CUST_02626,Z301,Z104,EV_Sedan,2026-02-08 06:50:00,15.2,460.2,1.0,460.2,Completed
BK_005165,CUST_01878,Z303,Z204,EV_Sedan,2026-03-17 07:50:00,10.1,327.6,1.2,393.12,Completed
BK_005166,CUST_01742,Z205,Z206,EV_Sedan,2026-02-24 02:20:00,10.7,343.2,1.0,343.2,Rider_Cancelled
BK_005167,CUST_02600,Z202,Z102,Bike_Taxi,2026-03-09 18:17:00,20.6,272.2,1.8,489.96,Rider_Cancelled
BK_005168,CUST_01441,Z102,Z203,EV_Sedan,2026-02-20 21:10:00,6.2,226.2,2.4,542.88,Completed
BK_005169,CUST_01975,Z304,Z106,EV_Sedan,2026-02-20 11:15:00,6.5,234.0,1.6,374.4,Completed
BK_005170,CUST_03454,Z205,Z104,Bike_Taxi,2026-02-04 09:51:00,20.2,267.4,1.4,374.36,Completed
BK_005171,CUST_02422,Z103,Z104,Prime_Sedan,2026-03-14 15:53:00,20.5,644.0,1.2,772.8,Rider_Cancelled
BK_005172,CUST_01492,Z305,Z204,Bike_Taxi,2026-02-24 08:04:00,27.1,350.2,1.4,490.28,Completed
BK_005173,CUST_01481,Z305,Z103,EV_Sedan,2026-02-13 10:24:00,10.5,338.0,2.1,709.8,Rider_Cancelled
BK_005174,CUST_02093,Z304,Z104,Auto_Rickshaw,2026-02-26 19:01:00,5.5,139.0,1.8,250.2,Driver_Cancelled
BK_005175,CUST_03427,Z303,Z301,EV_Sedan,2026-02-14 11:27:00,9.1,301.6,1.4,422.24,Driver_Cancelled
BK_005176,CUST_02300,Z104,Z106,EV_Sedan,2026-02-19 13:58:00,20.4,595.4,1.0,595.4,Completed
BK_005177,CUST_01659,Z102,Z103,Prime_Sedan,2026-02-11 11:12:00,12.7,425.6,2.1,893.76,Completed
BK_005178,CUST_03034,Z305,Z303,Auto_Rickshaw,2026-02-11 17:24:00,15.8,324.4,1.8,583.92,Completed
BK_005179,CUST_01231,Z103,Z302,Auto_Rickshaw,2026-03-04 03:33:00,13.5,283.0,1.0,283.0,Completed
BK_005180,CUST_03031,Z301,Z304,EV_Sedan,2026-03-12 18:50:00,4.2,174.2,2.4,418.08,Completed
BK_005181,CUST_02279,Z202,Z105,EV_Sedan,2026-02-14 07:20:00,25.9,738.4,1.0,738.4,Completed
BK_005182,CUST_02296,Z104,Z107,Auto_Rickshaw,2026-02-20 05:20:00,15.3,315.4,1.0,315.4,Completed
BK_005183,CUST_01377,Z302,Z107,EV_Sedan,2026-03-14 15:39:00,4.5,182.0,1.0,182.0,Completed
BK_005184,CUST_02222,Z204,Z305,EV_Sedan,2026-03-03 23:51:00,21.9,634.4,1.0,634.4,Completed
BK_005185,CUST_02779,Z201,Z204,Auto_Rickshaw,2026-02-09 06:52:00,7.9,182.2,1.0,182.2,Completed
BK_005186,CUST_01859,Z206,Z106,Prime_Sedan,2026-02-22 22:01:00,16.4,529.2,1.0,529.2,Driver_Cancelled
BK_005187,CUST_01754,Z104,Z103,Bike_Taxi,2026-03-01 18:55:00,20.9,275.8,1.6,441.28,Completed
BK_005188,CUST_01698,Z103,Z301,Auto_Rickshaw,2026-03-15 23:37:00,12.2,259.6,1.0,259.6,Completed
BK_005189,CUST_02781,Z305,Z205,EV_Sedan,2026-03-15 18:28:00,22.7,655.2,1.4,917.28,ETA_Timeout
BK_005190,CUST_03211,Z101,Z107,EV_Sedan,2026-03-12 14:40:00,19.0,559.0,1.0,559.0,Completed
BK_005191,CUST_03114,Z203,Z301,Auto_Rickshaw,2026-02-04 02:05:00,17.7,358.6,1.1,394.46,Completed
BK_005192,CUST_01211,Z203,Z304,Prime_Sedan,2026-03-02 15:39:00,24.7,761.6,1.0,761.6,Completed
BK_005193,CUST_01820,Z201,Z205,Prime_Sedan,2026-02-22 22:51:00,26.6,814.8,1.0,814.8,Completed
BK_005194,CUST_03144,Z202,Z303,EV_Sedan,2026-02-22 09:29:00,18.5,546.0,1.4,764.4,Completed
BK_005195,CUST_01002,Z101,Z204,EV_Sedan,2026-03-09 09:13:00,3.9,166.4,1.8,299.52,Completed
BK_005196,CUST_02844,Z204,Z105,Prime_Sedan,2026-02-13 13:34:00,26.2,803.6,1.0,803.6,Completed
BK_005197,CUST_03476,Z204,Z202,EV_Sedan,2026-03-01 22:34:00,6.0,221.0,1.2,265.2,Completed
BK_005198,CUST_02008,Z107,Z202,Prime_Sedan,2026-02-26 19:54:00,27.7,845.6,1.2,1014.72,Completed
BK_005199,CUST_01107,Z206,Z102,Prime_Sedan,2026-03-04 16:08:00,26.1,800.8,1.0,800.8,Completed
BK_005200,CUST_02390,Z103,Z203,Auto_Rickshaw,2026-03-02 09:32:00,9.0,202.0,1.4,282.8,Completed
BK_005201,CUST_03387,Z106,Z301,Auto_Rickshaw,2026-02-22 19:57:00,27.6,536.8,1.2,644.16,Completed
BK_005202,CUST_01111,Z302,Z201,Prime_Sedan,2026-02-16 06:14:00,3.7,173.6,1.0,173.6,Completed
BK_005203,CUST_03114,Z205,Z301,Bike_Taxi,2026-02-13 12:39:00,10.6,152.2,1.0,152.2,Completed
BK_005204,CUST_03239,Z102,Z101,Auto_Rickshaw,2026-02-06 23:00:00,19.8,396.4,1.0,396.4,Completed
BK_005205,CUST_03317,Z301,Z105,Prime_Sedan,2026-03-04 11:46:00,9.4,333.2,2.4,799.68,Rider_Cancelled
BK_005206,CUST_01501,Z105,Z202,EV_Sedan,2026-02-14 08:04:00,3.1,145.6,1.4,203.84,Completed
BK_005207,CUST_02568,Z104,Z201,Prime_Sedan,2026-03-01 12:56:00,16.8,540.4,1.0,540.4,Completed
BK_005208,CUST_03145,Z104,Z105,Auto_Rickshaw,2026-02-22 02:50:00,11.3,243.4,1.0,243.4,Completed
BK_005209,CUST_01213,Z206,Z201,Bike_Taxi,2026-02-28 19:12:00,18.8,250.6,2.1,526.26,Completed
BK_005210,CUST_03500,Z206,Z102,EV_Sedan,2026-02-03 18:12:00,16.7,499.2,2.4,1198.08,Driver_Cancelled
BK_005211,CUST_01027,Z206,Z104,Auto_Rickshaw,2026-03-13 12:39:00,7.2,169.6,1.1,186.56,Completed
BK_005212,CUST_02391,Z302,Z301,Auto_Rickshaw,2026-03-05 09:38:00,2.8,90.4,2.1,189.84,Completed
BK_005213,CUST_02320,Z203,Z107,Auto_Rickshaw,2026-03-15 23:45:00,9.3,207.4,1.0,207.4,Completed
BK_005214,CUST_03248,Z104,Z204,Prime_Sedan,2026-02-04 10:31:00,16.2,523.6,1.2,628.32,Completed
BK_005215,CUST_01164,Z205,Z103,Auto_Rickshaw,2026-03-13 16:38:00,3.7,106.6,1.0,106.6,Completed
BK_005216,CUST_01904,Z104,Z302,Auto_Rickshaw,2026-02-23 09:06:00,28.2,547.6,1.2,657.12,Completed
BK_005217,CUST_02261,Z305,Z103,EV_Sedan,2026-02-14 07:41:00,19.4,569.4,1.0,569.4,Completed
BK_005218,CUST_01689,Z203,Z304,Prime_Sedan,2026-02-15 04:55:00,27.7,845.6,1.1,930.16,Completed
BK_005219,CUST_03381,Z302,Z303,Auto_Rickshaw,2026-03-12 17:10:00,17.0,346.0,2.1,726.6,Completed
BK_005220,CUST_01884,Z301,Z201,Auto_Rickshaw,2026-02-27 05:44:00,23.6,464.8,1.0,464.8,Completed
BK_005221,CUST_01486,Z202,Z302,Bike_Taxi,2026-02-25 07:41:00,25.5,331.0,1.0,331.0,Driver_Cancelled
BK_005222,CUST_01301,Z107,Z305,Auto_Rickshaw,2026-02-20 20:13:00,17.4,353.2,1.4,494.48,Completed
BK_005223,CUST_01182,Z202,Z104,Auto_Rickshaw,2026-02-22 09:42:00,23.4,461.2,1.8,830.16,Completed
BK_005224,CUST_01290,Z301,Z202,EV_Sedan,2026-03-11 10:29:00,3.2,148.2,1.2,177.84,ETA_Timeout
BK_005225,CUST_02918,Z206,Z105,Bike_Taxi,2026-02-06 12:01:00,13.9,191.8,1.0,191.8,Completed
BK_005226,CUST_03493,Z104,Z107,EV_Sedan,2026-02-01 06:05:00,23.6,678.6,1.1,746.46,Completed
BK_005227,CUST_02195,Z103,Z205,Prime_Sedan,2026-03-10 15:37:00,27.0,826.0,1.0,826.0,Completed
BK_005228,CUST_01914,Z106,Z202,EV_Sedan,2026-03-11 15:18:00,17.7,525.2,1.0,525.2,Completed
BK_005229,CUST_02136,Z303,Z106,Prime_Sedan,2026-03-08 09:55:00,21.5,672.0,1.8,1209.6,Rider_Cancelled
BK_005230,CUST_01957,Z104,Z302,EV_Sedan,2026-02-15 17:10:00,20.0,585.0,1.4,819.0,Rider_Cancelled
BK_005231,CUST_01023,Z305,Z303,Bike_Taxi,2026-03-05 04:13:00,25.3,328.6,1.0,328.6,Completed
BK_005232,CUST_02177,Z101,Z302,EV_Sedan,2026-03-05 12:53:00,19.9,582.4,1.0,582.4,Completed
BK_005233,CUST_01644,Z104,Z106,Auto_Rickshaw,2026-02-10 11:55:00,10.9,236.2,2.4,566.88,Completed
BK_005234,CUST_01005,Z107,Z106,EV_Sedan,2026-02-12 19:24:00,3.7,161.2,1.2,193.44,Completed
BK_005235,CUST_01821,Z101,Z103,Bike_Taxi,2026-02-18 11:49:00,16.8,226.6,1.8,407.88,Rider_Cancelled
BK_005236,CUST_02603,Z301,Z203,Prime_Sedan,2026-02-15 10:01:00,4.2,187.6,1.8,337.68,Completed
BK_005237,CUST_02138,Z105,Z203,EV_Sedan,2026-03-09 22:25:00,11.0,351.0,1.0,351.0,ETA_Timeout
BK_005238,CUST_01170,Z303,Z203,EV_Sedan,2026-03-11 12:51:00,6.2,226.2,1.0,226.2,Completed
BK_005239,CUST_01266,Z101,Z205,Auto_Rickshaw,2026-02-20 23:23:00,14.8,306.4,1.2,367.68,Completed
BK_005240,CUST_01472,Z206,Z302,Auto_Rickshaw,2026-03-11 00:58:00,20.6,410.8,1.2,492.96,Completed
BK_005241,CUST_02772,Z107,Z206,Auto_Rickshaw,2026-02-22 19:24:00,23.4,461.2,1.4,645.68,Completed
BK_005242,CUST_03432,Z203,Z103,EV_Sedan,2026-02-15 11:52:00,16.3,488.8,1.8,879.84,ETA_Timeout
BK_005243,CUST_01147,Z103,Z206,Auto_Rickshaw,2026-02-15 05:03:00,11.9,254.2,1.0,254.2,Completed
BK_005244,CUST_01234,Z105,Z101,Auto_Rickshaw,2026-03-10 00:46:00,24.7,484.6,1.0,484.6,Completed
BK_005245,CUST_01615,Z105,Z206,Bike_Taxi,2026-03-03 12:47:00,23.0,301.0,1.0,301.0,Completed
BK_005246,CUST_01152,Z103,Z303,Prime_Sedan,2026-03-14 07:01:00,6.2,243.6,1.0,243.6,Completed
BK_005247,CUST_01558,Z202,Z105,Prime_Sedan,2026-02-10 17:29:00,19.5,616.0,1.6,985.6,Completed
BK_005248,CUST_01589,Z302,Z305,Prime_Sedan,2026-02-17 04:31:00,3.1,156.8,1.1,172.48,Completed
BK_005249,CUST_02101,Z206,Z304,Bike_Taxi,2026-02-11 21:16:00,18.7,249.4,1.4,349.16,Completed
BK_005250,CUST_01479,Z301,Z203,Prime_Sedan,2026-03-02 07:36:00,8.8,316.4,1.1,348.04,Completed
BK_005251,CUST_01341,Z205,Z102,EV_Sedan,2026-02-07 17:22:00,12.9,400.4,1.2,480.48,Completed
BK_005252,CUST_02008,Z304,Z301,Auto_Rickshaw,2026-02-05 06:32:00,16.8,342.4,1.2,410.88,Completed
BK_005253,CUST_02322,Z204,Z206,Prime_Sedan,2026-02-10 03:59:00,7.2,271.6,1.2,325.92,Driver_Cancelled
BK_005254,CUST_01065,Z101,Z302,EV_Sedan,2026-03-05 11:57:00,2.6,132.6,1.6,212.16,Completed
BK_005255,CUST_02826,Z103,Z102,Prime_Sedan,2026-02-18 23:03:00,21.8,680.4,1.0,680.4,Completed
BK_005256,CUST_02454,Z203,Z201,EV_Sedan,2026-02-10 07:09:00,10.8,345.8,1.1,380.38,Driver_Cancelled
BK_005257,CUST_01155,Z105,Z301,Prime_Sedan,2026-02-22 21:27:00,25.4,781.2,2.4,1874.88,Rider_Cancelled
BK_005258,CUST_01904,Z304,Z106,EV_Sedan,2026-02-12 16:02:00,26.4,751.4,1.0,751.4,Completed
BK_005259,CUST_01893,Z301,Z102,Prime_Sedan,2026-02-28 10:23:00,20.6,646.8,2.1,1358.28,Driver_Cancelled
BK_005260,CUST_01325,Z101,Z206,EV_Sedan,2026-03-16 13:37:00,18.9,556.4,1.0,556.4,Completed
BK_005261,CUST_01820,Z204,Z206,Auto_Rickshaw,2026-03-06 12:26:00,19.2,385.6,1.0,385.6,Completed
BK_005262,CUST_02127,Z204,Z101,EV_Sedan,2026-03-05 07:24:00,27.3,774.8,1.0,774.8,Completed
BK_005263,CUST_01501,Z204,Z303,Bike_Taxi,2026-03-03 04:44:00,26.0,337.0,1.1,370.7,Completed
BK_005264,CUST_01824,Z304,Z301,Bike_Taxi,2026-02-24 09:54:00,7.3,112.6,1.2,135.12,Completed
BK_005265,CUST_01692,Z203,Z202,Prime_Sedan,2026-02-15 05:15:00,24.3,750.4,1.0,750.4,Completed
BK_005266,CUST_02984,Z305,Z106,Auto_Rickshaw,2026-03-11 13:34:00,18.2,367.6,1.1,404.36,Driver_Cancelled
BK_005267,CUST_02777,Z101,Z301,Auto_Rickshaw,2026-02-20 17:33:00,28.2,547.6,1.2,657.12,Completed
BK_005268,CUST_02212,Z101,Z201,Prime_Sedan,2026-02-15 10:53:00,13.4,445.2,1.2,534.24,Completed
BK_005269,CUST_02220,Z101,Z203,Auto_Rickshaw,2026-02-22 10:39:00,23.9,470.2,1.2,564.24,Completed
BK_005270,CUST_01773,Z205,Z202,Prime_Sedan,2026-02-12 14:15:00,23.2,719.6,1.0,719.6,Completed
BK_005271,CUST_01053,Z205,Z102,Prime_Sedan,2026-03-01 12:11:00,26.0,798.0,1.2,957.6,Completed
BK_005272,CUST_02126,Z101,Z305,Auto_Rickshaw,2026-03-11 10:48:00,25.6,500.8,1.6,801.28,Completed
BK_005273,CUST_02313,Z105,Z305,Auto_Rickshaw,2026-02-23 23:47:00,26.9,524.2,1.0,524.2,Completed
BK_005274,CUST_03402,Z106,Z104,Bike_Taxi,2026-02-26 20:37:00,23.3,304.6,1.2,365.52,Completed
BK_005275,CUST_01569,Z304,Z301,Auto_Rickshaw,2026-02-19 14:45:00,15.9,326.2,1.0,326.2,Completed
BK_005276,CUST_02539,Z107,Z205,Prime_Sedan,2026-02-02 07:12:00,8.5,308.0,1.1,338.8,Completed
BK_005277,CUST_01894,Z205,Z202,Auto_Rickshaw,2026-03-02 05:56:00,28.4,551.2,1.0,551.2,Completed
BK_005278,CUST_01808,Z204,Z101,Auto_Rickshaw,2026-02-19 03:30:00,25.0,490.0,1.2,588.0,Completed
BK_005279,CUST_02939,Z305,Z101,Prime_Sedan,2026-03-10 21:45:00,9.0,322.0,1.8,579.6,Completed
BK_005280,CUST_03111,Z106,Z301,Bike_Taxi,2026-03-07 07:58:00,21.1,278.2,1.2,333.84,Completed
BK_005281,CUST_02620,Z201,Z304,EV_Sedan,2026-02-01 19:06:00,11.3,358.8,2.4,861.12,Completed
BK_005282,CUST_01312,Z203,Z205,Prime_Sedan,2026-02-02 05:26:00,5.7,229.6,1.2,275.52,Completed
BK_005283,CUST_01038,Z104,Z105,EV_Sedan,2026-02-27 12:21:00,3.4,153.4,1.0,153.4,Completed
BK_005284,CUST_03162,Z104,Z102,Auto_Rickshaw,2026-03-02 01:18:00,26.1,509.8,1.1,560.78,Completed
BK_005285,CUST_02524,Z305,Z106,EV_Sedan,2026-02-14 11:08:00,17.0,507.0,1.8,912.6,Driver_Cancelled
BK_005286,CUST_02038,Z205,Z304,Bike_Taxi,2026-02-07 07:15:00,12.1,170.2,1.0,170.2,Completed
BK_005287,CUST_02949,Z302,Z304,Auto_Rickshaw,2026-02-20 22:56:00,3.7,106.6,1.0,106.6,Completed
BK_005288,CUST_02218,Z201,Z104,Prime_Sedan,2026-03-04 04:46:00,24.6,758.8,1.2,910.56,ETA_Timeout
BK_005289,CUST_02822,Z103,Z104,EV_Sedan,2026-02-19 11:12:00,7.8,267.8,1.4,374.92,Completed
BK_005290,CUST_03396,Z107,Z303,Bike_Taxi,2026-02-16 17:20:00,28.1,362.2,2.1,760.62,Completed
BK_005291,CUST_01585,Z101,Z304,Auto_Rickshaw,2026-02-04 13:04:00,14.9,308.2,1.0,308.2,Completed
BK_005292,CUST_01870,Z202,Z103,Prime_Sedan,2026-02-05 22:45:00,25.4,781.2,1.0,781.2,Completed
BK_005293,CUST_01638,Z101,Z301,Auto_Rickshaw,2026-03-16 17:45:00,10.5,229.0,1.6,366.4,Completed
BK_005294,CUST_01001,Z204,Z206,Bike_Taxi,2026-02-23 12:25:00,24.6,320.2,1.0,320.2,Completed
BK_005295,CUST_01972,Z205,Z304,EV_Sedan,2026-02-19 11:22:00,13.8,423.8,2.1,889.98,Completed
BK_005296,CUST_02163,Z303,Z103,Auto_Rickshaw,2026-02-23 20:29:00,23.3,459.4,2.4,1102.56,Rider_Cancelled
BK_005297,CUST_03156,Z301,Z304,Bike_Taxi,2026-02-14 02:49:00,5.6,92.2,1.0,92.2,Rider_Cancelled
BK_005298,CUST_02771,Z101,Z102,Auto_Rickshaw,2026-02-26 13:53:00,9.9,218.2,1.0,218.2,Completed
BK_005299,CUST_01137,Z302,Z301,EV_Sedan,2026-02-02 08:44:00,22.2,642.2,1.4,899.08,Completed
BK_005300,CUST_02966,Z202,Z105,Prime_Sedan,2026-03-06 22:43:00,16.5,532.0,1.0,532.0,Completed
BK_005301,CUST_03213,Z303,Z205,Auto_Rickshaw,2026-03-08 07:47:00,27.8,540.4,1.0,540.4,Completed
BK_005302,CUST_02092,Z204,Z305,EV_Sedan,2026-02-18 19:33:00,5.9,218.4,1.2,262.08,Completed
BK_005303,CUST_01659,Z305,Z105,Bike_Taxi,2026-02-17 02:52:00,11.5,163.0,1.0,163.0,Completed
BK_005304,CUST_01713,Z205,Z104,Prime_Sedan,2026-02-16 21:51:00,12.7,425.6,1.8,766.08,Rider_Cancelled
BK_005305,CUST_02220,Z301,Z303,Auto_Rickshaw,2026-02-08 03:21:00,22.3,441.4,1.0,441.4,Rider_Cancelled
BK_005306,CUST_03239,Z205,Z102,EV_Sedan,2026-02-21 11:12:00,7.9,270.4,1.2,324.48,ETA_Timeout
BK_005307,CUST_02413,Z103,Z203,Bike_Taxi,2026-02-21 02:22:00,10.1,146.2,1.0,146.2,Completed
BK_005308,CUST_02877,Z301,Z106,EV_Sedan,2026-02-01 08:03:00,20.9,608.4,1.8,1095.12,Rider_Cancelled
BK_005309,CUST_01869,Z302,Z101,EV_Sedan,2026-03-14 20:33:00,5.3,202.8,2.4,486.72,Completed
BK_005310,CUST_02969,Z106,Z107,Prime_Sedan,2026-02-17 15:16:00,10.1,352.8,1.0,352.8,Completed
BK_005311,CUST_01041,Z104,Z102,Prime_Sedan,2026-02-09 00:22:00,25.1,772.8,1.1,850.08,Completed
BK_005312,CUST_03325,Z202,Z201,Bike_Taxi,2026-02-15 03:25:00,18.1,242.2,1.0,242.2,Completed
BK_005313,CUST_01721,Z303,Z102,Bike_Taxi,2026-02-09 20:59:00,3.9,71.8,1.6,114.88,Completed
BK_005314,CUST_01850,Z303,Z203,Bike_Taxi,2026-02-09 11:19:00,15.2,207.4,1.4,290.36,Completed
BK_005315,CUST_01807,Z201,Z106,Auto_Rickshaw,2026-02-05 08:56:00,4.3,117.4,1.4,164.36,Completed
BK_005316,CUST_01709,Z201,Z205,EV_Sedan,2026-02-20 08:48:00,18.0,533.0,1.2,639.6,Completed
BK_005317,CUST_02013,Z205,Z204,EV_Sedan,2026-03-16 05:47:00,26.6,756.6,1.0,756.6,Rider_Cancelled
BK_005318,CUST_02262,Z206,Z102,EV_Sedan,2026-02-14 20:29:00,11.2,356.2,2.1,748.02,Completed
BK_005319,CUST_02875,Z103,Z102,EV_Sedan,2026-03-17 00:22:00,28.2,798.2,1.2,957.84,Completed
BK_005320,CUST_01342,Z203,Z102,EV_Sedan,2026-02-22 16:54:00,24.3,696.8,1.1,766.48,Driver_Cancelled
BK_005321,CUST_01093,Z204,Z203,Bike_Taxi,2026-02-12 09:35:00,7.5,115.0,1.6,184.0,Completed
BK_005322,CUST_01629,Z104,Z102,Bike_Taxi,2026-03-05 22:57:00,14.0,193.0,1.2,231.6,Completed
BK_005323,CUST_01714,Z304,Z105,Auto_Rickshaw,2026-02-06 14:38:00,28.4,551.2,1.1,606.32,ETA_Timeout
BK_005324,CUST_02758,Z102,Z202,EV_Sedan,2026-03-17 09:55:00,9.3,306.8,2.1,644.28,ETA_Timeout
BK_005325,CUST_03152,Z301,Z105,Prime_Sedan,2026-02-19 21:16:00,22.9,711.2,1.6,1137.92,Completed
BK_005326,CUST_02340,Z102,Z101,EV_Sedan,2026-03-16 18:35:00,16.4,491.4,2.4,1179.36,Completed
BK_005327,CUST_02234,Z302,Z101,EV_Sedan,2026-02-02 19:15:00,12.8,397.8,2.1,835.38,Completed
BK_005328,CUST_02834,Z202,Z303,Bike_Taxi,2026-02-21 01:33:00,17.2,231.4,1.0,231.4,Driver_Cancelled
BK_005329,CUST_03226,Z107,Z205,EV_Sedan,2026-02-27 05:04:00,4.4,179.4,1.0,179.4,Completed
BK_005330,CUST_01490,Z104,Z303,Auto_Rickshaw,2026-02-04 18:38:00,24.8,486.4,1.6,778.24,Completed
BK_005331,CUST_01464,Z104,Z102,Auto_Rickshaw,2026-02-06 22:26:00,12.5,265.0,1.1,291.5,Rider_Cancelled
BK_005332,CUST_01376,Z105,Z302,Auto_Rickshaw,2026-02-04 16:36:00,3.5,103.0,1.0,103.0,Completed
BK_005333,CUST_01237,Z102,Z202,Prime_Sedan,2026-02-09 23:01:00,8.0,294.0,1.0,294.0,Completed
BK_005334,CUST_01348,Z205,Z304,EV_Sedan,2026-03-08 13:56:00,26.9,764.4,1.2,917.28,Completed
BK_005335,CUST_03486,Z105,Z102,EV_Sedan,2026-02-19 00:08:00,19.9,582.4,1.0,582.4,Completed
BK_005336,CUST_01892,Z103,Z104,EV_Sedan,2026-03-04 05:25:00,23.6,678.6,1.0,678.6,Completed
BK_005337,CUST_01389,Z305,Z106,Auto_Rickshaw,2026-02-25 17:27:00,17.8,360.4,2.1,756.84,Completed
BK_005338,CUST_01858,Z106,Z103,EV_Sedan,2026-02-08 06:02:00,19.5,572.0,1.0,572.0,Rider_Cancelled
BK_005339,CUST_02132,Z203,Z107,Auto_Rickshaw,2026-03-06 21:57:00,7.0,166.0,2.1,348.6,ETA_Timeout
BK_005340,CUST_03108,Z104,Z101,EV_Sedan,2026-02-16 06:48:00,21.5,624.0,1.0,624.0,Completed
BK_005341,CUST_02647,Z201,Z206,Bike_Taxi,2026-02-05 19:04:00,14.6,200.2,2.4,480.48,Completed
BK_005342,CUST_01293,Z205,Z203,EV_Sedan,2026-03-13 21:35:00,25.6,730.6,2.4,1753.44,Completed
BK_005343,CUST_01494,Z304,Z303,Bike_Taxi,2026-03-17 09:41:00,4.8,82.6,1.2,99.12,Driver_Cancelled
BK_005344,CUST_02623,Z107,Z204,Auto_Rickshaw,2026-02-02 20:41:00,23.3,459.4,2.1,964.74,Completed
BK_005345,CUST_01452,Z305,Z104,EV_Sedan,2026-02-17 21:33:00,14.0,429.0,1.8,772.2,Rider_Cancelled
BK_005346,CUST_02915,Z304,Z305,Prime_Sedan,2026-02-15 15:31:00,26.3,806.4,1.0,806.4,Completed
BK_005347,CUST_02282,Z101,Z105,Prime_Sedan,2026-02-09 08:40:00,17.3,554.4,1.4,776.16,Driver_Cancelled
BK_005348,CUST_01666,Z202,Z201,Bike_Taxi,2026-02-13 23:59:00,20.3,268.6,1.0,268.6,Rider_Cancelled
BK_005349,CUST_01343,Z106,Z103,Prime_Sedan,2026-03-07 12:34:00,5.2,215.6,1.0,215.6,Completed
BK_005350,CUST_03463,Z201,Z205,EV_Sedan,2026-02-19 06:13:00,25.0,715.0,1.0,715.0,Completed
BK_005351,CUST_01047,Z206,Z105,Auto_Rickshaw,2026-03-09 23:40:00,21.7,430.6,1.0,430.6,Completed
BK_005352,CUST_03483,Z305,Z302,Prime_Sedan,2026-02-19 09:49:00,12.3,414.4,1.4,580.16,Completed
BK_005353,CUST_02427,Z105,Z206,Prime_Sedan,2026-02-03 15:07:00,22.2,691.6,1.1,760.76,Completed
BK_005354,CUST_01912,Z101,Z203,Auto_Rickshaw,2026-02-15 02:27:00,14.6,302.8,1.0,302.8,Rider_Cancelled
BK_005355,CUST_01259,Z305,Z206,Auto_Rickshaw,2026-02-12 08:16:00,22.2,439.6,1.4,615.44,Completed
BK_005356,CUST_01521,Z302,Z202,Prime_Sedan,2026-03-14 11:19:00,12.5,420.0,2.1,882.0,Completed
BK_005357,CUST_03358,Z107,Z105,Auto_Rickshaw,2026-03-13 05:03:00,22.5,445.0,1.0,445.0,Completed
BK_005358,CUST_02612,Z103,Z303,Bike_Taxi,2026-03-17 19:09:00,23.1,302.2,2.4,725.28,Completed
BK_005359,CUST_02276,Z102,Z107,Bike_Taxi,2026-03-16 13:22:00,24.3,316.6,1.2,379.92,Completed
BK_005360,CUST_02871,Z305,Z106,EV_Sedan,2026-02-15 16:04:00,25.0,715.0,1.2,858.0,Completed
BK_005361,CUST_01198,Z106,Z206,EV_Sedan,2026-03-07 09:57:00,14.9,452.4,1.8,814.32,Completed
BK_005362,CUST_01610,Z302,Z201,EV_Sedan,2026-02-09 01:50:00,12.2,382.2,1.2,458.64,Driver_Cancelled
BK_005363,CUST_02949,Z202,Z203,Bike_Taxi,2026-03-07 05:13:00,6.8,106.6,1.0,106.6,Driver_Cancelled
BK_005364,CUST_03464,Z304,Z105,EV_Sedan,2026-02-21 05:41:00,22.8,657.8,1.0,657.8,Driver_Cancelled
BK_005365,CUST_02959,Z301,Z305,Bike_Taxi,2026-02-08 11:53:00,14.7,201.4,2.4,483.36,Completed
BK_005366,CUST_03075,Z102,Z203,Prime_Sedan,2026-02-08 22:03:00,15.8,512.4,1.2,614.88,Completed
BK_005367,CUST_03481,Z205,Z203,Auto_Rickshaw,2026-03-15 11:54:00,14.8,306.4,1.2,367.68,Completed
BK_005368,CUST_02474,Z303,Z301,EV_Sedan,2026-03-09 06:33:00,24.7,707.2,1.0,707.2,Rider_Cancelled
BK_005369,CUST_02479,Z304,Z201,EV_Sedan,2026-02-04 05:11:00,28.2,798.2,1.0,798.2,Completed
BK_005370,CUST_02019,Z102,Z205,Prime_Sedan,2026-03-03 11:58:00,22.4,697.2,2.1,1464.12,Completed
BK_005371,CUST_03019,Z203,Z106,EV_Sedan,2026-02-17 19:14:00,24.8,709.8,1.2,851.76,Completed
BK_005372,CUST_02493,Z105,Z204,EV_Sedan,2026-03-12 04:30:00,20.7,603.2,1.0,603.2,Completed
BK_005373,CUST_02928,Z202,Z206,Bike_Taxi,2026-03-10 13:01:00,10.2,147.4,1.0,147.4,Driver_Cancelled
BK_005374,CUST_01230,Z101,Z302,EV_Sedan,2026-02-02 21:39:00,27.6,782.6,1.4,1095.64,Rider_Cancelled
BK_005375,CUST_02542,Z201,Z203,Bike_Taxi,2026-02-25 04:45:00,10.9,155.8,1.1,171.38,Completed
BK_005376,CUST_03270,Z206,Z201,EV_Sedan,2026-02-25 22:50:00,7.7,265.2,1.0,265.2,ETA_Timeout
BK_005377,CUST_01068,Z302,Z305,Prime_Sedan,2026-02-22 16:03:00,25.0,770.0,1.0,770.0,Completed
BK_005378,CUST_02768,Z102,Z301,Bike_Taxi,2026-02-25 06:01:00,14.8,202.6,1.0,202.6,Completed
BK_005379,CUST_02223,Z106,Z101,EV_Sedan,2026-02-16 21:52:00,16.4,491.4,1.2,589.68,Rider_Cancelled
BK_005380,CUST_03165,Z105,Z302,Auto_Rickshaw,2026-03-16 00:23:00,7.3,171.4,1.0,171.4,Rider_Cancelled
BK_005381,CUST_02571,Z305,Z303,Bike_Taxi,2026-03-13 10:22:00,17.6,236.2,1.2,283.44,Driver_Cancelled
BK_005382,CUST_01614,Z301,Z302,Auto_Rickshaw,2026-02-11 10:00:00,11.6,248.8,2.4,597.12,Completed
BK_005383,CUST_02439,Z105,Z106,EV_Sedan,2026-02-01 22:45:00,27.4,777.4,1.0,777.4,Completed
BK_005384,CUST_02408,Z107,Z105,EV_Sedan,2026-02-17 21:01:00,26.5,754.0,1.8,1357.2,Completed
BK_005385,CUST_02254,Z203,Z103,Prime_Sedan,2026-03-02 07:52:00,6.5,252.0,1.1,277.2,Completed
BK_005386,CUST_02966,Z103,Z302,Bike_Taxi,2026-03-02 09:38:00,13.5,187.0,2.4,448.8,Driver_Cancelled
BK_005387,CUST_02319,Z206,Z106,Auto_Rickshaw,2026-03-03 19:53:00,16.4,335.2,2.4,804.48,Driver_Cancelled
BK_005388,CUST_01480,Z205,Z204,Bike_Taxi,2026-03-03 05:25:00,19.0,253.0,1.0,253.0,Completed
BK_005389,CUST_02876,Z204,Z103,Prime_Sedan,2026-02-05 22:43:00,20.7,649.6,1.0,649.6,Completed
BK_005390,CUST_02750,Z103,Z206,Auto_Rickshaw,2026-03-10 16:27:00,27.1,527.8,1.2,633.36,Completed
BK_005391,CUST_01118,Z206,Z205,Auto_Rickshaw,2026-03-01 15:11:00,19.4,389.2,1.2,467.04,Completed
BK_005392,CUST_03124,Z105,Z104,Prime_Sedan,2026-03-02 14:13:00,24.8,764.4,1.0,764.4,Completed
BK_005393,CUST_01561,Z204,Z104,Prime_Sedan,2026-02-25 21:45:00,7.5,280.0,2.1,588.0,Rider_Cancelled
BK_005394,CUST_02237,Z103,Z102,Auto_Rickshaw,2026-02-09 08:48:00,18.0,364.0,1.8,655.2,Driver_Cancelled
BK_005395,CUST_01898,Z205,Z203,EV_Sedan,2026-02-12 23:51:00,2.8,137.8,1.2,165.36,Completed
BK_005396,CUST_01124,Z104,Z303,EV_Sedan,2026-02-02 18:29:00,26.0,741.0,2.1,1556.1,Completed
BK_005397,CUST_02806,Z205,Z305,Auto_Rickshaw,2026-03-15 13:39:00,16.1,329.8,1.1,362.78,Completed
BK_005398,CUST_02790,Z106,Z202,Auto_Rickshaw,2026-02-10 12:06:00,21.8,432.4,1.2,518.88,Completed
BK_005399,CUST_03059,Z203,Z103,EV_Sedan,2026-02-06 01:31:00,15.2,460.2,1.0,460.2,Completed
BK_005400,CUST_02878,Z203,Z205,EV_Sedan,2026-02-05 15:17:00,7.1,249.6,1.0,249.6,Completed
BK_005401,CUST_01100,Z107,Z101,Prime_Sedan,2026-03-14 04:41:00,11.4,389.2,1.0,389.2,Completed
BK_005402,CUST_02253,Z305,Z303,Auto_Rickshaw,2026-03-13 04:56:00,13.5,283.0,1.2,339.6,Completed
BK_005403,CUST_02470,Z305,Z106,EV_Sedan,2026-03-09 22:32:00,10.2,330.2,1.2,396.24,Completed
BK_005404,CUST_01859,Z304,Z303,Prime_Sedan,2026-03-08 18:18:00,15.1,492.8,1.4,689.92,Completed
BK_005405,CUST_02030,Z305,Z303,Bike_Taxi,2026-02-27 21:54:00,4.8,82.6,1.6,132.16,Completed
BK_005406,CUST_01657,Z302,Z203,EV_Sedan,2026-02-11 02:54:00,20.1,587.6,1.0,587.6,Completed
BK_005407,CUST_02007,Z203,Z105,EV_Sedan,2026-03-12 20:47:00,2.9,140.4,1.2,168.48,Completed
BK_005408,CUST_02425,Z102,Z201,Bike_Taxi,2026-03-12 04:31:00,12.2,171.4,1.1,188.54,Completed
BK_005409,CUST_02745,Z103,Z304,Bike_Taxi,2026-02-18 03:47:00,24.6,320.2,1.0,320.2,Completed
BK_005410,CUST_01585,Z103,Z201,EV_Sedan,2026-02-20 18:53:00,8.1,275.6,2.4,661.44,Completed
BK_005411,CUST_02187,Z204,Z104,Bike_Taxi,2026-03-15 13:37:00,14.6,200.2,1.0,200.2,Completed
BK_005412,CUST_02653,Z203,Z204,Auto_Rickshaw,2026-03-02 18:24:00,22.3,441.4,2.4,1059.36,Rider_Cancelled
BK_005413,CUST_03004,Z104,Z202,Prime_Sedan,2026-03-15 22:50:00,21.2,663.6,1.0,663.6,Rider_Cancelled
BK_005414,CUST_03242,Z304,Z204,EV_Sedan,2026-02-06 13:42:00,21.7,629.2,1.0,629.2,Completed
BK_005415,CUST_01575,Z205,Z303,Auto_Rickshaw,2026-02-13 13:35:00,12.8,270.4,1.2,324.48,Completed
BK_005416,CUST_01951,Z202,Z105,Auto_Rickshaw,2026-02-16 13:15:00,6.2,151.6,1.0,151.6,Completed
BK_005417,CUST_02845,Z205,Z101,Prime_Sedan,2026-03-04 12:00:00,26.3,806.4,1.0,806.4,Driver_Cancelled
BK_005418,CUST_01701,Z204,Z203,Bike_Taxi,2026-03-03 00:39:00,22.3,292.6,1.0,292.6,Completed
BK_005419,CUST_03298,Z101,Z205,Bike_Taxi,2026-02-22 00:09:00,20.5,271.0,1.2,325.2,Driver_Cancelled
BK_005420,CUST_01810,Z107,Z206,Prime_Sedan,2026-02-08 16:05:00,16.0,518.0,1.0,518.0,Completed
BK_005421,CUST_01159,Z106,Z305,Bike_Taxi,2026-03-13 23:48:00,25.2,327.4,1.1,360.14,Completed
BK_005422,CUST_02904,Z104,Z303,EV_Sedan,2026-02-08 10:50:00,16.0,481.0,1.2,577.2,Completed
BK_005423,CUST_01120,Z201,Z203,Auto_Rickshaw,2026-02-19 15:26:00,8.6,194.8,1.1,214.28,Completed
BK_005424,CUST_01526,Z303,Z202,Bike_Taxi,2026-02-20 20:17:00,4.6,80.2,1.2,96.24,Completed
BK_005425,CUST_01108,Z304,Z202,Prime_Sedan,2026-02-26 00:55:00,14.4,473.2,1.0,473.2,Completed
BK_005426,CUST_01608,Z202,Z101,Prime_Sedan,2026-02-05 23:37:00,13.1,436.8,1.0,436.8,Completed
BK_005427,CUST_02228,Z204,Z106,Bike_Taxi,2026-03-15 02:09:00,19.6,260.2,1.2,312.24,Completed
BK_005428,CUST_01778,Z304,Z302,EV_Sedan,2026-03-13 04:43:00,26.1,743.6,1.0,743.6,Completed
BK_005429,CUST_03005,Z104,Z304,Auto_Rickshaw,2026-02-22 23:17:00,24.9,488.2,1.1,537.02,Completed
BK_005430,CUST_01803,Z202,Z206,Prime_Sedan,2026-02-13 12:17:00,6.1,240.8,1.1,264.88,Rider_Cancelled
BK_005431,CUST_01797,Z303,Z105,Bike_Taxi,2026-02-15 20:23:00,28.0,361.0,2.1,758.1,Completed
BK_005432,CUST_01072,Z104,Z204,Bike_Taxi,2026-02-26 10:45:00,26.3,340.6,1.2,408.72,Completed
BK_005433,CUST_02631,Z103,Z102,EV_Sedan,2026-02-17 15:16:00,7.0,247.0,1.0,247.0,Completed
BK_005434,CUST_01488,Z204,Z106,Bike_Taxi,2026-02-20 20:50:00,15.2,207.4,2.4,497.76,Completed
BK_005435,CUST_02834,Z104,Z301,Auto_Rickshaw,2026-03-14 04:48:00,17.3,351.4,1.1,386.54,Completed
BK_005436,CUST_02078,Z304,Z104,Bike_Taxi,2026-03-07 23:08:00,15.2,207.4,1.0,207.4,Completed
BK_005437,CUST_02976,Z107,Z303,Auto_Rickshaw,2026-03-05 04:49:00,9.2,205.6,1.0,205.6,Completed
BK_005438,CUST_02187,Z304,Z102,Bike_Taxi,2026-02-01 18:29:00,12.8,178.6,1.8,321.48,Completed
BK_005439,CUST_03292,Z107,Z201,EV_Sedan,2026-03-02 01:04:00,20.0,585.0,1.0,585.0,Completed
BK_005440,CUST_03024,Z101,Z106,Prime_Sedan,2026-03-05 16:59:00,6.6,254.8,1.1,280.28,Completed
BK_005441,CUST_02967,Z204,Z201,Auto_Rickshaw,2026-03-09 08:46:00,18.3,369.4,1.8,664.92,Completed
BK_005442,CUST_01983,Z301,Z106,EV_Sedan,2026-02-08 12:35:00,19.5,572.0,1.2,686.4,Rider_Cancelled
BK_005443,CUST_02377,Z302,Z104,Prime_Sedan,2026-02-22 21:52:00,2.8,148.4,2.1,311.64,Driver_Cancelled
BK_005444,CUST_02508,Z206,Z203,EV_Sedan,2026-02-12 16:41:00,16.9,504.4,1.0,504.4,Completed
BK_005445,CUST_02300,Z305,Z107,Auto_Rickshaw,2026-03-14 21:50:00,28.4,551.2,2.4,1322.88,Completed
BK_005446,CUST_02338,Z303,Z201,EV_Sedan,2026-03-10 06:20:00,16.4,491.4,1.0,491.4,Completed
BK_005447,CUST_02936,Z201,Z103,Auto_Rickshaw,2026-03-17 12:10:00,17.9,362.2,1.0,362.2,Driver_Cancelled
BK_005448,CUST_03133,Z104,Z302,Prime_Sedan,2026-02-05 14:10:00,9.0,322.0,1.0,322.0,ETA_Timeout
BK_005449,CUST_03282,Z305,Z205,Bike_Taxi,2026-02-23 00:39:00,12.2,171.4,1.0,171.4,Completed
BK_005450,CUST_01679,Z301,Z302,Bike_Taxi,2026-03-01 05:09:00,23.1,302.2,1.2,362.64,Completed
BK_005451,CUST_02780,Z206,Z106,Bike_Taxi,2026-02-27 10:48:00,7.8,118.6,1.2,142.32,Rider_Cancelled
BK_005452,CUST_03233,Z107,Z103,EV_Sedan,2026-03-03 03:19:00,19.9,582.4,1.1,640.64,Completed
BK_005453,CUST_02124,Z303,Z201,EV_Sedan,2026-02-02 06:06:00,9.3,306.8,1.0,306.8,Completed
BK_005454,CUST_01887,Z205,Z302,EV_Sedan,2026-02-22 12:24:00,14.8,449.8,1.0,449.8,Driver_Cancelled
BK_005455,CUST_03410,Z101,Z105,Bike_Taxi,2026-02-13 13:34:00,21.6,284.2,1.1,312.62,Completed
BK_005456,CUST_01106,Z104,Z206,Auto_Rickshaw,2026-03-09 10:16:00,24.4,479.2,1.2,575.04,Completed
BK_005457,CUST_02002,Z301,Z202,EV_Sedan,2026-02-12 02:40:00,4.2,174.2,1.2,209.04,Completed
BK_005458,CUST_01554,Z102,Z104,Prime_Sedan,2026-02-19 04:31:00,25.6,786.8,1.1,865.48,Completed
BK_005459,CUST_01857,Z301,Z206,Auto_Rickshaw,2026-03-01 17:25:00,13.9,290.2,1.8,522.36,Completed
BK_005460,CUST_02091,Z206,Z305,Bike_Taxi,2026-03-08 15:16:00,10.8,154.6,1.0,154.6,Completed
BK_005461,CUST_03053,Z204,Z302,EV_Sedan,2026-02-28 22:25:00,25.9,738.4,1.0,738.4,Rider_Cancelled
BK_005462,CUST_03410,Z104,Z203,EV_Sedan,2026-03-18 05:09:00,25.9,738.4,1.0,738.4,Completed
BK_005463,CUST_01903,Z102,Z302,Bike_Taxi,2026-02-06 14:30:00,26.8,346.6,1.2,415.92,Completed
BK_005464,CUST_01330,Z305,Z302,Bike_Taxi,2026-03-09 18:45:00,13.2,183.4,2.4,440.16,Completed
BK_005465,CUST_02565,Z303,Z106,EV_Sedan,2026-02-13 06:18:00,23.6,678.6,1.0,678.6,Completed
BK_005466,CUST_02878,Z103,Z201,Auto_Rickshaw,2026-02-21 05:39:00,23.6,464.8,1.0,464.8,Completed
BK_005467,CUST_02537,Z103,Z303,Bike_Taxi,2026-02-15 13:50:00,25.5,331.0,1.2,397.2,Completed
BK_005468,CUST_03286,Z104,Z301,Bike_Taxi,2026-02-03 07:27:00,26.2,339.4,1.0,339.4,Completed
BK_005469,CUST_01302,Z201,Z105,EV_Sedan,2026-02-04 12:00:00,18.9,556.4,1.1,612.04,Completed
BK_005470,CUST_01714,Z301,Z201,Prime_Sedan,2026-02-12 05:11:00,26.3,806.4,1.0,806.4,Completed
BK_005471,CUST_01492,Z105,Z203,Bike_Taxi,2026-02-01 15:08:00,24.3,316.6,1.0,316.6,Completed
BK_005472,CUST_02027,Z302,Z301,Auto_Rickshaw,2026-02-28 23:20:00,17.9,362.2,1.0,362.2,Driver_Cancelled
BK_005473,CUST_02643,Z101,Z203,Bike_Taxi,2026-03-14 02:19:00,20.0,265.0,1.0,265.0,Completed
BK_005474,CUST_02873,Z305,Z106,Prime_Sedan,2026-03-10 13:56:00,6.7,257.6,1.2,309.12,Completed
BK_005475,CUST_02092,Z102,Z104,Auto_Rickshaw,2026-03-07 05:50:00,16.6,338.8,1.0,338.8,Completed
BK_005476,CUST_02685,Z204,Z201,Prime_Sedan,2026-02-06 14:31:00,16.0,518.0,1.0,518.0,Driver_Cancelled
BK_005477,CUST_03494,Z102,Z301,Prime_Sedan,2026-03-01 22:34:00,11.3,386.4,1.0,386.4,Completed
BK_005478,CUST_01295,Z301,Z106,Auto_Rickshaw,2026-03-11 06:59:00,8.3,189.4,1.0,189.4,Rider_Cancelled
BK_005479,CUST_01891,Z107,Z203,EV_Sedan,2026-03-01 05:52:00,6.3,228.8,1.0,228.8,Completed
BK_005480,CUST_01827,Z304,Z305,Prime_Sedan,2026-03-01 01:30:00,22.5,700.0,1.0,700.0,Completed
BK_005481,CUST_02190,Z102,Z101,Auto_Rickshaw,2026-03-10 04:29:00,2.7,88.6,1.0,88.6,Completed
BK_005482,CUST_02955,Z101,Z205,Bike_Taxi,2026-02-23 12:09:00,15.1,206.2,1.0,206.2,Completed
BK_005483,CUST_03407,Z101,Z104,Bike_Taxi,2026-02-06 05:28:00,3.8,70.6,1.0,70.6,Rider_Cancelled
BK_005484,CUST_01016,Z107,Z305,Bike_Taxi,2026-02-23 03:26:00,11.2,159.4,1.2,191.28,Rider_Cancelled
BK_005485,CUST_03064,Z106,Z302,EV_Sedan,2026-02-17 22:51:00,23.3,670.8,1.0,670.8,Driver_Cancelled
BK_005486,CUST_02153,Z105,Z206,Prime_Sedan,2026-03-15 05:31:00,26.3,806.4,1.0,806.4,Completed
BK_005487,CUST_01211,Z205,Z107,Auto_Rickshaw,2026-03-16 07:02:00,14.7,304.6,1.0,304.6,Completed
BK_005488,CUST_01617,Z203,Z301,Prime_Sedan,2026-02-19 16:20:00,15.1,492.8,1.0,492.8,Completed
BK_005489,CUST_01917,Z104,Z102,Auto_Rickshaw,2026-03-17 02:02:00,19.2,385.6,1.0,385.6,Completed
BK_005490,CUST_01448,Z107,Z206,EV_Sedan,2026-02-02 16:11:00,12.1,379.6,1.2,455.52,Driver_Cancelled
BK_005491,CUST_02434,Z303,Z203,Prime_Sedan,2026-02-04 15:42:00,27.4,837.2,1.0,837.2,Completed
BK_005492,CUST_02484,Z103,Z203,Prime_Sedan,2026-02-21 08:20:00,17.2,551.6,2.4,1323.84,Rider_Cancelled
BK_005493,CUST_01916,Z302,Z104,EV_Sedan,2026-03-05 22:28:00,23.9,686.4,1.0,686.4,Completed
BK_005494,CUST_03275,Z106,Z301,Prime_Sedan,2026-02-06 11:42:00,24.7,761.6,2.4,1827.84,Completed
BK_005495,CUST_03351,Z204,Z201,Bike_Taxi,2026-02-08 03:53:00,25.3,328.6,1.2,394.32,Completed
BK_005496,CUST_03269,Z106,Z303,Prime_Sedan,2026-02-02 04:36:00,22.7,705.6,1.0,705.6,ETA_Timeout
BK_005497,CUST_01570,Z301,Z302,Auto_Rickshaw,2026-02-05 13:29:00,10.2,223.6,1.0,223.6,Completed
BK_005498,CUST_01645,Z304,Z301,Prime_Sedan,2026-02-23 22:18:00,8.5,308.0,1.0,308.0,Driver_Cancelled
BK_005499,CUST_02312,Z305,Z304,Prime_Sedan,2026-02-03 21:51:00,20.5,644.0,1.6,1030.4,Completed
BK_005500,CUST_01905,Z204,Z107,EV_Sedan,2026-02-04 04:44:00,8.0,273.0,1.0,273.0,Driver_Cancelled
BK_005501,CUST_03074,Z204,Z304,Prime_Sedan,2026-03-17 17:09:00,14.2,467.6,1.6,748.16,Completed
BK_005502,CUST_02009,Z104,Z204,EV_Sedan,2026-02-17 18:54:00,13.6,418.6,1.8,753.48,Completed
BK_005503,CUST_02643,Z104,Z105,Prime_Sedan,2026-02-20 12:49:00,23.7,733.6,1.0,733.6,Completed
BK_005504,CUST_02352,Z102,Z305,EV_Sedan,2026-02-17 16:31:00,4.9,192.4,1.0,192.4,Driver_Cancelled
BK_005505,CUST_01062,Z206,Z104,Bike_Taxi,2026-02-17 00:42:00,4.9,83.8,1.0,83.8,ETA_Timeout
BK_005506,CUST_02897,Z305,Z302,EV_Sedan,2026-03-17 01:42:00,18.8,553.8,1.0,553.8,Completed
BK_005507,CUST_01316,Z102,Z103,Bike_Taxi,2026-02-10 06:02:00,28.0,361.0,1.1,397.1,Rider_Cancelled
BK_005508,CUST_01860,Z105,Z304,Bike_Taxi,2026-03-01 10:34:00,22.3,292.6,2.1,614.46,Completed
BK_005509,CUST_03425,Z104,Z205,EV_Sedan,2026-02-09 08:01:00,14.8,449.8,1.6,719.68,Completed
BK_005510,CUST_02050,Z202,Z201,EV_Sedan,2026-03-08 00:12:00,6.8,241.8,1.0,241.8,Completed
BK_005511,CUST_03158,Z106,Z201,Prime_Sedan,2026-02-15 11:23:00,15.8,512.4,1.2,614.88,Rider_Cancelled
BK_005512,CUST_01359,Z203,Z301,Bike_Taxi,2026-02-10 06:19:00,15.4,209.8,1.2,251.76,Completed
BK_005513,CUST_02979,Z102,Z301,EV_Sedan,2026-02-07 23:26:00,15.5,468.0,1.0,468.0,ETA_Timeout
BK_005514,CUST_02262,Z105,Z302,Prime_Sedan,2026-03-06 15:28:00,6.4,249.2,1.0,249.2,Completed
BK_005515,CUST_03493,Z203,Z105,Bike_Taxi,2026-02-24 07:39:00,5.4,89.8,1.0,89.8,Completed
BK_005516,CUST_01622,Z107,Z301,EV_Sedan,2026-02-01 13:53:00,13.3,410.8,1.0,410.8,Completed
BK_005517,CUST_03450,Z204,Z205,EV_Sedan,2026-03-13 12:08:00,18.6,548.6,1.0,548.6,Completed
BK_005518,CUST_01881,Z101,Z301,EV_Sedan,2026-03-09 09:21:00,24.9,712.4,1.8,1282.32,Completed
BK_005519,CUST_02311,Z204,Z302,Auto_Rickshaw,2026-03-09 21:41:00,25.5,499.0,1.8,898.2,Completed
BK_005520,CUST_02029,Z303,Z103,EV_Sedan,2026-02-15 06:21:00,6.0,221.0,1.0,221.0,Driver_Cancelled
BK_005521,CUST_01791,Z205,Z203,Auto_Rickshaw,2026-03-09 11:16:00,17.3,351.4,1.2,421.68,Completed
BK_005522,CUST_02686,Z103,Z301,Prime_Sedan,2026-03-10 20:09:00,22.4,697.2,1.4,976.08,Completed
BK_005523,CUST_03463,Z101,Z206,Bike_Taxi,2026-02-17 16:51:00,25.1,326.2,1.0,326.2,Completed
BK_005524,CUST_01236,Z302,Z203,EV_Sedan,2026-03-15 20:36:00,24.2,694.2,2.1,1457.82,Driver_Cancelled
BK_005525,CUST_02944,Z206,Z305,Auto_Rickshaw,2026-02-04 15:17:00,15.8,324.4,1.0,324.4,Completed
BK_005526,CUST_01362,Z102,Z302,Prime_Sedan,2026-02-08 23:33:00,10.4,361.2,1.2,433.44,Completed
BK_005527,CUST_01594,Z305,Z303,Prime_Sedan,2026-02-17 08:58:00,8.2,299.6,2.4,719.04,Driver_Cancelled
BK_005528,CUST_01082,Z305,Z101,Bike_Taxi,2026-02-04 14:59:00,23.3,304.6,1.0,304.6,Driver_Cancelled
BK_005529,CUST_02207,Z303,Z202,Prime_Sedan,2026-03-05 19:31:00,9.7,341.6,1.4,478.24,Completed
BK_005530,CUST_02615,Z106,Z107,Auto_Rickshaw,2026-02-26 23:07:00,11.8,252.4,1.1,277.64,Completed
BK_005531,CUST_02751,Z205,Z102,Bike_Taxi,2026-02-17 06:07:00,9.3,136.6,1.0,136.6,Driver_Cancelled
BK_005532,CUST_03500,Z302,Z203,Bike_Taxi,2026-03-11 17:23:00,8.9,131.8,1.2,158.16,Driver_Cancelled
BK_005533,CUST_01206,Z303,Z101,EV_Sedan,2026-03-13 05:01:00,26.7,759.2,1.0,759.2,Completed
BK_005534,CUST_03378,Z107,Z201,EV_Sedan,2026-03-18 05:39:00,20.5,598.0,1.0,598.0,Driver_Cancelled
BK_005535,CUST_01270,Z202,Z301,Bike_Taxi,2026-03-01 10:01:00,12.3,172.6,1.4,241.64,Completed
BK_005536,CUST_02954,Z201,Z106,Bike_Taxi,2026-03-08 04:33:00,5.7,93.4,1.0,93.4,Completed
BK_005537,CUST_01362,Z302,Z304,Bike_Taxi,2026-02-15 11:39:00,22.6,296.2,1.6,473.92,Completed
BK_005538,CUST_03033,Z102,Z103,EV_Sedan,2026-02-05 04:37:00,17.5,520.0,1.0,520.0,Completed
BK_005539,CUST_01482,Z303,Z102,Bike_Taxi,2026-03-06 23:58:00,12.6,176.2,1.0,176.2,Completed
BK_005540,CUST_03089,Z105,Z301,Bike_Taxi,2026-02-28 08:54:00,8.4,125.8,1.6,201.28,Completed
BK_005541,CUST_01121,Z205,Z203,Prime_Sedan,2026-02-16 06:32:00,10.5,364.0,1.0,364.0,Rider_Cancelled
BK_005542,CUST_01987,Z103,Z302,Bike_Taxi,2026-03-07 06:48:00,5.5,91.0,1.1,100.1,Rider_Cancelled
BK_005543,CUST_01812,Z206,Z202,EV_Sedan,2026-02-03 07:09:00,13.8,423.8,1.0,423.8,Completed
BK_005544,CUST_03082,Z202,Z304,Prime_Sedan,2026-02-07 03:28:00,24.3,750.4,1.2,900.48,Completed
BK_005545,CUST_01114,Z305,Z103,Prime_Sedan,2026-03-08 03:43:00,21.0,658.0,1.1,723.8,Completed
BK_005546,CUST_02615,Z305,Z105,Auto_Rickshaw,2026-03-11 17:43:00,23.2,457.6,2.4,1098.24,Completed
BK_005547,CUST_01494,Z304,Z305,Bike_Taxi,2026-02-27 12:49:00,13.5,187.0,1.0,187.0,Rider_Cancelled
BK_005548,CUST_02562,Z302,Z202,EV_Sedan,2026-02-03 19:22:00,12.1,379.6,2.1,797.16,ETA_Timeout
BK_005549,CUST_01159,Z101,Z107,Prime_Sedan,2026-03-12 17:51:00,17.6,562.8,2.4,1350.72,Driver_Cancelled
BK_005550,CUST_01915,Z203,Z107,Bike_Taxi,2026-02-17 00:37:00,9.5,139.0,1.0,139.0,Completed
BK_005551,CUST_02716,Z305,Z104,EV_Sedan,2026-03-15 10:05:00,7.4,257.4,2.1,540.54,Completed
BK_005552,CUST_01430,Z205,Z203,Prime_Sedan,2026-03-07 14:56:00,18.8,596.4,1.1,656.04,Completed
BK_005553,CUST_03375,Z103,Z204,EV_Sedan,2026-02-10 09:31:00,27.4,777.4,2.1,1632.54,Completed
BK_005554,CUST_01233,Z205,Z301,Prime_Sedan,2026-02-15 13:26:00,14.3,470.4,1.0,470.4,Completed
BK_005555,CUST_03338,Z206,Z303,EV_Sedan,2026-02-01 10:38:00,25.7,733.2,2.1,1539.72,Rider_Cancelled
BK_005556,CUST_03306,Z302,Z201,Auto_Rickshaw,2026-03-08 11:56:00,28.3,549.4,1.4,769.16,Completed
BK_005557,CUST_03288,Z305,Z104,Auto_Rickshaw,2026-02-17 10:33:00,13.8,288.4,1.2,346.08,Driver_Cancelled
BK_005558,CUST_03044,Z104,Z101,Bike_Taxi,2026-02-02 07:40:00,24.5,319.0,1.0,319.0,Completed
BK_005559,CUST_01259,Z301,Z107,EV_Sedan,2026-02-25 08:52:00,22.1,639.6,2.1,1343.16,Completed
BK_005560,CUST_01474,Z103,Z101,EV_Sedan,2026-03-01 06:13:00,13.1,405.6,1.2,486.72,Driver_Cancelled
BK_005561,CUST_03235,Z305,Z104,Prime_Sedan,2026-03-05 19:49:00,15.7,509.6,1.2,611.52,Completed
BK_005562,CUST_02389,Z203,Z101,Prime_Sedan,2026-03-14 13:29:00,26.8,820.4,1.0,820.4,Completed
BK_005563,CUST_01069,Z301,Z105,Prime_Sedan,2026-03-06 11:38:00,28.2,859.6,1.8,1547.28,Completed
BK_005564,CUST_02662,Z102,Z203,Bike_Taxi,2026-03-06 15:09:00,25.7,333.4,1.2,400.08,Rider_Cancelled
BK_005565,CUST_02008,Z303,Z205,EV_Sedan,2026-03-07 14:17:00,16.8,501.8,1.1,551.98,Completed
BK_005566,CUST_02530,Z305,Z107,Bike_Taxi,2026-02-03 03:37:00,11.4,161.8,1.0,161.8,Completed
BK_005567,CUST_01248,Z107,Z203,Bike_Taxi,2026-03-04 03:05:00,2.7,57.4,1.1,63.14,Completed
BK_005568,CUST_02021,Z103,Z102,EV_Sedan,2026-03-15 13:38:00,18.7,551.2,1.0,551.2,Rider_Cancelled
BK_005569,CUST_01426,Z201,Z101,Bike_Taxi,2026-02-06 05:06:00,24.4,317.8,1.0,317.8,Completed
BK_005570,CUST_01084,Z105,Z303,EV_Sedan,2026-03-08 01:38:00,19.3,566.8,1.0,566.8,Driver_Cancelled
BK_005571,CUST_02776,Z103,Z205,Prime_Sedan,2026-02-25 10:34:00,22.8,708.4,2.4,1700.16,Rider_Cancelled
BK_005572,CUST_03033,Z107,Z206,EV_Sedan,2026-02-26 19:05:00,10.0,325.0,1.6,520.0,Completed
BK_005573,CUST_01691,Z107,Z301,Bike_Taxi,2026-02-09 00:35:00,13.2,183.4,1.0,183.4,Completed
BK_005574,CUST_02301,Z106,Z205,EV_Sedan,2026-03-18 03:55:00,27.1,769.6,1.1,846.56,Rider_Cancelled
BK_005575,CUST_02606,Z107,Z206,Prime_Sedan,2026-03-12 02:13:00,23.2,719.6,1.1,791.56,Completed
BK_005576,CUST_03240,Z106,Z104,Bike_Taxi,2026-02-09 07:09:00,12.9,179.8,1.1,197.78,Completed
BK_005577,CUST_02682,Z304,Z202,Prime_Sedan,2026-02-04 15:20:00,3.4,165.2,1.0,165.2,Completed
BK_005578,CUST_02456,Z305,Z203,Prime_Sedan,2026-03-09 00:39:00,8.6,310.8,1.1,341.88,Completed
BK_005579,CUST_03337,Z304,Z101,Prime_Sedan,2026-03-05 05:39:00,11.2,383.6,1.0,383.6,Completed
BK_005580,CUST_01882,Z303,Z202,Prime_Sedan,2026-02-09 12:23:00,23.0,714.0,1.0,714.0,Completed
BK_005581,CUST_01020,Z204,Z106,EV_Sedan,2026-02-19 15:39:00,3.1,145.6,1.0,145.6,Completed
BK_005582,CUST_02172,Z202,Z107,Auto_Rickshaw,2026-02-14 16:16:00,4.1,113.8,1.0,113.8,Completed
BK_005583,CUST_02862,Z204,Z202,Auto_Rickshaw,2026-03-05 05:54:00,8.2,187.6,1.0,187.6,Completed
BK_005584,CUST_01603,Z202,Z103,EV_Sedan,2026-02-05 18:19:00,19.2,564.2,1.2,677.04,Completed
BK_005585,CUST_02186,Z301,Z206,EV_Sedan,2026-02-08 21:23:00,6.6,236.6,2.1,496.86,Driver_Cancelled
BK_005586,CUST_01917,Z205,Z202,Prime_Sedan,2026-03-09 09:49:00,14.3,470.4,1.6,752.64,Completed
BK_005587,CUST_02023,Z101,Z303,Prime_Sedan,2026-03-16 02:31:00,20.3,638.4,1.0,638.4,Driver_Cancelled
BK_005588,CUST_02625,Z206,Z103,Auto_Rickshaw,2026-02-27 07:37:00,25.4,497.2,1.2,596.64,Completed
BK_005589,CUST_02158,Z104,Z101,Bike_Taxi,2026-03-14 20:22:00,21.2,279.4,1.4,391.16,Driver_Cancelled
BK_005590,CUST_01803,Z102,Z105,Prime_Sedan,2026-03-09 12:02:00,6.1,240.8,1.0,240.8,Rider_Cancelled
BK_005591,CUST_02679,Z304,Z203,Prime_Sedan,2026-02-28 04:37:00,13.3,442.4,1.1,486.64,Completed
BK_005592,CUST_01750,Z106,Z103,Auto_Rickshaw,2026-02-28 13:04:00,7.5,175.0,1.0,175.0,Rider_Cancelled
BK_005593,CUST_02298,Z301,Z102,Bike_Taxi,2026-02-13 10:25:00,23.0,301.0,1.4,421.4,Completed
BK_005594,CUST_01564,Z103,Z104,Bike_Taxi,2026-02-01 21:16:00,2.9,59.8,1.8,107.64,Completed
BK_005595,CUST_02387,Z104,Z303,EV_Sedan,2026-02-05 22:00:00,3.0,143.0,1.0,143.0,Driver_Cancelled
BK_005596,CUST_02072,Z206,Z201,Bike_Taxi,2026-02-25 10:17:00,6.2,99.4,2.1,208.74,Completed
BK_005597,CUST_02388,Z303,Z201,EV_Sedan,2026-02-16 02:09:00,11.1,353.6,1.2,424.32,Rider_Cancelled
BK_005598,CUST_02767,Z201,Z104,Bike_Taxi,2026-02-24 12:30:00,26.0,337.0,1.2,404.4,Completed
BK_005599,CUST_01421,Z204,Z107,Auto_Rickshaw,2026-03-01 00:47:00,27.3,531.4,1.0,531.4,Rider_Cancelled
BK_005600,CUST_02169,Z304,Z104,EV_Sedan,2026-03-08 11:54:00,7.7,265.2,1.8,477.36,Completed
BK_005601,CUST_01881,Z101,Z105,EV_Sedan,2026-03-11 11:13:00,14.4,439.4,1.4,615.16,Completed
BK_005602,CUST_01251,Z106,Z101,Auto_Rickshaw,2026-02-21 02:03:00,17.2,349.6,1.0,349.6,Driver_Cancelled
BK_005603,CUST_02703,Z103,Z102,Prime_Sedan,2026-02-20 02:32:00,14.7,481.6,1.1,529.76,Completed
BK_005604,CUST_02945,Z104,Z304,Auto_Rickshaw,2026-02-23 03:49:00,12.8,270.4,1.0,270.4,Completed
BK_005605,CUST_01257,Z301,Z302,EV_Sedan,2026-03-09 13:16:00,28.5,806.0,1.0,806.0,Rider_Cancelled
BK_005606,CUST_01520,Z204,Z302,EV_Sedan,2026-02-22 02:26:00,16.5,494.0,1.1,543.4,Completed
BK_005607,CUST_03442,Z103,Z104,Prime_Sedan,2026-03-14 17:25:00,10.0,350.0,1.6,560.0,Rider_Cancelled
BK_005608,CUST_02246,Z105,Z302,Bike_Taxi,2026-03-17 00:05:00,19.7,261.4,1.2,313.68,Completed
BK_005609,CUST_01209,Z302,Z106,Auto_Rickshaw,2026-02-24 03:37:00,23.9,470.2,1.0,470.2,Completed
BK_005610,CUST_02189,Z303,Z102,EV_Sedan,2026-02-10 20:15:00,10.4,335.4,2.1,704.34,Completed
BK_005611,CUST_01285,Z305,Z201,Auto_Rickshaw,2026-02-01 19:24:00,15.7,322.6,2.4,774.24,Completed
BK_005612,CUST_01947,Z105,Z101,Bike_Taxi,2026-02-06 16:18:00,6.4,101.8,1.0,101.8,Driver_Cancelled
BK_005613,CUST_03336,Z201,Z206,EV_Sedan,2026-02-13 14:21:00,12.2,382.2,1.0,382.2,Completed
BK_005614,CUST_01536,Z104,Z301,Prime_Sedan,2026-03-14 15:54:00,8.5,308.0,1.0,308.0,Completed
BK_005615,CUST_01254,Z302,Z301,EV_Sedan,2026-02-19 21:55:00,4.8,189.8,1.6,303.68,Completed
BK_005616,CUST_02213,Z302,Z204,Prime_Sedan,2026-02-06 03:05:00,18.0,574.0,1.0,574.0,Driver_Cancelled
BK_005617,CUST_03087,Z201,Z105,Auto_Rickshaw,2026-02-20 11:13:00,19.0,382.0,2.4,916.8,Completed
BK_005618,CUST_01371,Z102,Z205,EV_Sedan,2026-03-01 15:23:00,16.9,504.4,1.0,504.4,Completed
BK_005619,CUST_02304,Z104,Z103,EV_Sedan,2026-02-20 16:08:00,28.0,793.0,1.0,793.0,Completed
BK_005620,CUST_01630,Z107,Z301,EV_Sedan,2026-03-07 23:42:00,16.7,499.2,1.0,499.2,Driver_Cancelled
BK_005621,CUST_02358,Z105,Z102,Prime_Sedan,2026-03-06 02:57:00,25.6,786.8,1.0,786.8,Completed
BK_005622,CUST_03061,Z206,Z203,Auto_Rickshaw,2026-03-13 03:28:00,24.2,475.6,1.0,475.6,Driver_Cancelled
BK_005623,CUST_03165,Z304,Z105,Bike_Taxi,2026-02-28 08:10:00,19.0,253.0,2.1,531.3,Completed
BK_005624,CUST_02751,Z104,Z305,Auto_Rickshaw,2026-02-21 07:48:00,28.0,544.0,1.0,544.0,ETA_Timeout
BK_005625,CUST_02694,Z204,Z103,EV_Sedan,2026-02-07 22:54:00,4.1,171.6,1.0,171.6,Completed
BK_005626,CUST_03430,Z305,Z205,EV_Sedan,2026-02-18 15:08:00,7.1,249.6,1.2,299.52,Completed
BK_005627,CUST_01419,Z202,Z201,Auto_Rickshaw,2026-02-02 22:20:00,7.1,167.8,1.0,167.8,Rider_Cancelled
BK_005628,CUST_02637,Z107,Z105,Bike_Taxi,2026-02-16 02:07:00,8.7,129.4,1.0,129.4,Completed
BK_005629,CUST_01700,Z204,Z102,EV_Sedan,2026-02-14 16:11:00,10.1,327.6,1.1,360.36,Driver_Cancelled
BK_005630,CUST_01360,Z302,Z104,EV_Sedan,2026-03-16 15:18:00,17.2,512.2,1.0,512.2,Completed
BK_005631,CUST_02938,Z103,Z106,Bike_Taxi,2026-02-21 19:50:00,15.2,207.4,1.2,248.88,Driver_Cancelled
BK_005632,CUST_03212,Z303,Z107,Bike_Taxi,2026-03-10 05:37:00,8.0,121.0,1.0,121.0,Completed
BK_005633,CUST_02458,Z204,Z105,EV_Sedan,2026-03-05 09:40:00,20.6,600.6,1.4,840.84,Completed
BK_005634,CUST_01139,Z103,Z107,EV_Sedan,2026-02-25 13:10:00,22.8,657.8,1.0,657.8,Driver_Cancelled
BK_005635,CUST_01279,Z302,Z106,EV_Sedan,2026-03-02 20:17:00,16.7,499.2,2.1,1048.32,Driver_Cancelled
BK_005636,CUST_01472,Z103,Z305,Prime_Sedan,2026-02-27 06:45:00,11.9,403.2,1.1,443.52,Completed
BK_005637,CUST_02400,Z206,Z203,Auto_Rickshaw,2026-03-14 07:14:00,25.3,495.4,1.0,495.4,Completed
BK_005638,CUST_03044,Z204,Z101,EV_Sedan,2026-03-08 01:48:00,26.0,741.0,1.1,815.1,Completed
BK_005639,CUST_03085,Z206,Z204,Bike_Taxi,2026-03-12 12:23:00,5.9,95.8,1.0,95.8,Completed
BK_005640,CUST_02211,Z202,Z302,Bike_Taxi,2026-03-05 15:30:00,9.5,139.0,1.0,139.0,Driver_Cancelled
BK_005641,CUST_03047,Z302,Z106,Bike_Taxi,2026-02-21 15:15:00,23.3,304.6,1.0,304.6,Rider_Cancelled
BK_005642,CUST_03088,Z102,Z305,Bike_Taxi,2026-03-12 15:54:00,24.9,323.8,1.0,323.8,Completed
BK_005643,CUST_03491,Z102,Z202,Bike_Taxi,2026-03-15 05:33:00,19.6,260.2,1.0,260.2,Completed
BK_005644,CUST_01778,Z302,Z206,Auto_Rickshaw,2026-02-04 13:41:00,28.3,549.4,1.0,549.4,Driver_Cancelled
BK_005645,CUST_03282,Z303,Z301,Prime_Sedan,2026-03-01 22:20:00,8.6,310.8,1.0,310.8,Completed
BK_005646,CUST_01371,Z104,Z106,EV_Sedan,2026-02-16 07:30:00,15.8,475.8,1.0,475.8,Driver_Cancelled
BK_005647,CUST_03136,Z106,Z205,Auto_Rickshaw,2026-03-08 07:24:00,22.5,445.0,1.0,445.0,Completed
BK_005648,CUST_02538,Z302,Z202,EV_Sedan,2026-02-21 01:26:00,27.5,780.0,1.2,936.0,ETA_Timeout
BK_005649,CUST_01777,Z106,Z105,Auto_Rickshaw,2026-02-08 14:21:00,14.1,293.8,1.2,352.56,Completed
BK_005650,CUST_02234,Z203,Z204,EV_Sedan,2026-02-01 16:13:00,9.6,314.6,1.0,314.6,Completed
BK_005651,CUST_03050,Z103,Z304,Auto_Rickshaw,2026-02-08 05:41:00,9.7,214.6,1.1,236.06,Completed
BK_005652,CUST_02175,Z201,Z304,Bike_Taxi,2026-02-18 16:53:00,11.2,159.4,1.0,159.4,Completed
BK_005653,CUST_02494,Z205,Z304,Auto_Rickshaw,2026-02-20 23:38:00,27.3,531.4,1.2,637.68,Rider_Cancelled
BK_005654,CUST_03075,Z302,Z103,EV_Sedan,2026-02-03 15:59:00,8.2,278.2,1.1,306.02,Driver_Cancelled
BK_005655,CUST_03310,Z107,Z104,EV_Sedan,2026-02-24 05:29:00,21.9,634.4,1.0,634.4,Driver_Cancelled
BK_005656,CUST_02178,Z204,Z301,Auto_Rickshaw,2026-03-13 09:47:00,20.0,400.0,2.4,960.0,ETA_Timeout
BK_005657,CUST_02647,Z301,Z101,Auto_Rickshaw,2026-02-09 15:01:00,13.6,284.8,1.0,284.8,Completed
BK_005658,CUST_02886,Z201,Z204,EV_Sedan,2026-03-05 09:49:00,23.9,686.4,2.1,1441.44,Driver_Cancelled
BK_005659,CUST_02223,Z103,Z204,EV_Sedan,2026-03-04 13:51:00,13.8,423.8,1.0,423.8,Completed
BK_005660,CUST_02114,Z203,Z103,Auto_Rickshaw,2026-02-16 07:03:00,10.5,229.0,1.2,274.8,Completed
BK_005661,CUST_03303,Z302,Z206,Prime_Sedan,2026-02-24 16:24:00,12.4,417.2,1.0,417.2,Completed
BK_005662,CUST_02729,Z104,Z206,EV_Sedan,2026-02-22 10:04:00,4.1,171.6,1.6,274.56,Completed
BK_005663,CUST_02544,Z303,Z305,Auto_Rickshaw,2026-02-07 19:22:00,17.4,353.2,1.4,494.48,Completed
BK_005664,CUST_02873,Z204,Z106,EV_Sedan,2026-02-08 17:25:00,12.1,379.6,2.1,797.16,Completed
BK_005665,CUST_01556,Z102,Z203,Bike_Taxi,2026-02-10 15:39:00,13.0,181.0,1.0,181.0,Completed
BK_005666,CUST_01750,Z304,Z203,EV_Sedan,2026-02-19 00:30:00,15.7,473.2,1.2,567.84,Rider_Cancelled
BK_005667,CUST_01124,Z205,Z101,EV_Sedan,2026-03-03 04:57:00,12.0,377.0,1.0,377.0,Driver_Cancelled
BK_005668,CUST_01807,Z106,Z103,Bike_Taxi,2026-02-25 12:02:00,18.7,249.4,1.2,299.28,Completed
BK_005669,CUST_03189,Z107,Z206,Bike_Taxi,2026-02-25 00:33:00,16.7,225.4,1.0,225.4,Completed
BK_005670,CUST_02633,Z101,Z106,Auto_Rickshaw,2026-03-07 10:17:00,5.8,144.4,1.6,231.04,Completed
BK_005671,CUST_02074,Z201,Z302,Auto_Rickshaw,2026-02-26 17:16:00,16.6,338.8,2.4,813.12,Completed
BK_005672,CUST_01097,Z202,Z204,EV_Sedan,2026-03-04 22:35:00,15.5,468.0,1.0,468.0,Completed
BK_005673,CUST_01626,Z101,Z105,Auto_Rickshaw,2026-03-02 19:42:00,9.2,205.6,1.2,246.72,Completed
BK_005674,CUST_01002,Z105,Z107,Prime_Sedan,2026-02-15 12:13:00,27.2,831.6,1.0,831.6,Completed
BK_005675,CUST_03006,Z102,Z106,Prime_Sedan,2026-03-05 20:22:00,5.9,235.2,1.8,423.36,Completed
BK_005676,CUST_03183,Z107,Z101,Bike_Taxi,2026-03-09 07:46:00,3.8,70.6,1.0,70.6,Completed
BK_005677,CUST_01866,Z205,Z104,EV_Sedan,2026-03-08 08:02:00,19.2,564.2,2.4,1354.08,Rider_Cancelled
BK_005678,CUST_02296,Z303,Z206,Auto_Rickshaw,2026-03-16 12:34:00,14.0,292.0,1.0,292.0,Completed
BK_005679,CUST_02660,Z103,Z302,EV_Sedan,2026-03-04 20:17:00,12.6,392.6,2.4,942.24,Completed
BK_005680,CUST_03444,Z302,Z305,EV_Sedan,2026-03-10 15:16:00,16.6,496.6,1.1,546.26,Driver_Cancelled
BK_005681,CUST_03129,Z203,Z305,Bike_Taxi,2026-03-11 15:35:00,12.7,177.4,1.0,177.4,Rider_Cancelled
BK_005682,CUST_02407,Z302,Z204,EV_Sedan,2026-02-14 17:43:00,22.2,642.2,2.4,1541.28,Completed
BK_005683,CUST_01817,Z104,Z203,Auto_Rickshaw,2026-02-09 08:10:00,14.7,304.6,1.2,365.52,Completed
BK_005684,CUST_01035,Z106,Z304,Bike_Taxi,2026-03-16 06:43:00,26.1,338.2,1.0,338.2,Driver_Cancelled
BK_005685,CUST_01639,Z101,Z205,Bike_Taxi,2026-02-25 07:24:00,3.3,64.6,1.2,77.52,Completed
BK_005686,CUST_02003,Z206,Z303,Auto_Rickshaw,2026-02-20 04:17:00,18.8,378.4,1.0,378.4,Completed
BK_005687,CUST_01851,Z104,Z106,Auto_Rickshaw,2026-02-02 10:02:00,21.8,432.4,1.2,518.88,Completed
BK_005688,CUST_01644,Z103,Z104,Auto_Rickshaw,2026-02-22 22:11:00,2.8,90.4,1.1,99.44,Completed
BK_005689,CUST_02548,Z203,Z104,Auto_Rickshaw,2026-02-18 09:18:00,6.8,162.4,1.8,292.32,Completed
BK_005690,CUST_02130,Z101,Z105,Auto_Rickshaw,2026-02-02 03:28:00,19.9,398.2,1.1,438.02,Completed
BK_005691,CUST_02762,Z101,Z305,EV_Sedan,2026-02-13 15:33:00,19.0,559.0,1.0,559.0,Driver_Cancelled
BK_005692,CUST_02532,Z107,Z203,Prime_Sedan,2026-03-17 23:30:00,15.8,512.4,1.0,512.4,Rider_Cancelled
BK_005693,CUST_02916,Z202,Z106,Auto_Rickshaw,2026-03-16 12:52:00,8.5,193.0,1.2,231.6,Completed
BK_005694,CUST_03426,Z206,Z205,Prime_Sedan,2026-03-01 18:55:00,26.1,800.8,1.6,1281.28,Completed
BK_005695,CUST_02073,Z104,Z302,Bike_Taxi,2026-02-09 14:53:00,5.4,89.8,1.0,89.8,Completed
BK_005696,CUST_02095,Z205,Z303,Bike_Taxi,2026-03-17 06:55:00,20.0,265.0,1.0,265.0,Completed
BK_005697,CUST_02374,Z202,Z105,Bike_Taxi,2026-02-15 18:23:00,14.9,203.8,1.4,285.32,Completed
BK_005698,CUST_03108,Z305,Z303,Auto_Rickshaw,2026-03-06 07:12:00,15.7,322.6,1.0,322.6,Completed
BK_005699,CUST_02529,Z203,Z305,Auto_Rickshaw,2026-03-18 02:51:00,13.5,283.0,1.0,283.0,Completed
BK_005700,CUST_01809,Z101,Z106,Bike_Taxi,2026-02-04 11:11:00,17.3,232.6,1.6,372.16,Completed
BK_005701,CUST_03448,Z103,Z102,EV_Sedan,2026-02-17 12:02:00,3.6,158.6,1.0,158.6,Completed
BK_005702,CUST_03286,Z304,Z302,EV_Sedan,2026-02-01 15:01:00,3.8,163.8,1.2,196.56,Rider_Cancelled
BK_005703,CUST_01411,Z104,Z202,EV_Sedan,2026-02-07 02:24:00,12.9,400.4,1.0,400.4,Completed
BK_005704,CUST_02647,Z101,Z303,Auto_Rickshaw,2026-02-07 06:30:00,26.6,518.8,1.2,622.56,Completed
BK_005705,CUST_01197,Z106,Z201,Prime_Sedan,2026-02-04 20:37:00,14.0,462.0,2.1,970.2,Driver_Cancelled
BK_005706,CUST_02099,Z206,Z101,Bike_Taxi,2026-02-01 11:55:00,25.4,329.8,1.8,593.64,Rider_Cancelled
BK_005707,CUST_02354,Z106,Z102,Bike_Taxi,2026-02-09 07:22:00,27.2,351.4,1.1,386.54,Driver_Cancelled
BK_005708,CUST_03366,Z303,Z305,Auto_Rickshaw,2026-03-12 04:37:00,10.9,236.2,1.0,236.2,Completed
BK_005709,CUST_02994,Z101,Z206,Auto_Rickshaw,2026-03-13 12:18:00,20.3,405.4,1.0,405.4,Completed
BK_005710,CUST_02009,Z301,Z205,Prime_Sedan,2026-03-03 17:11:00,11.5,392.0,1.4,548.8,Completed
BK_005711,CUST_02102,Z304,Z204,Auto_Rickshaw,2026-03-12 05:06:00,5.5,139.0,1.2,166.8,Completed
BK_005712,CUST_01063,Z103,Z302,EV_Sedan,2026-02-06 15:52:00,26.8,761.8,1.0,761.8,Completed
BK_005713,CUST_02840,Z104,Z302,Auto_Rickshaw,2026-02-25 10:36:00,27.5,535.0,2.1,1123.5,Completed
BK_005714,CUST_01134,Z103,Z205,EV_Sedan,2026-03-08 16:19:00,11.1,353.6,1.1,388.96,Completed
BK_005715,CUST_02603,Z302,Z104,Auto_Rickshaw,2026-03-03 18:55:00,9.6,212.8,2.1,446.88,Rider_Cancelled
BK_005716,CUST_01580,Z305,Z201,Auto_Rickshaw,2026-02-07 02:22:00,28.1,545.8,1.0,545.8,Completed
BK_005717,CUST_03481,Z301,Z304,EV_Sedan,2026-02-19 01:59:00,13.2,408.2,1.0,408.2,Completed
BK_005718,CUST_02907,Z202,Z103,EV_Sedan,2026-03-13 22:36:00,21.0,611.0,1.0,611.0,Completed
BK_005719,CUST_01282,Z206,Z104,Auto_Rickshaw,2026-03-03 21:00:00,26.7,520.6,1.8,937.08,Completed
BK_005720,CUST_01231,Z303,Z204,Auto_Rickshaw,2026-03-06 08:52:00,27.9,542.2,2.4,1301.28,Completed
BK_005721,CUST_02893,Z103,Z205,Auto_Rickshaw,2026-02-10 19:37:00,15.2,313.6,1.2,376.32,Completed
BK_005722,CUST_02878,Z202,Z201,EV_Sedan,2026-02-05 22:52:00,21.6,626.6,1.0,626.6,Completed
BK_005723,CUST_01782,Z104,Z304,Bike_Taxi,2026-03-09 13:44:00,28.4,365.8,1.2,438.96,Driver_Cancelled
BK_005724,CUST_02025,Z302,Z204,Auto_Rickshaw,2026-03-06 19:30:00,24.3,477.4,1.8,859.32,Completed
BK_005725,CUST_01492,Z202,Z105,EV_Sedan,2026-02-26 16:53:00,9.6,314.6,1.0,314.6,Completed
BK_005726,CUST_02335,Z201,Z203,Auto_Rickshaw,2026-03-06 07:05:00,5.6,140.8,1.0,140.8,Rider_Cancelled
BK_005727,CUST_03193,Z303,Z304,Prime_Sedan,2026-02-11 04:40:00,17.3,554.4,1.0,554.4,Completed
BK_005728,CUST_03025,Z205,Z206,Prime_Sedan,2026-03-01 10:55:00,10.4,361.2,2.1,758.52,Completed
BK_005729,CUST_02497,Z103,Z303,Auto_Rickshaw,2026-02-21 21:42:00,20.7,412.6,2.1,866.46,Completed
BK_005730,CUST_02528,Z201,Z301,Bike_Taxi,2026-02-06 23:53:00,19.9,263.8,1.0,263.8,Completed
BK_005731,CUST_03058,Z204,Z302,Auto_Rickshaw,2026-02-12 15:28:00,23.3,459.4,1.1,505.34,Driver_Cancelled
BK_005732,CUST_02983,Z105,Z204,EV_Sedan,2026-02-25 17:23:00,12.4,387.4,2.1,813.54,Completed
BK_005733,CUST_03455,Z107,Z101,EV_Sedan,2026-03-06 16:53:00,25.2,720.2,1.1,792.22,Completed
BK_005734,CUST_01547,Z301,Z104,Auto_Rickshaw,2026-03-11 02:11:00,15.1,311.8,1.0,311.8,Completed
BK_005735,CUST_01325,Z302,Z101,Prime_Sedan,2026-02-19 09:06:00,10.8,372.4,1.8,670.32,ETA_Timeout
BK_005736,CUST_03496,Z104,Z101,Bike_Taxi,2026-03-12 14:56:00,24.6,320.2,1.0,320.2,Completed
BK_005737,CUST_03143,Z107,Z202,EV_Sedan,2026-02-28 14:46:00,2.5,130.0,1.2,156.0,ETA_Timeout
BK_005738,CUST_03120,Z107,Z205,EV_Sedan,2026-02-19 19:19:00,14.9,452.4,1.4,633.36,Completed
BK_005739,CUST_02399,Z105,Z205,Auto_Rickshaw,2026-02-22 13:28:00,11.5,247.0,1.1,271.7,Completed
BK_005740,CUST_02381,Z105,Z205,Prime_Sedan,2026-02-15 02:03:00,27.0,826.0,1.0,826.0,Completed
BK_005741,CUST_02549,Z107,Z204,Bike_Taxi,2026-03-04 18:48:00,19.5,259.0,2.1,543.9,Completed
BK_005742,CUST_03306,Z102,Z203,Bike_Taxi,2026-02-28 18:58:00,20.8,274.6,2.4,659.04,Driver_Cancelled
BK_005743,CUST_01043,Z103,Z101,Auto_Rickshaw,2026-02-26 09:20:00,23.7,466.6,2.1,979.86,Completed
BK_005744,CUST_01789,Z105,Z301,EV_Sedan,2026-03-10 19:07:00,13.6,418.6,2.4,1004.64,Completed
BK_005745,CUST_03029,Z201,Z104,Auto_Rickshaw,2026-03-08 12:23:00,24.0,472.0,1.0,472.0,Completed
BK_005746,CUST_02269,Z102,Z103,EV_Sedan,2026-03-16 09:56:00,15.1,457.6,1.4,640.64,Completed
BK_005747,CUST_01186,Z202,Z304,EV_Sedan,2026-02-25 10:39:00,24.6,704.6,2.1,1479.66,Completed
BK_005748,CUST_03132,Z105,Z303,Bike_Taxi,2026-03-06 13:26:00,19.1,254.2,1.0,254.2,Completed
BK_005749,CUST_02192,Z103,Z302,Auto_Rickshaw,2026-03-03 12:00:00,20.7,412.6,1.0,412.6,Rider_Cancelled
BK_005750,CUST_02486,Z305,Z303,Auto_Rickshaw,2026-02-27 23:21:00,25.4,497.2,1.0,497.2,Completed
BK_005751,CUST_01892,Z206,Z204,EV_Sedan,2026-02-28 10:38:00,23.7,681.2,1.8,1226.16,Completed
BK_005752,CUST_02792,Z101,Z302,Auto_Rickshaw,2026-03-08 03:21:00,7.5,175.0,1.2,210.0,Completed
BK_005753,CUST_01532,Z205,Z301,Prime_Sedan,2026-02-04 20:15:00,18.8,596.4,2.4,1431.36,Rider_Cancelled
BK_005754,CUST_03226,Z104,Z305,EV_Sedan,2026-02-07 13:14:00,18.2,538.2,1.1,592.02,Completed
BK_005755,CUST_01569,Z203,Z302,EV_Sedan,2026-02-10 12:53:00,22.2,642.2,1.0,642.2,Completed
BK_005756,CUST_01172,Z304,Z203,Bike_Taxi,2026-02-12 11:40:00,24.9,323.8,2.4,777.12,Completed
BK_005757,CUST_01483,Z201,Z102,Bike_Taxi,2026-02-21 02:56:00,15.0,205.0,1.2,246.0,Completed
BK_005758,CUST_03176,Z204,Z106,EV_Sedan,2026-02-23 16:42:00,10.6,340.6,1.0,340.6,Completed
BK_005759,CUST_01511,Z104,Z305,EV_Sedan,2026-02-07 01:22:00,26.8,761.8,1.0,761.8,Rider_Cancelled
BK_005760,CUST_01596,Z201,Z301,Prime_Sedan,2026-03-06 03:20:00,5.8,232.4,1.0,232.4,Driver_Cancelled
BK_005761,CUST_01188,Z104,Z205,EV_Sedan,2026-02-28 22:01:00,16.1,483.6,1.0,483.6,Completed
BK_005762,CUST_02879,Z302,Z107,Auto_Rickshaw,2026-02-19 03:18:00,27.6,536.8,1.0,536.8,Completed
BK_005763,CUST_03088,Z203,Z301,EV_Sedan,2026-02-04 21:21:00,6.4,231.4,2.4,555.36,Completed
BK_005764,CUST_01302,Z304,Z107,Prime_Sedan,2026-03-02 00:17:00,25.6,786.8,1.0,786.8,Completed
BK_005765,CUST_02060,Z304,Z206,EV_Sedan,2026-03-09 03:49:00,16.7,499.2,1.2,599.04,Completed
BK_005766,CUST_02701,Z305,Z201,Auto_Rickshaw,2026-02-09 08:08:00,20.8,414.4,1.2,497.28,Completed
BK_005767,CUST_01883,Z103,Z204,EV_Sedan,2026-02-19 21:18:00,28.4,803.4,2.1,1687.14,Completed
BK_005768,CUST_03499,Z105,Z103,Bike_Taxi,2026-02-25 14:41:00,20.2,267.4,1.0,267.4,Rider_Cancelled
BK_005769,CUST_03142,Z305,Z102,Bike_Taxi,2026-02-21 17:37:00,15.5,211.0,2.1,443.1,Driver_Cancelled
BK_005770,CUST_01090,Z305,Z201,Auto_Rickshaw,2026-03-01 09:45:00,7.2,169.6,1.4,237.44,Completed
BK_005771,CUST_01501,Z302,Z104,Auto_Rickshaw,2026-02-27 00:28:00,25.4,497.2,1.0,497.2,Completed
BK_005772,CUST_01448,Z302,Z304,EV_Sedan,2026-02-11 11:58:00,8.1,275.6,1.4,385.84,Completed
BK_005773,CUST_01834,Z302,Z305,Bike_Taxi,2026-03-05 22:58:00,12.2,171.4,1.0,171.4,Completed
BK_005774,CUST_01855,Z104,Z107,Bike_Taxi,2026-03-01 08:08:00,7.3,112.6,2.1,236.46,Driver_Cancelled
BK_005775,CUST_03017,Z305,Z102,Bike_Taxi,2026-03-10 17:44:00,11.7,165.4,1.2,198.48,Rider_Cancelled
BK_005776,CUST_01472,Z205,Z301,Bike_Taxi,2026-03-03 05:05:00,12.5,175.0,1.1,192.5,Completed
BK_005777,CUST_01841,Z202,Z106,Auto_Rickshaw,2026-03-01 10:31:00,11.9,254.2,1.2,305.04,Rider_Cancelled
BK_005778,CUST_01524,Z301,Z206,EV_Sedan,2026-02-10 06:48:00,13.3,410.8,1.0,410.8,Completed
BK_005779,CUST_02104,Z203,Z106,Auto_Rickshaw,2026-03-03 11:17:00,27.8,540.4,2.4,1296.96,Rider_Cancelled
BK_005780,CUST_02756,Z101,Z204,Bike_Taxi,2026-02-28 12:13:00,18.7,249.4,1.1,274.34,Completed
BK_005781,CUST_03070,Z302,Z205,EV_Sedan,2026-02-03 17:39:00,8.5,286.0,1.6,457.6,Driver_Cancelled
BK_005782,CUST_03169,Z105,Z204,EV_Sedan,2026-03-14 07:44:00,23.5,676.0,1.2,811.2,Completed
BK_005783,CUST_03469,Z303,Z105,Prime_Sedan,2026-02-17 00:09:00,16.4,529.2,1.0,529.2,Completed
BK_005784,CUST_03188,Z205,Z204,Auto_Rickshaw,2026-02-11 17:35:00,11.5,247.0,2.1,518.7,Completed
BK_005785,CUST_01316,Z103,Z102,Auto_Rickshaw,2026-03-17 12:07:00,18.0,364.0,1.0,364.0,Completed
BK_005786,CUST_01428,Z201,Z105,Bike_Taxi,2026-02-15 04:20:00,20.5,271.0,1.0,271.0,Completed
BK_005787,CUST_02464,Z301,Z101,Prime_Sedan,2026-02-11 12:51:00,12.4,417.2,1.0,417.2,Completed
BK_005788,CUST_02388,Z302,Z101,EV_Sedan,2026-02-23 06:14:00,17.6,522.6,1.1,574.86,Completed
BK_005789,CUST_01724,Z103,Z302,Bike_Taxi,2026-03-08 06:06:00,3.2,63.4,1.2,76.08,Completed
BK_005790,CUST_01890,Z305,Z105,Auto_Rickshaw,2026-02-11 00:45:00,18.2,367.6,1.0,367.6,Completed
BK_005791,CUST_01887,Z107,Z105,Bike_Taxi,2026-02-20 21:39:00,4.9,83.8,2.1,175.98,Completed
BK_005792,CUST_01195,Z305,Z206,Prime_Sedan,2026-02-03 10:30:00,5.1,212.8,1.2,255.36,Completed
BK_005793,CUST_02674,Z304,Z106,Prime_Sedan,2026-02-12 21:33:00,5.9,235.2,2.1,493.92,Completed
BK_005794,CUST_01462,Z205,Z105,Prime_Sedan,2026-03-10 04:03:00,5.0,210.0,1.0,210.0,Completed
BK_005795,CUST_02930,Z203,Z304,Auto_Rickshaw,2026-02-12 10:10:00,21.7,430.6,2.1,904.26,Driver_Cancelled
BK_005796,CUST_01462,Z304,Z107,Auto_Rickshaw,2026-03-14 11:52:00,18.5,373.0,1.6,596.8,Completed
BK_005797,CUST_02295,Z205,Z204,Prime_Sedan,2026-02-19 00:55:00,28.2,859.6,1.0,859.6,Completed
BK_005798,CUST_01933,Z101,Z302,Bike_Taxi,2026-02-25 22:28:00,21.2,279.4,1.0,279.4,Completed
BK_005799,CUST_01151,Z303,Z102,EV_Sedan,2026-03-12 10:32:00,4.8,189.8,1.8,341.64,Completed
BK_005800,CUST_01464,Z303,Z102,EV_Sedan,2026-02-01 22:13:00,26.6,756.6,1.2,907.92,Completed
BK_005801,CUST_03192,Z106,Z303,Prime_Sedan,2026-02-28 19:42:00,4.1,184.8,2.1,388.08,Completed
BK_005802,CUST_02453,Z305,Z106,Bike_Taxi,2026-03-03 20:01:00,16.1,218.2,1.2,261.84,Completed
BK_005803,CUST_01182,Z303,Z201,Auto_Rickshaw,2026-02-10 16:40:00,14.3,297.4,1.0,297.4,Completed
BK_005804,CUST_03025,Z301,Z305,Auto_Rickshaw,2026-02-15 08:35:00,25.7,502.6,2.1,1055.46,Completed
BK_005805,CUST_01377,Z102,Z104,Auto_Rickshaw,2026-03-17 18:16:00,13.4,281.2,2.4,674.88,Completed
BK_005806,CUST_02139,Z203,Z107,Bike_Taxi,2026-03-03 10:12:00,24.8,322.6,1.4,451.64,Driver_Cancelled
BK_005807,CUST_03047,Z203,Z106,Auto_Rickshaw,2026-03-13 20:05:00,16.8,342.4,1.4,479.36,Completed
BK_005808,CUST_01152,Z301,Z107,Auto_Rickshaw,2026-03-13 04:46:00,4.5,121.0,1.1,133.1,Completed
BK_005809,CUST_03304,Z106,Z107,EV_Sedan,2026-02-13 14:06:00,8.9,296.4,1.2,355.68,Completed
BK_005810,CUST_02195,Z103,Z202,EV_Sedan,2026-02-11 02:22:00,5.3,202.8,1.0,202.8,Completed
BK_005811,CUST_01442,Z202,Z203,Auto_Rickshaw,2026-03-09 04:34:00,22.2,439.6,1.0,439.6,Completed
BK_005812,CUST_02480,Z203,Z301,Auto_Rickshaw,2026-02-18 09:33:00,14.0,292.0,1.4,408.8,Driver_Cancelled
BK_005813,CUST_02784,Z204,Z302,EV_Sedan,2026-02-06 18:08:00,24.3,696.8,2.1,1463.28,Driver_Cancelled
BK_005814,CUST_03363,Z101,Z204,EV_Sedan,2026-03-07 07:24:00,6.2,226.2,1.0,226.2,Completed
BK_005815,CUST_01622,Z304,Z302,Bike_Taxi,2026-02-10 06:18:00,14.1,194.2,1.0,194.2,Completed
BK_005816,CUST_02901,Z305,Z107,Bike_Taxi,2026-02-08 21:30:00,14.3,196.6,1.2,235.92,Completed
BK_005817,CUST_01250,Z203,Z205,EV_Sedan,2026-02-04 04:58:00,11.8,371.8,1.1,408.98,Rider_Cancelled
BK_005818,CUST_01284,Z303,Z105,Auto_Rickshaw,2026-02-21 06:15:00,20.5,409.0,1.0,409.0,Rider_Cancelled
BK_005819,CUST_01768,Z104,Z204,EV_Sedan,2026-02-08 16:43:00,6.0,221.0,1.0,221.0,Completed
BK_005820,CUST_02049,Z105,Z305,Bike_Taxi,2026-02-07 17:12:00,9.2,135.4,1.4,189.56,Driver_Cancelled
BK_005821,CUST_01495,Z106,Z105,EV_Sedan,2026-03-16 14:17:00,6.6,236.6,1.0,236.6,Completed
BK_005822,CUST_03240,Z202,Z203,Bike_Taxi,2026-03-13 10:18:00,4.1,74.2,1.6,118.72,Completed
BK_005823,CUST_02384,Z202,Z305,EV_Sedan,2026-02-01 19:06:00,14.7,447.2,1.2,536.64,Completed
BK_005824,CUST_03342,Z304,Z106,Prime_Sedan,2026-03-09 10:45:00,24.2,747.6,1.4,1046.64,Driver_Cancelled
BK_005825,CUST_02432,Z107,Z106,EV_Sedan,2026-02-24 19:47:00,8.8,293.8,1.4,411.32,Driver_Cancelled
BK_005826,CUST_02702,Z104,Z301,Prime_Sedan,2026-02-09 01:41:00,11.6,394.8,1.1,434.28,Completed
BK_005827,CUST_03270,Z203,Z304,Auto_Rickshaw,2026-03-02 03:00:00,3.9,110.2,1.0,110.2,Driver_Cancelled
BK_005828,CUST_02073,Z107,Z101,Prime_Sedan,2026-03-04 08:58:00,15.8,512.4,1.2,614.88,Completed
BK_005829,CUST_01966,Z302,Z102,Prime_Sedan,2026-03-16 10:16:00,14.2,467.6,1.4,654.64,Completed
BK_005830,CUST_01795,Z205,Z101,Auto_Rickshaw,2026-03-08 22:02:00,19.1,383.8,1.1,422.18,Completed
BK_005831,CUST_02314,Z201,Z205,Auto_Rickshaw,2026-02-07 09:48:00,28.3,549.4,1.2,659.28,Rider_Cancelled
BK_005832,CUST_01541,Z106,Z104,Auto_Rickshaw,2026-03-09 08:25:00,10.6,230.8,1.2,276.96,Completed
BK_005833,CUST_03219,Z206,Z102,Bike_Taxi,2026-02-18 11:17:00,24.5,319.0,1.4,446.6,ETA_Timeout
BK_005834,CUST_01293,Z107,Z305,EV_Sedan,2026-02-05 14:39:00,15.9,478.4,1.2,574.08,Completed
BK_005835,CUST_03399,Z201,Z107,Bike_Taxi,2026-03-02 23:08:00,27.1,350.2,1.0,350.2,Completed
BK_005836,CUST_01617,Z305,Z204,Bike_Taxi,2026-02-26 20:43:00,25.9,335.8,2.4,805.92,ETA_Timeout
BK_005837,CUST_01284,Z205,Z105,Bike_Taxi,2026-03-09 03:49:00,2.9,59.8,1.0,59.8,Completed
BK_005838,CUST_01941,Z201,Z304,EV_Sedan,2026-02-21 23:32:00,22.7,655.2,1.2,786.24,Rider_Cancelled
BK_005839,CUST_02420,Z304,Z107,Auto_Rickshaw,2026-02-19 17:20:00,9.9,218.2,1.6,349.12,Completed
BK_005840,CUST_02951,Z203,Z204,Auto_Rickshaw,2026-02-11 17:18:00,20.6,410.8,1.4,575.12,Completed
BK_005841,CUST_01328,Z301,Z305,Auto_Rickshaw,2026-03-17 06:59:00,25.3,495.4,1.1,544.94,Completed
BK_005842,CUST_02545,Z303,Z302,EV_Sedan,2026-03-03 06:30:00,17.1,509.6,1.0,509.6,Completed
BK_005843,CUST_01249,Z103,Z101,Auto_Rickshaw,2026-03-14 02:29:00,5.1,131.8,1.0,131.8,Completed
BK_005844,CUST_01696,Z302,Z201,Prime_Sedan,2026-03-11 00:55:00,17.7,565.6,1.2,678.72,Completed
BK_005845,CUST_01297,Z201,Z105,Bike_Taxi,2026-02-25 05:56:00,13.2,183.4,1.0,183.4,Completed
BK_005846,CUST_03340,Z201,Z206,EV_Sedan,2026-02-06 21:39:00,8.6,288.6,1.4,404.04,Completed
BK_005847,CUST_01839,Z203,Z105,EV_Sedan,2026-02-08 23:23:00,20.7,603.2,1.2,723.84,Completed
BK_005848,CUST_03353,Z203,Z204,Bike_Taxi,2026-02-19 21:10:00,23.1,302.2,2.4,725.28,Driver_Cancelled
BK_005849,CUST_02726,Z101,Z201,Auto_Rickshaw,2026-03-14 07:18:00,24.6,482.8,1.0,482.8,Completed
BK_005850,CUST_02717,Z203,Z201,Prime_Sedan,2026-02-08 07:02:00,7.6,282.8,1.1,311.08,Driver_Cancelled
BK_005851,CUST_02138,Z201,Z106,Prime_Sedan,2026-02-03 23:53:00,23.2,719.6,1.1,791.56,Completed
BK_005852,CUST_03288,Z203,Z107,EV_Sedan,2026-02-09 20:32:00,9.0,299.0,1.8,538.2,Completed
BK_005853,CUST_03489,Z305,Z104,Auto_Rickshaw,2026-03-15 17:45:00,19.6,392.8,1.8,707.04,Completed
BK_005854,CUST_01298,Z302,Z304,Prime_Sedan,2026-02-23 14:04:00,27.2,831.6,1.2,997.92,Completed
BK_005855,CUST_01315,Z103,Z301,EV_Sedan,2026-03-13 04:27:00,19.8,579.8,1.1,637.78,Driver_Cancelled
BK_005856,CUST_01888,Z103,Z301,Prime_Sedan,2026-02-07 23:16:00,3.6,170.8,1.1,187.88,Completed
BK_005857,CUST_01620,Z305,Z105,Auto_Rickshaw,2026-03-13 09:52:00,10.1,221.8,1.8,399.24,Completed
BK_005858,CUST_02678,Z104,Z204,Prime_Sedan,2026-03-10 04:34:00,9.6,338.8,1.0,338.8,Driver_Cancelled
BK_005859,CUST_02994,Z204,Z205,Prime_Sedan,2026-03-08 17:22:00,15.9,515.2,2.1,1081.92,ETA_Timeout
BK_005860,CUST_03161,Z105,Z103,Auto_Rickshaw,2026-03-17 09:30:00,2.9,92.2,1.6,147.52,Rider_Cancelled
BK_005861,CUST_02565,Z105,Z206,Auto_Rickshaw,2026-03-17 10:31:00,7.3,171.4,1.8,308.52,ETA_Timeout
BK_005862,CUST_03076,Z204,Z205,Bike_Taxi,2026-02-13 19:12:00,8.2,123.4,2.4,296.16,Completed
BK_005863,CUST_03370,Z101,Z305,Bike_Taxi,2026-03-13 19:56:00,16.6,224.2,1.8,403.56,Driver_Cancelled
BK_005864,CUST_01403,Z301,Z304,Bike_Taxi,2026-02-06 17:54:00,13.9,191.8,2.4,460.32,Rider_Cancelled
BK_005865,CUST_02239,Z305,Z101,EV_Sedan,2026-02-19 08:46:00,11.3,358.8,1.4,502.32,ETA_Timeout
BK_005866,CUST_01363,Z304,Z301,EV_Sedan,2026-02-07 16:13:00,14.7,447.2,1.1,491.92,Completed
BK_005867,CUST_02566,Z301,Z104,Auto_Rickshaw,2026-02-22 01:21:00,4.1,113.8,1.1,125.18,Completed
BK_005868,CUST_01090,Z103,Z203,EV_Sedan,2026-02-15 15:29:00,23.9,686.4,1.0,686.4,Completed
BK_005869,CUST_01934,Z302,Z105,Prime_Sedan,2026-03-13 04:15:00,14.4,473.2,1.0,473.2,Completed
BK_005870,CUST_02306,Z305,Z102,Auto_Rickshaw,2026-02-26 19:17:00,26.6,518.8,1.4,726.32,Completed
BK_005871,CUST_02379,Z204,Z301,Bike_Taxi,2026-02-12 18:35:00,12.7,177.4,1.4,248.36,Rider_Cancelled
BK_005872,CUST_02520,Z302,Z101,Bike_Taxi,2026-03-17 03:28:00,27.2,351.4,1.0,351.4,Completed
BK_005873,CUST_02455,Z103,Z206,Auto_Rickshaw,2026-02-24 22:18:00,5.9,146.2,1.0,146.2,Completed
BK_005874,CUST_01671,Z204,Z305,EV_Sedan,2026-03-14 11:07:00,9.7,317.2,1.2,380.64,Completed
BK_005875,CUST_01941,Z106,Z205,Prime_Sedan,2026-02-05 06:39:00,6.1,240.8,1.0,240.8,Completed
BK_005876,CUST_01795,Z107,Z301,Prime_Sedan,2026-02-26 18:11:00,16.3,526.4,1.4,736.96,Driver_Cancelled
BK_005877,CUST_03040,Z203,Z304,Prime_Sedan,2026-02-08 09:44:00,26.0,798.0,1.2,957.6,Completed
BK_005878,CUST_03038,Z302,Z206,Auto_Rickshaw,2026-02-28 02:40:00,23.2,457.6,1.2,549.12,Completed
BK_005879,CUST_01024,Z202,Z201,Auto_Rickshaw,2026-02-19 09:45:00,15.3,315.4,1.8,567.72,Completed
BK_005880,CUST_02053,Z106,Z104,Bike_Taxi,2026-03-01 07:10:00,22.5,295.0,1.1,324.5,Completed
BK_005881,CUST_01099,Z302,Z301,Bike_Taxi,2026-03-15 19:16:00,6.8,106.6,1.4,149.24,Completed
BK_005882,CUST_02103,Z304,Z201,Bike_Taxi,2026-02-22 18:00:00,12.8,178.6,1.6,285.76,Completed
BK_005883,CUST_01336,Z205,Z303,EV_Sedan,2026-02-11 08:17:00,18.6,548.6,1.2,658.32,Completed
BK_005884,CUST_02268,Z205,Z101,Prime_Sedan,2026-03-17 16:29:00,10.7,369.6,1.1,406.56,Completed
BK_005885,CUST_03458,Z305,Z301,Prime_Sedan,2026-03-14 15:13:00,16.2,523.6,1.0,523.6,Rider_Cancelled
BK_005886,CUST_02470,Z105,Z106,Auto_Rickshaw,2026-02-26 00:06:00,15.9,326.2,1.0,326.2,Completed
BK_005887,CUST_02284,Z204,Z205,Auto_Rickshaw,2026-02-05 01:45:00,20.9,416.2,1.0,416.2,Driver_Cancelled
BK_005888,CUST_02118,Z102,Z101,EV_Sedan,2026-03-07 19:52:00,12.7,395.2,2.4,948.48,Completed
BK_005889,CUST_01443,Z103,Z105,Bike_Taxi,2026-03-11 23:48:00,24.1,314.2,1.1,345.62,Completed
BK_005890,CUST_01949,Z302,Z101,Prime_Sedan,2026-03-06 22:21:00,21.9,683.2,1.2,819.84,Driver_Cancelled
BK_005891,CUST_01579,Z106,Z104,Bike_Taxi,2026-02-01 21:44:00,4.2,75.4,1.6,120.64,Completed
BK_005892,CUST_02805,Z305,Z107,Auto_Rickshaw,2026-02-17 19:44:00,9.6,212.8,2.1,446.88,Completed
BK_005893,CUST_02482,Z204,Z101,Auto_Rickshaw,2026-02-27 17:44:00,14.9,308.2,2.1,647.22,Completed
BK_005894,CUST_02137,Z202,Z104,Prime_Sedan,2026-02-15 17:51:00,27.2,831.6,1.2,997.92,Driver_Cancelled
BK_005895,CUST_02260,Z102,Z201,Auto_Rickshaw,2026-02-20 14:35:00,27.4,533.2,1.0,533.2,Completed
BK_005896,CUST_01038,Z105,Z301,Prime_Sedan,2026-02-11 23:59:00,16.8,540.4,1.0,540.4,Completed
BK_005897,CUST_01559,Z103,Z302,Auto_Rickshaw,2026-02-28 13:28:00,25.8,504.4,1.1,554.84,Completed
BK_005898,CUST_02213,Z102,Z103,Bike_Taxi,2026-02-05 02:45:00,10.5,151.0,1.1,166.1,Completed
BK_005899,CUST_01580,Z301,Z103,Bike_Taxi,2026-03-12 08:53:00,9.3,136.6,1.4,191.24,Completed
BK_005900,CUST_03073,Z106,Z304,Auto_Rickshaw,2026-03-12 11:06:00,15.0,310.0,1.4,434.0,Completed
BK_005901,CUST_03160,Z301,Z105,Bike_Taxi,2026-03-12 03:58:00,24.3,316.6,1.0,316.6,Completed
BK_005902,CUST_01703,Z107,Z201,Auto_Rickshaw,2026-02-28 06:06:00,6.1,149.8,1.0,149.8,Rider_Cancelled
BK_005903,CUST_01127,Z105,Z304,Auto_Rickshaw,2026-02-12 20:08:00,16.5,337.0,2.1,707.7,Completed
BK_005904,CUST_01564,Z201,Z102,Auto_Rickshaw,2026-02-21 00:54:00,24.9,488.2,1.0,488.2,Completed
BK_005905,CUST_02761,Z303,Z104,Bike_Taxi,2026-03-07 00:15:00,14.3,196.6,1.2,235.92,Completed
BK_005906,CUST_01476,Z303,Z106,Auto_Rickshaw,2026-02-13 08:58:00,8.9,200.2,1.2,240.24,Completed
BK_005907,CUST_02538,Z104,Z204,Auto_Rickshaw,2026-03-16 13:34:00,19.2,385.6,1.0,385.6,Completed
BK_005908,CUST_03422,Z205,Z304,Auto_Rickshaw,2026-03-16 18:57:00,27.6,536.8,1.4,751.52,Completed
BK_005909,CUST_01138,Z204,Z102,EV_Sedan,2026-02-04 17:27:00,14.9,452.4,1.6,723.84,Completed
BK_005910,CUST_01337,Z201,Z302,EV_Sedan,2026-02-12 13:26:00,18.1,535.6,1.0,535.6,Rider_Cancelled
BK_005911,CUST_02352,Z302,Z103,Bike_Taxi,2026-02-18 04:05:00,22.2,291.4,1.2,349.68,Completed
BK_005912,CUST_01435,Z303,Z103,Prime_Sedan,2026-02-11 01:31:00,25.2,775.6,1.0,775.6,Rider_Cancelled
BK_005913,CUST_01349,Z305,Z204,Auto_Rickshaw,2026-02-18 23:08:00,13.4,281.2,1.0,281.2,Rider_Cancelled
BK_005914,CUST_02782,Z103,Z201,Prime_Sedan,2026-02-05 15:14:00,23.4,725.2,1.0,725.2,Driver_Cancelled
BK_005915,CUST_02712,Z206,Z305,Bike_Taxi,2026-02-12 00:51:00,21.8,286.6,1.0,286.6,Completed
BK_005916,CUST_01843,Z107,Z102,EV_Sedan,2026-02-27 16:53:00,26.0,741.0,1.0,741.0,Completed
BK_005917,CUST_02582,Z201,Z204,Bike_Taxi,2026-03-14 18:39:00,16.9,227.8,2.1,478.38,Rider_Cancelled
BK_005918,CUST_03383,Z301,Z103,Bike_Taxi,2026-03-13 21:12:00,9.4,137.8,1.8,248.04,Driver_Cancelled
BK_005919,CUST_03250,Z305,Z105,Auto_Rickshaw,2026-02-04 02:49:00,7.7,178.6,1.0,178.6,Completed
BK_005920,CUST_02564,Z204,Z302,Prime_Sedan,2026-02-22 16:51:00,17.8,568.4,1.0,568.4,Completed
BK_005921,CUST_02843,Z204,Z101,Auto_Rickshaw,2026-03-14 05:00:00,13.5,283.0,1.0,283.0,Completed
BK_005922,CUST_03232,Z203,Z103,Auto_Rickshaw,2026-02-19 16:49:00,17.9,362.2,1.0,362.2,Rider_Cancelled
BK_005923,CUST_02561,Z304,Z206,EV_Sedan,2026-02-02 01:50:00,11.7,369.2,1.0,369.2,Completed
BK_005924,CUST_03065,Z105,Z203,Auto_Rickshaw,2026-02-13 12:14:00,2.7,88.6,1.2,106.32,Driver_Cancelled
BK_005925,CUST_02050,Z106,Z107,Auto_Rickshaw,2026-02-04 23:18:00,7.6,176.8,1.2,212.16,ETA_Timeout
BK_005926,CUST_01655,Z107,Z101,Auto_Rickshaw,2026-02-22 16:41:00,14.5,301.0,1.0,301.0,Driver_Cancelled
BK_005927,CUST_02094,Z101,Z105,EV_Sedan,2026-02-03 18:19:00,19.4,569.4,2.4,1366.56,Completed
BK_005928,CUST_01668,Z305,Z102,EV_Sedan,2026-02-15 00:01:00,14.0,429.0,1.1,471.9,Completed
BK_005929,CUST_02053,Z106,Z304,EV_Sedan,2026-03-02 18:38:00,20.7,603.2,1.2,723.84,Completed
BK_005930,CUST_03119,Z302,Z305,Auto_Rickshaw,2026-02-03 11:50:00,13.1,275.8,1.8,496.44,Completed
BK_005931,CUST_02841,Z107,Z101,EV_Sedan,2026-02-12 18:35:00,3.9,166.4,1.2,199.68,Completed
BK_005932,CUST_02693,Z304,Z303,Auto_Rickshaw,2026-02-18 18:43:00,22.5,445.0,1.2,534.0,Rider_Cancelled
BK_005933,CUST_01449,Z203,Z105,EV_Sedan,2026-02-17 23:49:00,13.4,413.4,1.0,413.4,Rider_Cancelled
BK_005934,CUST_03278,Z304,Z303,EV_Sedan,2026-02-23 02:15:00,16.3,488.8,1.0,488.8,Completed
BK_005935,CUST_01714,Z304,Z205,EV_Sedan,2026-03-15 11:30:00,14.8,449.8,1.4,629.72,Driver_Cancelled
BK_005936,CUST_01197,Z301,Z302,Prime_Sedan,2026-02-16 18:38:00,8.4,305.2,1.4,427.28,Completed
BK_005937,CUST_03044,Z206,Z301,Bike_Taxi,2026-03-16 07:44:00,18.9,251.8,1.1,276.98,Completed
BK_005938,CUST_03349,Z105,Z205,Auto_Rickshaw,2026-03-09 12:47:00,14.7,304.6,1.1,335.06,Rider_Cancelled
BK_005939,CUST_01139,Z101,Z107,Bike_Taxi,2026-02-21 15:46:00,8.7,129.4,1.0,129.4,Completed
BK_005940,CUST_02923,Z105,Z206,EV_Sedan,2026-03-14 21:17:00,9.4,309.4,1.4,433.16,Completed
BK_005941,CUST_01862,Z301,Z303,Bike_Taxi,2026-02-22 02:07:00,9.2,135.4,1.2,162.48,Completed
BK_005942,CUST_01159,Z107,Z104,Auto_Rickshaw,2026-02-26 17:36:00,25.0,490.0,1.4,686.0,Completed
BK_005943,CUST_01340,Z101,Z305,Auto_Rickshaw,2026-02-19 07:08:00,14.1,293.8,1.1,323.18,Completed
BK_005944,CUST_02928,Z304,Z205,Auto_Rickshaw,2026-03-03 20:15:00,22.1,437.8,1.4,612.92,Completed
BK_005945,CUST_03434,Z104,Z302,Bike_Taxi,2026-03-06 20:32:00,12.6,176.2,1.8,317.16,Completed
BK_005946,CUST_01826,Z205,Z206,Auto_Rickshaw,2026-03-12 12:36:00,15.9,326.2,1.0,326.2,Completed
BK_005947,CUST_03051,Z305,Z107,Prime_Sedan,2026-02-15 06:56:00,27.6,842.8,1.2,1011.36,Completed
BK_005948,CUST_03074,Z301,Z203,Auto_Rickshaw,2026-02-22 10:33:00,11.3,243.4,1.8,438.12,Driver_Cancelled
BK_005949,CUST_01678,Z201,Z107,EV_Sedan,2026-02-15 04:13:00,20.5,598.0,1.1,657.8,Completed
BK_005950,CUST_02989,Z305,Z301,Auto_Rickshaw,2026-02-13 00:13:00,16.6,338.8,1.0,338.8,Completed
BK_005951,CUST_03189,Z303,Z301,Prime_Sedan,2026-03-07 14:07:00,9.5,336.0,1.0,336.0,Completed
BK_005952,CUST_01349,Z106,Z304,Bike_Taxi,2026-03-02 01:36:00,4.6,80.2,1.1,88.22,Driver_Cancelled
BK_005953,CUST_01354,Z205,Z101,EV_Sedan,2026-02-13 22:25:00,19.1,561.6,1.0,561.6,Completed
BK_005954,CUST_03475,Z203,Z205,Prime_Sedan,2026-02-05 03:41:00,20.6,646.8,1.0,646.8,Completed
BK_005955,CUST_03038,Z104,Z105,EV_Sedan,2026-03-11 22:07:00,14.1,431.6,1.0,431.6,Driver_Cancelled
BK_005956,CUST_01962,Z102,Z302,Bike_Taxi,2026-02-22 15:40:00,12.8,178.6,1.0,178.6,Completed
BK_005957,CUST_02600,Z304,Z303,EV_Sedan,2026-02-24 13:05:00,22.8,657.8,1.2,789.36,Driver_Cancelled
BK_005958,CUST_01513,Z203,Z107,Bike_Taxi,2026-02-21 00:14:00,5.8,94.6,1.1,104.06,Completed
BK_005959,CUST_01782,Z107,Z205,Prime_Sedan,2026-03-06 20:40:00,22.8,708.4,1.8,1275.12,Completed
BK_005960,CUST_01861,Z102,Z303,Prime_Sedan,2026-02-21 17:14:00,15.9,515.2,1.4,721.28,Completed
BK_005961,CUST_03103,Z201,Z304,EV_Sedan,2026-02-14 10:45:00,12.0,377.0,1.2,452.4,Completed
BK_005962,CUST_03097,Z201,Z303,EV_Sedan,2026-03-08 17:44:00,5.9,218.4,1.2,262.08,ETA_Timeout
BK_005963,CUST_01490,Z102,Z104,EV_Sedan,2026-02-03 09:58:00,8.8,293.8,1.4,411.32,Driver_Cancelled
BK_005964,CUST_01332,Z106,Z303,Auto_Rickshaw,2026-03-14 09:56:00,19.3,387.4,2.1,813.54,Rider_Cancelled
BK_005965,CUST_02989,Z301,Z302,Auto_Rickshaw,2026-03-15 07:49:00,19.5,391.0,1.1,430.1,Completed
BK_005966,CUST_01364,Z201,Z102,Prime_Sedan,2026-03-10 11:30:00,15.1,492.8,1.8,887.04,Completed
BK_005967,CUST_01823,Z305,Z107,Bike_Taxi,2026-03-07 21:25:00,21.8,286.6,2.4,687.84,Driver_Cancelled
BK_005968,CUST_02459,Z203,Z105,EV_Sedan,2026-02-21 10:45:00,9.2,304.2,1.4,425.88,Driver_Cancelled
BK_005969,CUST_02629,Z104,Z203,Bike_Taxi,2026-02-26 21:13:00,24.2,315.4,2.1,662.34,Completed
BK_005970,CUST_03069,Z105,Z106,Bike_Taxi,2026-02-15 10:00:00,18.0,241.0,2.4,578.4,Completed
BK_005971,CUST_02383,Z105,Z206,Auto_Rickshaw,2026-03-12 16:32:00,15.9,326.2,1.2,391.44,Completed
BK_005972,CUST_03053,Z104,Z203,Bike_Taxi,2026-02-02 06:10:00,18.0,241.0,1.0,241.0,Completed
BK_005973,CUST_03265,Z101,Z301,EV_Sedan,2026-02-12 04:35:00,18.2,538.2,1.0,538.2,Completed
BK_005974,CUST_01329,Z302,Z106,EV_Sedan,2026-02-22 17:15:00,8.0,273.0,2.1,573.3,Driver_Cancelled
BK_005975,CUST_02384,Z303,Z107,EV_Sedan,2026-03-11 14:09:00,5.6,210.6,1.1,231.66,Completed
BK_005976,CUST_01677,Z101,Z103,Prime_Sedan,2026-02-09 16:06:00,14.1,464.8,1.0,464.8,Completed
BK_005977,CUST_03464,Z107,Z106,Prime_Sedan,2026-03-06 15:33:00,5.2,215.6,1.2,258.72,Completed
BK_005978,CUST_01887,Z204,Z105,Bike_Taxi,2026-02-26 09:49:00,8.9,131.8,2.4,316.32,Completed
BK_005979,CUST_02957,Z206,Z107,Bike_Taxi,2026-03-06 10:42:00,26.9,347.8,1.2,417.36,Driver_Cancelled
BK_005980,CUST_03128,Z304,Z206,EV_Sedan,2026-02-01 07:42:00,2.6,132.6,1.0,132.6,Completed
BK_005981,CUST_02390,Z102,Z303,Bike_Taxi,2026-02-20 07:38:00,20.6,272.2,1.0,272.2,Completed
BK_005982,CUST_01193,Z105,Z305,Prime_Sedan,2026-03-13 06:30:00,24.2,747.6,1.0,747.6,Completed
BK_005983,CUST_02131,Z101,Z105,Bike_Taxi,2026-02-07 20:15:00,19.1,254.2,2.1,533.82,Completed
BK_005984,CUST_03020,Z103,Z106,Auto_Rickshaw,2026-03-10 03:03:00,14.3,297.4,1.0,297.4,Driver_Cancelled
BK_005985,CUST_01486,Z201,Z105,EV_Sedan,2026-02-17 00:14:00,24.5,702.0,1.2,842.4,Completed
BK_005986,CUST_02575,Z206,Z104,Prime_Sedan,2026-02-07 22:17:00,23.1,716.8,1.0,716.8,Completed
BK_005987,CUST_01636,Z106,Z305,EV_Sedan,2026-02-10 05:02:00,14.6,444.6,1.0,444.6,Completed
BK_005988,CUST_03162,Z304,Z201,EV_Sedan,2026-02-12 03:48:00,4.6,184.6,1.0,184.6,Completed
BK_005989,CUST_01678,Z304,Z205,Auto_Rickshaw,2026-02-26 21:30:00,10.0,220.0,1.4,308.0,Completed
BK_005990,CUST_01136,Z103,Z104,EV_Sedan,2026-02-23 18:31:00,25.8,735.8,1.4,1030.12,Completed
BK_005991,CUST_02877,Z301,Z105,EV_Sedan,2026-02-11 22:11:00,12.2,382.2,1.1,420.42,Completed
BK_005992,CUST_01924,Z102,Z106,Auto_Rickshaw,2026-03-17 04:38:00,28.1,545.8,1.0,545.8,Driver_Cancelled
BK_005993,CUST_01698,Z301,Z303,EV_Sedan,2026-03-14 11:20:00,27.3,774.8,1.4,1084.72,ETA_Timeout
BK_005994,CUST_02179,Z304,Z201,Auto_Rickshaw,2026-03-15 10:41:00,10.2,223.6,1.4,313.04,Rider_Cancelled
BK_005995,CUST_01514,Z206,Z302,Bike_Taxi,2026-02-12 13:06:00,17.8,238.6,1.0,238.6,Completed
BK_005996,CUST_03031,Z201,Z302,EV_Sedan,2026-03-07 01:21:00,8.0,273.0,1.0,273.0,Completed
BK_005997,CUST_02946,Z204,Z304,Bike_Taxi,2026-03-02 19:40:00,12.4,173.8,2.1,364.98,Completed
BK_005998,CUST_01106,Z303,Z205,Bike_Taxi,2026-02-18 22:42:00,16.4,221.8,1.1,243.98,Completed
BK_005999,CUST_02914,Z205,Z101,EV_Sedan,2026-03-15 22:06:00,13.3,410.8,1.0,410.8,Completed
BK_006000,CUST_02324,Z205,Z304,Bike_Taxi,2026-03-16 15:36:00,15.0,205.0,1.2,246.0,Completed
BK_006001,CUST_02268,Z302,Z102,Prime_Sedan,2026-03-02 22:18:00,14.6,478.8,1.0,478.8,Rider_Cancelled
BK_006002,CUST_01167,Z202,Z106,EV_Sedan,2026-02-13 21:41:00,5.8,215.8,1.6,345.28,ETA_Timeout
BK_006003,CUST_02246,Z103,Z302,Auto_Rickshaw,2026-03-12 22:10:00,17.5,355.0,1.1,390.5,Completed
BK_006004,CUST_01460,Z304,Z105,Bike_Taxi,2026-03-14 12:10:00,16.7,225.4,1.0,225.4,Completed
BK_006005,CUST_02019,Z202,Z203,Auto_Rickshaw,2026-02-02 07:20:00,21.6,428.8,1.1,471.68,Driver_Cancelled
BK_006006,CUST_02926,Z105,Z106,EV_Sedan,2026-02-08 17:30:00,16.3,488.8,2.1,1026.48,Completed
BK_006007,CUST_01744,Z107,Z102,EV_Sedan,2026-03-07 04:25:00,23.0,663.0,1.2,795.6,Completed
BK_006008,CUST_01861,Z302,Z103,Prime_Sedan,2026-03-14 14:34:00,22.6,702.8,1.2,843.36,Completed
BK_006009,CUST_02387,Z107,Z203,Auto_Rickshaw,2026-03-07 19:38:00,11.7,250.6,2.1,526.26,Completed
BK_006010,CUST_02479,Z205,Z202,Prime_Sedan,2026-02-16 11:11:00,8.1,296.8,1.8,534.24,Rider_Cancelled
BK_006011,CUST_01054,Z104,Z305,EV_Sedan,2026-03-02 16:49:00,7.4,257.4,1.1,283.14,Completed
BK_006012,CUST_03048,Z105,Z102,EV_Sedan,2026-03-11 12:33:00,11.8,371.8,1.0,371.8,Completed
BK_006013,CUST_03131,Z107,Z203,Prime_Sedan,2026-02-05 19:03:00,11.9,403.2,2.4,967.68,Completed
BK_006014,CUST_02127,Z206,Z205,Bike_Taxi,2026-03-15 08:43:00,14.6,200.2,1.6,320.32,Completed
BK_006015,CUST_02367,Z301,Z204,EV_Sedan,2026-02-26 10:09:00,12.4,387.4,1.6,619.84,Driver_Cancelled
BK_006016,CUST_02668,Z304,Z105,EV_Sedan,2026-02-25 06:02:00,25.7,733.2,1.1,806.52,Rider_Cancelled
BK_006017,CUST_02147,Z107,Z304,EV_Sedan,2026-03-14 14:02:00,17.3,514.8,1.0,514.8,Completed
BK_006018,CUST_03413,Z202,Z304,Prime_Sedan,2026-02-20 15:18:00,15.1,492.8,1.1,542.08,Completed
BK_006019,CUST_01459,Z301,Z201,Bike_Taxi,2026-02-11 11:19:00,19.8,262.6,1.8,472.68,Completed
BK_006020,CUST_01893,Z303,Z301,Prime_Sedan,2026-02-24 13:20:00,10.1,352.8,1.2,423.36,Completed
BK_006021,CUST_03385,Z204,Z203,Bike_Taxi,2026-03-17 21:05:00,8.8,130.6,1.8,235.08,Completed
BK_006022,CUST_03266,Z304,Z106,Auto_Rickshaw,2026-03-13 06:44:00,9.0,202.0,1.0,202.0,Completed
BK_006023,CUST_01398,Z104,Z106,Prime_Sedan,2026-02-06 05:47:00,4.2,187.6,1.2,225.12,Completed
BK_006024,CUST_01060,Z203,Z202,EV_Sedan,2026-02-18 14:05:00,3.1,145.6,1.1,160.16,Completed
BK_006025,CUST_02034,Z303,Z104,EV_Sedan,2026-02-14 00:06:00,12.9,400.4,1.0,400.4,Completed
BK_006026,CUST_02661,Z104,Z105,Prime_Sedan,2026-02-21 22:31:00,26.4,809.2,1.1,890.12,Completed
BK_006027,CUST_03494,Z302,Z107,Prime_Sedan,2026-02-27 01:46:00,14.4,473.2,1.0,473.2,Completed
BK_006028,CUST_02864,Z202,Z203,Auto_Rickshaw,2026-02-07 11:46:00,16.1,329.8,1.6,527.68,Driver_Cancelled
BK_006029,CUST_01010,Z101,Z304,Bike_Taxi,2026-02-06 19:58:00,13.4,185.8,2.4,445.92,Completed
BK_006030,CUST_02361,Z205,Z202,EV_Sedan,2026-02-28 19:19:00,9.8,319.8,1.8,575.64,Rider_Cancelled
BK_006031,CUST_03472,Z106,Z202,EV_Sedan,2026-03-13 12:23:00,10.8,345.8,1.0,345.8,Completed
BK_006032,CUST_03291,Z106,Z105,Auto_Rickshaw,2026-03-17 00:18:00,14.3,297.4,1.0,297.4,Completed
BK_006033,CUST_01811,Z104,Z102,EV_Sedan,2026-03-12 21:18:00,10.0,325.0,2.4,780.0,Completed
BK_006034,CUST_03105,Z302,Z305,EV_Sedan,2026-02-25 14:07:00,17.1,509.6,1.2,611.52,Rider_Cancelled
BK_006035,CUST_03280,Z206,Z301,Auto_Rickshaw,2026-02-21 22:07:00,5.4,137.2,1.0,137.2,Rider_Cancelled
BK_006036,CUST_03062,Z103,Z204,Auto_Rickshaw,2026-02-20 12:41:00,22.1,437.8,1.0,437.8,Completed
BK_006037,CUST_03239,Z106,Z305,Auto_Rickshaw,2026-02-05 10:27:00,7.0,166.0,1.2,199.2,Completed
BK_006038,CUST_03162,Z206,Z204,Auto_Rickshaw,2026-02-03 07:49:00,12.6,266.8,1.0,266.8,Driver_Cancelled
BK_006039,CUST_02378,Z204,Z304,EV_Sedan,2026-02-16 16:57:00,20.9,608.4,1.0,608.4,Completed
BK_006040,CUST_01992,Z105,Z106,EV_Sedan,2026-02-17 22:52:00,25.0,715.0,1.2,858.0,Completed
BK_006041,CUST_02447,Z102,Z206,EV_Sedan,2026-03-09 23:39:00,6.8,241.8,1.0,241.8,Completed
BK_006042,CUST_02274,Z106,Z105,EV_Sedan,2026-02-01 18:29:00,11.5,364.0,1.6,582.4,Completed
BK_006043,CUST_01025,Z201,Z304,Bike_Taxi,2026-03-16 18:53:00,28.2,363.4,1.4,508.76,Completed
BK_006044,CUST_02789,Z304,Z102,Auto_Rickshaw,2026-02-25 19:19:00,23.4,461.2,1.2,553.44,Completed
BK_006045,CUST_02742,Z204,Z203,Prime_Sedan,2026-02-03 08:50:00,8.8,316.4,1.8,569.52,Driver_Cancelled
BK_006046,CUST_02372,Z303,Z104,EV_Sedan,2026-02-06 17:37:00,24.9,712.4,1.4,997.36,Completed
BK_006047,CUST_03288,Z107,Z106,Prime_Sedan,2026-03-06 20:06:00,16.2,523.6,1.2,628.32,Completed
BK_006048,CUST_03006,Z107,Z303,Auto_Rickshaw,2026-02-06 01:29:00,3.6,104.8,1.2,125.76,Completed
BK_006049,CUST_01237,Z104,Z302,Bike_Taxi,2026-02-12 18:48:00,3.6,68.2,2.4,163.68,Completed
BK_006050,CUST_02446,Z302,Z204,Auto_Rickshaw,2026-03-09 02:22:00,18.4,371.2,1.0,371.2,Completed
BK_006051,CUST_03326,Z107,Z101,Prime_Sedan,2026-02-26 07:58:00,22.1,688.8,1.0,688.8,Completed
BK_006052,CUST_01474,Z301,Z203,Auto_Rickshaw,2026-02-28 23:54:00,3.0,94.0,1.0,94.0,Driver_Cancelled
BK_006053,CUST_01291,Z304,Z201,Auto_Rickshaw,2026-02-09 18:38:00,10.6,230.8,1.6,369.28,Completed
BK_006054,CUST_02436,Z204,Z302,Bike_Taxi,2026-02-23 11:06:00,17.6,236.2,2.4,566.88,Completed
BK_006055,CUST_02443,Z203,Z204,Prime_Sedan,2026-03-14 17:54:00,4.2,187.6,1.4,262.64,Completed
BK_006056,CUST_03006,Z105,Z302,Prime_Sedan,2026-02-28 02:03:00,5.1,212.8,1.2,255.36,Driver_Cancelled
BK_006057,CUST_01765,Z101,Z205,Bike_Taxi,2026-02-25 01:38:00,22.3,292.6,1.0,292.6,Completed
BK_006058,CUST_01604,Z107,Z201,Auto_Rickshaw,2026-02-19 19:24:00,17.1,347.8,2.1,730.38,Rider_Cancelled
BK_006059,CUST_02905,Z106,Z101,Bike_Taxi,2026-02-01 17:39:00,18.6,248.2,2.1,521.22,Completed
BK_006060,CUST_01865,Z304,Z102,EV_Sedan,2026-02-20 08:31:00,5.8,215.8,1.8,388.44,Completed
BK_006061,CUST_02485,Z206,Z204,Bike_Taxi,2026-02-03 23:39:00,15.1,206.2,1.0,206.2,Completed
BK_006062,CUST_02044,Z106,Z304,Bike_Taxi,2026-02-05 00:54:00,19.7,261.4,1.0,261.4,Driver_Cancelled
BK_006063,CUST_01256,Z304,Z302,Auto_Rickshaw,2026-03-18 01:29:00,9.3,207.4,1.2,248.88,Completed
BK_006064,CUST_03130,Z305,Z102,Prime_Sedan,2026-03-06 08:40:00,19.8,624.4,1.2,749.28,Completed
BK_006065,CUST_02458,Z206,Z107,Prime_Sedan,2026-03-10 20:09:00,23.2,719.6,1.8,1295.28,Completed
BK_006066,CUST_03427,Z203,Z202,EV_Sedan,2026-03-16 11:44:00,15.6,470.6,1.6,752.96,Completed
BK_006067,CUST_02536,Z106,Z105,Auto_Rickshaw,2026-02-09 18:47:00,7.7,178.6,1.8,321.48,Driver_Cancelled
BK_006068,CUST_02979,Z205,Z302,Auto_Rickshaw,2026-02-22 11:17:00,19.1,383.8,1.6,614.08,Completed
BK_006069,CUST_02625,Z302,Z304,EV_Sedan,2026-02-24 13:43:00,18.9,556.4,1.0,556.4,Completed
BK_006070,CUST_01321,Z304,Z303,EV_Sedan,2026-02-10 17:20:00,28.1,795.6,1.6,1272.96,Completed
BK_006071,CUST_02553,Z106,Z102,EV_Sedan,2026-02-04 09:21:00,20.0,585.0,1.8,1053.0,Completed
BK_006072,CUST_01596,Z206,Z102,Prime_Sedan,2026-03-07 04:05:00,12.9,431.2,1.0,431.2,Completed
BK_006073,CUST_01910,Z301,Z302,Auto_Rickshaw,2026-02-28 22:09:00,16.8,342.4,1.0,342.4,Completed
BK_006074,CUST_01541,Z105,Z103,Prime_Sedan,2026-03-01 12:46:00,2.5,140.0,1.1,154.0,Completed
BK_006075,CUST_01320,Z305,Z103,Auto_Rickshaw,2026-02-24 14:34:00,6.6,158.8,1.0,158.8,Completed
BK_006076,CUST_02257,Z203,Z302,Auto_Rickshaw,2026-03-01 17:23:00,23.6,464.8,2.1,976.08,Completed
BK_006077,CUST_02323,Z106,Z103,EV_Sedan,2026-03-11 08:40:00,16.7,499.2,2.1,1048.32,Rider_Cancelled
BK_006078,CUST_02088,Z304,Z301,Auto_Rickshaw,2026-02-11 23:45:00,4.1,113.8,1.0,113.8,Completed
BK_006079,CUST_01196,Z304,Z203,Auto_Rickshaw,2026-03-10 11:51:00,25.7,502.6,1.6,804.16,Driver_Cancelled
BK_006080,CUST_01360,Z305,Z101,Prime_Sedan,2026-02-09 03:40:00,26.3,806.4,1.0,806.4,Completed
BK_006081,CUST_01079,Z202,Z305,EV_Sedan,2026-02-06 07:12:00,8.5,286.0,1.0,286.0,Completed
BK_006082,CUST_02144,Z302,Z201,EV_Sedan,2026-03-14 19:30:00,10.8,345.8,1.8,622.44,Rider_Cancelled
BK_006083,CUST_01073,Z301,Z201,EV_Sedan,2026-02-26 07:44:00,19.1,561.6,1.0,561.6,Completed
BK_006084,CUST_03246,Z303,Z304,Auto_Rickshaw,2026-02-21 05:23:00,7.2,169.6,1.0,169.6,Completed
BK_006085,CUST_03101,Z103,Z106,Auto_Rickshaw,2026-03-13 23:12:00,27.0,526.0,1.0,526.0,Rider_Cancelled
BK_006086,CUST_02819,Z106,Z203,Auto_Rickshaw,2026-03-08 10:15:00,27.1,527.8,1.4,738.92,Completed
BK_006087,CUST_02977,Z302,Z103,Bike_Taxi,2026-02-24 22:43:00,11.4,161.8,1.2,194.16,Completed
BK_006088,CUST_02467,Z103,Z302,Auto_Rickshaw,2026-02-16 08:02:00,9.3,207.4,1.6,331.84,Completed
BK_006089,CUST_03350,Z104,Z103,EV_Sedan,2026-03-08 00:01:00,4.9,192.4,1.0,192.4,Completed
BK_006090,CUST_02483,Z105,Z101,Prime_Sedan,2026-02-20 03:59:00,15.4,501.2,1.0,501.2,Completed
BK_006091,CUST_01731,Z103,Z303,Auto_Rickshaw,2026-03-11 05:13:00,4.1,113.8,1.1,125.18,Completed
BK_006092,CUST_02016,Z103,Z105,Prime_Sedan,2026-02-22 17:59:00,17.1,548.8,1.4,768.32,Driver_Cancelled
BK_006093,CUST_01491,Z305,Z105,EV_Sedan,2026-03-10 21:18:00,22.3,644.8,2.4,1547.52,Completed
BK_006094,CUST_01620,Z206,Z104,Auto_Rickshaw,2026-02-28 22:31:00,21.8,432.4,1.1,475.64,Completed
BK_006095,CUST_01352,Z304,Z203,Bike_Taxi,2026-03-07 06:51:00,6.8,106.6,1.1,117.26,Completed
BK_006096,CUST_02979,Z103,Z101,Auto_Rickshaw,2026-02-09 09:25:00,13.7,286.6,2.4,687.84,Rider_Cancelled
BK_006097,CUST_03418,Z102,Z105,EV_Sedan,2026-03-07 22:56:00,8.4,283.4,1.0,283.4,Completed
BK_006098,CUST_02285,Z303,Z203,Auto_Rickshaw,2026-02-19 21:27:00,12.4,263.2,1.8,473.76,Rider_Cancelled
BK_006099,CUST_01251,Z305,Z206,Bike_Taxi,2026-02-18 10:37:00,11.4,161.8,1.8,291.24,Rider_Cancelled
BK_006100,CUST_03027,Z107,Z104,EV_Sedan,2026-03-17 19:45:00,10.5,338.0,2.1,709.8,Driver_Cancelled
BK_006101,CUST_01107,Z106,Z101,EV_Sedan,2026-02-28 01:00:00,12.8,397.8,1.0,397.8,Completed
BK_006102,CUST_02212,Z101,Z302,Prime_Sedan,2026-02-24 22:23:00,20.5,644.0,1.0,644.0,Rider_Cancelled
BK_006103,CUST_01573,Z202,Z301,Auto_Rickshaw,2026-02-09 14:53:00,28.5,553.0,1.0,553.0,Completed
BK_006104,CUST_03233,Z201,Z302,Prime_Sedan,2026-03-10 15:20:00,22.6,702.8,1.2,843.36,Completed
BK_006105,CUST_03300,Z206,Z205,Prime_Sedan,2026-02-24 08:34:00,25.0,770.0,2.4,1848.0,Completed
BK_006106,CUST_02463,Z107,Z204,EV_Sedan,2026-02-20 05:07:00,16.6,496.6,1.0,496.6,Rider_Cancelled
BK_006107,CUST_03421,Z204,Z105,Bike_Taxi,2026-02-11 08:21:00,5.3,88.6,2.4,212.64,Completed
BK_006108,CUST_02463,Z201,Z301,Prime_Sedan,2026-02-25 13:03:00,20.3,638.4,1.0,638.4,Driver_Cancelled
BK_006109,CUST_01469,Z104,Z203,Prime_Sedan,2026-03-10 08:13:00,17.5,560.0,1.6,896.0,Completed
BK_006110,CUST_02131,Z101,Z302,Bike_Taxi,2026-02-12 11:47:00,12.3,172.6,1.6,276.16,Completed
BK_006111,CUST_01215,Z107,Z302,Bike_Taxi,2026-02-04 01:25:00,20.8,274.6,1.1,302.06,Completed
BK_006112,CUST_03027,Z201,Z102,EV_Sedan,2026-02-14 13:05:00,14.1,431.6,1.2,517.92,Rider_Cancelled
BK_006113,CUST_01899,Z107,Z301,Prime_Sedan,2026-03-17 06:48:00,2.5,140.0,1.0,140.0,Completed
BK_006114,CUST_03252,Z105,Z204,Bike_Taxi,2026-02-03 19:38:00,21.7,285.4,1.8,513.72,Completed
BK_006115,CUST_01932,Z304,Z302,EV_Sedan,2026-02-19 15:07:00,18.9,556.4,1.1,612.04,Completed
BK_006116,CUST_03260,Z101,Z102,Bike_Taxi,2026-02-21 21:12:00,20.2,267.4,2.1,561.54,Completed
BK_006117,CUST_01604,Z204,Z101,EV_Sedan,2026-02-23 16:51:00,7.4,257.4,1.2,308.88,Completed
BK_006118,CUST_01825,Z305,Z105,Bike_Taxi,2026-03-15 00:27:00,9.1,134.2,1.1,147.62,Completed
BK_006119,CUST_03133,Z304,Z303,Auto_Rickshaw,2026-03-05 09:26:00,4.2,115.6,1.4,161.84,Completed
BK_006120,CUST_02120,Z104,Z106,EV_Sedan,2026-03-14 00:16:00,17.2,512.2,1.0,512.2,Completed
BK_006121,CUST_01331,Z303,Z202,EV_Sedan,2026-02-26 04:14:00,26.4,751.4,1.2,901.68,Completed
BK_006122,CUST_01806,Z106,Z102,Auto_Rickshaw,2026-03-09 15:06:00,20.8,414.4,1.1,455.84,Completed
BK_006123,CUST_01544,Z304,Z301,Bike_Taxi,2026-03-08 04:16:00,20.4,269.8,1.2,323.76,Completed
BK_006124,CUST_01928,Z305,Z301,Auto_Rickshaw,2026-02-10 03:13:00,26.1,509.8,1.0,509.8,Rider_Cancelled
BK_006125,CUST_02431,Z102,Z303,Auto_Rickshaw,2026-03-16 09:37:00,21.5,427.0,1.6,683.2,Completed
BK_006126,CUST_01524,Z305,Z304,Prime_Sedan,2026-02-21 05:19:00,3.8,176.4,1.2,211.68,Completed
BK_006127,CUST_01451,Z301,Z305,Bike_Taxi,2026-03-15 10:58:00,20.5,271.0,2.4,650.4,Completed
BK_006128,CUST_01323,Z104,Z206,Prime_Sedan,2026-02-07 03:07:00,11.5,392.0,1.1,431.2,Completed
BK_006129,CUST_02052,Z303,Z204,Auto_Rickshaw,2026-02-17 09:45:00,25.4,497.2,1.8,894.96,Rider_Cancelled
BK_006130,CUST_02919,Z303,Z104,EV_Sedan,2026-03-13 07:35:00,19.4,569.4,1.2,683.28,Completed
BK_006131,CUST_02465,Z301,Z203,Auto_Rickshaw,2026-03-15 23:31:00,8.3,189.4,1.2,227.28,Completed
BK_006132,CUST_02273,Z106,Z107,EV_Sedan,2026-03-04 20:17:00,26.8,761.8,1.4,1066.52,ETA_Timeout
BK_006133,CUST_02603,Z104,Z305,EV_Sedan,2026-02-06 21:17:00,5.7,213.2,1.8,383.76,Rider_Cancelled
BK_006134,CUST_01144,Z106,Z102,EV_Sedan,2026-03-17 14:38:00,4.5,182.0,1.1,200.2,Completed
BK_006135,CUST_01880,Z305,Z303,Auto_Rickshaw,2026-03-04 17:07:00,18.8,378.4,1.4,529.76,Completed
BK_006136,CUST_02090,Z103,Z105,Bike_Taxi,2026-02-12 14:24:00,22.0,289.0,1.2,346.8,Completed
BK_006137,CUST_02151,Z103,Z303,EV_Sedan,2026-02-12 20:06:00,19.8,579.8,1.4,811.72,Completed
BK_006138,CUST_01260,Z104,Z202,Prime_Sedan,2026-03-03 16:04:00,27.3,834.4,1.0,834.4,Completed
BK_006139,CUST_02287,Z107,Z203,EV_Sedan,2026-02-24 14:20:00,12.0,377.0,1.1,414.7,Completed
BK_006140,CUST_01996,Z106,Z202,Prime_Sedan,2026-02-24 23:47:00,24.8,764.4,1.1,840.84,Completed
BK_006141,CUST_02435,Z107,Z302,EV_Sedan,2026-03-12 02:15:00,11.9,374.4,1.1,411.84,Completed
BK_006142,CUST_03257,Z103,Z102,Auto_Rickshaw,2026-02-21 07:30:00,6.4,155.2,1.2,186.24,Completed
BK_006143,CUST_01149,Z106,Z103,EV_Sedan,2026-02-13 04:56:00,22.1,639.6,1.1,703.56,Driver_Cancelled
BK_006144,CUST_02117,Z305,Z105,Prime_Sedan,2026-02-10 14:10:00,22.4,697.2,1.0,697.2,Completed
BK_006145,CUST_02836,Z102,Z302,Prime_Sedan,2026-02-23 18:58:00,28.2,859.6,2.1,1805.16,Completed
BK_006146,CUST_03355,Z105,Z305,Auto_Rickshaw,2026-02-18 15:10:00,16.4,335.2,1.0,335.2,Completed
BK_006147,CUST_02823,Z101,Z203,Auto_Rickshaw,2026-02-03 12:43:00,6.8,162.4,1.0,162.4,Completed
BK_006148,CUST_01084,Z206,Z202,EV_Sedan,2026-02-03 07:03:00,12.5,390.0,1.1,429.0,Completed
BK_006149,CUST_01426,Z107,Z304,Auto_Rickshaw,2026-02-17 23:07:00,15.6,320.8,1.2,384.96,Completed
BK_006150,CUST_01592,Z303,Z305,Prime_Sedan,2026-02-17 16:58:00,17.5,560.0,1.0,560.0,ETA_Timeout
BK_006151,CUST_03151,Z107,Z305,Auto_Rickshaw,2026-03-09 11:12:00,28.2,547.6,2.4,1314.24,Rider_Cancelled
BK_006152,CUST_03413,Z205,Z204,Prime_Sedan,2026-02-13 14:50:00,4.0,182.0,1.0,182.0,Completed
BK_006153,CUST_03097,Z103,Z304,EV_Sedan,2026-03-11 15:20:00,18.0,533.0,1.2,639.6,Completed
BK_006154,CUST_01432,Z103,Z101,Bike_Taxi,2026-03-03 22:59:00,28.0,361.0,1.0,361.0,Completed
BK_006155,CUST_01108,Z301,Z107,Bike_Taxi,2026-02-05 03:18:00,22.8,298.6,1.2,358.32,Completed
BK_006156,CUST_01922,Z302,Z107,Bike_Taxi,2026-03-09 14:55:00,4.9,83.8,1.0,83.8,Rider_Cancelled
BK_006157,CUST_02636,Z104,Z205,EV_Sedan,2026-02-24 00:58:00,2.7,135.2,1.1,148.72,Completed
BK_006158,CUST_03183,Z106,Z105,Auto_Rickshaw,2026-02-09 02:49:00,4.7,124.6,1.0,124.6,Completed
BK_006159,CUST_02164,Z305,Z205,Auto_Rickshaw,2026-03-01 08:03:00,21.4,425.2,2.1,892.92,Completed
BK_006160,CUST_03223,Z206,Z103,Bike_Taxi,2026-03-02 02:46:00,17.2,231.4,1.0,231.4,Completed
BK_006161,CUST_02150,Z106,Z204,Auto_Rickshaw,2026-02-02 00:25:00,15.4,317.2,1.2,380.64,Completed
BK_006162,CUST_03488,Z102,Z103,Auto_Rickshaw,2026-02-28 03:11:00,7.0,166.0,1.0,166.0,Completed
BK_006163,CUST_01217,Z206,Z201,Auto_Rickshaw,2026-02-11 02:50:00,14.6,302.8,1.0,302.8,Completed
BK_006164,CUST_02284,Z305,Z205,Auto_Rickshaw,2026-02-10 21:17:00,25.2,493.6,1.2,592.32,Driver_Cancelled
BK_006165,CUST_01997,Z103,Z204,EV_Sedan,2026-02-16 21:03:00,21.4,621.4,1.4,869.96,Completed
BK_006166,CUST_01920,Z304,Z203,EV_Sedan,2026-02-12 18:51:00,13.8,423.8,1.2,508.56,Completed
BK_006167,CUST_02339,Z206,Z106,Prime_Sedan,2026-03-11 10:13:00,25.7,789.6,1.8,1421.28,Rider_Cancelled
BK_006168,CUST_01514,Z106,Z303,Prime_Sedan,2026-03-05 05:52:00,25.2,775.6,1.1,853.16,Driver_Cancelled
BK_006169,CUST_02621,Z301,Z102,Auto_Rickshaw,2026-03-15 10:44:00,28.3,549.4,2.1,1153.74,Rider_Cancelled
BK_006170,CUST_03348,Z106,Z205,Bike_Taxi,2026-02-13 09:12:00,21.7,285.4,1.6,456.64,Completed
BK_006171,CUST_03177,Z305,Z303,EV_Sedan,2026-02-20 07:52:00,25.0,715.0,1.0,715.0,Completed
BK_006172,CUST_02713,Z102,Z303,Bike_Taxi,2026-03-02 23:05:00,4.8,82.6,1.0,82.6,Completed
BK_006173,CUST_03129,Z106,Z102,EV_Sedan,2026-03-14 23:36:00,12.6,392.6,1.1,431.86,Completed
BK_006174,CUST_01155,Z103,Z206,EV_Sedan,2026-03-10 12:12:00,9.2,304.2,1.2,365.04,Completed
BK_006175,CUST_02925,Z204,Z101,Prime_Sedan,2026-02-14 19:24:00,28.3,862.4,1.6,1379.84,Completed
BK_006176,CUST_01768,Z305,Z106,Auto_Rickshaw,2026-03-04 22:41:00,17.2,349.6,1.1,384.56,Completed
BK_006177,CUST_02876,Z203,Z303,Prime_Sedan,2026-03-05 16:27:00,3.2,159.6,1.1,175.56,Rider_Cancelled
BK_006178,CUST_01151,Z205,Z107,Prime_Sedan,2026-02-23 09:44:00,18.1,576.8,2.1,1211.28,Rider_Cancelled
BK_006179,CUST_01250,Z205,Z203,EV_Sedan,2026-02-07 14:29:00,16.3,488.8,1.0,488.8,Completed
BK_006180,CUST_01931,Z205,Z101,Prime_Sedan,2026-03-18 01:28:00,16.4,529.2,1.2,635.04,Completed
BK_006181,CUST_01633,Z304,Z303,EV_Sedan,2026-02-27 07:02:00,28.0,793.0,1.0,793.0,Completed
BK_006182,CUST_01198,Z305,Z104,EV_Sedan,2026-02-12 09:25:00,13.9,426.4,1.2,511.68,Rider_Cancelled
BK_006183,CUST_01082,Z101,Z201,Bike_Taxi,2026-02-05 16:56:00,28.4,365.8,1.1,402.38,Completed
BK_006184,CUST_02029,Z107,Z105,Bike_Taxi,2026-02-28 19:01:00,19.1,254.2,1.6,406.72,Completed
BK_006185,CUST_01665,Z203,Z303,Prime_Sedan,2026-03-06 05:17:00,5.3,218.4,1.2,262.08,Completed
BK_006186,CUST_01843,Z201,Z105,Bike_Taxi,2026-02-10 10:45:00,5.7,93.4,1.2,112.08,Completed
BK_006187,CUST_01173,Z304,Z302,EV_Sedan,2026-02-15 10:14:00,28.4,803.4,1.8,1446.12,Completed
BK_006188,CUST_01263,Z101,Z106,EV_Sedan,2026-02-11 23:28:00,5.3,202.8,1.0,202.8,Rider_Cancelled
BK_006189,CUST_02210,Z304,Z301,EV_Sedan,2026-03-02 15:39:00,10.2,330.2,1.0,330.2,Completed
BK_006190,CUST_01357,Z203,Z206,Prime_Sedan,2026-03-10 06:43:00,15.0,490.0,1.1,539.0,Completed
BK_006191,CUST_02583,Z201,Z204,EV_Sedan,2026-03-13 12:28:00,14.4,439.4,1.0,439.4,Completed
BK_006192,CUST_02511,Z201,Z102,Bike_Taxi,2026-03-16 08:06:00,24.1,314.2,2.4,754.08,Completed
BK_006193,CUST_01871,Z103,Z203,Bike_Taxi,2026-03-17 23:39:00,17.3,232.6,1.0,232.6,Driver_Cancelled
BK_006194,CUST_01524,Z304,Z106,EV_Sedan,2026-03-14 09:47:00,19.0,559.0,2.4,1341.6,Rider_Cancelled
BK_006195,CUST_02811,Z205,Z102,EV_Sedan,2026-02-13 03:27:00,14.6,444.6,1.1,489.06,Completed
BK_006196,CUST_02262,Z204,Z101,EV_Sedan,2026-02-05 16:36:00,18.1,535.6,1.0,535.6,Driver_Cancelled
BK_006197,CUST_03251,Z205,Z304,EV_Sedan,2026-03-14 08:00:00,18.0,533.0,2.4,1279.2,Completed
BK_006198,CUST_02041,Z107,Z303,Auto_Rickshaw,2026-03-07 16:36:00,24.9,488.2,1.1,537.02,Completed
BK_006199,CUST_02271,Z106,Z102,Prime_Sedan,2026-02-24 00:25:00,8.6,310.8,1.0,310.8,Driver_Cancelled
BK_006200,CUST_03482,Z101,Z203,EV_Sedan,2026-02-23 13:54:00,15.8,475.8,1.1,523.38,Completed
BK_006201,CUST_01738,Z202,Z103,EV_Sedan,2026-03-16 04:21:00,8.8,293.8,1.0,293.8,Completed
BK_006202,CUST_02062,Z103,Z106,Prime_Sedan,2026-02-15 20:33:00,5.6,226.8,2.4,544.32,Completed
BK_006203,CUST_01827,Z303,Z206,EV_Sedan,2026-02-15 13:19:00,17.5,520.0,1.0,520.0,Rider_Cancelled
BK_006204,CUST_02486,Z105,Z303,Prime_Sedan,2026-03-10 09:18:00,2.8,148.4,1.6,237.44,Rider_Cancelled
BK_006205,CUST_02850,Z103,Z303,Auto_Rickshaw,2026-02-11 11:39:00,27.2,529.6,2.4,1271.04,Completed
BK_006206,CUST_01009,Z206,Z101,Bike_Taxi,2026-03-10 11:20:00,18.5,247.0,2.1,518.7,Completed
BK_006207,CUST_01699,Z204,Z305,Prime_Sedan,2026-02-23 07:09:00,2.9,151.2,1.2,181.44,Completed
BK_006208,CUST_01422,Z301,Z104,EV_Sedan,2026-03-03 04:43:00,18.6,548.6,1.1,603.46,Completed
BK_006209,CUST_03392,Z104,Z204,EV_Sedan,2026-03-04 12:33:00,20.6,600.6,1.0,600.6,Completed
BK_006210,CUST_01399,Z103,Z303,Prime_Sedan,2026-02-06 16:11:00,3.6,170.8,1.0,170.8,Completed
BK_006211,CUST_02139,Z103,Z301,Bike_Taxi,2026-02-18 03:23:00,7.6,116.2,1.1,127.82,Completed
BK_006212,CUST_02887,Z204,Z302,EV_Sedan,2026-02-09 16:55:00,7.9,270.4,1.1,297.44,Driver_Cancelled
BK_006213,CUST_02010,Z103,Z106,Auto_Rickshaw,2026-02-15 04:20:00,28.0,544.0,1.1,598.4,Driver_Cancelled
BK_006214,CUST_01795,Z302,Z101,EV_Sedan,2026-03-09 02:12:00,10.4,335.4,1.0,335.4,Completed
BK_006215,CUST_01861,Z105,Z107,Auto_Rickshaw,2026-03-03 15:40:00,9.9,218.2,1.0,218.2,Completed
BK_006216,CUST_01442,Z203,Z202,EV_Sedan,2026-02-11 08:58:00,11.5,364.0,2.1,764.4,Rider_Cancelled
BK_006217,CUST_02837,Z303,Z305,EV_Sedan,2026-03-08 21:06:00,4.1,171.6,1.4,240.24,Completed
BK_006218,CUST_03106,Z106,Z305,Auto_Rickshaw,2026-02-09 08:10:00,13.2,277.6,1.4,388.64,Completed
BK_006219,CUST_02811,Z301,Z303,Bike_Taxi,2026-02-14 08:37:00,6.9,107.8,1.8,194.04,Driver_Cancelled
BK_006220,CUST_02378,Z301,Z206,EV_Sedan,2026-02-04 01:21:00,9.6,314.6,1.2,377.52,Completed
BK_006221,CUST_02692,Z105,Z302,Prime_Sedan,2026-02-07 07:44:00,16.2,523.6,1.0,523.6,Rider_Cancelled
BK_006222,CUST_01496,Z206,Z105,EV_Sedan,2026-02-27 03:28:00,27.3,774.8,1.1,852.28,Rider_Cancelled
BK_006223,CUST_03074,Z302,Z104,Prime_Sedan,2026-02-23 11:01:00,19.6,618.8,2.4,1485.12,Completed
BK_006224,CUST_01643,Z106,Z302,Prime_Sedan,2026-02-11 15:20:00,25.2,775.6,1.0,775.6,Rider_Cancelled
BK_006225,CUST_01333,Z201,Z301,Auto_Rickshaw,2026-02-12 06:40:00,14.1,293.8,1.0,293.8,Completed
BK_006226,CUST_01509,Z302,Z101,Auto_Rickshaw,2026-03-06 06:56:00,4.1,113.8,1.2,136.56,Completed
BK_006227,CUST_02939,Z204,Z206,Prime_Sedan,2026-02-15 17:17:00,20.6,646.8,1.4,905.52,Completed
BK_006228,CUST_01212,Z302,Z202,Auto_Rickshaw,2026-02-17 00:44:00,9.4,209.2,1.0,209.2,Completed
BK_006229,CUST_01052,Z204,Z301,Auto_Rickshaw,2026-03-08 18:43:00,23.5,463.0,1.4,648.2,Completed
BK_006230,CUST_01365,Z204,Z103,Bike_Taxi,2026-03-02 21:20:00,25.2,327.4,1.8,589.32,Completed
BK_006231,CUST_02677,Z202,Z107,Bike_Taxi,2026-03-04 21:10:00,21.2,279.4,2.4,670.56,ETA_Timeout
BK_006232,CUST_03484,Z303,Z206,Auto_Rickshaw,2026-02-13 05:00:00,18.2,367.6,1.0,367.6,Rider_Cancelled
BK_006233,CUST_02916,Z105,Z303,Bike_Taxi,2026-03-04 22:40:00,9.9,143.8,1.0,143.8,Completed
BK_006234,CUST_02458,Z205,Z105,Bike_Taxi,2026-02-03 00:55:00,7.1,110.2,1.2,132.24,Completed
BK_006235,CUST_01385,Z305,Z304,EV_Sedan,2026-03-12 06:56:00,14.5,442.0,1.2,530.4,Driver_Cancelled
BK_006236,CUST_03298,Z206,Z106,EV_Sedan,2026-02-04 02:49:00,16.3,488.8,1.2,586.56,Driver_Cancelled
BK_006237,CUST_02610,Z102,Z107,EV_Sedan,2026-02-01 13:19:00,5.8,215.8,1.2,258.96,Completed
BK_006238,CUST_02434,Z302,Z102,Prime_Sedan,2026-02-20 23:28:00,5.0,210.0,1.0,210.0,Completed
BK_006239,CUST_02297,Z304,Z104,Auto_Rickshaw,2026-02-14 16:30:00,16.5,337.0,1.0,337.0,Completed
BK_006240,CUST_03445,Z102,Z303,Prime_Sedan,2026-02-26 06:48:00,17.3,554.4,1.0,554.4,Completed
BK_006241,CUST_02291,Z302,Z103,Prime_Sedan,2026-02-22 10:09:00,14.3,470.4,2.1,987.84,Driver_Cancelled
BK_006242,CUST_01819,Z203,Z107,Prime_Sedan,2026-02-04 03:21:00,2.8,148.4,1.0,148.4,Completed
BK_006243,CUST_02357,Z103,Z302,Prime_Sedan,2026-03-16 10:02:00,16.4,529.2,2.4,1270.08,Rider_Cancelled
BK_006244,CUST_01762,Z302,Z206,EV_Sedan,2026-03-09 01:35:00,4.3,176.8,1.1,194.48,Completed
BK_006245,CUST_01254,Z303,Z201,Auto_Rickshaw,2026-03-11 23:35:00,15.7,322.6,1.0,322.6,Completed
BK_006246,CUST_03361,Z305,Z204,Bike_Taxi,2026-03-17 02:09:00,28.2,363.4,1.0,363.4,Completed
BK_006247,CUST_02919,Z301,Z304,EV_Sedan,2026-03-17 20:18:00,8.0,273.0,2.1,573.3,Driver_Cancelled
BK_006248,CUST_01472,Z204,Z101,EV_Sedan,2026-02-02 02:44:00,22.5,650.0,1.0,650.0,Completed
BK_006249,CUST_01717,Z102,Z202,Prime_Sedan,2026-02-20 15:42:00,10.7,369.6,1.0,369.6,Completed
BK_006250,CUST_02298,Z302,Z201,Bike_Taxi,2026-02-23 20:26:00,7.6,116.2,2.4,278.88,Completed
BK_006251,CUST_01307,Z202,Z204,Prime_Sedan,2026-02-26 17:11:00,14.7,481.6,1.8,866.88,Completed
BK_006252,CUST_03500,Z101,Z106,Auto_Rickshaw,2026-02-17 06:02:00,16.2,331.6,1.0,331.6,Completed
BK_006253,CUST_01590,Z201,Z204,Bike_Taxi,2026-03-15 12:54:00,14.0,193.0,1.2,231.6,Completed
BK_006254,CUST_02773,Z304,Z205,Auto_Rickshaw,2026-02-19 22:44:00,23.9,470.2,1.0,470.2,Driver_Cancelled
BK_006255,CUST_01548,Z304,Z202,Auto_Rickshaw,2026-02-12 00:54:00,25.8,504.4,1.0,504.4,Completed
BK_006256,CUST_03297,Z102,Z206,EV_Sedan,2026-03-14 12:19:00,5.2,200.2,1.0,200.2,Rider_Cancelled
BK_006257,CUST_01995,Z303,Z106,Prime_Sedan,2026-03-11 05:43:00,10.8,372.4,1.1,409.64,Completed
BK_006258,CUST_01761,Z103,Z204,EV_Sedan,2026-02-28 17:31:00,20.6,600.6,1.6,960.96,Completed
BK_006259,CUST_02154,Z102,Z104,Auto_Rickshaw,2026-02-06 03:04:00,7.2,169.6,1.0,169.6,Completed
BK_006260,CUST_03016,Z305,Z304,Prime_Sedan,2026-03-11 17:39:00,10.2,355.6,1.8,640.08,Driver_Cancelled
BK_006261,CUST_02645,Z305,Z105,Auto_Rickshaw,2026-02-26 14:07:00,28.3,549.4,1.1,604.34,Completed
BK_006262,CUST_01578,Z106,Z202,Prime_Sedan,2026-03-11 22:25:00,10.5,364.0,1.2,436.8,Completed
BK_006263,CUST_02536,Z304,Z201,Auto_Rickshaw,2026-02-28 03:28:00,11.4,245.2,1.0,245.2,Completed
BK_006264,CUST_01446,Z201,Z205,Bike_Taxi,2026-03-12 03:30:00,12.9,179.8,1.0,179.8,Completed
BK_006265,CUST_01184,Z106,Z104,Prime_Sedan,2026-02-16 08:41:00,5.9,235.2,1.6,376.32,Completed
BK_006266,CUST_02908,Z202,Z101,Auto_Rickshaw,2026-02-06 23:00:00,12.4,263.2,1.1,289.52,Completed
BK_006267,CUST_02471,Z105,Z201,EV_Sedan,2026-02-03 16:39:00,20.1,587.6,1.0,587.6,ETA_Timeout
BK_006268,CUST_01448,Z202,Z106,Bike_Taxi,2026-02-14 21:22:00,7.9,119.8,1.8,215.64,Completed
BK_006269,CUST_02592,Z305,Z103,EV_Sedan,2026-02-28 08:52:00,5.3,202.8,1.2,243.36,Completed
BK_006270,CUST_01290,Z103,Z303,Prime_Sedan,2026-03-04 12:52:00,23.6,730.8,1.0,730.8,Completed
BK_006271,CUST_01434,Z304,Z303,EV_Sedan,2026-02-05 08:11:00,8.5,286.0,2.1,600.6,Driver_Cancelled
BK_006272,CUST_02085,Z302,Z105,Bike_Taxi,2026-02-06 02:06:00,8.2,123.4,1.2,148.08,Completed
BK_006273,CUST_02594,Z102,Z301,Auto_Rickshaw,2026-03-15 20:54:00,5.5,139.0,2.4,333.6,Completed
BK_006274,CUST_02921,Z201,Z206,EV_Sedan,2026-03-13 02:02:00,7.6,262.6,1.0,262.6,Completed
BK_006275,CUST_02691,Z203,Z102,Auto_Rickshaw,2026-02-12 17:03:00,8.7,196.6,2.1,412.86,Completed
BK_006276,CUST_01473,Z305,Z301,EV_Sedan,2026-02-01 15:57:00,17.6,522.6,1.2,627.12,Completed
BK_006277,CUST_02657,Z105,Z203,Bike_Taxi,2026-02-16 03:43:00,7.6,116.2,1.0,116.2,Rider_Cancelled
BK_006278,CUST_01149,Z202,Z105,EV_Sedan,2026-02-27 02:57:00,12.8,397.8,1.2,477.36,Completed
BK_006279,CUST_03006,Z204,Z202,Bike_Taxi,2026-03-09 18:37:00,9.8,142.6,1.6,228.16,Completed
BK_006280,CUST_02988,Z202,Z301,Prime_Sedan,2026-03-03 12:33:00,19.9,627.2,1.1,689.92,Completed
BK_006281,CUST_03067,Z303,Z104,Bike_Taxi,2026-02-21 20:45:00,25.0,325.0,1.8,585.0,Completed
BK_006282,CUST_03190,Z102,Z301,Bike_Taxi,2026-02-13 12:44:00,8.5,127.0,1.0,127.0,Rider_Cancelled
BK_006283,CUST_03175,Z303,Z305,Auto_Rickshaw,2026-02-24 12:38:00,25.6,500.8,1.0,500.8,Completed
BK_006284,CUST_01069,Z204,Z206,Auto_Rickshaw,2026-02-24 04:56:00,19.7,394.6,1.0,394.6,Completed
BK_006285,CUST_02475,Z305,Z304,EV_Sedan,2026-02-13 12:26:00,22.6,652.6,1.2,783.12,Completed
BK_006286,CUST_03454,Z302,Z106,Bike_Taxi,2026-02-27 23:47:00,26.8,346.6,1.0,346.6,Completed
BK_006287,CUST_02018,Z302,Z107,Auto_Rickshaw,2026-03-17 13:58:00,3.4,101.2,1.0,101.2,Driver_Cancelled
BK_006288,CUST_01724,Z305,Z302,Auto_Rickshaw,2026-03-15 18:03:00,16.4,335.2,1.4,469.28,Completed
BK_006289,CUST_02556,Z107,Z301,Bike_Taxi,2026-03-07 11:58:00,16.0,217.0,2.1,455.7,Completed
BK_006290,CUST_01257,Z301,Z205,Bike_Taxi,2026-03-17 15:30:00,13.8,190.6,1.0,190.6,Driver_Cancelled
BK_006291,CUST_01826,Z104,Z303,Auto_Rickshaw,2026-02-12 10:00:00,3.8,108.4,2.4,260.16,Driver_Cancelled
BK_006292,CUST_01990,Z303,Z304,Auto_Rickshaw,2026-02-21 08:50:00,10.3,225.4,2.4,540.96,Completed
BK_006293,CUST_02725,Z203,Z206,Prime_Sedan,2026-02-28 13:24:00,23.8,736.4,1.1,810.04,Rider_Cancelled
BK_006294,CUST_01434,Z304,Z303,Auto_Rickshaw,2026-02-11 04:31:00,5.3,135.4,1.1,148.94,Completed
BK_006295,CUST_01435,Z201,Z204,Bike_Taxi,2026-03-13 03:51:00,3.9,71.8,1.2,86.16,Completed
BK_006296,CUST_01870,Z204,Z201,EV_Sedan,2026-03-03 02:41:00,5.7,213.2,1.2,255.84,Completed
BK_006297,CUST_01725,Z305,Z204,Auto_Rickshaw,2026-02-22 20:13:00,8.0,184.0,1.6,294.4,Driver_Cancelled
BK_006298,CUST_02837,Z305,Z206,EV_Sedan,2026-03-16 12:33:00,11.2,356.2,1.0,356.2,Completed
BK_006299,CUST_01023,Z302,Z205,EV_Sedan,2026-02-03 10:59:00,21.4,621.4,1.6,994.24,Completed
BK_006300,CUST_01025,Z202,Z301,Bike_Taxi,2026-02-07 01:20:00,11.1,158.2,1.2,189.84,Completed
BK_006301,CUST_01444,Z301,Z101,Auto_Rickshaw,2026-03-16 01:34:00,4.7,124.6,1.1,137.06,Driver_Cancelled
BK_006302,CUST_02009,Z204,Z304,Auto_Rickshaw,2026-03-03 22:15:00,23.5,463.0,1.1,509.3,Rider_Cancelled
BK_006303,CUST_01491,Z304,Z201,Auto_Rickshaw,2026-03-17 10:29:00,3.5,103.0,1.2,123.6,Completed
BK_006304,CUST_01878,Z304,Z204,Prime_Sedan,2026-03-16 01:35:00,22.3,694.4,1.2,833.28,Completed
BK_006305,CUST_02414,Z304,Z102,Prime_Sedan,2026-03-02 12:51:00,7.6,282.8,1.0,282.8,Completed
BK_006306,CUST_02608,Z302,Z102,Prime_Sedan,2026-02-15 04:10:00,23.5,728.0,1.0,728.0,Completed
BK_006307,CUST_01139,Z105,Z203,EV_Sedan,2026-02-02 15:07:00,27.9,790.4,1.0,790.4,ETA_Timeout
BK_006308,CUST_03081,Z303,Z304,Bike_Taxi,2026-02-24 05:38:00,26.0,337.0,1.0,337.0,Completed
BK_006309,CUST_02768,Z206,Z101,Prime_Sedan,2026-02-05 06:50:00,5.1,212.8,1.0,212.8,Rider_Cancelled
BK_006310,CUST_02112,Z105,Z206,Bike_Taxi,2026-03-01 21:06:00,9.7,141.4,1.4,197.96,Completed
BK_006311,CUST_02501,Z205,Z105,Auto_Rickshaw,2026-03-15 01:22:00,26.2,511.6,1.0,511.6,Completed
BK_006312,CUST_02952,Z301,Z302,Auto_Rickshaw,2026-02-15 09:33:00,3.9,110.2,2.4,264.48,Completed
BK_006313,CUST_02829,Z105,Z107,EV_Sedan,2026-02-24 15:40:00,5.2,200.2,1.0,200.2,Completed
BK_006314,CUST_03234,Z302,Z204,Auto_Rickshaw,2026-02-02 08:17:00,5.9,146.2,2.1,307.02,Completed
BK_006315,CUST_03010,Z103,Z304,EV_Sedan,2026-02-16 05:16:00,3.4,153.4,1.2,184.08,Completed
BK_006316,CUST_02511,Z103,Z304,Auto_Rickshaw,2026-03-08 10:52:00,4.1,113.8,1.2,136.56,Completed
BK_006317,CUST_01833,Z102,Z105,Bike_Taxi,2026-02-11 18:05:00,9.8,142.6,1.2,171.12,Completed
BK_006318,CUST_02341,Z105,Z204,Auto_Rickshaw,2026-03-05 06:17:00,8.4,191.2,1.0,191.2,Completed
BK_006319,CUST_02101,Z304,Z305,Prime_Sedan,2026-02-03 18:12:00,26.2,803.6,1.2,964.32,Completed
BK_006320,CUST_02300,Z101,Z204,Auto_Rickshaw,2026-02-07 11:39:00,10.4,227.2,1.6,363.52,Completed
BK_006321,CUST_02044,Z107,Z101,Prime_Sedan,2026-03-08 16:57:00,19.5,616.0,1.0,616.0,Completed
BK_006322,CUST_02808,Z204,Z205,Bike_Taxi,2026-02-05 05:18:00,11.3,160.6,1.2,192.72,Rider_Cancelled
BK_006323,CUST_01089,Z107,Z205,EV_Sedan,2026-02-13 15:19:00,23.6,678.6,1.0,678.6,Rider_Cancelled
BK_006324,CUST_02380,Z107,Z106,EV_Sedan,2026-02-17 11:21:00,24.3,696.8,2.1,1463.28,ETA_Timeout
BK_006325,CUST_02638,Z303,Z103,EV_Sedan,2026-02-08 14:57:00,13.4,413.4,1.0,413.4,Rider_Cancelled
BK_006326,CUST_02906,Z302,Z201,Bike_Taxi,2026-02-28 00:15:00,18.8,250.6,1.1,275.66,Completed
BK_006327,CUST_01424,Z104,Z102,Prime_Sedan,2026-03-16 17:33:00,21.6,674.8,1.4,944.72,Rider_Cancelled
BK_006328,CUST_02843,Z201,Z303,Prime_Sedan,2026-02-11 20:53:00,27.1,828.8,2.4,1989.12,Completed
BK_006329,CUST_02557,Z205,Z303,Bike_Taxi,2026-02-26 02:45:00,12.7,177.4,1.0,177.4,Completed
BK_006330,CUST_01940,Z106,Z301,Prime_Sedan,2026-02-16 22:04:00,8.6,310.8,1.0,310.8,Rider_Cancelled
BK_006331,CUST_02017,Z302,Z205,Bike_Taxi,2026-02-09 11:15:00,11.6,164.2,1.4,229.88,Driver_Cancelled
BK_006332,CUST_03499,Z106,Z102,Auto_Rickshaw,2026-02-24 14:33:00,20.9,416.2,1.1,457.82,Completed
BK_006333,CUST_02332,Z201,Z106,Prime_Sedan,2026-02-23 20:51:00,18.9,599.2,1.8,1078.56,Completed
BK_006334,CUST_02130,Z304,Z204,Auto_Rickshaw,2026-02-18 02:10:00,5.2,133.6,1.0,133.6,Completed
BK_006335,CUST_02560,Z103,Z104,EV_Sedan,2026-02-10 02:19:00,25.1,717.6,1.0,717.6,Completed
BK_006336,CUST_03434,Z302,Z205,EV_Sedan,2026-03-03 16:05:00,22.7,655.2,1.2,786.24,Completed
BK_006337,CUST_03290,Z201,Z102,Prime_Sedan,2026-02-25 14:10:00,2.8,148.4,1.0,148.4,Completed
BK_006338,CUST_03296,Z303,Z203,Bike_Taxi,2026-02-16 13:34:00,9.6,140.2,1.1,154.22,Completed
BK_006339,CUST_02717,Z107,Z202,Bike_Taxi,2026-02-26 15:18:00,13.7,189.4,1.1,208.34,Completed
BK_006340,CUST_02918,Z302,Z103,Bike_Taxi,2026-03-11 13:09:00,20.6,272.2,1.0,272.2,Driver_Cancelled
BK_006341,CUST_03277,Z201,Z106,Auto_Rickshaw,2026-02-17 08:48:00,4.9,128.2,2.4,307.68,Completed
BK_006342,CUST_02770,Z105,Z107,Prime_Sedan,2026-02-19 20:37:00,9.1,324.8,1.6,519.68,Driver_Cancelled
BK_006343,CUST_02144,Z106,Z206,Auto_Rickshaw,2026-03-01 08:02:00,20.5,409.0,1.2,490.8,ETA_Timeout
BK_006344,CUST_01979,Z305,Z107,Bike_Taxi,2026-03-08 03:13:00,12.9,179.8,1.0,179.8,Rider_Cancelled
BK_006345,CUST_01665,Z304,Z101,Auto_Rickshaw,2026-03-04 06:58:00,23.2,457.6,1.2,549.12,Completed
BK_006346,CUST_02816,Z104,Z101,EV_Sedan,2026-02-02 22:23:00,11.4,361.4,1.0,361.4,Completed
BK_006347,CUST_02777,Z202,Z102,Auto_Rickshaw,2026-02-06 23:04:00,21.8,432.4,1.0,432.4,Rider_Cancelled
BK_006348,CUST_02362,Z107,Z301,Auto_Rickshaw,2026-03-14 06:56:00,8.1,185.8,1.1,204.38,Completed
BK_006349,CUST_03281,Z106,Z104,Prime_Sedan,2026-03-12 09:49:00,23.0,714.0,1.4,999.6,Completed
BK_006350,CUST_01565,Z106,Z107,EV_Sedan,2026-02-07 09:49:00,10.3,332.8,1.6,532.48,Rider_Cancelled
BK_006351,CUST_01801,Z105,Z301,Bike_Taxi,2026-02-19 23:07:00,18.1,242.2,1.2,290.64,Completed
BK_006352,CUST_03297,Z202,Z203,Auto_Rickshaw,2026-02-28 01:35:00,20.4,407.2,1.1,447.92,Completed
BK_006353,CUST_03091,Z205,Z302,Bike_Taxi,2026-02-15 04:24:00,23.1,302.2,1.2,362.64,Completed
BK_006354,CUST_02203,Z102,Z201,Auto_Rickshaw,2026-02-11 01:06:00,20.2,403.6,1.0,403.6,Completed
BK_006355,CUST_01371,Z203,Z206,Bike_Taxi,2026-02-21 22:56:00,17.1,230.2,1.0,230.2,Completed
BK_006356,CUST_01326,Z301,Z303,EV_Sedan,2026-02-22 02:27:00,18.0,533.0,1.2,639.6,Completed
BK_006357,CUST_02745,Z102,Z205,Prime_Sedan,2026-03-03 18:47:00,24.4,753.2,1.2,903.84,Completed
BK_006358,CUST_01112,Z205,Z107,EV_Sedan,2026-02-18 10:30:00,7.8,267.8,1.4,374.92,Driver_Cancelled
BK_006359,CUST_02334,Z301,Z102,Bike_Taxi,2026-02-17 17:54:00,12.3,172.6,2.4,414.24,Completed
BK_006360,CUST_01443,Z303,Z102,Auto_Rickshaw,2026-03-09 00:14:00,20.0,400.0,1.1,440.0,Rider_Cancelled
BK_006361,CUST_02120,Z201,Z302,Auto_Rickshaw,2026-02-02 17:35:00,11.8,252.4,1.8,454.32,Completed
BK_006362,CUST_02451,Z305,Z303,Prime_Sedan,2026-02-06 03:02:00,19.4,613.2,1.0,613.2,Completed
BK_006363,CUST_02519,Z206,Z303,Auto_Rickshaw,2026-02-15 00:49:00,19.3,387.4,1.0,387.4,Completed
BK_006364,CUST_01183,Z101,Z301,Auto_Rickshaw,2026-03-06 03:22:00,16.7,340.6,1.0,340.6,Completed
BK_006365,CUST_01841,Z105,Z103,Prime_Sedan,2026-02-17 12:34:00,13.4,445.2,1.2,534.24,Completed
BK_006366,CUST_01982,Z302,Z102,Bike_Taxi,2026-03-18 03:14:00,9.8,142.6,1.1,156.86,Completed
BK_006367,CUST_03423,Z303,Z202,Auto_Rickshaw,2026-02-28 03:32:00,14.0,292.0,1.2,350.4,Completed
BK_006368,CUST_02559,Z206,Z205,Prime_Sedan,2026-02-03 19:40:00,27.9,851.2,1.6,1361.92,Driver_Cancelled
BK_006369,CUST_02786,Z104,Z105,Auto_Rickshaw,2026-03-17 20:08:00,4.8,126.4,1.8,227.52,Completed
BK_006370,CUST_01868,Z106,Z102,EV_Sedan,2026-02-07 02:15:00,25.9,738.4,1.1,812.24,Driver_Cancelled
BK_006371,CUST_02378,Z106,Z107,Bike_Taxi,2026-02-19 19:56:00,10.7,153.4,1.4,214.76,Completed
BK_006372,CUST_01393,Z303,Z206,Bike_Taxi,2026-02-25 15:10:00,24.7,321.4,1.0,321.4,Completed
BK_006373,CUST_03244,Z301,Z302,EV_Sedan,2026-02-26 18:00:00,5.3,202.8,1.2,243.36,Rider_Cancelled
BK_006374,CUST_02096,Z107,Z303,Bike_Taxi,2026-02-22 06:18:00,10.5,151.0,1.0,151.0,Completed
BK_006375,CUST_01524,Z103,Z104,EV_Sedan,2026-03-14 10:47:00,15.4,465.4,1.2,558.48,Rider_Cancelled
BK_006376,CUST_02881,Z303,Z102,Bike_Taxi,2026-02-17 05:36:00,26.0,337.0,1.1,370.7,Rider_Cancelled
BK_006377,CUST_01785,Z201,Z107,Auto_Rickshaw,2026-03-09 16:33:00,12.0,256.0,1.0,256.0,Completed
BK_006378,CUST_02401,Z106,Z301,EV_Sedan,2026-03-05 03:40:00,8.4,283.4,1.2,340.08,Completed
BK_006379,CUST_02879,Z101,Z304,Prime_Sedan,2026-02-12 05:34:00,16.4,529.2,1.0,529.2,Completed
BK_006380,CUST_02414,Z205,Z104,Prime_Sedan,2026-03-01 20:59:00,10.3,358.4,1.4,501.76,Completed
BK_006381,CUST_02656,Z305,Z301,Bike_Taxi,2026-02-04 01:19:00,27.8,358.6,1.0,358.6,Rider_Cancelled
BK_006382,CUST_03431,Z304,Z106,Auto_Rickshaw,2026-03-01 12:13:00,20.5,409.0,1.2,490.8,Completed
BK_006383,CUST_01806,Z105,Z303,EV_Sedan,2026-02-22 07:15:00,26.9,764.4,1.0,764.4,Driver_Cancelled
BK_006384,CUST_01164,Z305,Z107,Auto_Rickshaw,2026-03-07 13:05:00,2.6,86.8,1.0,86.8,Completed
BK_006385,CUST_03178,Z303,Z101,Prime_Sedan,2026-02-27 12:45:00,16.1,520.8,1.0,520.8,Rider_Cancelled
BK_006386,CUST_01370,Z104,Z205,EV_Sedan,2026-02-26 17:48:00,8.2,278.2,2.1,584.22,Completed
BK_006387,CUST_01074,Z205,Z105,Bike_Taxi,2026-02-15 18:41:00,4.1,74.2,1.8,133.56,Completed
BK_006388,CUST_02118,Z104,Z107,EV_Sedan,2026-02-20 23:31:00,23.8,683.8,1.0,683.8,Completed
BK_006389,CUST_02153,Z302,Z202,Auto_Rickshaw,2026-02-18 15:26:00,13.0,274.0,1.0,274.0,Driver_Cancelled
BK_006390,CUST_01145,Z303,Z206,Bike_Taxi,2026-02-12 06:44:00,8.3,124.6,1.2,149.52,Completed
BK_006391,CUST_01050,Z301,Z102,Auto_Rickshaw,2026-03-02 00:14:00,3.9,110.2,1.1,121.22,Completed
BK_006392,CUST_03321,Z101,Z105,Prime_Sedan,2026-02-04 22:07:00,6.2,243.6,1.1,267.96,Rider_Cancelled
BK_006393,CUST_01341,Z202,Z205,EV_Sedan,2026-03-03 20:29:00,21.8,631.8,1.2,758.16,Completed
BK_006394,CUST_01142,Z305,Z103,Prime_Sedan,2026-02-09 16:16:00,18.3,582.4,1.1,640.64,Completed
BK_006395,CUST_01536,Z304,Z202,EV_Sedan,2026-03-07 12:02:00,23.7,681.2,1.0,681.2,Completed
BK_006396,CUST_01671,Z206,Z102,Prime_Sedan,2026-02-25 11:05:00,24.0,742.0,1.4,1038.8,Completed
BK_006397,CUST_02147,Z103,Z104,Auto_Rickshaw,2026-02-23 06:21:00,5.5,139.0,1.0,139.0,Rider_Cancelled
BK_006398,CUST_02835,Z101,Z303,EV_Sedan,2026-02-14 19:47:00,8.3,280.8,2.4,673.92,Completed
BK_006399,CUST_01886,Z305,Z104,Bike_Taxi,2026-02-14 03:49:00,2.8,58.6,1.0,58.6,Completed
BK_006400,CUST_02248,Z105,Z305,EV_Sedan,2026-03-07 05:43:00,6.2,226.2,1.0,226.2,Completed
BK_006401,CUST_02187,Z105,Z206,EV_Sedan,2026-02-25 11:10:00,8.6,288.6,2.4,692.64,Completed
BK_006402,CUST_01552,Z105,Z203,Auto_Rickshaw,2026-02-12 15:36:00,22.3,441.4,1.0,441.4,Rider_Cancelled
BK_006403,CUST_02901,Z304,Z203,Auto_Rickshaw,2026-02-15 20:23:00,3.2,97.6,2.1,204.96,Completed
BK_006404,CUST_02117,Z105,Z206,EV_Sedan,2026-02-26 23:14:00,13.4,413.4,1.2,496.08,ETA_Timeout
BK_006405,CUST_01177,Z206,Z302,EV_Sedan,2026-02-12 21:54:00,5.5,208.0,1.8,374.4,Driver_Cancelled
BK_006406,CUST_01561,Z201,Z303,Auto_Rickshaw,2026-02-01 16:33:00,4.3,117.4,1.0,117.4,Driver_Cancelled
BK_006407,CUST_01181,Z205,Z104,EV_Sedan,2026-03-18 05:25:00,27.1,769.6,1.1,846.56,Completed
BK_006408,CUST_02552,Z206,Z106,Bike_Taxi,2026-02-19 04:02:00,25.6,332.2,1.2,398.64,Completed
BK_006409,CUST_03148,Z301,Z107,EV_Sedan,2026-02-02 22:14:00,5.6,210.6,1.1,231.66,Completed
BK_006410,CUST_03160,Z102,Z202,EV_Sedan,2026-02-12 13:36:00,5.1,197.6,1.0,197.6,Completed
BK_006411,CUST_01151,Z204,Z101,Auto_Rickshaw,2026-02-11 00:57:00,23.1,455.8,1.0,455.8,Completed
BK_006412,CUST_01259,Z103,Z104,Auto_Rickshaw,2026-03-07 23:28:00,21.2,421.6,1.0,421.6,Completed
BK_006413,CUST_03188,Z103,Z204,Prime_Sedan,2026-03-06 17:08:00,2.7,145.6,1.8,262.08,Rider_Cancelled
BK_006414,CUST_01972,Z105,Z301,Bike_Taxi,2026-03-11 11:23:00,9.9,143.8,1.4,201.32,Completed
BK_006415,CUST_01431,Z205,Z201,Bike_Taxi,2026-02-26 02:46:00,3.6,68.2,1.0,68.2,Driver_Cancelled
BK_006416,CUST_03463,Z303,Z204,Auto_Rickshaw,2026-02-09 14:33:00,20.4,407.2,1.1,447.92,Completed
BK_006417,CUST_02680,Z201,Z303,EV_Sedan,2026-02-23 01:49:00,22.5,650.0,1.0,650.0,Completed
BK_006418,CUST_02276,Z107,Z202,EV_Sedan,2026-03-05 11:11:00,12.6,392.6,1.2,471.12,Completed
BK_006419,CUST_03005,Z107,Z204,Auto_Rickshaw,2026-03-06 23:36:00,20.8,414.4,1.0,414.4,Driver_Cancelled
BK_006420,CUST_02296,Z105,Z302,Bike_Taxi,2026-02-23 03:08:00,26.3,340.6,1.0,340.6,Completed
BK_006421,CUST_01058,Z301,Z106,Prime_Sedan,2026-02-18 01:02:00,22.8,708.4,1.2,850.08,Completed
BK_006422,CUST_02539,Z206,Z102,Bike_Taxi,2026-02-25 05:32:00,22.9,299.8,1.1,329.78,Completed
BK_006423,CUST_03371,Z301,Z303,Auto_Rickshaw,2026-02-10 02:28:00,10.7,232.6,1.1,255.86,Completed
BK_006424,CUST_02930,Z205,Z204,Prime_Sedan,2026-03-04 23:45:00,25.7,789.6,1.0,789.6,Completed
BK_006425,CUST_02550,Z107,Z303,Auto_Rickshaw,2026-03-01 08:30:00,21.9,434.2,1.8,781.56,Completed
BK_006426,CUST_01670,Z106,Z201,EV_Sedan,2026-02-05 13:53:00,27.9,790.4,1.0,790.4,Completed
BK_006427,CUST_02203,Z101,Z303,EV_Sedan,2026-03-13 13:54:00,24.5,702.0,1.0,702.0,Driver_Cancelled
BK_006428,CUST_02309,Z206,Z301,EV_Sedan,2026-03-15 02:16:00,13.2,408.2,1.1,449.02,Completed
BK_006429,CUST_01878,Z204,Z304,Bike_Taxi,2026-03-15 23:29:00,14.8,202.6,1.0,202.6,Completed
BK_006430,CUST_02476,Z104,Z203,Bike_Taxi,2026-03-04 18:25:00,10.6,152.2,2.1,319.62,Rider_Cancelled
BK_006431,CUST_01248,Z301,Z102,Bike_Taxi,2026-02-02 03:19:00,15.8,214.6,1.0,214.6,Completed
BK_006432,CUST_01693,Z102,Z104,EV_Sedan,2026-02-05 10:24:00,9.6,314.6,2.4,755.04,Completed
BK_006433,CUST_01289,Z102,Z105,EV_Sedan,2026-02-04 20:20:00,13.1,405.6,2.4,973.44,Completed
BK_006434,CUST_01720,Z202,Z205,Prime_Sedan,2026-02-17 23:19:00,17.6,562.8,1.0,562.8,Rider_Cancelled
BK_006435,CUST_01546,Z301,Z302,Bike_Taxi,2026-03-11 16:30:00,18.2,243.4,1.0,243.4,Completed
BK_006436,CUST_03331,Z203,Z102,Bike_Taxi,2026-02-14 00:55:00,23.5,307.0,1.0,307.0,Driver_Cancelled
BK_006437,CUST_01486,Z202,Z107,Auto_Rickshaw,2026-02-17 08:11:00,2.8,90.4,1.2,108.48,Completed
BK_006438,CUST_02352,Z301,Z305,Auto_Rickshaw,2026-03-06 05:07:00,18.6,374.8,1.0,374.8,Driver_Cancelled
BK_006439,CUST_01937,Z101,Z106,Bike_Taxi,2026-02-21 18:50:00,4.5,79.0,2.1,165.9,Driver_Cancelled
BK_006440,CUST_02789,Z104,Z305,EV_Sedan,2026-02-16 08:46:00,3.1,145.6,1.2,174.72,Completed
BK_006441,CUST_02408,Z203,Z103,Auto_Rickshaw,2026-02-11 10:13:00,4.4,119.2,2.4,286.08,Driver_Cancelled
BK_006442,CUST_02948,Z305,Z103,Bike_Taxi,2026-03-13 06:08:00,7.8,118.6,1.2,142.32,Completed
BK_006443,CUST_02812,Z301,Z205,Auto_Rickshaw,2026-02-01 08:33:00,15.5,319.0,1.6,510.4,Completed
BK_006444,CUST_03132,Z105,Z201,EV_Sedan,2026-02-20 16:30:00,28.2,798.2,1.0,798.2,Completed
BK_006445,CUST_02283,Z103,Z304,Auto_Rickshaw,2026-03-05 08:09:00,11.9,254.2,1.2,305.04,ETA_Timeout
BK_006446,CUST_01954,Z106,Z105,EV_Sedan,2026-02-26 11:15:00,5.4,205.4,1.4,287.56,Completed
BK_006447,CUST_02166,Z101,Z201,Auto_Rickshaw,2026-02-19 20:05:00,18.8,378.4,1.4,529.76,Completed
BK_006448,CUST_02759,Z302,Z202,Prime_Sedan,2026-03-05 07:11:00,24.6,758.8,1.0,758.8,Completed
BK_006449,CUST_02827,Z107,Z103,Bike_Taxi,2026-03-08 03:15:00,3.2,63.4,1.0,63.4,Completed
BK_006450,CUST_01033,Z305,Z105,EV_Sedan,2026-02-22 15:42:00,11.6,366.6,1.2,439.92,Completed
BK_006451,CUST_03139,Z103,Z102,Bike_Taxi,2026-03-03 04:00:00,5.3,88.6,1.2,106.32,Completed
BK_006452,CUST_02360,Z304,Z301,Auto_Rickshaw,2026-02-09 06:15:00,23.9,470.2,1.1,517.22,Completed
BK_006453,CUST_01201,Z104,Z102,Auto_Rickshaw,2026-02-04 19:39:00,6.3,153.4,1.8,276.12,Completed
BK_006454,CUST_03433,Z206,Z102,Auto_Rickshaw,2026-02-23 13:33:00,5.4,137.2,1.0,137.2,Completed
BK_006455,CUST_01633,Z202,Z305,Bike_Taxi,2026-03-10 14:16:00,24.6,320.2,1.2,384.24,Completed
BK_006456,CUST_01808,Z104,Z107,Bike_Taxi,2026-02-25 17:28:00,4.8,82.6,2.4,198.24,ETA_Timeout
BK_006457,CUST_01752,Z302,Z304,EV_Sedan,2026-02-18 08:37:00,23.6,678.6,1.6,1085.76,Driver_Cancelled
BK_006458,CUST_01635,Z202,Z106,EV_Sedan,2026-02-15 16:36:00,11.8,371.8,1.0,371.8,Completed
BK_006459,CUST_01433,Z304,Z302,EV_Sedan,2026-02-16 04:10:00,15.9,478.4,1.0,478.4,Completed
BK_006460,CUST_01928,Z103,Z302,EV_Sedan,2026-03-13 00:09:00,3.9,166.4,1.1,183.04,Completed
BK_006461,CUST_03133,Z301,Z106,Auto_Rickshaw,2026-03-13 09:30:00,23.3,459.4,1.4,643.16,Driver_Cancelled
BK_006462,CUST_02154,Z101,Z302,EV_Sedan,2026-03-13 21:41:00,6.0,221.0,1.8,397.8,Rider_Cancelled
BK_006463,CUST_02557,Z105,Z303,EV_Sedan,2026-03-17 04:23:00,17.8,527.8,1.0,527.8,Rider_Cancelled
BK_006464,CUST_03373,Z301,Z106,EV_Sedan,2026-02-06 10:10:00,11.5,364.0,2.1,764.4,Driver_Cancelled
BK_006465,CUST_02528,Z107,Z305,Prime_Sedan,2026-02-14 08:41:00,11.6,394.8,1.8,710.64,Driver_Cancelled
BK_006466,CUST_01896,Z206,Z204,Auto_Rickshaw,2026-02-27 03:53:00,21.6,428.8,1.0,428.8,Completed
BK_006467,CUST_02350,Z304,Z301,Prime_Sedan,2026-02-17 21:39:00,25.6,786.8,2.4,1888.32,Driver_Cancelled
BK_006468,CUST_03280,Z302,Z106,Prime_Sedan,2026-03-14 12:26:00,3.6,170.8,1.2,204.96,Completed
BK_006469,CUST_01137,Z205,Z302,EV_Sedan,2026-02-03 06:21:00,26.8,761.8,1.0,761.8,Completed
BK_006470,CUST_03284,Z102,Z103,EV_Sedan,2026-02-17 04:28:00,2.9,140.4,1.0,140.4,Completed
BK_006471,CUST_01847,Z101,Z304,Auto_Rickshaw,2026-02-01 17:09:00,3.6,104.8,2.4,251.52,Completed
BK_006472,CUST_03121,Z304,Z107,Bike_Taxi,2026-03-07 19:05:00,22.3,292.6,1.8,526.68,Completed
BK_006473,CUST_02628,Z204,Z203,Auto_Rickshaw,2026-03-15 17:23:00,9.0,202.0,1.8,363.6,Driver_Cancelled
BK_006474,CUST_01346,Z102,Z203,Prime_Sedan,2026-03-13 02:34:00,24.5,756.0,1.0,756.0,Completed
BK_006475,CUST_02291,Z107,Z101,Bike_Taxi,2026-02-01 19:44:00,24.4,317.8,2.1,667.38,Completed
BK_006476,CUST_03335,Z205,Z202,Prime_Sedan,2026-02-01 09:31:00,14.5,476.0,1.2,571.2,Rider_Cancelled
BK_006477,CUST_01785,Z204,Z202,Auto_Rickshaw,2026-02-12 19:51:00,10.7,232.6,2.1,488.46,Rider_Cancelled
BK_006478,CUST_03130,Z103,Z201,EV_Sedan,2026-02-16 00:58:00,26.3,748.8,1.0,748.8,Driver_Cancelled
BK_006479,CUST_02130,Z101,Z102,Auto_Rickshaw,2026-02-26 18:21:00,17.0,346.0,2.1,726.6,ETA_Timeout
BK_006480,CUST_02438,Z204,Z301,EV_Sedan,2026-03-15 21:11:00,12.7,395.2,2.1,829.92,Completed
BK_006481,CUST_03238,Z302,Z107,Prime_Sedan,2026-03-12 12:47:00,22.3,694.4,1.1,763.84,Completed
BK_006482,CUST_03292,Z104,Z103,Bike_Taxi,2026-02-20 08:03:00,15.1,206.2,1.8,371.16,Completed
BK_006483,CUST_02470,Z101,Z303,Bike_Taxi,2026-02-03 08:18:00,19.0,253.0,1.8,455.4,Completed
BK_006484,CUST_01339,Z305,Z201,EV_Sedan,2026-03-11 00:44:00,24.6,704.6,1.0,704.6,Rider_Cancelled
BK_006485,CUST_01487,Z305,Z201,EV_Sedan,2026-02-08 12:06:00,24.7,707.2,1.2,848.64,Driver_Cancelled
BK_006486,CUST_01569,Z301,Z107,EV_Sedan,2026-03-17 05:50:00,6.9,244.4,1.0,244.4,Driver_Cancelled
BK_006487,CUST_03415,Z104,Z102,Auto_Rickshaw,2026-03-02 06:52:00,5.8,144.4,1.0,144.4,Completed
BK_006488,CUST_01751,Z104,Z101,Bike_Taxi,2026-02-18 06:27:00,4.3,76.6,1.0,76.6,Completed
BK_006489,CUST_02854,Z101,Z201,Auto_Rickshaw,2026-02-12 17:43:00,16.4,335.2,1.6,536.32,Completed
BK_006490,CUST_02471,Z202,Z102,EV_Sedan,2026-02-16 09:15:00,19.9,582.4,2.4,1397.76,Completed
BK_006491,CUST_01675,Z107,Z103,Auto_Rickshaw,2026-03-10 05:01:00,5.3,135.4,1.0,135.4,Completed
BK_006492,CUST_02377,Z201,Z103,EV_Sedan,2026-02-14 20:53:00,16.2,486.2,2.1,1021.02,Completed
BK_006493,CUST_01340,Z201,Z101,Bike_Taxi,2026-02-01 15:47:00,14.1,194.2,1.0,194.2,Completed
BK_006494,CUST_02945,Z202,Z204,EV_Sedan,2026-02-04 11:16:00,14.6,444.6,2.4,1067.04,Driver_Cancelled
BK_006495,CUST_01988,Z101,Z204,Bike_Taxi,2026-02-19 14:06:00,6.6,104.2,1.1,114.62,Completed
BK_006496,CUST_01785,Z202,Z103,EV_Sedan,2026-03-17 06:39:00,22.3,644.8,1.1,709.28,Completed
BK_006497,CUST_02908,Z103,Z305,EV_Sedan,2026-02-04 18:57:00,22.3,644.8,1.2,773.76,Driver_Cancelled
BK_006498,CUST_02668,Z204,Z105,EV_Sedan,2026-02-15 02:02:00,13.6,418.6,1.2,502.32,Completed
BK_006499,CUST_03310,Z205,Z301,Auto_Rickshaw,2026-02-28 05:12:00,7.6,176.8,1.0,176.8,Completed
BK_006500,CUST_03224,Z204,Z101,Bike_Taxi,2026-02-06 11:23:00,16.1,218.2,1.4,305.48,Completed
BK_006501,CUST_02634,Z205,Z202,Auto_Rickshaw,2026-02-06 17:27:00,20.0,400.0,2.1,840.0,Driver_Cancelled
BK_006502,CUST_01867,Z301,Z107,Auto_Rickshaw,2026-02-05 13:22:00,19.4,389.2,1.1,428.12,ETA_Timeout
BK_006503,CUST_03327,Z303,Z107,Prime_Sedan,2026-02-01 17:35:00,19.2,607.6,1.2,729.12,Completed
BK_006504,CUST_02353,Z301,Z304,EV_Sedan,2026-02-28 16:40:00,15.6,470.6,1.2,564.72,Completed
BK_006505,CUST_01407,Z103,Z302,Prime_Sedan,2026-03-05 19:58:00,9.6,338.8,1.4,474.32,Completed
BK_006506,CUST_01795,Z206,Z103,EV_Sedan,2026-02-23 19:01:00,9.3,306.8,2.1,644.28,Completed
BK_006507,CUST_01824,Z104,Z106,Prime_Sedan,2026-02-13 10:46:00,24.9,767.2,1.2,920.64,Completed
BK_006508,CUST_01099,Z203,Z302,Auto_Rickshaw,2026-03-05 01:43:00,27.4,533.2,1.0,533.2,Completed
BK_006509,CUST_02909,Z106,Z301,Auto_Rickshaw,2026-02-07 14:14:00,24.0,472.0,1.0,472.0,Completed
BK_006510,CUST_02434,Z204,Z104,EV_Sedan,2026-03-17 06:05:00,9.2,304.2,1.0,304.2,Completed
BK_006511,CUST_01575,Z301,Z303,Prime_Sedan,2026-03-02 17:24:00,19.0,602.0,1.4,842.8,Completed
BK_006512,CUST_01667,Z206,Z304,EV_Sedan,2026-03-09 10:03:00,15.7,473.2,1.6,757.12,Driver_Cancelled
BK_006513,CUST_03327,Z102,Z203,Auto_Rickshaw,2026-02-19 23:42:00,9.9,218.2,1.0,218.2,Completed
BK_006514,CUST_02871,Z104,Z205,Bike_Taxi,2026-02-21 07:48:00,13.1,182.2,1.1,200.42,Driver_Cancelled
BK_006515,CUST_01372,Z106,Z101,Auto_Rickshaw,2026-02-02 05:50:00,7.6,176.8,1.0,176.8,Rider_Cancelled
BK_006516,CUST_01063,Z304,Z106,Auto_Rickshaw,2026-03-06 09:22:00,20.6,410.8,2.4,985.92,ETA_Timeout
BK_006517,CUST_01876,Z203,Z201,Prime_Sedan,2026-02-19 10:53:00,14.1,464.8,1.6,743.68,Completed
BK_006518,CUST_02742,Z302,Z304,Auto_Rickshaw,2026-02-04 03:06:00,15.8,324.4,1.0,324.4,Rider_Cancelled
BK_006519,CUST_02100,Z203,Z205,Bike_Taxi,2026-02-08 16:45:00,10.8,154.6,1.2,185.52,Rider_Cancelled
BK_006520,CUST_02628,Z302,Z305,Prime_Sedan,2026-02-03 03:39:00,6.8,260.4,1.2,312.48,Completed
BK_006521,CUST_01617,Z204,Z302,Auto_Rickshaw,2026-02-27 18:38:00,10.4,227.2,1.4,318.08,Completed
BK_006522,CUST_01861,Z303,Z106,EV_Sedan,2026-02-24 04:14:00,17.3,514.8,1.0,514.8,Completed
BK_006523,CUST_02994,Z302,Z103,Bike_Taxi,2026-02-16 19:37:00,4.4,77.8,1.2,93.36,Completed
BK_006524,CUST_03098,Z304,Z101,Auto_Rickshaw,2026-02-23 16:26:00,16.6,338.8,1.0,338.8,Rider_Cancelled
BK_006525,CUST_01199,Z203,Z304,EV_Sedan,2026-02-28 21:02:00,28.3,800.8,1.6,1281.28,Rider_Cancelled
BK_006526,CUST_02670,Z205,Z106,Prime_Sedan,2026-02-25 19:25:00,22.3,694.4,2.1,1458.24,Completed
BK_006527,CUST_02443,Z302,Z202,EV_Sedan,2026-02-09 01:19:00,23.1,665.6,1.0,665.6,Completed
BK_006528,CUST_01417,Z202,Z301,Prime_Sedan,2026-03-15 08:38:00,16.1,520.8,2.1,1093.68,Completed
BK_006529,CUST_02098,Z107,Z201,Bike_Taxi,2026-02-20 13:01:00,26.5,343.0,1.1,377.3,Completed
BK_006530,CUST_01740,Z104,Z302,Bike_Taxi,2026-02-08 23:52:00,27.3,352.6,1.0,352.6,Rider_Cancelled
BK_006531,CUST_01864,Z203,Z303,EV_Sedan,2026-02-16 04:57:00,2.7,135.2,1.2,162.24,Rider_Cancelled
BK_006532,CUST_01159,Z204,Z303,Prime_Sedan,2026-02-08 03:26:00,23.9,739.2,1.1,813.12,Rider_Cancelled
BK_006533,CUST_01327,Z204,Z301,Auto_Rickshaw,2026-02-15 20:21:00,17.4,353.2,1.6,565.12,Completed
BK_006534,CUST_02005,Z304,Z105,EV_Sedan,2026-02-08 20:54:00,11.8,371.8,1.8,669.24,Driver_Cancelled
BK_006535,CUST_01433,Z105,Z202,Bike_Taxi,2026-02-06 17:51:00,7.1,110.2,2.4,264.48,Rider_Cancelled
BK_006536,CUST_01344,Z301,Z302,Auto_Rickshaw,2026-03-02 01:35:00,23.8,468.4,1.0,468.4,Rider_Cancelled
BK_006537,CUST_03335,Z202,Z301,EV_Sedan,2026-02-16 16:59:00,25.9,738.4,1.1,812.24,Completed
BK_006538,CUST_01764,Z202,Z201,Bike_Taxi,2026-03-05 04:57:00,25.4,329.8,1.0,329.8,Completed
BK_006539,CUST_02142,Z104,Z106,Auto_Rickshaw,2026-03-09 02:29:00,20.0,400.0,1.2,480.0,Completed
BK_006540,CUST_03430,Z203,Z302,Auto_Rickshaw,2026-02-21 21:47:00,26.7,520.6,1.6,832.96,Completed
BK_006541,CUST_02464,Z302,Z202,Auto_Rickshaw,2026-03-08 10:58:00,13.3,279.4,1.8,502.92,ETA_Timeout
BK_006542,CUST_03058,Z101,Z201,EV_Sedan,2026-02-05 11:51:00,13.8,423.8,1.4,593.32,Driver_Cancelled
BK_006543,CUST_01014,Z303,Z105,EV_Sedan,2026-03-06 23:23:00,11.2,356.2,1.0,356.2,Completed
BK_006544,CUST_02382,Z205,Z206,Auto_Rickshaw,2026-02-27 03:54:00,9.3,207.4,1.1,228.14,Completed
BK_006545,CUST_03425,Z101,Z205,Prime_Sedan,2026-03-08 10:35:00,18.2,579.6,2.4,1391.04,Rider_Cancelled
BK_006546,CUST_01630,Z305,Z107,Auto_Rickshaw,2026-02-16 20:27:00,14.2,295.6,1.4,413.84,Driver_Cancelled
BK_006547,CUST_02561,Z301,Z304,EV_Sedan,2026-02-11 02:41:00,18.9,556.4,1.0,556.4,Completed
BK_006548,CUST_01332,Z101,Z303,Bike_Taxi,2026-02-19 08:26:00,5.6,92.2,2.4,221.28,Rider_Cancelled
BK_006549,CUST_01870,Z204,Z102,Bike_Taxi,2026-02-24 08:30:00,16.2,219.4,1.4,307.16,Completed
BK_006550,CUST_01976,Z205,Z305,Prime_Sedan,2026-03-01 22:01:00,25.4,781.2,1.2,937.44,Completed
BK_006551,CUST_01623,Z203,Z205,EV_Sedan,2026-02-02 15:12:00,7.2,252.2,1.1,277.42,Completed
BK_006552,CUST_01403,Z302,Z304,Prime_Sedan,2026-02-13 12:28:00,3.8,176.4,1.0,176.4,Completed
BK_006553,CUST_01693,Z201,Z204,Prime_Sedan,2026-03-12 12:59:00,7.6,282.8,1.2,339.36,Rider_Cancelled
BK_006554,CUST_01415,Z107,Z302,Bike_Taxi,2026-02-23 02:13:00,19.2,255.4,1.0,255.4,Driver_Cancelled
BK_006555,CUST_03111,Z205,Z101,Bike_Taxi,2026-03-09 00:41:00,8.9,131.8,1.1,144.98,Completed
BK_006556,CUST_02144,Z304,Z202,EV_Sedan,2026-03-08 15:57:00,25.7,733.2,1.0,733.2,Driver_Cancelled
BK_006557,CUST_01170,Z202,Z204,Bike_Taxi,2026-02-26 23:01:00,23.9,311.8,1.2,374.16,Completed
BK_006558,CUST_02864,Z201,Z303,Auto_Rickshaw,2026-02-28 12:41:00,3.2,97.6,1.1,107.36,Completed
BK_006559,CUST_01667,Z206,Z107,EV_Sedan,2026-02-05 22:04:00,27.2,772.2,1.0,772.2,ETA_Timeout
BK_006560,CUST_02918,Z302,Z301,Prime_Sedan,2026-02-28 10:05:00,19.9,627.2,2.1,1317.12,Rider_Cancelled
BK_006561,CUST_03362,Z101,Z206,Bike_Taxi,2026-03-12 04:41:00,9.2,135.4,1.0,135.4,Completed
BK_006562,CUST_01359,Z105,Z206,Auto_Rickshaw,2026-02-24 16:52:00,3.8,108.4,1.2,130.08,Completed
BK_006563,CUST_01231,Z304,Z104,Prime_Sedan,2026-02-14 16:23:00,16.9,543.2,1.2,651.84,Rider_Cancelled
BK_006564,CUST_02499,Z101,Z103,Bike_Taxi,2026-03-14 07:35:00,4.9,83.8,1.2,100.56,Completed
BK_006565,CUST_01092,Z302,Z201,Prime_Sedan,2026-02-21 13:56:00,16.2,523.6,1.0,523.6,Completed
BK_006566,CUST_03149,Z102,Z302,Auto_Rickshaw,2026-02-10 06:25:00,21.8,432.4,1.0,432.4,Completed
BK_006567,CUST_01553,Z301,Z102,EV_Sedan,2026-02-06 04:15:00,24.1,691.6,1.2,829.92,Completed
BK_006568,CUST_02197,Z305,Z103,EV_Sedan,2026-02-14 17:15:00,9.8,319.8,2.1,671.58,Completed
BK_006569,CUST_03235,Z303,Z102,Prime_Sedan,2026-02-28 12:55:00,17.5,560.0,1.1,616.0,Completed
BK_006570,CUST_01993,Z205,Z102,EV_Sedan,2026-03-13 12:52:00,19.5,572.0,1.0,572.0,Completed
BK_006571,CUST_03301,Z303,Z305,Auto_Rickshaw,2026-02-11 12:55:00,18.5,373.0,1.2,447.6,Completed
BK_006572,CUST_01470,Z201,Z202,Bike_Taxi,2026-03-11 16:44:00,16.0,217.0,1.0,217.0,Completed
BK_006573,CUST_01836,Z205,Z302,EV_Sedan,2026-03-14 22:05:00,18.7,551.2,1.1,606.32,Completed
BK_006574,CUST_03195,Z305,Z203,Prime_Sedan,2026-03-13 13:15:00,16.6,534.8,1.0,534.8,ETA_Timeout
BK_006575,CUST_01853,Z205,Z301,Prime_Sedan,2026-02-18 09:59:00,20.2,635.6,1.4,889.84,ETA_Timeout
BK_006576,CUST_02587,Z302,Z205,Prime_Sedan,2026-03-09 18:05:00,14.0,462.0,1.4,646.8,Completed
BK_006577,CUST_02580,Z101,Z106,Prime_Sedan,2026-02-26 16:59:00,12.1,408.8,1.2,490.56,Completed
BK_006578,CUST_01310,Z105,Z106,EV_Sedan,2026-03-10 22:01:00,9.1,301.6,1.0,301.6,Completed
BK_006579,CUST_02995,Z105,Z305,EV_Sedan,2026-02-23 00:16:00,4.5,182.0,1.2,218.4,Completed
BK_006580,CUST_01439,Z206,Z106,Prime_Sedan,2026-02-10 22:56:00,13.4,445.2,1.2,534.24,Completed
BK_006581,CUST_03083,Z102,Z303,EV_Sedan,2026-02-21 12:09:00,7.2,252.2,1.0,252.2,Completed
BK_006582,CUST_02676,Z203,Z204,EV_Sedan,2026-03-02 19:41:00,24.0,689.0,1.2,826.8,Completed
BK_006583,CUST_01532,Z205,Z106,EV_Sedan,2026-03-09 09:34:00,21.1,613.6,2.1,1288.56,Completed
BK_006584,CUST_01969,Z204,Z304,Auto_Rickshaw,2026-02-24 18:45:00,4.2,115.6,1.6,184.96,Completed
BK_006585,CUST_01546,Z101,Z202,Bike_Taxi,2026-02-02 08:29:00,6.0,97.0,1.4,135.8,Rider_Cancelled
BK_006586,CUST_01642,Z205,Z101,Prime_Sedan,2026-03-12 05:12:00,26.7,817.6,1.0,817.6,Completed
BK_006587,CUST_02731,Z301,Z202,Bike_Taxi,2026-02-19 00:21:00,8.6,128.2,1.1,141.02,Driver_Cancelled
BK_006588,CUST_02597,Z101,Z302,EV_Sedan,2026-03-05 04:52:00,6.0,221.0,1.2,265.2,Completed
BK_006589,CUST_01513,Z201,Z203,Prime_Sedan,2026-02-06 21:12:00,17.1,548.8,1.8,987.84,Completed
BK_006590,CUST_03133,Z104,Z202,EV_Sedan,2026-02-02 03:18:00,8.6,288.6,1.0,288.6,Completed
BK_006591,CUST_01779,Z206,Z104,Bike_Taxi,2026-02-06 18:22:00,14.5,199.0,2.4,477.6,Driver_Cancelled
BK_006592,CUST_01855,Z103,Z202,Prime_Sedan,2026-03-02 08:26:00,21.1,660.8,1.4,925.12,Completed
BK_006593,CUST_02363,Z205,Z304,Auto_Rickshaw,2026-02-12 06:55:00,22.1,437.8,1.0,437.8,Completed
BK_006594,CUST_03072,Z107,Z104,Auto_Rickshaw,2026-02-07 16:28:00,19.9,398.2,1.0,398.2,Completed
BK_006595,CUST_02911,Z205,Z106,Auto_Rickshaw,2026-03-16 17:50:00,26.8,522.4,2.4,1253.76,Rider_Cancelled
BK_006596,CUST_02464,Z205,Z103,EV_Sedan,2026-03-06 15:29:00,17.2,512.2,1.0,512.2,Completed
BK_006597,CUST_03121,Z304,Z201,EV_Sedan,2026-02-13 17:58:00,27.1,769.6,1.8,1385.28,Driver_Cancelled
BK_006598,CUST_01463,Z103,Z104,EV_Sedan,2026-02-06 08:18:00,26.0,741.0,1.8,1333.8,Completed
BK_006599,CUST_02231,Z203,Z105,Auto_Rickshaw,2026-02-20 13:37:00,9.6,212.8,1.0,212.8,Completed
BK_006600,CUST_02868,Z205,Z107,EV_Sedan,2026-02-14 18:34:00,3.9,166.4,1.4,232.96,Completed
BK_006601,CUST_01895,Z305,Z106,Auto_Rickshaw,2026-03-08 01:43:00,24.8,486.4,1.0,486.4,Completed
BK_006602,CUST_02754,Z305,Z107,EV_Sedan,2026-03-14 02:26:00,8.5,286.0,1.0,286.0,Driver_Cancelled
BK_006603,CUST_03411,Z304,Z301,Prime_Sedan,2026-02-20 10:50:00,18.2,579.6,2.1,1217.16,ETA_Timeout
BK_006604,CUST_02136,Z304,Z301,EV_Sedan,2026-03-08 19:39:00,13.8,423.8,1.6,678.08,Completed
BK_006605,CUST_01501,Z105,Z107,EV_Sedan,2026-03-03 14:24:00,5.6,210.6,1.1,231.66,Completed
BK_006606,CUST_03446,Z201,Z106,EV_Sedan,2026-02-18 03:18:00,24.1,691.6,1.0,691.6,Completed
BK_006607,CUST_01922,Z104,Z101,EV_Sedan,2026-02-16 02:45:00,5.6,210.6,1.0,210.6,Completed
BK_006608,CUST_02874,Z303,Z204,Prime_Sedan,2026-02-11 05:44:00,16.2,523.6,1.0,523.6,Driver_Cancelled
BK_006609,CUST_01906,Z103,Z206,Prime_Sedan,2026-03-07 08:16:00,4.6,198.8,2.4,477.12,Completed
BK_006610,CUST_01310,Z303,Z305,Auto_Rickshaw,2026-02-23 22:41:00,3.2,97.6,1.2,117.12,Completed
BK_006611,CUST_02163,Z105,Z301,EV_Sedan,2026-03-10 12:39:00,2.7,135.2,1.1,148.72,Completed
BK_006612,CUST_02617,Z205,Z201,Auto_Rickshaw,2026-03-06 03:50:00,16.6,338.8,1.0,338.8,Completed
BK_006613,CUST_02117,Z201,Z106,EV_Sedan,2026-02-04 20:23:00,10.1,327.6,1.6,524.16,Completed
BK_006614,CUST_02997,Z301,Z305,Bike_Taxi,2026-02-23 03:47:00,23.5,307.0,1.2,368.4,Completed
BK_006615,CUST_01520,Z107,Z103,EV_Sedan,2026-02-22 09:18:00,3.4,153.4,2.4,368.16,Completed
BK_006616,CUST_02763,Z203,Z104,Auto_Rickshaw,2026-02-20 14:25:00,9.0,202.0,1.0,202.0,Completed
BK_006617,CUST_02457,Z206,Z104,EV_Sedan,2026-02-18 19:49:00,3.2,148.2,1.2,177.84,Completed
BK_006618,CUST_01171,Z203,Z101,Bike_Taxi,2026-02-02 02:37:00,17.3,232.6,1.2,279.12,Completed
BK_006619,CUST_01046,Z206,Z204,Auto_Rickshaw,2026-02-17 05:06:00,6.8,162.4,1.1,178.64,Completed
BK_006620,CUST_02191,Z106,Z105,Bike_Taxi,2026-03-02 15:15:00,5.1,86.2,1.0,86.2,Completed
BK_006621,CUST_02043,Z204,Z106,Auto_Rickshaw,2026-03-17 12:45:00,19.1,383.8,1.0,383.8,Driver_Cancelled
BK_006622,CUST_01660,Z107,Z303,Prime_Sedan,2026-02-05 09:49:00,12.1,408.8,1.6,654.08,Driver_Cancelled
BK_006623,CUST_03489,Z203,Z205,Auto_Rickshaw,2026-03-02 23:22:00,16.7,340.6,1.0,340.6,Completed
BK_006624,CUST_01985,Z206,Z205,EV_Sedan,2026-02-09 22:10:00,7.6,262.6,1.0,262.6,Completed
BK_006625,CUST_02472,Z203,Z201,Prime_Sedan,2026-02-27 10:20:00,26.9,823.2,2.4,1975.68,Completed
BK_006626,CUST_01418,Z102,Z105,Prime_Sedan,2026-02-14 13:21:00,15.1,492.8,1.0,492.8,Rider_Cancelled
BK_006627,CUST_01912,Z302,Z202,Prime_Sedan,2026-02-24 09:24:00,28.3,862.4,1.4,1207.36,Completed
BK_006628,CUST_03068,Z206,Z107,EV_Sedan,2026-02-17 06:00:00,6.2,226.2,1.2,271.44,Completed
BK_006629,CUST_01300,Z203,Z102,Bike_Taxi,2026-03-01 11:33:00,21.2,279.4,2.1,586.74,Driver_Cancelled
BK_006630,CUST_02082,Z103,Z303,Auto_Rickshaw,2026-02-05 22:51:00,18.2,367.6,1.0,367.6,Driver_Cancelled
BK_006631,CUST_01223,Z106,Z105,EV_Sedan,2026-03-08 09:53:00,13.3,410.8,1.6,657.28,Completed
BK_006632,CUST_01083,Z102,Z107,Prime_Sedan,2026-02-21 00:39:00,17.7,565.6,1.2,678.72,Driver_Cancelled
BK_006633,CUST_01779,Z202,Z205,Prime_Sedan,2026-02-09 23:31:00,2.7,145.6,1.2,174.72,Rider_Cancelled
BK_006634,CUST_01350,Z205,Z102,Prime_Sedan,2026-03-12 11:15:00,10.6,366.8,2.4,880.32,Rider_Cancelled
BK_006635,CUST_01387,Z107,Z302,Prime_Sedan,2026-02-04 12:46:00,15.0,490.0,1.0,490.0,Completed
BK_006636,CUST_01145,Z206,Z104,Prime_Sedan,2026-02-13 19:31:00,27.2,831.6,2.4,1995.84,Completed
BK_006637,CUST_02299,Z101,Z201,EV_Sedan,2026-03-15 11:02:00,22.0,637.0,1.4,891.8,Rider_Cancelled
BK_006638,CUST_01372,Z204,Z302,Prime_Sedan,2026-03-11 04:52:00,18.5,588.0,1.2,705.6,Completed
BK_006639,CUST_03225,Z305,Z201,Prime_Sedan,2026-02-14 12:01:00,19.5,616.0,1.2,739.2,Driver_Cancelled
BK_006640,CUST_03148,Z305,Z203,EV_Sedan,2026-02-15 10:19:00,20.6,600.6,1.6,960.96,Completed
BK_006641,CUST_01495,Z201,Z102,Prime_Sedan,2026-03-16 00:46:00,7.2,271.6,1.0,271.6,Completed
BK_006642,CUST_02826,Z106,Z305,Auto_Rickshaw,2026-03-17 17:15:00,28.1,545.8,2.4,1309.92,Completed
BK_006643,CUST_01354,Z107,Z106,Bike_Taxi,2026-02-21 20:35:00,9.7,141.4,1.8,254.52,Completed
BK_006644,CUST_02494,Z106,Z105,Prime_Sedan,2026-02-02 14:34:00,22.5,700.0,1.0,700.0,Completed
BK_006645,CUST_01899,Z101,Z206,Bike_Taxi,2026-02-24 19:04:00,25.7,333.4,1.2,400.08,Completed
BK_006646,CUST_02460,Z204,Z303,Prime_Sedan,2026-02-09 08:12:00,23.3,722.4,1.8,1300.32,Driver_Cancelled
BK_006647,CUST_03250,Z302,Z206,Prime_Sedan,2026-03-16 15:44:00,18.2,579.6,1.0,579.6,Completed
BK_006648,CUST_01817,Z205,Z206,Prime_Sedan,2026-03-05 05:23:00,6.3,246.4,1.2,295.68,Completed
BK_006649,CUST_03037,Z305,Z105,Prime_Sedan,2026-03-16 02:24:00,13.5,448.0,1.2,537.6,Rider_Cancelled
BK_006650,CUST_02451,Z205,Z104,EV_Sedan,2026-02-27 23:39:00,23.5,676.0,1.1,743.6,Completed
BK_006651,CUST_01476,Z202,Z101,EV_Sedan,2026-02-13 07:10:00,8.9,296.4,1.0,296.4,Completed
BK_006652,CUST_01232,Z101,Z205,Bike_Taxi,2026-02-26 06:35:00,18.4,245.8,1.0,245.8,Driver_Cancelled
BK_006653,CUST_02168,Z103,Z305,Bike_Taxi,2026-02-06 01:10:00,25.3,328.6,1.0,328.6,Completed
BK_006654,CUST_03058,Z102,Z203,EV_Sedan,2026-02-20 06:25:00,5.9,218.4,1.0,218.4,Completed
BK_006655,CUST_02914,Z102,Z201,EV_Sedan,2026-02-18 07:27:00,5.3,202.8,1.1,223.08,Completed
BK_006656,CUST_01929,Z104,Z101,EV_Sedan,2026-02-18 06:30:00,25.8,735.8,1.2,882.96,Completed
BK_006657,CUST_02850,Z105,Z302,Auto_Rickshaw,2026-02-27 22:22:00,17.1,347.8,1.1,382.58,Completed
BK_006658,CUST_02793,Z301,Z105,Bike_Taxi,2026-02-12 15:12:00,16.3,220.6,1.1,242.66,Completed
BK_006659,CUST_02937,Z305,Z203,Auto_Rickshaw,2026-02-13 09:16:00,5.4,137.2,1.4,192.08,Completed
BK_006660,CUST_01138,Z305,Z102,Prime_Sedan,2026-02-19 16:00:00,12.7,425.6,1.0,425.6,Completed
BK_006661,CUST_01979,Z106,Z201,Prime_Sedan,2026-02-06 15:49:00,23.8,736.4,1.0,736.4,Completed
BK_006662,CUST_01249,Z104,Z106,Prime_Sedan,2026-03-13 06:23:00,21.4,669.2,1.1,736.12,Completed
BK_006663,CUST_01359,Z203,Z202,EV_Sedan,2026-03-04 06:22:00,28.5,806.0,1.1,886.6,Rider_Cancelled
BK_006664,CUST_01080,Z103,Z101,Auto_Rickshaw,2026-03-03 05:27:00,26.9,524.2,1.1,576.62,Completed
BK_006665,CUST_02980,Z206,Z204,Bike_Taxi,2026-02-04 12:13:00,3.8,70.6,1.0,70.6,Completed
BK_006666,CUST_02157,Z302,Z105,Prime_Sedan,2026-03-13 10:16:00,23.1,716.8,1.8,1290.24,Completed
BK_006667,CUST_01349,Z305,Z203,Bike_Taxi,2026-02-26 23:32:00,26.7,345.4,1.2,414.48,Driver_Cancelled
BK_006668,CUST_01597,Z305,Z205,EV_Sedan,2026-02-01 10:18:00,13.8,423.8,1.2,508.56,Completed
BK_006669,CUST_02558,Z301,Z302,Bike_Taxi,2026-02-04 03:28:00,7.2,111.4,1.1,122.54,Completed
BK_006670,CUST_02052,Z304,Z107,EV_Sedan,2026-02-15 14:41:00,14.9,452.4,1.0,452.4,Completed
BK_006671,CUST_02311,Z202,Z301,Prime_Sedan,2026-02-23 01:54:00,7.3,274.4,1.0,274.4,Completed
BK_006672,CUST_02915,Z103,Z102,EV_Sedan,2026-02-19 19:58:00,14.5,442.0,1.6,707.2,Completed
BK_006673,CUST_03074,Z101,Z206,Prime_Sedan,2026-02-04 12:58:00,14.4,473.2,1.0,473.2,Completed
BK_006674,CUST_02776,Z304,Z204,Auto_Rickshaw,2026-02-11 11:19:00,20.4,407.2,1.2,488.64,Completed
BK_006675,CUST_01118,Z205,Z103,Bike_Taxi,2026-02-21 11:34:00,24.7,321.4,1.2,385.68,Completed
BK_006676,CUST_03413,Z305,Z205,Auto_Rickshaw,2026-02-04 22:18:00,13.0,274.0,1.0,274.0,Completed
BK_006677,CUST_02010,Z103,Z305,Auto_Rickshaw,2026-03-09 18:39:00,25.5,499.0,1.4,698.6,Completed
BK_006678,CUST_02934,Z107,Z202,Auto_Rickshaw,2026-03-01 10:47:00,27.6,536.8,1.2,644.16,Completed
BK_006679,CUST_02260,Z304,Z303,Bike_Taxi,2026-02-15 11:00:00,27.7,357.4,1.4,500.36,Completed
BK_006680,CUST_02141,Z206,Z301,Prime_Sedan,2026-02-13 20:09:00,17.1,548.8,1.4,768.32,ETA_Timeout
BK_006681,CUST_03224,Z106,Z304,Prime_Sedan,2026-02-15 22:55:00,26.5,812.0,1.0,812.0,Rider_Cancelled
BK_006682,CUST_01338,Z302,Z203,Bike_Taxi,2026-02-23 23:37:00,14.5,199.0,1.0,199.0,Completed
BK_006683,CUST_01340,Z103,Z303,Auto_Rickshaw,2026-02-19 12:49:00,15.3,315.4,1.0,315.4,Rider_Cancelled
BK_006684,CUST_02064,Z102,Z203,Auto_Rickshaw,2026-02-28 00:48:00,4.4,119.2,1.2,143.04,Completed
BK_006685,CUST_02048,Z301,Z205,Prime_Sedan,2026-02-12 03:54:00,4.6,198.8,1.0,198.8,Completed
BK_006686,CUST_02467,Z203,Z305,Auto_Rickshaw,2026-03-12 11:27:00,7.1,167.8,1.2,201.36,Completed
BK_006687,CUST_01382,Z103,Z304,Bike_Taxi,2026-02-12 17:48:00,23.4,305.8,1.6,489.28,Completed
BK_006688,CUST_01831,Z103,Z303,Prime_Sedan,2026-03-03 22:57:00,9.1,324.8,1.2,389.76,Completed
BK_006689,CUST_01010,Z304,Z206,EV_Sedan,2026-02-21 18:33:00,20.0,585.0,2.1,1228.5,Completed
BK_006690,CUST_02465,Z303,Z204,Auto_Rickshaw,2026-03-16 21:43:00,21.0,418.0,1.2,501.6,Completed
BK_006691,CUST_01505,Z205,Z203,Prime_Sedan,2026-03-08 02:37:00,27.1,828.8,1.0,828.8,Driver_Cancelled
BK_006692,CUST_03313,Z204,Z206,Prime_Sedan,2026-02-05 20:48:00,11.0,378.0,2.1,793.8,Completed
BK_006693,CUST_03366,Z202,Z103,Auto_Rickshaw,2026-02-16 14:07:00,28.3,549.4,1.2,659.28,Completed
BK_006694,CUST_01740,Z106,Z203,EV_Sedan,2026-02-26 03:37:00,24.7,707.2,1.0,707.2,Driver_Cancelled
BK_006695,CUST_02065,Z106,Z305,Prime_Sedan,2026-02-23 03:10:00,13.4,445.2,1.0,445.2,Completed
BK_006696,CUST_01771,Z104,Z101,EV_Sedan,2026-02-18 16:07:00,12.3,384.8,1.0,384.8,Completed
BK_006697,CUST_02185,Z201,Z203,EV_Sedan,2026-03-05 15:31:00,20.9,608.4,1.0,608.4,ETA_Timeout
BK_006698,CUST_03069,Z206,Z202,Prime_Sedan,2026-02-23 22:54:00,7.7,285.6,1.2,342.72,Completed
BK_006699,CUST_02250,Z202,Z104,Auto_Rickshaw,2026-03-11 06:55:00,9.7,214.6,1.0,214.6,Completed
BK_006700,CUST_01302,Z206,Z103,Auto_Rickshaw,2026-02-12 09:35:00,21.2,421.6,1.2,505.92,Driver_Cancelled
BK_006701,CUST_01301,Z204,Z205,EV_Sedan,2026-03-14 16:17:00,12.4,387.4,1.0,387.4,Completed
BK_006702,CUST_03272,Z107,Z105,Prime_Sedan,2026-03-12 00:32:00,13.6,450.8,1.1,495.88,Rider_Cancelled
BK_006703,CUST_01057,Z302,Z203,Bike_Taxi,2026-03-06 06:12:00,5.0,85.0,1.0,85.0,Completed
BK_006704,CUST_01664,Z202,Z302,Bike_Taxi,2026-02-19 11:09:00,18.8,250.6,1.8,451.08,Completed
BK_006705,CUST_02800,Z105,Z202,EV_Sedan,2026-03-10 08:53:00,26.3,748.8,1.6,1198.08,Completed
BK_006706,CUST_01381,Z203,Z105,EV_Sedan,2026-02-27 02:20:00,4.4,179.4,1.0,179.4,Completed
BK_006707,CUST_02449,Z302,Z107,Prime_Sedan,2026-02-08 03:12:00,20.3,638.4,1.0,638.4,Completed
BK_006708,CUST_02464,Z303,Z105,EV_Sedan,2026-02-27 23:47:00,22.3,644.8,1.2,773.76,Completed
BK_006709,CUST_02408,Z105,Z205,Auto_Rickshaw,2026-02-04 04:52:00,28.0,544.0,1.0,544.0,Completed
BK_006710,CUST_03261,Z305,Z202,Auto_Rickshaw,2026-02-28 17:43:00,20.3,405.4,1.6,648.64,ETA_Timeout
BK_006711,CUST_02054,Z201,Z205,Auto_Rickshaw,2026-03-16 22:16:00,18.2,367.6,1.2,441.12,Completed
BK_006712,CUST_03368,Z203,Z201,EV_Sedan,2026-02-07 19:06:00,12.8,397.8,1.8,716.04,Completed
BK_006713,CUST_03252,Z205,Z303,EV_Sedan,2026-02-18 22:59:00,21.1,613.6,1.1,674.96,Completed
BK_006714,CUST_03500,Z302,Z102,Prime_Sedan,2026-03-06 21:20:00,23.2,719.6,1.6,1151.36,Completed
BK_006715,CUST_02468,Z204,Z201,Prime_Sedan,2026-03-02 05:00:00,5.4,221.2,1.0,221.2,Completed
BK_006716,CUST_02861,Z107,Z304,Auto_Rickshaw,2026-02-02 02:30:00,24.0,472.0,1.1,519.2,Completed
BK_006717,CUST_03461,Z301,Z204,EV_Sedan,2026-03-14 01:03:00,9.9,322.4,1.0,322.4,Completed
BK_006718,CUST_03036,Z105,Z101,Auto_Rickshaw,2026-02-25 01:18:00,25.1,491.8,1.2,590.16,Completed
BK_006719,CUST_03480,Z305,Z105,Bike_Taxi,2026-02-04 11:48:00,5.7,93.4,1.8,168.12,Rider_Cancelled
BK_006720,CUST_01662,Z202,Z105,Bike_Taxi,2026-03-04 23:08:00,24.5,319.0,1.1,350.9,Completed
BK_006721,CUST_01359,Z203,Z106,EV_Sedan,2026-02-08 15:57:00,18.0,533.0,1.1,586.3,Completed
BK_006722,CUST_02867,Z305,Z304,Auto_Rickshaw,2026-02-16 21:18:00,9.1,203.8,1.6,326.08,Driver_Cancelled
BK_006723,CUST_01592,Z303,Z302,Auto_Rickshaw,2026-03-06 15:54:00,3.0,94.0,1.1,103.4,Completed
BK_006724,CUST_02414,Z103,Z304,Auto_Rickshaw,2026-02-11 05:59:00,19.2,385.6,1.2,462.72,Completed
BK_006725,CUST_02031,Z202,Z203,Auto_Rickshaw,2026-03-13 17:48:00,8.1,185.8,2.4,445.92,Rider_Cancelled
BK_006726,CUST_02146,Z102,Z304,Bike_Taxi,2026-03-17 12:50:00,23.8,310.6,1.0,310.6,Completed
BK_006727,CUST_01719,Z206,Z304,EV_Sedan,2026-02-01 23:49:00,21.9,634.4,1.0,634.4,Completed
BK_006728,CUST_02368,Z202,Z303,EV_Sedan,2026-03-09 15:14:00,7.9,270.4,1.0,270.4,Completed
BK_006729,CUST_01150,Z205,Z302,EV_Sedan,2026-02-23 08:10:00,4.0,169.0,1.8,304.2,Rider_Cancelled
BK_006730,CUST_02817,Z106,Z202,Prime_Sedan,2026-02-12 08:43:00,6.7,257.6,1.2,309.12,Rider_Cancelled
BK_006731,CUST_01043,Z305,Z304,EV_Sedan,2026-03-18 03:19:00,7.7,265.2,1.1,291.72,Completed
BK_006732,CUST_02189,Z205,Z107,Bike_Taxi,2026-02-19 01:50:00,10.7,153.4,1.0,153.4,Completed
BK_006733,CUST_01180,Z204,Z106,EV_Sedan,2026-03-13 07:36:00,13.2,408.2,1.1,449.02,Driver_Cancelled
BK_006734,CUST_02680,Z202,Z101,Bike_Taxi,2026-02-19 10:04:00,27.7,357.4,1.2,428.88,Driver_Cancelled
BK_006735,CUST_02007,Z302,Z203,EV_Sedan,2026-03-13 10:02:00,18.9,556.4,1.2,667.68,Completed
BK_006736,CUST_01227,Z201,Z104,Prime_Sedan,2026-02-11 16:35:00,14.8,484.4,1.0,484.4,Driver_Cancelled
BK_006737,CUST_01684,Z305,Z202,Bike_Taxi,2026-02-09 00:53:00,4.8,82.6,1.2,99.12,Completed
BK_006738,CUST_03235,Z103,Z301,Auto_Rickshaw,2026-02-16 05:34:00,8.6,194.8,1.0,194.8,Completed
BK_006739,CUST_01187,Z206,Z203,Bike_Taxi,2026-02-27 12:04:00,22.4,293.8,1.0,293.8,Completed
BK_006740,CUST_02789,Z202,Z106,EV_Sedan,2026-02-20 14:58:00,26.8,761.8,1.0,761.8,Completed
BK_006741,CUST_02701,Z201,Z205,Bike_Taxi,2026-02-01 07:40:00,2.6,56.2,1.0,56.2,Completed
BK_006742,CUST_02226,Z106,Z202,Prime_Sedan,2026-02-10 11:16:00,21.6,674.8,1.4,944.72,Completed
BK_006743,CUST_03331,Z103,Z305,EV_Sedan,2026-03-04 04:51:00,27.7,785.2,1.0,785.2,Completed
BK_006744,CUST_01839,Z102,Z104,Prime_Sedan,2026-03-08 09:44:00,9.9,347.2,1.2,416.64,Rider_Cancelled
BK_006745,CUST_02361,Z103,Z106,Auto_Rickshaw,2026-02-25 15:34:00,25.1,491.8,1.1,540.98,Completed
BK_006746,CUST_03492,Z303,Z101,Prime_Sedan,2026-02-28 22:16:00,11.1,380.8,1.0,380.8,Rider_Cancelled
BK_006747,CUST_03330,Z302,Z102,EV_Sedan,2026-02-28 08:51:00,3.3,150.8,1.8,271.44,Completed
BK_006748,CUST_01387,Z104,Z202,EV_Sedan,2026-02-05 12:30:00,8.4,283.4,1.2,340.08,Completed
BK_006749,CUST_03285,Z103,Z302,Bike_Taxi,2026-03-12 11:46:00,8.4,125.8,1.6,201.28,Completed
BK_006750,CUST_01757,Z205,Z304,Bike_Taxi,2026-02-04 20:50:00,25.3,328.6,1.2,394.32,Completed
BK_006751,CUST_02284,Z301,Z305,Auto_Rickshaw,2026-02-16 11:26:00,6.3,153.4,2.4,368.16,Completed
BK_006752,CUST_02083,Z105,Z101,Bike_Taxi,2026-03-05 19:44:00,25.6,332.2,2.4,797.28,Rider_Cancelled
BK_006753,CUST_03082,Z107,Z305,EV_Sedan,2026-02-26 22:30:00,20.4,595.4,1.0,595.4,Completed
BK_006754,CUST_03235,Z105,Z305,Prime_Sedan,2026-02-25 09:42:00,15.2,495.6,1.8,892.08,Driver_Cancelled
BK_006755,CUST_01508,Z201,Z205,EV_Sedan,2026-03-13 06:59:00,11.5,364.0,1.0,364.0,Completed
BK_006756,CUST_03401,Z302,Z305,EV_Sedan,2026-03-11 13:06:00,8.4,283.4,1.2,340.08,Rider_Cancelled
BK_006757,CUST_02190,Z104,Z305,Bike_Taxi,2026-02-24 00:49:00,13.0,181.0,1.2,217.2,Completed
BK_006758,CUST_02010,Z203,Z202,Bike_Taxi,2026-02-18 21:06:00,28.1,362.2,1.8,651.96,Driver_Cancelled
BK_006759,CUST_03278,Z101,Z302,Prime_Sedan,2026-02-22 14:19:00,17.0,546.0,1.0,546.0,Completed
BK_006760,CUST_02015,Z204,Z206,EV_Sedan,2026-02-18 10:48:00,12.5,390.0,1.6,624.0,Rider_Cancelled
BK_006761,CUST_03308,Z104,Z106,Auto_Rickshaw,2026-02-08 23:34:00,8.0,184.0,1.0,184.0,Completed
BK_006762,CUST_03296,Z301,Z106,EV_Sedan,2026-02-28 16:01:00,7.0,247.0,1.1,271.7,Completed
BK_006763,CUST_01909,Z305,Z107,Prime_Sedan,2026-02-22 17:50:00,21.8,680.4,2.4,1632.96,Completed
BK_006764,CUST_01401,Z305,Z204,Prime_Sedan,2026-03-13 20:56:00,28.4,865.2,1.4,1211.28,Driver_Cancelled
BK_006765,CUST_03319,Z204,Z107,Bike_Taxi,2026-02-26 03:35:00,16.9,227.8,1.1,250.58,Driver_Cancelled
BK_006766,CUST_03278,Z205,Z202,Prime_Sedan,2026-02-21 22:45:00,18.5,588.0,1.0,588.0,ETA_Timeout
BK_006767,CUST_01567,Z104,Z105,Prime_Sedan,2026-03-09 23:07:00,22.0,686.0,1.0,686.0,Completed
BK_006768,CUST_03059,Z101,Z106,Bike_Taxi,2026-02-28 02:25:00,16.2,219.4,1.0,219.4,Driver_Cancelled
BK_006769,CUST_01147,Z302,Z105,Prime_Sedan,2026-02-27 02:06:00,4.2,187.6,1.0,187.6,Completed
BK_006770,CUST_02015,Z303,Z304,EV_Sedan,2026-02-12 14:29:00,24.0,689.0,1.0,689.0,Completed
BK_006771,CUST_01718,Z101,Z201,Auto_Rickshaw,2026-02-08 13:16:00,9.9,218.2,1.0,218.2,Completed
BK_006772,CUST_01407,Z104,Z205,Auto_Rickshaw,2026-02-04 02:27:00,23.5,463.0,1.0,463.0,Completed
BK_006773,CUST_01933,Z203,Z301,Prime_Sedan,2026-02-11 12:37:00,14.0,462.0,1.0,462.0,Completed
BK_006774,CUST_03071,Z204,Z203,EV_Sedan,2026-02-03 15:02:00,19.6,574.6,1.0,574.6,Completed
BK_006775,CUST_03225,Z203,Z104,Auto_Rickshaw,2026-02-24 21:54:00,25.3,495.4,2.4,1188.96,Completed
BK_006776,CUST_02055,Z107,Z302,EV_Sedan,2026-02-26 18:00:00,15.9,478.4,1.2,574.08,Completed
BK_006777,CUST_02349,Z301,Z106,Prime_Sedan,2026-02-23 22:09:00,4.3,190.4,1.2,228.48,Completed
BK_006778,CUST_02575,Z301,Z204,Prime_Sedan,2026-03-10 12:35:00,2.8,148.4,1.0,148.4,Driver_Cancelled
BK_006779,CUST_02846,Z303,Z107,Prime_Sedan,2026-02-02 15:12:00,11.4,389.2,1.2,467.04,Completed
BK_006780,CUST_03313,Z104,Z303,Bike_Taxi,2026-02-04 07:14:00,23.2,303.4,1.0,303.4,Completed
BK_006781,CUST_02247,Z301,Z206,EV_Sedan,2026-03-01 04:37:00,10.4,335.4,1.2,402.48,Completed
BK_006782,CUST_02270,Z305,Z301,Bike_Taxi,2026-02-10 08:18:00,8.7,129.4,1.2,155.28,Completed
BK_006783,CUST_02577,Z204,Z101,Prime_Sedan,2026-02-20 16:05:00,8.1,296.8,1.0,296.8,Completed
BK_006784,CUST_01766,Z201,Z103,Auto_Rickshaw,2026-02-06 23:42:00,14.2,295.6,1.0,295.6,Completed
BK_006785,CUST_02071,Z302,Z304,Prime_Sedan,2026-03-16 09:08:00,26.6,814.8,1.2,977.76,Completed
BK_006786,CUST_02336,Z303,Z103,Bike_Taxi,2026-03-13 12:11:00,26.6,344.2,1.2,413.04,Completed
BK_006787,CUST_01856,Z302,Z107,Bike_Taxi,2026-02-07 07:33:00,5.5,91.0,1.0,91.0,Completed
BK_006788,CUST_02001,Z106,Z204,Prime_Sedan,2026-02-01 18:03:00,8.8,316.4,2.1,664.44,Completed
BK_006789,CUST_02940,Z101,Z305,Bike_Taxi,2026-02-19 20:31:00,26.5,343.0,2.4,823.2,Driver_Cancelled
BK_006790,CUST_01899,Z301,Z102,Auto_Rickshaw,2026-02-24 01:58:00,3.7,106.6,1.0,106.6,Rider_Cancelled
BK_006791,CUST_02111,Z105,Z304,Prime_Sedan,2026-02-13 00:59:00,12.4,417.2,1.0,417.2,Completed
BK_006792,CUST_02526,Z101,Z204,Auto_Rickshaw,2026-02-04 17:58:00,23.5,463.0,1.2,555.6,Driver_Cancelled
BK_006793,CUST_02957,Z301,Z104,Prime_Sedan,2026-03-16 05:42:00,16.0,518.0,1.0,518.0,Completed
BK_006794,CUST_02459,Z206,Z107,EV_Sedan,2026-03-10 11:13:00,6.5,234.0,1.4,327.6,Rider_Cancelled
BK_006795,CUST_02299,Z305,Z106,Bike_Taxi,2026-02-18 14:08:00,20.5,271.0,1.2,325.2,Rider_Cancelled
BK_006796,CUST_02396,Z102,Z302,Bike_Taxi,2026-02-18 08:43:00,7.5,115.0,2.1,241.5,Completed
BK_006797,CUST_02963,Z107,Z105,Auto_Rickshaw,2026-02-10 19:52:00,24.1,473.8,1.6,758.08,Completed
BK_006798,CUST_02295,Z106,Z302,Auto_Rickshaw,2026-02-24 04:03:00,24.4,479.2,1.0,479.2,Driver_Cancelled
BK_006799,CUST_03338,Z102,Z205,Auto_Rickshaw,2026-02-08 17:46:00,12.4,263.2,1.4,368.48,Driver_Cancelled
BK_006800,CUST_02109,Z301,Z103,Auto_Rickshaw,2026-02-17 17:52:00,20.9,416.2,1.4,582.68,Completed
