fulfillment_id,booking_id,driver_id,vehicle_id,driver_assigned_at,arrived_at_pickup_at,trip_started_at,trip_ended_at,pickup_wait_mins,trip_duration_mins,actual_distance_km,gross_fare_inr,platform_commission_pct,driver_payout_inr,rider_rating,toll_or_tips_inr
FUL_000001,BK_000001,DRV_0117,VEH_0117,2026-02-28 04:17:46,2026-02-28 04:21:34,2026-02-28 04:25:21,2026-02-28 05:22:45,3.8,57.4,22.0,739.2,20.0,591.36,5.0,0
FUL_000003,BK_000003,DRV_0286,VEH_0286,2026-02-20 01:10:27,2026-02-20 01:18:33,2026-02-20 01:21:27,2026-02-20 02:17:15,8.1,55.8,28.7,540.4,20.0,432.32,5.0,0
FUL_000004,BK_000004,DRV_0195,VEH_0195,2026-03-05 03:22:40,2026-03-05 03:26:16,2026-03-05 03:29:34,2026-03-05 04:05:04,3.6,35.5,13.9,470.4,20.0,376.32,5.0,20
FUL_000005,BK_000005,DRV_0289,VEH_0289,2026-02-21 19:36:35,2026-02-21 19:48:17,2026-02-21 19:50:11,2026-02-21 20:05:47,11.7,15.6,9.7,334.72,20.0,267.78,5.0,20
FUL_000007,BK_000007,DRV_0151,VEH_0151,2026-02-26 13:14:32,2026-02-26 13:18:02,2026-02-26 13:19:13,2026-02-26 13:27:13,3.5,8.0,4.9,102.0,20.0,81.6,5.0,30
FUL_000008,BK_000008,DRV_0118,VEH_0118,2026-02-02 05:48:31,2026-02-02 05:51:37,2026-02-02 05:55:09,2026-02-02 06:36:03,3.1,40.9,25.3,798.0,20.0,638.4,3.0,0
FUL_000009,BK_000009,DRV_0238,VEH_0238,2026-02-23 19:54:42,2026-02-23 20:07:36,2026-02-23 20:09:25,2026-02-23 20:48:49,12.9,39.4,19.9,711.36,20.0,569.09,5.0,0
FUL_000010,BK_000010,DRV_0172,VEH_0172,2026-02-04 00:37:22,2026-02-04 00:42:22,2026-02-04 00:46:20,2026-02-04 01:09:08,5.0,22.8,12.0,265.0,20.0,212.0,5.0,20
FUL_000011,BK_000011,DRV_0165,VEH_0165,2026-02-15 21:16:43,2026-02-15 21:19:07,2026-02-15 21:22:32,2026-02-15 21:38:08,2.4,15.6,7.6,453.96,20.0,363.17,5.0,20
FUL_000013,BK_000013,DRV_0107,VEH_0107,2026-03-15 19:30:00,2026-03-15 19:43:00,2026-03-15 19:44:05,2026-03-15 19:58:35,13.0,14.5,9.3,275.24,20.0,220.19,5.0,0
FUL_000014,BK_000014,DRV_0024,VEH_0024,2026-02-09 05:45:43,2026-02-09 05:47:55,2026-02-09 05:50:21,2026-02-09 06:00:27,2.2,10.1,5.0,139.04,20.0,111.23,4.0,20
FUL_000016,BK_000016,DRV_0198,VEH_0198,2026-02-16 13:37:10,2026-02-16 13:48:40,2026-02-16 13:52:32,2026-02-16 14:02:50,11.5,10.3,5.9,148.0,20.0,118.4,2.0,20
FUL_000017,BK_000017,DRV_0077,VEH_0077,2026-02-15 05:08:28,2026-02-15 05:15:10,2026-02-15 05:19:08,2026-02-15 05:29:26,6.7,10.3,6.8,167.8,20.0,134.24,5.0,0
FUL_000018,BK_000018,DRV_0144,VEH_0144,2026-02-16 07:43:26,2026-02-16 07:55:20,2026-02-16 07:58:20,2026-02-16 08:17:14,11.9,18.9,11.5,364.0,20.0,291.2,5.0,0
FUL_000019,BK_000019,DRV_0001,VEH_0001,2026-03-09 01:39:08,2026-03-09 01:52:44,2026-03-09 01:56:23,2026-03-09 02:03:35,13.6,7.2,3.8,163.8,20.0,131.04,5.0,0
FUL_000020,BK_000020,DRV_0022,VEH_0022,2026-02-21 18:55:28,2026-02-21 18:58:22,2026-02-21 18:59:52,2026-02-21 19:20:34,2.9,20.7,10.7,396.24,20.0,316.99,5.0,0
FUL_000021,BK_000021,DRV_0269,VEH_0269,2026-03-16 03:23:41,2026-03-16 03:37:23,2026-03-16 03:39:36,2026-03-16 03:51:36,13.7,12.0,7.1,158.8,20.0,127.04,5.0,10
FUL_000022,BK_000022,DRV_0305,VEH_0305,2026-02-27 06:32:09,2026-02-27 06:35:15,2026-02-27 06:38:43,2026-02-27 06:50:01,3.1,11.3,6.6,302.4,20.0,241.92,5.0,0
FUL_000023,BK_000023,DRV_0189,VEH_0189,2026-03-11 15:37:48,2026-03-11 15:40:54,2026-03-11 15:43:31,2026-03-11 16:37:01,3.1,53.5,24.4,452.2,20.0,361.76,5.0,50
FUL_000024,BK_000024,DRV_0041,VEH_0041,2026-02-11 13:07:27,2026-02-11 13:10:27,2026-02-11 13:12:28,2026-02-11 13:24:10,3.0,11.7,6.9,231.4,20.0,185.12,5.0,0
FUL_000025,BK_000025,DRV_0296,VEH_0296,2026-02-27 07:33:19,2026-02-27 07:41:19,2026-02-27 07:45:01,2026-02-27 08:01:19,8.0,16.3,10.7,148.6,20.0,118.88,5.0,0
FUL_000026,BK_000026,DRV_0115,VEH_0115,2026-03-17 11:52:10,2026-03-17 11:56:34,2026-03-17 12:00:02,2026-03-17 12:13:56,4.4,13.9,6.0,202.16,20.0,161.73,5.0,0
FUL_000027,BK_000027,DRV_0286,VEH_0286,2026-03-12 05:40:30,2026-03-12 05:48:48,2026-03-12 05:51:03,2026-03-12 06:43:09,8.3,52.1,25.7,513.4,20.0,410.72,5.0,0
FUL_000028,BK_000028,DRV_0211,VEH_0211,2026-03-12 17:31:17,2026-03-12 17:40:11,2026-03-12 17:42:36,2026-03-12 18:42:18,8.9,59.7,25.5,1517.88,20.0,1214.3,5.0,30
FUL_000029,BK_000029,DRV_0164,VEH_0164,2026-03-07 04:33:53,2026-03-07 04:39:35,2026-03-07 04:43:06,2026-03-07 05:22:36,5.7,39.5,26.9,871.64,20.0,697.31,2.0,0
FUL_000030,BK_000030,DRV_0057,VEH_0057,2026-03-06 10:03:07,2026-03-06 10:14:01,2026-03-06 10:17:17,2026-03-06 10:28:35,10.9,11.3,7.8,463.32,20.0,370.66,5.0,0
FUL_000036,BK_000036,DRV_0187,VEH_0187,2026-02-11 10:24:50,2026-02-11 10:31:56,2026-02-11 10:34:03,2026-02-11 11:17:33,7.1,43.5,20.8,1052.8,20.0,842.24,5.0,30
FUL_000037,BK_000037,DRV_0173,VEH_0173,2026-02-26 19:15:23,2026-02-26 19:21:23,2026-02-26 19:23:12,2026-02-26 19:44:54,6.0,21.7,10.2,540.96,20.0,432.77,5.0,10
FUL_000039,BK_000039,DRV_0251,VEH_0251,2026-03-14 12:36:28,2026-03-14 12:48:16,2026-03-14 12:50:17,2026-03-14 13:11:05,11.8,20.8,13.1,431.86,20.0,345.49,5.0,50
FUL_000040,BK_000040,DRV_0109,VEH_0109,2026-03-11 17:25:48,2026-03-11 17:36:30,2026-03-11 17:39:10,2026-03-11 17:54:16,10.7,15.1,10.8,458.64,20.0,366.91,4.0,0
FUL_000041,BK_000041,DRV_0233,VEH_0233,2026-03-09 02:48:30,2026-03-09 02:56:06,2026-03-09 02:59:41,2026-03-09 03:16:17,7.6,16.6,10.0,306.8,20.0,245.44,5.0,0
FUL_000042,BK_000042,DRV_0091,VEH_0091,2026-02-20 01:14:07,2026-02-20 01:27:55,2026-02-20 01:31:35,2026-02-20 01:40:23,13.8,8.8,6.0,98.2,20.0,78.56,4.0,0
FUL_000043,BK_000043,DRV_0003,VEH_0003,2026-02-15 12:19:36,2026-02-15 12:28:30,2026-02-15 12:29:58,2026-02-15 12:52:46,8.9,22.8,15.1,436.8,20.0,349.44,5.0,30
FUL_000044,BK_000044,DRV_0024,VEH_0024,2026-02-18 16:41:16,2026-02-18 16:53:58,2026-02-18 16:57:14,2026-02-18 17:27:26,12.7,30.2,15.8,335.2,20.0,268.16,5.0,0
FUL_000045,BK_000045,DRV_0313,VEH_0313,2026-02-05 22:11:20,2026-02-05 22:16:56,2026-02-05 22:18:48,2026-02-05 22:48:00,5.6,29.2,18.4,580.58,20.0,464.46,5.0,0
FUL_000047,BK_000047,DRV_0024,VEH_0024,2026-02-06 20:32:23,2026-02-06 20:41:53,2026-02-06 20:44:39,2026-02-06 21:16:45,9.5,32.1,12.0,418.24,20.0,334.59,4.0,0
FUL_000048,BK_000048,DRV_0153,VEH_0153,2026-02-06 20:59:16,2026-02-06 21:04:52,2026-02-06 21:07:51,2026-02-06 21:33:03,5.6,25.2,14.7,425.46,20.0,340.37,5.0,0
FUL_000049,BK_000049,DRV_0066,VEH_0066,2026-02-14 02:47:48,2026-02-14 02:59:48,2026-02-14 03:03:43,2026-02-14 03:35:25,12.0,31.7,15.5,209.8,20.0,167.84,5.0,50
FUL_000051,BK_000051,DRV_0155,VEH_0155,2026-03-06 04:19:52,2026-03-06 04:25:04,2026-03-06 04:26:13,2026-03-06 04:56:31,5.2,30.3,20.6,566.8,20.0,453.44,4.0,20
FUL_000052,BK_000052,DRV_0005,VEH_0005,2026-02-05 13:45:36,2026-02-05 13:51:30,2026-02-05 13:55:11,2026-02-05 14:31:17,5.9,36.1,24.5,707.2,20.0,565.76,4.0,20
FUL_000055,BK_000055,DRV_0078,VEH_0078,2026-03-01 01:46:07,2026-03-01 01:53:25,2026-03-01 01:54:36,2026-03-01 02:20:24,7.3,25.8,14.5,457.6,20.0,366.08,4.0,0
FUL_000056,BK_000056,DRV_0060,VEH_0060,2026-03-04 13:45:16,2026-03-04 13:51:22,2026-03-04 13:54:23,2026-03-04 14:22:17,6.1,27.9,14.6,228.72,20.0,182.98,5.0,0
FUL_000057,BK_000057,DRV_0101,VEH_0101,2026-03-12 00:28:45,2026-03-12 00:34:45,2026-03-12 00:36:35,2026-03-12 00:44:47,6.0,8.2,4.5,197.34,20.0,157.87,5.0,0
FUL_000062,BK_000062,DRV_0030,VEH_0030,2026-02-18 06:24:07,2026-02-18 06:27:25,2026-02-18 06:30:14,2026-02-18 07:30:20,3.3,60.1,27.6,334.6,20.0,267.68,5.0,50
FUL_000064,BK_000064,DRV_0003,VEH_0003,2026-03-17 02:48:10,2026-03-17 03:00:16,2026-03-17 03:02:42,2026-03-17 03:33:06,12.1,30.4,17.4,537.68,20.0,430.14,5.0,0
FUL_000065,BK_000065,DRV_0197,VEH_0197,2026-03-03 04:11:46,2026-03-03 04:17:04,2026-03-03 04:20:57,2026-03-03 04:43:33,5.3,22.6,15.8,564.72,20.0,451.78,5.0,30
FUL_000066,BK_000066,DRV_0132,VEH_0132,2026-03-05 15:33:52,2026-03-05 15:44:04,2026-03-05 15:47:49,2026-03-05 16:06:31,10.2,18.7,8.0,342.72,20.0,274.18,2.0,0
FUL_000068,BK_000068,DRV_0087,VEH_0087,2026-02-02 09:36:49,2026-02-02 09:47:49,2026-02-02 09:49:17,2026-02-02 09:57:41,11.0,8.4,3.9,129.24,20.0,103.39,4.0,10
FUL_000069,BK_000069,DRV_0064,VEH_0064,2026-03-10 07:09:26,2026-03-10 07:21:50,2026-03-10 07:25:03,2026-03-10 07:58:27,12.4,33.4,18.3,271.7,20.0,217.36,4.0,10
FUL_000070,BK_000070,DRV_0037,VEH_0037,2026-02-20 05:01:11,2026-02-20 05:13:11,2026-02-20 05:16:55,2026-02-20 05:21:37,12.0,4.7,2.9,148.4,20.0,118.72,4.0,0
FUL_000071,BK_000071,DRV_0112,VEH_0112,2026-02-09 07:47:30,2026-02-09 07:54:00,2026-02-09 07:56:17,2026-02-09 08:46:05,6.5,49.8,26.8,535.0,20.0,428.0,5.0,10
FUL_000072,BK_000072,DRV_0035,VEH_0035,2026-02-08 05:53:53,2026-02-08 06:01:47,2026-02-08 06:04:30,2026-02-08 06:51:00,7.9,46.5,23.8,446.8,20.0,357.44,5.0,0
FUL_000073,BK_000073,DRV_0250,VEH_0250,2026-02-08 12:04:42,2026-02-08 12:14:42,2026-02-08 12:16:41,2026-02-08 12:27:11,10.0,10.5,5.3,227.92,20.0,182.34,5.0,50
FUL_000074,BK_000074,DRV_0147,VEH_0147,2026-02-21 12:47:56,2026-02-21 12:54:32,2026-02-21 12:57:55,2026-02-21 14:05:37,6.6,67.7,27.1,353.8,20.0,283.04,4.0,0
FUL_000075,BK_000075,DRV_0028,VEH_0028,2026-02-21 12:40:56,2026-02-21 12:49:08,2026-02-21 12:52:58,2026-02-21 13:17:04,8.2,24.1,11.0,162.14,20.0,129.71,5.0,0
FUL_000076,BK_000076,DRV_0123,VEH_0123,2026-03-11 06:47:10,2026-03-11 06:56:58,2026-03-11 07:00:47,2026-03-11 07:27:35,9.8,26.8,16.1,337.0,20.0,269.6,5.0,20
FUL_000077,BK_000077,DRV_0047,VEH_0047,2026-03-09 09:29:48,2026-03-09 09:36:42,2026-03-09 09:39:03,2026-03-09 10:13:45,6.9,34.7,17.4,827.84,20.0,662.27,5.0,0
FUL_000078,BK_000078,DRV_0066,VEH_0066,2026-02-17 12:42:26,2026-02-17 12:47:50,2026-02-17 12:51:36,2026-02-17 13:11:54,5.4,20.3,10.6,174.0,20.0,139.2,5.0,0
FUL_000080,BK_000080,DRV_0003,VEH_0003,2026-02-06 20:37:25,2026-02-06 20:50:49,2026-02-06 20:52:43,2026-02-06 21:20:55,13.4,28.2,18.6,620.88,20.0,496.7,5.0,30
FUL_000081,BK_000081,DRV_0153,VEH_0153,2026-02-09 14:59:27,2026-02-09 15:11:39,2026-02-09 15:15:12,2026-02-09 15:26:24,12.2,11.2,8.2,116.2,20.0,92.96,5.0,0
FUL_000082,BK_000082,DRV_0303,VEH_0303,2026-02-10 05:37:45,2026-02-10 05:40:57,2026-02-10 05:43:48,2026-02-10 06:24:36,3.2,40.8,27.1,926.64,20.0,741.31,5.0,10
FUL_000083,BK_000083,DRV_0103,VEH_0103,2026-03-16 21:06:43,2026-03-16 21:17:13,2026-03-16 21:20:08,2026-03-16 21:25:50,10.5,5.7,2.6,156.24,20.0,124.99,5.0,20
FUL_000084,BK_000084,DRV_0303,VEH_0303,2026-03-08 12:15:25,2026-03-08 12:27:31,2026-03-08 12:31:05,2026-03-08 13:11:41,12.1,40.6,17.2,501.8,20.0,401.44,5.0,0
FUL_000085,BK_000085,DRV_0251,VEH_0251,2026-03-10 05:37:19,2026-03-10 05:45:55,2026-03-10 05:48:32,2026-03-10 06:20:44,8.6,32.2,22.9,780.0,20.0,624.0,4.0,20
FUL_000086,BK_000086,DRV_0318,VEH_0318,2026-02-22 09:34:16,2026-02-22 09:44:16,2026-02-22 09:47:48,2026-02-22 09:55:30,10.0,7.7,5.1,404.04,20.0,323.23,5.0,0
FUL_000087,BK_000087,DRV_0025,VEH_0025,2026-03-15 23:49:23,2026-03-15 23:54:35,2026-03-15 23:56:17,2026-03-16 00:10:11,5.2,13.9,8.4,123.4,20.0,98.72,4.0,30
FUL_000090,BK_000090,DRV_0218,VEH_0218,2026-02-24 18:01:16,2026-02-24 18:13:52,2026-02-24 18:14:53,2026-02-24 18:50:47,12.6,35.9,24.0,1226.16,20.0,980.93,5.0,10
FUL_000091,BK_000091,DRV_0139,VEH_0139,2026-02-28 15:34:29,2026-02-28 15:42:17,2026-02-28 15:44:43,2026-02-28 16:15:07,7.8,30.4,13.0,442.4,20.0,353.92,4.0,0
FUL_000092,BK_000092,DRV_0025,VEH_0025,2026-03-01 21:37:36,2026-03-01 21:42:42,2026-03-01 21:44:14,2026-03-01 22:21:44,5.1,37.5,26.5,700.14,20.0,560.11,5.0,0
FUL_000093,BK_000093,DRV_0294,VEH_0294,2026-02-21 16:39:07,2026-02-21 16:48:19,2026-02-21 16:51:42,2026-02-21 17:30:48,9.2,39.1,24.5,588.0,20.0,470.4,5.0,10
FUL_000094,BK_000094,DRV_0241,VEH_0241,2026-02-11 17:02:21,2026-02-11 17:14:39,2026-02-11 17:17:09,2026-02-11 17:28:45,12.3,11.6,5.8,172.44,20.0,137.95,5.0,50
FUL_000095,BK_000095,DRV_0059,VEH_0059,2026-03-07 11:49:24,2026-03-07 12:01:18,2026-03-07 12:04:59,2026-03-07 12:28:59,11.9,24.0,15.6,246.0,20.0,196.8,5.0,20
FUL_000098,BK_000098,DRV_0072,VEH_0072,2026-02-27 13:18:41,2026-02-27 13:28:59,2026-02-27 13:30:55,2026-02-27 14:03:43,10.3,32.8,15.7,621.6,20.0,497.28,5.0,10
FUL_000099,BK_000099,DRV_0247,VEH_0247,2026-03-01 02:21:26,2026-03-01 02:29:14,2026-03-01 02:31:20,2026-03-01 03:11:26,7.8,40.1,21.9,688.8,20.0,551.04,5.0,20
FUL_000102,BK_000102,DRV_0160,VEH_0160,2026-02-05 06:16:19,2026-02-05 06:27:01,2026-02-05 06:30:48,2026-02-05 06:47:24,10.7,16.6,8.6,302.4,20.0,241.92,5.0,0
FUL_000104,BK_000104,DRV_0094,VEH_0094,2026-02-12 03:20:06,2026-02-12 03:26:18,2026-02-12 03:28:29,2026-02-12 03:36:59,6.2,8.5,4.9,126.4,20.0,101.12,4.0,0
FUL_000105,BK_000105,DRV_0137,VEH_0137,2026-02-17 01:33:06,2026-02-17 01:42:00,2026-02-17 01:43:46,2026-02-17 02:20:10,8.9,36.4,17.8,369.4,20.0,295.52,5.0,10
FUL_000107,BK_000107,DRV_0017,VEH_0017,2026-03-14 01:15:03,2026-03-14 01:24:39,2026-03-14 01:28:37,2026-03-14 01:53:55,9.6,25.3,14.8,588.0,20.0,470.4,5.0,20
FUL_000109,BK_000109,DRV_0164,VEH_0164,2026-02-17 08:09:39,2026-02-17 08:17:39,2026-02-17 08:19:14,2026-02-17 08:31:08,8.0,11.9,7.8,384.16,20.0,307.33,5.0,0
FUL_000113,BK_000113,DRV_0286,VEH_0286,2026-02-19 04:03:13,2026-02-19 04:09:01,2026-02-19 04:10:02,2026-02-19 04:57:14,5.8,47.2,28.1,542.2,20.0,433.76,5.0,20
FUL_000114,BK_000114,DRV_0294,VEH_0294,2026-02-12 01:01:38,2026-02-12 01:09:38,2026-02-12 01:11:15,2026-02-12 01:56:51,8.0,45.6,27.5,533.2,20.0,426.56,4.0,10
FUL_000115,BK_000115,DRV_0165,VEH_0165,2026-03-10 07:19:03,2026-03-10 07:23:27,2026-03-10 07:26:51,2026-03-10 08:05:03,4.4,38.2,23.8,673.4,20.0,538.72,5.0,30
FUL_000117,BK_000117,DRV_0296,VEH_0296,2026-02-11 01:20:57,2026-02-11 01:26:03,2026-02-11 01:28:07,2026-02-11 02:12:07,5.1,44.0,25.7,316.6,20.0,253.28,5.0,30
FUL_000118,BK_000118,DRV_0219,VEH_0219,2026-03-17 19:45:12,2026-03-17 19:57:54,2026-03-17 20:00:02,2026-03-17 20:23:50,12.7,23.8,11.4,251.2,20.0,200.96,5.0,0
FUL_000119,BK_000119,DRV_0051,VEH_0051,2026-03-11 21:13:55,2026-03-11 21:23:43,2026-03-11 21:26:50,2026-03-11 21:38:38,9.8,11.8,6.7,192.72,20.0,154.18,4.0,20
FUL_000120,BK_000120,DRV_0013,VEH_0013,2026-02-08 20:45:47,2026-02-08 20:59:05,2026-02-08 21:02:11,2026-02-08 21:16:53,13.3,14.7,5.7,202.16,20.0,161.73,5.0,0
FUL_000121,BK_000121,DRV_0053,VEH_0053,2026-02-02 10:47:25,2026-02-02 10:57:19,2026-02-02 11:00:58,2026-02-02 11:12:04,9.9,11.1,5.1,157.32,20.0,125.86,5.0,0
FUL_000122,BK_000122,DRV_0199,VEH_0199,2026-03-03 10:47:24,2026-03-03 11:00:36,2026-03-03 11:03:14,2026-03-03 12:03:56,13.2,60.7,26.8,520.0,20.0,416.0,5.0,50
FUL_000123,BK_000123,DRV_0190,VEH_0190,2026-03-02 08:49:44,2026-03-02 09:01:26,2026-03-02 09:03:45,2026-03-02 09:57:09,11.7,53.4,25.9,1921.92,20.0,1537.54,5.0,0
FUL_000124,BK_000124,DRV_0005,VEH_0005,2026-02-22 14:30:16,2026-02-22 14:35:52,2026-02-22 14:39:09,2026-02-22 15:11:21,5.6,32.2,21.0,714.48,20.0,571.58,4.0,20
FUL_000125,BK_000125,DRV_0243,VEH_0243,2026-02-12 14:57:25,2026-02-12 15:04:31,2026-02-12 15:06:14,2026-02-12 15:44:50,7.1,38.6,25.7,313.0,20.0,250.4,4.0,10
FUL_000126,BK_000126,DRV_0110,VEH_0110,2026-02-09 19:21:13,2026-02-09 19:30:37,2026-02-09 19:32:25,2026-02-09 19:43:01,9.4,10.6,6.0,179.76,20.0,143.81,5.0,0
FUL_000127,BK_000127,DRV_0076,VEH_0076,2026-02-14 02:08:44,2026-02-14 02:11:50,2026-02-14 02:12:52,2026-02-14 03:00:58,3.1,48.1,21.3,419.8,20.0,335.84,4.0,50
FUL_000128,BK_000128,DRV_0038,VEH_0038,2026-02-04 21:38:24,2026-02-04 21:46:00,2026-02-04 21:47:34,2026-02-04 22:02:04,7.6,14.5,9.9,433.16,20.0,346.53,4.0,0
FUL_000130,BK_000130,DRV_0198,VEH_0198,2026-03-04 06:20:25,2026-03-04 06:28:43,2026-03-04 06:30:28,2026-03-04 06:41:52,8.3,11.4,6.5,158.8,20.0,127.04,4.0,0
FUL_000131,BK_000131,DRV_0170,VEH_0170,2026-02-01 22:27:46,2026-02-01 22:29:52,2026-02-01 22:30:59,2026-02-01 22:59:11,2.1,28.2,18.0,358.6,20.0,286.88,5.0,20
FUL_000133,BK_000133,DRV_0066,VEH_0066,2026-03-02 14:03:26,2026-03-02 14:14:56,2026-03-02 14:18:12,2026-03-02 14:27:18,11.5,9.1,5.9,94.6,20.0,75.68,5.0,30
FUL_000134,BK_000134,DRV_0271,VEH_0271,2026-02-23 08:05:17,2026-02-23 08:09:35,2026-02-23 08:11:08,2026-02-23 08:46:20,4.3,35.2,17.8,830.4,20.0,664.32,5.0,0
FUL_000136,BK_000136,DRV_0145,VEH_0145,2026-03-08 13:38:23,2026-03-08 13:50:11,2026-03-08 13:51:45,2026-03-08 14:09:57,11.8,18.2,11.4,281.28,20.0,225.02,5.0,10
FUL_000137,BK_000137,DRV_0028,VEH_0028,2026-02-25 01:28:19,2026-02-25 01:32:43,2026-02-25 01:35:10,2026-02-25 02:35:46,4.4,60.6,24.9,315.4,20.0,252.32,4.0,50
FUL_000139,BK_000139,DRV_0229,VEH_0229,2026-02-26 15:30:49,2026-02-26 15:39:07,2026-02-26 15:42:19,2026-02-26 16:18:19,8.3,36.0,22.5,791.56,20.0,633.25,5.0,0
FUL_000141,BK_000141,DRV_0065,VEH_0065,2026-03-05 05:23:06,2026-03-05 05:31:12,2026-03-05 05:34:10,2026-03-05 05:46:40,8.1,12.5,7.0,117.26,20.0,93.81,3.0,20
FUL_000142,BK_000142,DRV_0198,VEH_0198,2026-03-08 00:41:42,2026-03-08 00:48:12,2026-03-08 00:50:51,2026-03-08 01:20:39,-5.0,29.8,18.4,406.34,20.0,325.07,5.0,30
FUL_000144,BK_000144,DRV_0170,VEH_0170,2026-03-08 08:43:28,2026-03-08 08:56:34,2026-03-08 08:58:01,2026-03-08 10:07:37,13.1,69.6,26.5,1236.48,20.0,989.18,5.0,20
FUL_000145,BK_000145,DRV_0059,VEH_0059,2026-03-10 03:54:42,2026-03-10 04:05:30,2026-03-10 04:08:40,2026-03-10 04:36:04,10.8,27.4,17.0,232.6,20.0,186.08,4.0,0
FUL_000147,BK_000147,DRV_0027,VEH_0027,2026-02-03 17:07:56,2026-02-03 17:15:56,2026-02-03 17:17:35,2026-02-03 17:45:47,8.0,28.2,11.3,247.36,20.0,197.89,5.0,50
FUL_000148,BK_000148,DRV_0177,VEH_0177,2026-02-11 08:34:58,2026-02-11 08:37:58,2026-02-11 08:40:40,2026-02-11 09:40:28,3.0,59.8,23.1,813.96,20.0,651.17,5.0,30
FUL_000149,BK_000149,DRV_0303,VEH_0303,2026-02-26 16:55:26,2026-02-26 17:04:50,2026-02-26 17:08:02,2026-02-26 17:36:32,9.4,28.5,12.4,397.8,20.0,318.24,4.0,20
FUL_000150,BK_000150,DRV_0262,VEH_0262,2026-03-03 19:43:59,2026-03-03 19:53:05,2026-03-03 19:54:09,2026-03-03 20:19:45,9.1,25.6,12.9,730.8,20.0,584.64,5.0,50
FUL_000153,BK_000153,DRV_0127,VEH_0127,2026-02-10 18:17:48,2026-02-10 18:26:24,2026-02-10 18:29:16,2026-02-10 18:40:28,8.6,11.2,8.1,284.64,20.0,227.71,5.0,30
FUL_000154,BK_000154,DRV_0174,VEH_0174,2026-02-09 00:02:49,2026-02-09 00:05:25,2026-02-09 00:08:22,2026-02-09 00:29:10,2.6,20.8,7.8,117.4,20.0,93.92,5.0,20
FUL_000155,BK_000155,DRV_0317,VEH_0317,2026-02-11 18:29:55,2026-02-11 18:37:43,2026-02-11 18:40:30,2026-02-11 19:51:00,7.8,70.5,27.4,1422.72,20.0,1138.18,2.0,0
FUL_000156,BK_000156,DRV_0094,VEH_0094,2026-02-23 13:09:00,2026-02-23 13:18:30,2026-02-23 13:20:12,2026-02-23 13:24:30,9.5,4.3,3.1,103.4,20.0,82.72,4.0,10
FUL_000157,BK_000157,DRV_0209,VEH_0209,2026-02-11 12:23:26,2026-02-11 12:34:14,2026-02-11 12:36:47,2026-02-11 13:20:17,10.8,43.5,27.5,792.4,20.0,633.92,5.0,30
FUL_000158,BK_000158,DRV_0201,VEH_0201,2026-03-14 15:40:32,2026-03-14 15:49:32,2026-03-14 15:52:35,2026-03-14 16:25:17,9.0,32.7,13.9,354.72,20.0,283.78,5.0,0
FUL_000160,BK_000160,DRV_0168,VEH_0168,2026-02-15 01:20:31,2026-02-15 01:24:43,2026-02-15 01:28:00,2026-02-15 01:39:24,4.2,11.4,6.4,257.4,20.0,205.92,5.0,0
FUL_000162,BK_000162,DRV_0100,VEH_0100,2026-02-22 19:34:16,2026-02-22 19:47:22,2026-02-22 19:51:13,2026-02-22 20:08:13,13.1,17.0,7.8,392.0,20.0,313.6,5.0,0
FUL_000164,BK_000164,DRV_0024,VEH_0024,2026-03-02 10:34:20,2026-03-02 10:46:50,2026-03-02 10:48:34,2026-03-02 11:17:52,12.5,29.3,17.2,787.2,20.0,629.76,5.0,30
FUL_000165,BK_000165,DRV_0186,VEH_0186,2026-02-21 06:06:36,2026-02-21 06:13:42,2026-02-21 06:16:32,2026-02-21 07:15:14,7.1,58.7,23.1,773.08,20.0,618.46,5.0,50
FUL_000166,BK_000166,DRV_0081,VEH_0081,2026-03-08 16:34:18,2026-03-08 16:38:24,2026-03-08 16:41:10,2026-03-08 17:02:10,4.1,21.0,12.5,510.72,20.0,408.58,5.0,10
FUL_000167,BK_000167,DRV_0278,VEH_0278,2026-02-06 10:42:04,2026-02-06 10:52:46,2026-02-06 10:56:41,2026-02-06 11:29:59,10.7,33.3,18.6,1341.6,20.0,1073.28,5.0,0
FUL_000168,BK_000168,DRV_0108,VEH_0108,2026-03-12 18:58:54,2026-03-12 19:04:36,2026-03-12 19:07:54,2026-03-12 19:51:36,5.7,43.7,23.3,980.0,20.0,784.0,5.0,0
FUL_000169,BK_000169,DRV_0310,VEH_0310,2026-02-22 02:58:18,2026-02-22 03:03:12,2026-02-22 03:05:57,2026-02-22 03:37:33,4.9,31.6,16.8,546.26,20.0,437.01,5.0,0
FUL_000170,BK_000170,DRV_0089,VEH_0089,2026-02-03 11:25:33,2026-02-03 11:37:45,2026-02-03 11:40:45,2026-02-03 11:46:45,12.2,6.0,3.9,232.96,20.0,186.37,3.0,0
FUL_000171,BK_000171,DRV_0107,VEH_0107,2026-03-01 01:29:01,2026-03-01 01:42:13,2026-03-01 01:43:29,2026-03-01 02:42:41,13.2,59.2,27.7,644.16,20.0,515.33,5.0,0
FUL_000172,BK_000172,DRV_0074,VEH_0074,2026-02-22 16:16:22,2026-02-22 16:23:22,2026-02-22 16:24:59,2026-02-22 17:12:11,7.0,47.2,19.9,600.6,20.0,480.48,5.0,0
FUL_000174,BK_000174,DRV_0308,VEH_0308,2026-02-24 21:39:44,2026-02-24 21:50:14,2026-02-24 21:54:10,2026-02-24 22:35:52,10.5,41.7,14.7,1196.16,20.0,956.93,5.0,0
FUL_000175,BK_000175,DRV_0216,VEH_0216,2026-02-03 07:41:16,2026-02-03 07:50:58,2026-02-03 07:54:02,2026-02-03 08:31:56,9.7,37.9,16.6,509.6,20.0,407.68,5.0,20
FUL_000176,BK_000176,DRV_0017,VEH_0017,2026-02-19 06:35:58,2026-02-19 06:49:04,2026-02-19 06:51:30,2026-02-19 07:37:24,13.1,45.9,23.2,893.76,20.0,715.01,5.0,0
FUL_000177,BK_000177,DRV_0038,VEH_0038,2026-03-08 22:19:55,2026-03-08 22:28:37,2026-03-08 22:29:40,2026-03-08 23:12:58,8.7,43.3,24.2,763.62,20.0,610.9,3.0,20
FUL_000178,BK_000178,DRV_0101,VEH_0101,2026-02-16 16:26:29,2026-02-16 16:38:53,2026-02-16 16:42:08,2026-02-16 17:10:50,12.4,28.7,17.3,566.28,20.0,453.02,5.0,30
FUL_000179,BK_000179,DRV_0130,VEH_0130,2026-03-11 00:00:02,2026-03-11 00:11:26,2026-03-11 00:14:46,2026-03-11 00:38:52,11.4,24.1,16.4,486.2,20.0,388.96,5.0,50
FUL_000180,BK_000180,DRV_0190,VEH_0190,2026-03-15 06:51:27,2026-03-15 07:03:21,2026-03-15 07:07:09,2026-03-15 07:45:27,11.9,38.3,22.2,776.16,20.0,620.93,4.0,50
FUL_000182,BK_000182,DRV_0197,VEH_0197,2026-03-02 07:48:23,2026-03-02 07:54:11,2026-03-02 07:56:30,2026-03-02 08:15:30,5.8,19.0,7.5,265.2,20.0,212.16,5.0,0
FUL_000183,BK_000183,DRV_0216,VEH_0216,2026-02-10 15:38:51,2026-02-10 15:47:45,2026-02-10 15:49:15,2026-02-10 16:24:57,8.9,35.7,17.9,602.16,20.0,481.73,5.0,0
FUL_000184,BK_000184,DRV_0055,VEH_0055,2026-02-18 17:00:30,2026-02-18 17:10:06,2026-02-18 17:13:10,2026-02-18 17:39:34,9.6,26.4,13.6,188.2,20.0,150.56,5.0,0
FUL_000187,BK_000187,DRV_0282,VEH_0282,2026-03-09 03:33:29,2026-03-09 03:39:41,2026-03-09 03:42:04,2026-03-09 04:17:58,6.2,35.9,16.0,313.6,20.0,250.88,5.0,0
FUL_000188,BK_000188,DRV_0185,VEH_0185,2026-02-26 13:28:07,2026-02-26 13:33:01,2026-02-26 13:34:44,2026-02-26 14:13:50,4.9,39.1,16.7,335.2,20.0,268.16,5.0,0
FUL_000189,BK_000189,DRV_0143,VEH_0143,2026-02-27 01:33:28,2026-02-27 01:45:28,2026-02-27 01:46:48,2026-02-27 01:59:12,12.0,12.4,7.0,247.0,20.0,197.6,5.0,50
FUL_000190,BK_000190,DRV_0237,VEH_0237,2026-03-04 10:45:22,2026-03-04 10:48:28,2026-03-04 10:51:55,2026-03-04 11:08:31,3.1,16.6,11.8,793.8,20.0,635.04,5.0,0
FUL_000191,BK_000191,DRV_0275,VEH_0275,2026-02-18 23:57:55,2026-02-19 00:03:31,2026-02-19 00:06:53,2026-02-19 00:19:41,5.6,12.8,8.1,339.36,20.0,271.49,3.0,20
FUL_000193,BK_000193,DRV_0019,VEH_0019,2026-03-12 10:43:05,2026-03-12 10:52:35,2026-03-12 10:55:43,2026-03-12 11:12:49,9.5,17.1,8.7,461.76,20.0,369.41,5.0,0
FUL_000195,BK_000195,DRV_0086,VEH_0086,2026-02-04 12:22:10,2026-02-04 12:35:52,2026-02-04 12:37:16,2026-02-04 13:28:52,13.7,51.6,22.5,423.4,20.0,338.72,4.0,30
FUL_000196,BK_000196,DRV_0239,VEH_0239,2026-02-26 08:59:15,2026-02-26 09:08:09,2026-02-26 09:11:41,2026-02-26 09:37:59,8.9,26.3,11.9,451.08,20.0,360.86,5.0,20
FUL_000197,BK_000197,DRV_0300,VEH_0300,2026-02-06 09:37:22,2026-02-06 09:51:10,2026-02-06 09:55:07,2026-02-06 10:39:01,13.8,43.9,27.9,1123.5,20.0,898.8,5.0,0
FUL_000198,BK_000198,DRV_0210,VEH_0210,2026-03-01 03:37:13,2026-03-01 03:45:25,2026-03-01 03:47:49,2026-03-01 04:14:37,8.2,26.8,16.6,529.2,20.0,423.36,2.0,10
FUL_000199,BK_000199,DRV_0103,VEH_0103,2026-02-04 01:05:52,2026-02-04 01:17:34,2026-02-04 01:20:26,2026-02-04 01:58:02,11.7,37.6,16.9,388.52,20.0,310.82,5.0,10
FUL_000201,BK_000201,DRV_0020,VEH_0020,2026-02-23 07:39:33,2026-02-23 07:48:39,2026-02-23 07:52:06,2026-02-23 08:09:48,9.1,17.7,12.0,389.2,20.0,311.36,5.0,30
FUL_000202,BK_000202,DRV_0037,VEH_0037,2026-02-27 13:03:29,2026-02-27 13:06:05,2026-02-27 13:08:28,2026-02-27 13:44:58,2.6,36.5,19.5,607.6,20.0,486.08,3.0,0
FUL_000204,BK_000204,DRV_0219,VEH_0219,2026-02-05 16:20:49,2026-02-05 16:26:49,2026-02-05 16:28:37,2026-02-05 17:37:13,6.0,68.6,28.5,424.56,20.0,339.65,5.0,0
FUL_000205,BK_000205,DRV_0193,VEH_0193,2026-02-16 14:32:23,2026-02-16 14:34:29,2026-02-16 14:35:46,2026-02-16 15:17:22,2.1,41.6,16.9,225.4,20.0,180.32,5.0,10
FUL_000206,BK_000206,DRV_0132,VEH_0132,2026-02-03 20:07:30,2026-02-03 20:10:30,2026-02-03 20:13:18,2026-02-03 21:08:36,3.0,55.3,28.6,1746.36,20.0,1397.09,5.0,0
FUL_000207,BK_000207,DRV_0282,VEH_0282,2026-02-22 12:03:09,2026-02-22 12:13:27,2026-02-22 12:16:27,2026-02-22 12:58:57,10.3,42.5,26.3,517.0,20.0,413.6,4.0,10
FUL_000208,BK_000208,DRV_0161,VEH_0161,2026-02-03 23:36:40,2026-02-03 23:45:58,2026-02-03 23:47:30,2026-02-04 00:00:54,9.3,13.4,6.9,249.6,20.0,199.68,4.0,0
FUL_000209,BK_000209,DRV_0048,VEH_0048,2026-02-05 22:50:12,2026-02-05 22:52:24,2026-02-05 22:54:53,2026-02-05 23:02:17,2.2,7.4,4.1,176.8,20.0,141.44,5.0,30
FUL_000213,BK_000213,DRV_0239,VEH_0239,2026-02-26 11:39:04,2026-02-26 11:51:52,2026-02-26 11:54:45,2026-02-26 12:35:15,12.8,40.5,19.1,473.52,20.0,378.82,5.0,0
FUL_000214,BK_000214,DRV_0042,VEH_0042,2026-02-23 12:23:18,2026-02-23 12:31:42,2026-02-23 12:35:12,2026-02-23 13:19:54,8.4,44.7,24.9,732.16,20.0,585.73,5.0,0
FUL_000216,BK_000216,DRV_0294,VEH_0294,2026-02-23 12:00:46,2026-02-23 12:11:10,2026-02-23 12:12:33,2026-02-23 13:14:03,10.4,61.5,25.2,509.8,20.0,407.84,5.0,0
FUL_000217,BK_000217,DRV_0134,VEH_0134,2026-02-06 10:42:58,2026-02-06 10:54:40,2026-02-06 10:58:36,2026-02-06 11:05:30,11.7,6.9,4.1,204.84,20.0,163.87,2.0,0
FUL_000218,BK_000218,DRV_0073,VEH_0073,2026-02-16 12:27:36,2026-02-16 12:38:00,2026-02-16 12:40:39,2026-02-16 12:59:21,10.4,18.7,10.3,338.8,20.0,271.04,5.0,0
FUL_000219,BK_000219,DRV_0052,VEH_0052,2026-03-13 06:47:26,2026-03-13 06:57:56,2026-03-13 07:00:42,2026-03-13 07:06:36,10.5,5.9,2.8,63.14,20.0,50.51,4.0,50
FUL_000220,BK_000220,DRV_0254,VEH_0254,2026-02-25 01:21:19,2026-02-25 01:30:31,2026-02-25 01:33:40,2026-02-25 01:48:52,9.2,15.2,8.4,142.34,20.0,113.87,4.0,10
FUL_000223,BK_000223,DRV_0225,VEH_0225,2026-02-03 17:00:57,2026-02-03 17:10:21,2026-02-03 17:14:01,2026-02-03 17:33:07,9.4,19.1,9.6,523.68,20.0,418.94,5.0,0
FUL_000224,BK_000224,DRV_0143,VEH_0143,2026-02-06 12:46:56,2026-02-06 12:53:56,2026-02-06 12:57:10,2026-02-06 13:29:10,7.0,32.0,21.0,618.8,20.0,495.04,5.0,0
FUL_000225,BK_000225,DRV_0048,VEH_0048,2026-03-13 19:37:10,2026-03-13 19:40:52,2026-03-13 19:44:39,2026-03-13 20:13:03,3.7,28.4,14.8,626.08,20.0,500.86,5.0,0
FUL_000226,BK_000226,DRV_0040,VEH_0040,2026-02-07 00:57:14,2026-02-07 01:04:44,2026-02-07 01:06:14,2026-02-07 01:26:38,7.5,20.4,10.5,216.4,20.0,173.12,5.0,0
FUL_000227,BK_000227,DRV_0304,VEH_0304,2026-02-19 23:41:15,2026-02-19 23:53:15,2026-02-19 23:55:05,2026-02-20 00:35:53,12.0,40.8,26.1,920.64,20.0,736.51,5.0,20
FUL_000228,BK_000228,DRV_0025,VEH_0025,2026-02-20 06:20:19,2026-02-20 06:22:43,2026-02-20 06:25:18,2026-02-20 07:19:06,2.4,53.8,29.9,364.6,20.0,291.68,4.0,50
FUL_000229,BK_000229,DRV_0252,VEH_0252,2026-03-04 19:06:52,2026-03-04 19:11:46,2026-03-04 19:15:45,2026-03-04 20:28:51,4.9,73.1,28.3,1271.04,20.0,1016.83,5.0,50
FUL_000231,BK_000231,DRV_0204,VEH_0204,2026-03-13 21:52:49,2026-03-13 22:03:13,2026-03-13 22:06:03,2026-03-13 22:35:15,10.4,29.2,16.1,1173.12,20.0,938.5,5.0,20
FUL_000232,BK_000232,DRV_0068,VEH_0068,2026-03-13 15:54:20,2026-03-13 16:00:44,2026-03-13 16:02:15,2026-03-13 16:24:51,6.4,22.6,12.1,390.0,20.0,312.0,5.0,0
FUL_000234,BK_000234,DRV_0042,VEH_0042,2026-02-13 20:43:19,2026-02-13 20:51:37,2026-02-13 20:52:59,2026-02-13 21:13:11,8.3,20.2,12.7,458.64,20.0,366.91,5.0,10
FUL_000237,BK_000237,DRV_0261,VEH_0261,2026-02-22 19:37:52,2026-02-22 19:42:10,2026-02-22 19:43:13,2026-02-22 20:05:19,4.3,22.1,14.8,739.2,20.0,591.36,5.0,20
FUL_000238,BK_000238,DRV_0274,VEH_0274,2026-02-28 06:06:54,2026-02-28 06:11:00,2026-02-28 06:12:46,2026-02-28 06:40:04,4.1,27.3,15.5,527.28,20.0,421.82,4.0,0
FUL_000239,BK_000239,DRV_0175,VEH_0175,2026-03-01 09:42:34,2026-03-01 09:46:28,2026-03-01 09:47:49,2026-03-01 09:58:07,3.9,10.3,7.4,380.24,20.0,304.19,5.0,20
FUL_000240,BK_000240,DRV_0089,VEH_0089,2026-03-17 18:15:35,2026-03-17 18:23:59,2026-03-17 18:25:20,2026-03-17 18:57:50,8.4,32.5,13.1,611.52,20.0,489.22,4.0,50
FUL_000242,BK_000242,DRV_0025,VEH_0025,2026-03-06 13:08:54,2026-03-06 13:11:12,2026-03-06 13:14:03,2026-03-06 13:27:57,2.3,13.9,6.1,108.02,20.0,86.42,5.0,0
FUL_000244,BK_000244,DRV_0223,VEH_0223,2026-03-16 04:27:09,2026-03-16 04:33:33,2026-03-16 04:35:40,2026-03-16 05:03:22,6.4,27.7,12.8,178.6,20.0,142.88,2.0,0
FUL_000245,BK_000245,DRV_0263,VEH_0263,2026-02-14 09:16:30,2026-02-14 09:25:42,2026-02-14 09:27:07,2026-02-14 10:12:55,9.2,45.8,23.1,394.52,20.0,315.62,5.0,20
FUL_000246,BK_000246,DRV_0167,VEH_0167,2026-02-01 13:14:27,2026-02-01 13:25:33,2026-02-01 13:26:57,2026-02-01 13:57:57,11.1,31.0,13.4,307.34,20.0,245.87,5.0,0
FUL_000247,BK_000247,DRV_0136,VEH_0136,2026-02-26 16:53:48,2026-02-26 16:59:24,2026-02-26 17:02:19,2026-02-26 17:07:49,5.6,5.5,3.1,69.74,20.0,55.79,5.0,10
FUL_000248,BK_000248,DRV_0306,VEH_0306,2026-02-06 16:23:01,2026-02-06 16:32:01,2026-02-06 16:34:42,2026-02-06 17:18:00,9.0,43.3,29.4,551.2,20.0,440.96,5.0,0
FUL_000249,BK_000249,DRV_0039,VEH_0039,2026-02-08 15:52:32,2026-02-08 15:58:50,2026-02-08 15:59:59,2026-02-08 16:12:53,6.3,12.9,6.5,274.56,20.0,219.65,2.0,0
FUL_000250,BK_000250,DRV_0060,VEH_0060,2026-02-10 01:41:56,2026-02-10 01:54:26,2026-02-10 01:57:54,2026-02-10 02:28:18,12.5,30.4,18.0,242.2,20.0,193.76,5.0,20
FUL_000251,BK_000251,DRV_0173,VEH_0173,2026-02-01 20:05:58,2026-02-01 20:19:04,2026-02-01 20:20:33,2026-02-01 20:48:21,13.1,27.8,12.4,363.44,20.0,290.75,4.0,0
FUL_000252,BK_000252,DRV_0299,VEH_0299,2026-03-15 06:36:32,2026-03-15 06:48:20,2026-03-15 06:52:00,2026-03-15 07:12:30,11.8,20.5,12.2,394.8,20.0,315.84,5.0,10
FUL_000253,BK_000253,DRV_0138,VEH_0138,2026-03-12 05:52:25,2026-03-12 05:59:31,2026-03-12 06:02:48,2026-03-12 06:28:48,7.1,26.0,10.1,229.0,20.0,183.2,5.0,30
FUL_000254,BK_000254,DRV_0293,VEH_0293,2026-02-28 05:54:23,2026-02-28 05:59:59,2026-02-28 06:01:00,2026-02-28 06:15:00,5.6,14.0,5.5,210.6,20.0,168.48,5.0,0
FUL_000255,BK_000255,DRV_0171,VEH_0171,2026-02-07 20:59:35,2026-02-07 21:11:53,2026-02-07 21:15:13,2026-02-07 22:02:49,12.3,47.6,27.8,843.36,20.0,674.69,5.0,0
FUL_000256,BK_000256,DRV_0003,VEH_0003,2026-03-14 06:51:42,2026-03-14 07:04:42,2026-03-14 07:08:15,2026-03-14 08:01:15,13.0,53.0,29.0,945.36,20.0,756.29,5.0,0
FUL_000258,BK_000258,DRV_0223,VEH_0223,2026-02-07 10:27:20,2026-02-07 10:30:20,2026-02-07 10:32:48,2026-02-07 11:14:48,3.0,42.0,21.1,494.28,20.0,395.42,4.0,50
FUL_000259,BK_000259,DRV_0296,VEH_0296,2026-02-09 20:12:16,2026-02-09 20:26:16,2026-02-09 20:28:44,2026-02-09 21:35:44,14.0,67.0,27.2,417.36,20.0,333.89,5.0,0
FUL_000260,BK_000260,DRV_0043,VEH_0043,2026-03-06 23:50:40,2026-03-06 23:59:46,2026-03-07 00:03:44,2026-03-07 00:33:08,9.1,29.4,12.7,169.0,20.0,135.2,4.0,10
FUL_000261,BK_000261,DRV_0251,VEH_0251,2026-02-17 10:57:33,2026-02-17 11:08:45,2026-02-17 11:10:04,2026-02-17 12:12:40,11.2,62.6,28.8,1436.76,20.0,1149.41,5.0,0
FUL_000262,BK_000262,DRV_0108,VEH_0108,2026-03-04 02:40:34,2026-03-04 02:46:10,2026-03-04 02:49:02,2026-03-04 03:09:02,5.6,20.0,12.9,417.2,20.0,333.76,5.0,50
FUL_000264,BK_000264,DRV_0235,VEH_0235,2026-02-21 17:38:37,2026-02-21 17:47:19,2026-02-21 17:50:53,2026-02-21 18:20:47,8.7,29.9,14.6,467.2,20.0,373.76,5.0,0
FUL_000266,BK_000266,DRV_0174,VEH_0174,2026-03-01 07:51:20,2026-03-01 07:54:50,2026-03-01 07:56:55,2026-03-01 08:13:55,3.5,17.0,11.1,154.6,20.0,123.68,4.0,20
FUL_000267,BK_000267,DRV_0038,VEH_0038,2026-02-19 23:56:54,2026-02-20 00:06:00,2026-02-20 00:09:43,2026-02-20 01:00:25,9.1,50.7,19.6,577.2,20.0,461.76,5.0,0
FUL_000268,BK_000268,DRV_0261,VEH_0261,2026-02-27 02:28:30,2026-02-27 02:30:48,2026-02-27 02:32:44,2026-02-27 02:49:38,2.3,16.9,9.4,399.84,20.0,319.87,5.0,50
FUL_000269,BK_000269,DRV_0102,VEH_0102,2026-02-24 03:10:10,2026-02-24 03:14:34,2026-02-24 03:17:28,2026-02-24 03:44:16,4.4,26.8,17.9,588.0,20.0,470.4,4.0,0
FUL_000270,BK_000270,DRV_0059,VEH_0059,2026-03-09 20:51:30,2026-03-09 20:57:30,2026-03-09 20:58:42,2026-03-09 21:32:12,6.0,33.5,21.6,391.16,20.0,312.93,5.0,0
FUL_000271,BK_000271,DRV_0193,VEH_0193,2026-02-20 22:52:20,2026-02-20 22:59:44,2026-02-20 23:03:01,2026-02-20 23:21:01,7.4,18.0,7.4,140.88,20.0,112.7,5.0,0
FUL_000274,BK_000274,DRV_0162,VEH_0162,2026-03-11 18:01:47,2026-03-11 18:11:59,2026-03-11 18:13:41,2026-03-11 19:07:17,10.2,53.6,23.4,1235.52,20.0,988.42,5.0,10
FUL_000275,BK_000275,DRV_0120,VEH_0120,2026-03-02 16:36:48,2026-03-02 16:48:18,2026-03-02 16:50:07,2026-03-02 17:02:07,11.5,12.0,6.8,158.8,20.0,127.04,5.0,50
FUL_000276,BK_000276,DRV_0042,VEH_0042,2026-02-28 15:07:01,2026-02-28 15:17:07,2026-02-28 15:20:46,2026-02-28 16:12:40,10.1,51.9,27.5,738.4,20.0,590.72,4.0,0
FUL_000277,BK_000277,DRV_0152,VEH_0152,2026-03-03 11:30:30,2026-03-03 11:41:48,2026-03-03 11:43:44,2026-03-03 12:07:38,11.3,23.9,16.1,666.12,20.0,532.9,4.0,0
FUL_000278,BK_000278,DRV_0168,VEH_0168,2026-02-09 05:19:30,2026-02-09 05:22:12,2026-02-09 05:24:48,2026-02-09 05:48:00,2.7,23.2,13.5,426.4,20.0,341.12,5.0,50
FUL_000279,BK_000279,DRV_0229,VEH_0229,2026-02-22 21:04:19,2026-02-22 21:16:25,2026-02-22 21:19:24,2026-02-22 21:54:30,12.1,35.1,24.9,1774.08,20.0,1419.26,4.0,0
FUL_000280,BK_000280,DRV_0074,VEH_0074,2026-03-14 08:30:11,2026-03-14 08:36:53,2026-03-14 08:40:36,2026-03-14 09:13:36,6.7,33.0,17.7,1179.36,20.0,943.49,5.0,0
FUL_000283,BK_000283,DRV_0200,VEH_0200,2026-02-17 06:19:21,2026-02-17 06:29:03,2026-02-17 06:30:36,2026-02-17 06:58:24,9.7,27.8,14.8,517.44,20.0,413.95,5.0,0
FUL_000284,BK_000284,DRV_0078,VEH_0078,2026-02-08 10:23:55,2026-02-08 10:31:19,2026-02-08 10:34:56,2026-02-08 11:34:32,7.4,59.6,24.0,982.8,20.0,786.24,5.0,20
FUL_000286,BK_000286,DRV_0288,VEH_0288,2026-03-14 12:30:36,2026-03-14 12:33:12,2026-03-14 12:36:03,2026-03-14 12:49:39,2.6,13.6,7.5,178.6,20.0,142.88,2.0,0
FUL_000287,BK_000287,DRV_0307,VEH_0307,2026-02-21 01:18:39,2026-02-21 01:32:03,2026-02-21 01:35:29,2026-02-21 01:47:47,13.4,12.3,5.9,231.66,20.0,185.33,5.0,30
FUL_000289,BK_000289,DRV_0232,VEH_0232,2026-03-14 13:02:25,2026-03-14 13:04:31,2026-03-14 13:05:54,2026-03-14 13:43:12,2.1,37.3,18.5,525.2,20.0,420.16,5.0,30
FUL_000291,BK_000291,DRV_0238,VEH_0238,2026-02-12 19:04:02,2026-02-12 19:07:38,2026-02-12 19:11:18,2026-02-12 19:38:36,3.6,27.3,10.2,704.34,20.0,563.47,5.0,50
FUL_000292,BK_000292,DRV_0267,VEH_0267,2026-02-15 16:35:20,2026-02-15 16:49:02,2026-02-15 16:51:31,2026-02-15 17:00:31,13.7,9.0,6.2,271.44,20.0,217.15,5.0,30
FUL_000294,BK_000294,DRV_0090,VEH_0090,2026-02-03 16:08:15,2026-02-03 16:13:21,2026-02-03 16:16:28,2026-02-03 16:24:04,5.1,7.6,4.2,110.2,20.0,88.16,3.0,0
FUL_000295,BK_000295,DRV_0089,VEH_0089,2026-02-23 16:28:51,2026-02-23 16:33:03,2026-02-23 16:34:33,2026-02-23 16:45:09,4.2,10.6,5.7,213.2,20.0,170.56,4.0,0
FUL_000296,BK_000296,DRV_0150,VEH_0150,2026-02-20 04:50:57,2026-02-20 04:53:15,2026-02-20 04:56:17,2026-02-20 05:34:11,2.3,37.9,22.7,650.0,20.0,520.0,5.0,0
FUL_000297,BK_000297,DRV_0282,VEH_0282,2026-02-22 04:41:15,2026-02-22 04:47:15,2026-02-22 04:48:22,2026-02-22 05:21:04,6.0,32.7,19.1,416.24,20.0,332.99,3.0,0
FUL_000298,BK_000298,DRV_0047,VEH_0047,2026-03-09 13:47:26,2026-03-09 13:54:14,2026-03-09 13:55:46,2026-03-09 14:20:04,6.8,24.3,17.8,499.2,20.0,399.36,5.0,0
FUL_000299,BK_000299,DRV_0305,VEH_0305,2026-02-06 17:43:54,2026-02-06 17:56:42,2026-02-06 17:59:30,2026-02-06 18:47:24,12.8,47.9,22.6,1155.84,20.0,924.67,5.0,0
FUL_000300,BK_000300,DRV_0262,VEH_0262,2026-02-26 21:01:02,2026-02-26 21:10:26,2026-02-26 21:12:44,2026-02-26 21:22:08,9.4,9.4,4.6,429.24,20.0,343.39,5.0,50
FUL_000301,BK_000301,DRV_0053,VEH_0053,2026-03-01 21:39:16,2026-03-01 21:44:52,2026-03-01 21:48:49,2026-03-01 22:05:49,5.6,17.0,10.1,350.88,20.0,280.7,5.0,30
FUL_000302,BK_000302,DRV_0319,VEH_0319,2026-03-14 23:56:27,2026-03-15 00:04:03,2026-03-15 00:07:12,2026-03-15 00:15:30,7.6,8.3,5.3,202.8,20.0,162.24,5.0,0
FUL_000305,BK_000305,DRV_0269,VEH_0269,2026-03-12 22:02:29,2026-03-12 22:04:41,2026-03-12 22:07:39,2026-03-12 22:39:09,2.2,31.5,16.5,335.2,20.0,268.16,5.0,50
FUL_000306,BK_000306,DRV_0081,VEH_0081,2026-02-05 05:43:17,2026-02-05 05:53:41,2026-02-05 05:55:14,2026-02-05 06:02:56,10.4,7.7,3.0,151.2,20.0,120.96,5.0,0
FUL_000307,BK_000307,DRV_0089,VEH_0089,2026-02-14 22:40:36,2026-02-14 22:53:24,2026-02-14 22:56:36,2026-02-14 23:25:18,12.8,28.7,15.1,494.78,20.0,395.82,5.0,50
FUL_000309,BK_000309,DRV_0248,VEH_0248,2026-02-02 22:26:17,2026-02-02 22:31:05,2026-02-02 22:32:15,2026-02-02 23:12:45,4.8,40.5,15.5,342.98,20.0,274.38,5.0,10
FUL_000310,BK_000310,DRV_0212,VEH_0212,2026-02-23 18:26:35,2026-02-23 18:32:05,2026-02-23 18:33:39,2026-02-23 19:03:09,5.5,29.5,14.0,620.76,20.0,496.61,5.0,20
FUL_000311,BK_000311,DRV_0259,VEH_0259,2026-03-06 03:43:01,2026-03-06 03:54:37,2026-03-06 03:58:00,2026-03-06 04:35:18,11.6,37.3,25.0,763.62,20.0,610.9,5.0,0
FUL_000312,BK_000312,DRV_0305,VEH_0305,2026-02-08 08:45:18,2026-02-08 08:50:54,2026-02-08 08:52:31,2026-02-08 09:05:49,5.6,13.3,4.9,446.88,20.0,357.5,4.0,20
FUL_000313,BK_000313,DRV_0206,VEH_0206,2026-03-09 23:15:30,2026-03-09 23:24:12,2026-03-09 23:26:39,2026-03-09 23:46:15,8.7,19.6,14.4,189.4,20.0,151.52,4.0,10
FUL_000316,BK_000316,DRV_0092,VEH_0092,2026-02-23 22:22:32,2026-02-23 22:26:02,2026-02-23 22:27:38,2026-02-23 22:55:38,3.5,28.0,20.3,610.4,20.0,488.32,5.0,50
FUL_000317,BK_000317,DRV_0258,VEH_0258,2026-02-13 08:33:34,2026-02-13 08:44:34,2026-02-13 08:47:09,2026-02-13 09:06:03,11.0,18.9,11.6,599.04,20.0,479.23,5.0,30
FUL_000318,BK_000318,DRV_0006,VEH_0006,2026-02-21 09:24:23,2026-02-21 09:27:23,2026-02-21 09:29:19,2026-02-21 09:59:49,3.0,30.5,20.8,391.16,20.0,312.93,5.0,0
FUL_000319,BK_000319,DRV_0260,VEH_0260,2026-03-17 12:25:25,2026-03-17 12:37:55,2026-03-17 12:41:04,2026-03-17 13:08:40,12.5,27.6,13.0,274.0,20.0,219.2,4.0,0
FUL_000321,BK_000321,DRV_0174,VEH_0174,2026-03-06 06:00:54,2026-03-06 06:09:12,2026-03-06 06:12:28,2026-03-06 06:31:46,8.3,19.3,7.8,122.2,20.0,97.76,4.0,10
FUL_000322,BK_000322,DRV_0233,VEH_0233,2026-02-06 06:37:30,2026-02-06 06:40:06,2026-02-06 06:43:03,2026-02-06 07:05:51,2.6,22.8,9.3,306.8,20.0,245.44,4.0,50
FUL_000324,BK_000324,DRV_0115,VEH_0115,2026-02-06 00:56:27,2026-02-06 01:00:15,2026-02-06 01:02:31,2026-02-06 01:49:55,3.8,47.4,23.2,470.2,20.0,376.16,5.0,0
FUL_000325,BK_000325,DRV_0250,VEH_0250,2026-03-04 01:17:05,2026-03-04 01:29:35,2026-03-04 01:32:20,2026-03-04 02:03:08,12.5,30.8,19.2,682.08,20.0,545.66,5.0,50
FUL_000326,BK_000326,DRV_0302,VEH_0302,2026-02-24 06:28:20,2026-02-24 06:40:44,2026-02-24 06:42:05,2026-02-24 07:30:05,12.4,48.0,21.4,611.0,20.0,488.8,4.0,20
FUL_000327,BK_000327,DRV_0177,VEH_0177,2026-02-06 18:02:02,2026-02-06 18:07:44,2026-02-06 18:09:51,2026-02-06 18:17:21,5.7,7.5,3.4,164.8,20.0,131.84,5.0,30
FUL_000328,BK_000328,DRV_0002,VEH_0002,2026-02-09 13:58:20,2026-02-09 14:05:20,2026-02-09 14:08:03,2026-02-09 14:18:21,7.0,10.3,6.1,252.56,20.0,202.05,4.0,50
FUL_000329,BK_000329,DRV_0278,VEH_0278,2026-02-24 05:20:56,2026-02-24 05:24:02,2026-02-24 05:26:54,2026-02-24 06:01:24,3.1,34.5,19.9,637.78,20.0,510.22,3.0,20
FUL_000331,BK_000331,DRV_0037,VEH_0037,2026-02-10 00:11:15,2026-02-10 00:19:15,2026-02-10 00:20:18,2026-02-10 01:07:06,8.0,46.8,28.1,1004.64,20.0,803.71,2.0,10
FUL_000332,BK_000332,DRV_0197,VEH_0197,2026-03-09 23:22:17,2026-03-09 23:28:23,2026-03-09 23:29:55,2026-03-10 00:04:19,6.1,34.4,13.2,480.48,20.0,384.38,5.0,0
FUL_000333,BK_000333,DRV_0110,VEH_0110,2026-02-14 05:40:54,2026-02-14 05:54:18,2026-02-14 05:57:20,2026-02-14 06:20:56,13.4,23.6,9.8,203.8,20.0,163.04,5.0,0
FUL_000335,BK_000335,DRV_0314,VEH_0314,2026-02-23 16:27:22,2026-02-23 16:33:10,2026-02-23 16:35:49,2026-02-23 17:08:01,5.8,32.2,12.0,468.0,20.0,374.4,5.0,0
FUL_000336,BK_000336,DRV_0076,VEH_0076,2026-03-07 23:22:25,2026-03-07 23:34:37,2026-03-07 23:37:07,2026-03-07 23:53:43,12.2,16.6,10.2,272.64,20.0,218.11,5.0,0
FUL_000337,BK_000337,DRV_0289,VEH_0289,2026-02-03 03:38:36,2026-02-03 03:40:36,2026-02-03 03:44:24,2026-02-03 04:36:30,2.0,52.1,28.4,535.0,20.0,428.0,4.0,30
FUL_000338,BK_000338,DRV_0046,VEH_0046,2026-02-03 07:40:30,2026-02-03 07:52:30,2026-02-03 07:55:40,2026-02-03 08:10:22,12.0,14.7,11.0,225.4,20.0,180.32,5.0,20
FUL_000339,BK_000339,DRV_0197,VEH_0197,2026-02-13 16:12:57,2026-02-13 16:15:09,2026-02-13 16:18:13,2026-02-13 16:37:49,2.2,19.6,10.9,361.4,20.0,289.12,5.0,0
FUL_000340,BK_000340,DRV_0052,VEH_0052,2026-03-07 22:48:24,2026-03-07 22:56:54,2026-03-07 23:00:34,2026-03-07 23:36:34,8.5,36.0,23.3,331.1,20.0,264.88,5.0,30
FUL_000341,BK_000341,DRV_0005,VEH_0005,2026-03-11 10:34:39,2026-03-11 10:41:57,2026-03-11 10:43:36,2026-03-11 10:58:54,7.3,15.3,5.7,511.68,20.0,409.34,3.0,20
FUL_000342,BK_000342,DRV_0224,VEH_0224,2026-03-17 20:33:41,2026-03-17 20:35:47,2026-03-17 20:39:44,2026-03-17 20:45:44,2.1,6.0,3.4,280.8,20.0,224.64,5.0,50
FUL_000345,BK_000345,DRV_0168,VEH_0168,2026-03-11 16:15:18,2026-03-11 16:21:36,2026-03-11 16:24:52,2026-03-11 16:33:28,6.3,8.6,5.6,234.52,20.0,187.62,5.0,30
FUL_000347,BK_000347,DRV_0201,VEH_0201,2026-02-10 05:02:27,2026-02-10 05:04:45,2026-02-10 05:07:02,2026-02-10 05:35:20,2.3,28.3,11.2,230.8,20.0,184.64,3.0,10
FUL_000348,BK_000348,DRV_0204,VEH_0204,2026-03-11 03:19:24,2026-03-11 03:30:42,2026-03-11 03:33:33,2026-03-11 03:59:15,11.3,25.7,16.6,481.0,20.0,384.8,5.0,0
FUL_000349,BK_000349,DRV_0043,VEH_0043,2026-03-13 18:13:11,2026-03-13 18:15:53,2026-03-13 18:18:42,2026-03-13 19:03:24,2.7,44.7,22.2,716.64,20.0,573.31,5.0,0
FUL_000352,BK_000352,DRV_0007,VEH_0007,2026-02-06 03:58:39,2026-02-06 04:11:33,2026-02-06 04:12:55,2026-02-06 04:46:31,12.9,33.6,18.0,533.0,20.0,426.4,5.0,50
FUL_000353,BK_000353,DRV_0270,VEH_0270,2026-02-07 01:28:00,2026-02-07 01:33:42,2026-02-07 01:37:21,2026-02-07 02:02:39,5.7,25.3,15.4,214.6,20.0,171.68,5.0,20
FUL_000354,BK_000354,DRV_0316,VEH_0316,2026-02-03 20:36:21,2026-02-03 20:43:27,2026-02-03 20:45:02,2026-02-03 21:39:56,7.1,54.9,25.4,655.76,20.0,524.61,4.0,20
FUL_000355,BK_000355,DRV_0205,VEH_0205,2026-03-12 00:37:35,2026-03-12 00:40:53,2026-03-12 00:44:30,2026-03-12 01:12:06,3.3,27.6,18.9,655.2,20.0,524.16,3.0,0
FUL_000356,BK_000356,DRV_0235,VEH_0235,2026-02-23 03:06:15,2026-02-23 03:12:39,2026-02-23 03:13:52,2026-02-23 03:34:34,6.4,20.7,7.6,180.4,20.0,144.32,5.0,0
FUL_000359,BK_000359,DRV_0145,VEH_0145,2026-02-15 03:13:36,2026-02-15 03:26:54,2026-02-15 03:30:49,2026-02-15 03:48:07,13.3,17.3,12.9,283.58,20.0,226.86,4.0,0
FUL_000360,BK_000360,DRV_0234,VEH_0234,2026-02-25 11:41:46,2026-02-25 11:54:52,2026-02-25 11:58:09,2026-02-25 12:17:21,13.1,19.2,11.5,670.32,20.0,536.26,5.0,0
FUL_000361,BK_000361,DRV_0304,VEH_0304,2026-03-12 00:05:15,2026-03-12 00:16:45,2026-03-12 00:19:35,2026-03-12 00:38:17,11.5,18.7,8.0,349.44,20.0,279.55,4.0,20
FUL_000362,BK_000362,DRV_0301,VEH_0301,2026-03-05 16:13:49,2026-03-05 16:22:49,2026-03-05 16:25:43,2026-03-05 16:59:13,9.0,33.5,21.9,419.8,20.0,335.84,5.0,0
FUL_000364,BK_000364,DRV_0181,VEH_0181,2026-03-07 10:59:29,2026-03-07 11:01:59,2026-03-07 11:04:31,2026-03-07 11:33:55,2.5,29.4,14.3,352.56,20.0,282.05,5.0,20
FUL_000365,BK_000365,DRV_0273,VEH_0273,2026-02-02 09:00:00,2026-02-02 09:12:48,2026-02-02 09:14:41,2026-02-02 09:30:47,12.8,16.1,8.8,179.48,20.0,143.58,5.0,10
FUL_000366,BK_000366,DRV_0119,VEH_0119,2026-02-17 15:28:47,2026-02-17 15:34:23,2026-02-17 15:37:49,2026-02-17 15:56:37,5.6,18.8,11.1,356.2,20.0,284.96,5.0,0
FUL_000368,BK_000368,DRV_0090,VEH_0090,2026-03-03 00:26:41,2026-03-03 00:34:23,2026-03-03 00:36:55,2026-03-03 01:16:43,7.7,39.8,26.3,588.0,20.0,470.4,4.0,50
FUL_000369,BK_000369,DRV_0259,VEH_0259,2026-02-20 18:22:26,2026-02-20 18:24:50,2026-02-20 18:26:15,2026-02-20 18:38:15,2.4,12.0,7.9,648.96,20.0,519.17,4.0,50
FUL_000370,BK_000370,DRV_0250,VEH_0250,2026-02-20 07:49:53,2026-02-20 07:55:47,2026-02-20 07:56:51,2026-02-20 08:32:21,5.9,35.5,23.9,763.84,20.0,611.07,5.0,20
FUL_000371,BK_000371,DRV_0042,VEH_0042,2026-02-10 13:02:28,2026-02-10 13:08:22,2026-02-10 13:12:15,2026-02-10 13:40:33,5.9,28.3,16.3,540.54,20.0,432.43,5.0,0
FUL_000372,BK_000372,DRV_0046,VEH_0046,2026-02-09 17:55:41,2026-02-09 18:00:29,2026-02-09 18:03:27,2026-02-09 19:10:39,4.8,67.2,25.3,716.24,20.0,572.99,5.0,0
FUL_000373,BK_000373,DRV_0260,VEH_0260,2026-02-06 06:57:41,2026-02-06 07:01:17,2026-02-06 07:02:54,2026-02-06 07:32:06,3.6,29.2,15.6,308.2,20.0,246.56,5.0,10
FUL_000375,BK_000375,DRV_0025,VEH_0025,2026-02-22 07:24:13,2026-02-22 07:30:25,2026-02-22 07:33:56,2026-02-22 08:08:20,6.2,34.4,21.9,342.48,20.0,273.98,4.0,0
FUL_000376,BK_000376,DRV_0110,VEH_0110,2026-02-18 18:09:20,2026-02-18 18:14:14,2026-02-18 18:17:50,2026-02-18 19:03:02,4.9,45.2,21.4,990.24,20.0,792.19,5.0,0
FUL_000377,BK_000377,DRV_0074,VEH_0074,2026-03-07 22:09:28,2026-03-07 22:17:34,2026-03-07 22:20:54,2026-03-07 23:17:18,8.1,56.4,27.8,964.08,20.0,771.26,5.0,0
FUL_000378,BK_000378,DRV_0248,VEH_0248,2026-02-16 21:21:16,2026-02-16 21:26:16,2026-02-16 21:29:23,2026-02-16 22:29:35,5.0,60.2,25.8,1167.36,20.0,933.89,5.0,50
FUL_000379,BK_000379,DRV_0171,VEH_0171,2026-02-07 15:11:17,2026-02-07 15:20:35,2026-02-07 15:22:06,2026-02-07 16:21:54,9.3,59.8,25.6,349.58,20.0,279.66,5.0,0
FUL_000380,BK_000380,DRV_0022,VEH_0022,2026-02-09 08:22:11,2026-02-09 08:32:35,2026-02-09 08:36:05,2026-02-09 09:16:23,10.4,40.3,26.6,1026.48,20.0,821.18,5.0,0
FUL_000382,BK_000382,DRV_0017,VEH_0017,2026-02-01 23:31:39,2026-02-01 23:41:51,2026-02-01 23:43:02,2026-02-02 00:24:08,10.2,41.1,27.4,945.56,20.0,756.45,4.0,0
FUL_000383,BK_000383,DRV_0198,VEH_0198,2026-02-06 03:37:41,2026-02-06 03:50:53,2026-02-06 03:53:04,2026-02-06 04:26:40,13.2,33.6,16.9,347.8,20.0,278.24,5.0,20
FUL_000384,BK_000384,DRV_0286,VEH_0286,2026-02-18 23:05:50,2026-02-18 23:15:38,2026-02-18 23:17:44,2026-02-18 23:38:50,9.8,21.1,8.1,187.6,20.0,150.08,5.0,50
FUL_000385,BK_000385,DRV_0199,VEH_0199,2026-02-12 17:11:32,2026-02-12 17:17:32,2026-02-12 17:20:26,2026-02-12 18:02:44,6.0,42.3,27.9,433.2,20.0,346.56,4.0,50
FUL_000387,BK_000387,DRV_0265,VEH_0265,2026-02-15 07:20:22,2026-02-15 07:24:04,2026-02-15 07:26:33,2026-02-15 08:17:45,3.7,51.2,22.3,291.4,20.0,233.12,5.0,0
FUL_000389,BK_000389,DRV_0202,VEH_0202,2026-03-11 19:04:21,2026-03-11 19:17:15,2026-03-11 19:20:14,2026-03-11 19:45:38,12.9,25.4,11.9,867.36,20.0,693.89,5.0,30
FUL_000390,BK_000390,DRV_0046,VEH_0046,2026-02-04 04:34:33,2026-02-04 04:47:51,2026-02-04 04:49:13,2026-02-04 05:53:31,13.3,64.3,28.0,584.54,20.0,467.63,4.0,0
FUL_000391,BK_000391,DRV_0118,VEH_0118,2026-02-15 10:12:46,2026-02-15 10:18:22,2026-02-15 10:21:05,2026-02-15 10:33:59,5.6,12.9,8.8,446.88,20.0,357.5,4.0,50
FUL_000392,BK_000392,DRV_0272,VEH_0272,2026-02-08 21:15:10,2026-02-08 21:26:16,2026-02-08 21:29:43,2026-02-08 21:51:07,11.1,21.4,13.0,509.4,20.0,407.52,5.0,0
FUL_000393,BK_000393,DRV_0106,VEH_0106,2026-02-26 09:52:13,2026-02-26 09:57:37,2026-02-26 10:00:18,2026-02-26 10:17:48,5.4,17.5,9.2,493.44,20.0,394.75,5.0,0
FUL_000395,BK_000395,DRV_0075,VEH_0075,2026-02-19 20:30:39,2026-02-19 20:41:51,2026-02-19 20:45:43,2026-02-19 21:05:43,11.2,20.0,13.1,318.0,20.0,254.4,5.0,50
FUL_000396,BK_000396,DRV_0150,VEH_0150,2026-03-15 10:01:01,2026-03-15 10:10:37,2026-03-15 10:13:38,2026-03-15 10:28:20,9.6,14.7,9.1,528.84,20.0,423.07,5.0,50
FUL_000398,BK_000398,DRV_0262,VEH_0262,2026-03-14 15:54:53,2026-03-14 16:02:53,2026-03-14 16:05:28,2026-03-14 16:15:46,8.0,10.3,7.0,260.4,20.0,208.32,4.0,0
FUL_000399,BK_000399,DRV_0126,VEH_0126,2026-02-13 11:50:54,2026-02-13 11:53:00,2026-02-13 11:54:30,2026-02-13 12:44:48,2.1,50.3,25.9,828.96,20.0,663.17,4.0,30
FUL_000400,BK_000400,DRV_0112,VEH_0112,2026-02-09 06:40:38,2026-02-09 06:48:38,2026-02-09 06:49:57,2026-02-09 07:27:21,8.0,37.4,20.5,414.4,20.0,331.52,5.0,0
FUL_000401,BK_000401,DRV_0067,VEH_0067,2026-02-21 07:23:52,2026-02-21 07:26:52,2026-02-21 07:28:14,2026-02-21 08:32:56,3.0,64.7,24.2,391.44,20.0,313.15,5.0,50
FUL_000402,BK_000402,DRV_0027,VEH_0027,2026-02-13 08:37:15,2026-02-13 08:43:45,2026-02-13 08:46:18,2026-02-13 08:53:36,6.5,7.3,5.0,102.0,20.0,81.6,5.0,20
FUL_000403,BK_000403,DRV_0223,VEH_0223,2026-02-15 14:18:22,2026-02-15 14:32:04,2026-02-15 14:35:41,2026-02-15 15:06:53,13.7,31.2,19.0,262.6,20.0,210.08,4.0,30
FUL_000406,BK_000406,DRV_0142,VEH_0142,2026-03-04 02:28:25,2026-03-04 02:34:37,2026-03-04 02:38:26,2026-03-04 03:05:20,6.2,26.9,18.6,269.06,20.0,215.25,5.0,0
FUL_000407,BK_000407,DRV_0314,VEH_0314,2026-03-12 20:07:26,2026-03-12 20:13:02,2026-03-12 20:16:03,2026-03-12 20:22:03,5.6,6.0,3.5,316.68,20.0,253.34,5.0,50
FUL_000408,BK_000408,DRV_0104,VEH_0104,2026-02-12 07:48:26,2026-02-12 07:51:44,2026-02-12 07:55:42,2026-02-12 08:54:24,3.3,58.7,23.7,688.8,20.0,551.04,5.0,30
FUL_000409,BK_000409,DRV_0081,VEH_0081,2026-03-16 13:18:17,2026-03-16 13:21:23,2026-03-16 13:24:27,2026-03-16 14:04:45,3.1,40.3,28.4,812.0,20.0,649.6,4.0,0
FUL_000410,BK_000410,DRV_0136,VEH_0136,2026-03-10 01:02:29,2026-03-10 01:05:35,2026-03-10 01:08:48,2026-03-10 01:22:18,3.1,13.5,9.7,135.4,20.0,108.32,5.0,20
FUL_000412,BK_000412,DRV_0135,VEH_0135,2026-02-24 21:43:13,2026-02-24 21:49:01,2026-02-24 21:52:27,2026-02-24 22:03:51,5.8,11.4,5.2,212.64,20.0,170.11,5.0,0
FUL_000414,BK_000414,DRV_0040,VEH_0040,2026-03-05 07:06:41,2026-03-05 07:18:53,2026-03-05 07:22:41,2026-03-05 08:26:05,12.2,63.4,29.4,598.4,20.0,478.72,3.0,0
FUL_000415,BK_000415,DRV_0244,VEH_0244,2026-02-02 05:33:59,2026-02-02 05:45:05,2026-02-02 05:47:15,2026-02-02 06:08:03,11.1,20.8,11.2,463.68,20.0,370.94,5.0,0
FUL_000416,BK_000416,DRV_0037,VEH_0037,2026-02-07 04:59:13,2026-02-07 05:09:07,2026-02-07 05:11:50,2026-02-07 05:59:44,9.9,47.9,25.0,758.8,20.0,607.04,4.0,0
FUL_000420,BK_000420,DRV_0247,VEH_0247,2026-02-06 15:45:37,2026-02-06 15:55:25,2026-02-06 15:57:32,2026-02-06 16:22:56,9.8,25.4,16.0,495.6,20.0,396.48,5.0,50
FUL_000421,BK_000421,DRV_0073,VEH_0073,2026-02-17 23:13:20,2026-02-17 23:18:02,2026-02-17 23:20:47,2026-02-17 23:28:41,4.7,7.9,5.6,224.0,20.0,179.2,5.0,0
FUL_000422,BK_000422,DRV_0183,VEH_0183,2026-03-02 14:04:23,2026-03-02 14:14:59,2026-03-02 14:18:34,2026-03-02 14:50:28,10.6,31.9,17.6,388.52,20.0,310.82,5.0,30
FUL_000423,BK_000423,DRV_0075,VEH_0075,2026-02-04 03:49:30,2026-02-04 03:53:42,2026-02-04 03:56:29,2026-02-04 04:48:17,4.2,51.8,22.7,525.36,20.0,420.29,4.0,0
FUL_000424,BK_000424,DRV_0155,VEH_0155,2026-02-05 05:55:30,2026-02-05 06:03:36,2026-02-05 06:05:41,2026-02-05 06:50:35,8.1,44.9,24.9,845.52,20.0,676.42,3.0,0
FUL_000425,BK_000425,DRV_0274,VEH_0274,2026-03-03 05:58:55,2026-03-03 06:07:13,2026-03-03 06:11:10,2026-03-03 06:23:46,8.3,12.6,6.2,268.32,20.0,214.66,5.0,0
FUL_000426,BK_000426,DRV_0184,VEH_0184,2026-02-09 19:25:32,2026-02-09 19:34:44,2026-02-09 19:36:22,2026-02-09 20:27:22,9.2,51.0,24.2,680.96,20.0,544.77,5.0,0
FUL_000428,BK_000428,DRV_0233,VEH_0233,2026-03-02 01:33:20,2026-03-02 01:42:38,2026-03-02 01:44:53,2026-03-02 02:26:05,9.3,41.2,18.6,512.2,20.0,409.76,5.0,0
FUL_000429,BK_000429,DRV_0068,VEH_0068,2026-02-06 22:07:57,2026-02-06 22:17:39,2026-02-06 22:19:44,2026-02-06 23:02:14,9.7,42.5,20.2,711.36,20.0,569.09,4.0,0
FUL_000430,BK_000430,DRV_0075,VEH_0075,2026-02-18 11:34:54,2026-02-18 11:44:00,2026-02-18 11:47:25,2026-02-18 12:05:13,9.1,17.8,7.1,201.36,20.0,161.09,5.0,10
FUL_000432,BK_000432,DRV_0093,VEH_0093,2026-02-01 16:23:27,2026-02-01 16:34:15,2026-02-01 16:35:24,2026-02-01 17:07:36,10.8,32.2,21.1,742.56,20.0,594.05,5.0,0
FUL_000433,BK_000433,DRV_0291,VEH_0291,2026-02-21 05:28:09,2026-02-21 05:36:21,2026-02-21 05:39:30,2026-02-21 06:02:36,8.2,23.1,15.4,320.8,20.0,256.64,5.0,0
FUL_000436,BK_000436,DRV_0114,VEH_0114,2026-02-19 16:53:09,2026-02-19 17:03:33,2026-02-19 17:06:47,2026-02-19 18:05:17,10.4,58.5,27.5,511.6,20.0,409.28,2.0,0
FUL_000437,BK_000437,DRV_0227,VEH_0227,2026-02-09 04:56:21,2026-02-09 05:03:27,2026-02-09 05:05:35,2026-02-09 05:55:05,7.1,49.5,23.7,316.6,20.0,253.28,3.0,0
FUL_000438,BK_000438,DRV_0161,VEH_0161,2026-02-23 05:43:27,2026-02-23 05:50:09,2026-02-23 05:53:55,2026-02-23 06:05:43,6.7,11.8,8.6,273.0,20.0,218.4,5.0,0
FUL_000439,BK_000439,DRV_0287,VEH_0287,2026-02-01 12:26:15,2026-02-01 12:32:27,2026-02-01 12:35:37,2026-02-01 12:57:37,6.2,22.0,10.6,285.6,20.0,228.48,5.0,0
FUL_000441,BK_000441,DRV_0110,VEH_0110,2026-02-17 20:08:11,2026-02-17 20:18:05,2026-02-17 20:20:24,2026-02-17 21:00:06,9.9,39.7,17.2,603.36,20.0,482.69,5.0,0
FUL_000442,BK_000442,DRV_0202,VEH_0202,2026-02-19 04:56:40,2026-02-19 05:10:04,2026-02-19 05:13:56,2026-02-19 05:51:14,13.4,37.3,25.2,812.24,20.0,649.79,5.0,50
FUL_000443,BK_000443,DRV_0079,VEH_0079,2026-02-24 02:09:17,2026-02-24 02:12:47,2026-02-24 02:14:48,2026-02-24 02:29:18,3.5,14.5,5.6,225.94,20.0,180.75,5.0,20
FUL_000446,BK_000446,DRV_0064,VEH_0064,2026-02-22 19:37:38,2026-02-22 19:41:56,2026-02-22 19:45:29,2026-02-22 20:21:23,4.3,35.9,20.2,656.16,20.0,524.93,5.0,30
FUL_000447,BK_000447,DRV_0119,VEH_0119,2026-02-02 01:18:07,2026-02-02 01:26:25,2026-02-02 01:29:31,2026-02-02 01:36:37,8.3,7.1,4.8,230.88,20.0,184.7,5.0,0
FUL_000448,BK_000448,DRV_0172,VEH_0172,2026-02-13 12:05:46,2026-02-13 12:11:34,2026-02-13 12:12:42,2026-02-13 13:23:42,5.8,71.0,26.1,526.0,20.0,420.8,4.0,0
FUL_000449,BK_000449,DRV_0305,VEH_0305,2026-02-09 15:53:27,2026-02-09 16:03:27,2026-02-09 16:06:29,2026-02-09 16:25:41,10.0,19.2,11.7,406.0,20.0,324.8,5.0,20
FUL_000450,BK_000450,DRV_0126,VEH_0126,2026-02-12 02:14:28,2026-02-12 02:18:04,2026-02-12 02:21:17,2026-02-12 03:04:47,3.6,43.5,18.2,237.4,20.0,189.92,3.0,0
FUL_000451,BK_000451,DRV_0210,VEH_0210,2026-03-16 02:42:40,2026-03-16 02:51:04,2026-03-16 02:52:31,2026-03-16 03:17:43,8.4,25.2,10.4,430.08,20.0,344.06,5.0,20
FUL_000453,BK_000453,DRV_0041,VEH_0041,2026-02-14 10:23:05,2026-02-14 10:30:59,2026-02-14 10:33:34,2026-02-14 11:16:40,7.9,43.1,22.5,801.84,20.0,641.47,5.0,30
FUL_000454,BK_000454,DRV_0002,VEH_0002,2026-02-10 16:01:16,2026-02-10 16:13:46,2026-02-10 16:17:08,2026-02-10 16:30:02,12.5,12.9,7.0,257.6,20.0,206.08,5.0,10
FUL_000455,BK_000455,DRV_0030,VEH_0030,2026-02-09 00:53:33,2026-02-09 01:06:51,2026-02-09 01:08:40,2026-02-09 01:48:34,13.3,39.9,17.5,221.8,20.0,177.44,5.0,0
FUL_000458,BK_000458,DRV_0155,VEH_0155,2026-03-06 03:17:25,2026-03-06 03:21:55,2026-03-06 03:24:14,2026-03-06 04:17:08,4.5,52.9,24.7,789.36,20.0,631.49,5.0,30
FUL_000459,BK_000459,DRV_0059,VEH_0059,2026-02-08 00:01:37,2026-02-08 00:05:55,2026-02-08 00:08:23,2026-02-08 00:33:41,4.3,25.3,16.0,230.78,20.0,184.62,5.0,0
FUL_000461,BK_000461,DRV_0236,VEH_0236,2026-02-28 16:57:16,2026-02-28 17:08:28,2026-02-28 17:11:24,2026-02-28 17:44:12,11.2,32.8,12.4,420.0,20.0,336.0,5.0,0
FUL_000462,BK_000462,DRV_0208,VEH_0208,2026-03-16 19:58:32,2026-03-16 20:06:20,2026-03-16 20:09:01,2026-03-16 20:57:01,7.8,48.0,24.2,913.92,20.0,731.14,5.0,0
FUL_000463,BK_000463,DRV_0064,VEH_0064,2026-02-02 05:10:08,2026-02-02 05:13:50,2026-02-02 05:17:34,2026-02-02 06:02:10,3.7,44.6,16.9,225.4,20.0,180.32,5.0,10
FUL_000465,BK_000465,DRV_0028,VEH_0028,2026-03-15 06:31:22,2026-03-15 06:37:22,2026-03-15 06:38:54,2026-03-15 07:14:42,6.0,35.8,19.4,243.4,20.0,194.72,5.0,10
FUL_000466,BK_000466,DRV_0161,VEH_0161,2026-03-03 08:47:24,2026-03-03 08:58:54,2026-03-03 09:02:29,2026-03-03 09:36:35,11.5,34.1,24.9,1085.76,20.0,868.61,5.0,0
FUL_000467,BK_000467,DRV_0171,VEH_0171,2026-02-27 13:09:31,2026-02-27 13:13:43,2026-02-27 13:15:52,2026-02-27 13:29:10,4.2,13.3,6.4,110.66,20.0,88.53,5.0,30
FUL_000468,BK_000468,DRV_0308,VEH_0308,2026-02-18 16:33:23,2026-02-18 16:45:17,2026-02-18 16:47:26,2026-02-18 17:16:50,11.9,29.4,16.7,585.2,20.0,468.16,5.0,0
FUL_000470,BK_000470,DRV_0086,VEH_0086,2026-02-14 15:54:08,2026-02-14 15:59:02,2026-02-14 16:02:31,2026-02-14 17:05:19,4.9,62.8,23.6,523.16,20.0,418.53,2.0,0
FUL_000471,BK_000471,DRV_0066,VEH_0066,2026-02-03 17:04:35,2026-02-03 17:06:59,2026-02-03 17:09:04,2026-02-03 17:59:10,2.4,50.1,19.1,627.36,20.0,501.89,5.0,30
FUL_000472,BK_000472,DRV_0184,VEH_0184,2026-03-07 07:08:11,2026-03-07 07:19:35,2026-03-07 07:22:40,2026-03-07 07:54:28,11.4,31.8,14.4,365.52,20.0,292.42,4.0,0
FUL_000474,BK_000474,DRV_0236,VEH_0236,2026-02-13 14:54:42,2026-02-13 15:01:30,2026-02-13 15:02:40,2026-02-13 15:58:46,6.8,56.1,29.5,851.2,20.0,680.96,2.0,0
FUL_000476,BK_000476,DRV_0205,VEH_0205,2026-02-04 19:00:24,2026-02-04 19:03:42,2026-02-04 19:05:20,2026-02-04 19:13:56,3.3,8.6,3.4,237.12,20.0,189.7,5.0,0
FUL_000478,BK_000478,DRV_0173,VEH_0173,2026-02-01 15:15:55,2026-02-01 15:26:55,2026-02-01 15:30:05,2026-02-01 16:09:41,11.0,39.6,28.6,533.2,20.0,426.56,5.0,30
FUL_000479,BK_000479,DRV_0015,VEH_0015,2026-03-10 00:00:30,2026-03-10 00:12:54,2026-03-10 00:14:00,2026-03-10 00:56:18,12.4,42.3,18.5,527.8,20.0,422.24,5.0,0
FUL_000480,BK_000480,DRV_0311,VEH_0311,2026-03-08 05:46:21,2026-03-08 05:59:33,2026-03-08 06:01:34,2026-03-08 06:26:52,13.2,25.3,15.9,326.2,20.0,260.96,5.0,30
FUL_000481,BK_000481,DRV_0049,VEH_0049,2026-03-01 00:43:18,2026-03-01 00:46:30,2026-03-01 00:47:32,2026-03-01 01:31:32,3.2,44.0,27.3,1004.64,20.0,803.71,4.0,0
FUL_000482,BK_000482,DRV_0097,VEH_0097,2026-03-15 18:15:00,2026-03-15 18:18:06,2026-03-15 18:19:38,2026-03-15 18:26:32,3.1,6.9,4.3,304.64,20.0,243.71,5.0,10
FUL_000484,BK_000484,DRV_0193,VEH_0193,2026-02-24 13:46:19,2026-02-24 13:53:43,2026-02-24 13:57:20,2026-02-24 14:14:50,7.4,17.5,11.8,205.68,20.0,164.54,2.0,0
FUL_000485,BK_000485,DRV_0177,VEH_0177,2026-02-08 06:49:24,2026-02-08 06:54:06,2026-02-08 06:57:43,2026-02-08 07:18:37,4.7,20.9,12.3,261.4,20.0,209.12,5.0,50
FUL_000486,BK_000486,DRV_0119,VEH_0119,2026-03-08 05:05:58,2026-03-08 05:19:58,2026-03-08 05:22:25,2026-03-08 05:43:55,14.0,21.5,13.1,440.44,20.0,352.35,5.0,0
FUL_000488,BK_000488,DRV_0013,VEH_0013,2026-02-03 17:04:49,2026-02-03 17:09:49,2026-02-03 17:11:20,2026-02-03 18:17:20,5.0,66.0,27.1,743.96,20.0,595.17,5.0,50
FUL_000489,BK_000489,DRV_0059,VEH_0059,2026-02-09 15:03:53,2026-02-09 15:07:53,2026-02-09 15:09:55,2026-02-09 16:00:55,4.0,51.0,26.2,334.6,20.0,267.68,5.0,0
FUL_000490,BK_000490,DRV_0118,VEH_0118,2026-03-10 16:57:33,2026-03-10 17:03:27,2026-03-10 17:07:24,2026-03-10 17:14:00,5.9,6.6,4.7,196.0,20.0,156.8,4.0,20
FUL_000491,BK_000491,DRV_0070,VEH_0070,2026-03-12 14:02:48,2026-03-12 14:11:00,2026-03-12 14:12:00,2026-03-12 14:56:42,8.2,44.7,24.5,716.8,20.0,573.44,5.0,50
FUL_000493,BK_000493,DRV_0008,VEH_0008,2026-03-17 11:24:53,2026-03-17 11:37:41,2026-03-17 11:40:11,2026-03-17 11:58:35,12.8,18.4,12.6,618.72,20.0,494.98,5.0,50
FUL_000494,BK_000494,DRV_0070,VEH_0070,2026-02-25 01:27:02,2026-02-25 01:31:08,2026-02-25 01:33:55,2026-02-25 02:22:31,4.1,48.6,26.8,814.8,20.0,651.84,4.0,30
FUL_000495,BK_000495,DRV_0254,VEH_0254,2026-02-05 07:55:24,2026-02-05 07:58:36,2026-02-05 08:00:55,2026-02-05 08:10:13,3.2,9.3,5.0,87.4,20.0,69.92,5.0,30
FUL_000496,BK_000496,DRV_0293,VEH_0293,2026-02-06 11:04:14,2026-02-06 11:11:14,2026-02-06 11:14:41,2026-02-06 11:59:53,7.0,45.2,28.5,1081.08,20.0,864.86,5.0,20
FUL_000498,BK_000498,DRV_0016,VEH_0016,2026-02-02 17:42:21,2026-02-02 17:54:09,2026-02-02 17:56:56,2026-02-02 18:10:32,11.8,13.6,7.0,188.4,20.0,150.72,1.0,0
FUL_000499,BK_000499,DRV_0265,VEH_0265,2026-03-10 22:59:37,2026-03-10 23:06:25,2026-03-10 23:08:22,2026-03-10 23:22:28,6.8,14.1,5.8,95.8,20.0,76.64,5.0,0
FUL_000500,BK_000500,DRV_0096,VEH_0096,2026-03-11 08:35:26,2026-03-11 08:37:44,2026-03-11 08:38:46,2026-03-11 09:22:22,2.3,43.6,26.6,737.94,20.0,590.35,5.0,0
FUL_000503,BK_000503,DRV_0074,VEH_0074,2026-03-15 10:44:38,2026-03-15 10:47:44,2026-03-15 10:50:12,2026-03-15 11:01:06,3.1,10.9,5.6,425.88,20.0,340.7,5.0,50
FUL_000504,BK_000504,DRV_0050,VEH_0050,2026-03-16 21:43:55,2026-03-16 21:53:31,2026-03-16 21:55:52,2026-03-16 22:14:52,9.6,19.0,8.0,655.2,20.0,524.16,3.0,0
FUL_000505,BK_000505,DRV_0003,VEH_0003,2026-03-01 04:39:30,2026-03-01 04:43:48,2026-03-01 04:44:53,2026-03-01 05:02:29,4.3,17.6,6.7,283.92,20.0,227.14,5.0,20
FUL_000508,BK_000508,DRV_0172,VEH_0172,2026-02-09 02:56:30,2026-02-09 03:02:12,2026-02-09 03:05:34,2026-02-09 03:45:46,5.7,40.2,28.0,535.0,20.0,428.0,4.0,30
FUL_000509,BK_000509,DRV_0265,VEH_0265,2026-02-28 21:19:23,2026-02-28 21:26:47,2026-02-28 21:30:27,2026-02-28 21:41:39,7.4,11.2,7.6,211.32,20.0,169.06,5.0,20
FUL_000510,BK_000510,DRV_0222,VEH_0222,2026-02-20 19:01:02,2026-02-20 19:07:32,2026-02-20 19:10:52,2026-02-20 19:32:40,6.5,21.8,8.9,414.96,20.0,331.97,5.0,20
FUL_000511,BK_000511,DRV_0241,VEH_0241,2026-02-26 19:27:42,2026-02-26 19:30:54,2026-02-26 19:32:44,2026-02-26 19:50:08,3.2,17.4,10.6,172.56,20.0,138.05,4.0,0
FUL_000513,BK_000513,DRV_0104,VEH_0104,2026-02-06 21:32:45,2026-02-06 21:41:39,2026-02-06 21:43:30,2026-02-06 22:14:36,8.9,31.1,19.2,1038.24,20.0,830.59,1.0,50
FUL_000514,BK_000514,DRV_0009,VEH_0009,2026-02-03 00:44:08,2026-02-03 00:54:50,2026-02-03 00:56:39,2026-02-03 01:03:39,10.7,7.0,4.3,117.4,20.0,93.92,5.0,20
FUL_000516,BK_000516,DRV_0084,VEH_0084,2026-02-03 10:15:10,2026-02-03 10:19:52,2026-02-03 10:21:07,2026-02-03 10:29:43,4.7,8.6,5.5,240.24,20.0,192.19,4.0,0
FUL_000517,BK_000517,DRV_0186,VEH_0186,2026-02-06 07:02:03,2026-02-06 07:07:15,2026-02-06 07:08:45,2026-02-06 07:19:39,5.2,10.9,4.6,196.0,20.0,156.8,5.0,0
FUL_000518,BK_000518,DRV_0146,VEH_0146,2026-02-24 23:54:50,2026-02-25 00:00:44,2026-02-25 00:03:55,2026-02-25 00:43:31,5.9,39.6,17.4,672.0,20.0,537.6,5.0,0
FUL_000519,BK_000519,DRV_0040,VEH_0040,2026-02-04 16:05:14,2026-02-04 16:17:02,2026-02-04 16:18:35,2026-02-04 16:38:29,11.8,19.9,7.9,202.4,20.0,161.92,5.0,20
FUL_000520,BK_000520,DRV_0066,VEH_0066,2026-03-11 20:02:01,2026-03-11 20:08:37,2026-03-11 20:10:58,2026-03-11 20:56:52,6.6,45.9,25.9,715.26,20.0,572.21,5.0,0
FUL_000521,BK_000521,DRV_0066,VEH_0066,2026-02-07 22:53:13,2026-02-07 22:57:25,2026-02-07 22:58:30,2026-02-07 23:35:48,4.2,37.3,22.2,316.58,20.0,253.26,5.0,0
FUL_000522,BK_000522,DRV_0317,VEH_0317,2026-02-24 02:32:02,2026-02-24 02:35:14,2026-02-24 02:38:10,2026-02-24 02:56:28,3.2,18.3,11.3,391.82,20.0,313.46,5.0,30
FUL_000523,BK_000523,DRV_0067,VEH_0067,2026-02-24 20:28:29,2026-02-24 20:33:05,2026-02-24 20:34:14,2026-02-24 21:27:38,4.6,53.4,20.0,481.32,20.0,385.06,5.0,0
FUL_000524,BK_000524,DRV_0164,VEH_0164,2026-02-05 20:39:41,2026-02-05 20:45:53,2026-02-05 20:47:44,2026-02-05 21:14:56,6.2,27.2,16.1,701.68,20.0,561.34,5.0,50
FUL_000526,BK_000526,DRV_0161,VEH_0161,2026-02-02 04:44:16,2026-02-02 04:53:22,2026-02-02 04:57:16,2026-02-02 05:42:34,9.1,45.3,25.9,725.4,20.0,580.32,5.0,0
FUL_000528,BK_000528,DRV_0155,VEH_0155,2026-03-06 16:37:13,2026-03-06 16:39:25,2026-03-06 16:41:28,2026-03-06 17:14:04,2.2,32.6,21.0,577.2,20.0,461.76,4.0,50
FUL_000529,BK_000529,DRV_0134,VEH_0134,2026-03-17 18:56:18,2026-03-17 18:58:42,2026-03-17 19:01:25,2026-03-17 19:34:07,2.4,32.7,19.8,707.04,20.0,565.63,5.0,0
FUL_000531,BK_000531,DRV_0170,VEH_0170,2026-02-28 01:31:21,2026-02-28 01:41:45,2026-02-28 01:45:15,2026-02-28 02:11:03,10.4,25.8,11.1,251.9,20.0,201.52,5.0,20
FUL_000532,BK_000532,DRV_0090,VEH_0090,2026-02-22 11:21:26,2026-02-22 11:31:26,2026-02-22 11:33:20,2026-02-22 12:08:08,10.0,34.8,17.0,791.52,20.0,633.22,5.0,0
FUL_000533,BK_000533,DRV_0003,VEH_0003,2026-02-23 11:25:15,2026-02-23 11:27:51,2026-02-23 11:29:15,2026-02-23 11:50:03,2.6,20.8,14.4,673.92,20.0,539.14,5.0,0
FUL_000534,BK_000534,DRV_0052,VEH_0052,2026-02-20 21:55:00,2026-02-20 22:00:00,2026-02-20 22:03:02,2026-02-20 22:23:26,5.0,20.4,10.2,307.02,20.0,245.62,3.0,10
FUL_000535,BK_000535,DRV_0198,VEH_0198,2026-02-26 21:56:40,2026-02-26 22:01:40,2026-02-26 22:03:54,2026-02-26 22:57:54,5.0,54.0,23.3,830.16,20.0,664.13,5.0,50
FUL_000536,BK_000536,DRV_0273,VEH_0273,2026-02-07 13:24:00,2026-02-07 13:31:36,2026-02-07 13:33:52,2026-02-07 14:14:16,7.6,40.4,20.7,325.2,20.0,260.16,5.0,0
FUL_000537,BK_000537,DRV_0147,VEH_0147,2026-03-01 05:59:24,2026-03-01 06:12:12,2026-03-01 06:15:50,2026-03-01 07:01:38,12.8,45.8,18.7,236.2,20.0,188.96,5.0,0
FUL_000538,BK_000538,DRV_0165,VEH_0165,2026-02-05 02:28:57,2026-02-05 02:38:03,2026-02-05 02:41:30,2026-02-05 03:24:54,9.1,43.4,25.1,691.6,20.0,553.28,4.0,0
FUL_000540,BK_000540,DRV_0070,VEH_0070,2026-03-01 15:12:30,2026-03-01 15:20:42,2026-03-01 15:22:26,2026-03-01 15:32:56,8.2,10.5,4.0,187.6,20.0,150.08,5.0,30
FUL_000541,BK_000541,DRV_0143,VEH_0143,2026-02-23 06:22:11,2026-02-23 06:34:29,2026-02-23 06:37:20,2026-02-23 07:25:08,12.3,47.8,25.3,699.4,20.0,559.52,5.0,0
FUL_000543,BK_000543,DRV_0289,VEH_0289,2026-03-05 00:01:18,2026-03-05 00:06:42,2026-03-05 00:08:03,2026-03-05 00:34:51,5.4,26.8,13.7,279.4,20.0,223.52,5.0,50
FUL_000545,BK_000545,DRV_0243,VEH_0243,2026-02-10 20:13:34,2026-02-10 20:19:46,2026-02-10 20:22:55,2026-02-10 20:55:49,6.2,32.9,16.5,343.36,20.0,274.69,4.0,10
FUL_000546,BK_000546,DRV_0235,VEH_0235,2026-03-14 22:41:38,2026-03-14 22:50:32,2026-03-14 22:54:18,2026-03-14 23:38:18,8.9,44.0,28.1,588.5,20.0,470.8,5.0,20
FUL_000547,BK_000547,DRV_0019,VEH_0019,2026-02-04 07:48:27,2026-02-04 07:58:27,2026-02-04 08:00:56,2026-02-04 08:42:32,10.0,41.6,24.7,707.2,20.0,565.76,5.0,0
FUL_000548,BK_000548,DRV_0041,VEH_0041,2026-03-15 05:28:24,2026-03-15 05:35:42,2026-03-15 05:37:49,2026-03-15 06:09:43,7.3,31.9,17.7,543.4,20.0,434.72,5.0,0
FUL_000549,BK_000549,DRV_0305,VEH_0305,2026-02-10 03:46:40,2026-02-10 03:57:34,2026-02-10 03:59:52,2026-02-10 04:25:28,10.9,25.6,14.7,459.2,20.0,367.36,5.0,0
FUL_000550,BK_000550,DRV_0003,VEH_0003,2026-03-10 02:45:24,2026-03-10 02:57:48,2026-03-10 02:59:49,2026-03-10 03:19:43,12.4,19.9,12.7,371.8,20.0,297.44,4.0,50
FUL_000551,BK_000551,DRV_0082,VEH_0082,2026-02-17 06:36:03,2026-02-17 06:48:33,2026-02-17 06:51:15,2026-02-17 07:48:15,12.5,57.0,23.8,459.4,20.0,367.52,5.0,50
FUL_000552,BK_000552,DRV_0177,VEH_0177,2026-02-02 06:38:00,2026-02-02 06:40:48,2026-02-02 06:44:24,2026-02-02 07:22:48,2.8,38.4,25.7,517.0,20.0,413.6,5.0,10
FUL_000553,BK_000553,DRV_0160,VEH_0160,2026-02-27 18:33:08,2026-02-27 18:38:14,2026-02-27 18:40:14,2026-02-27 19:11:38,5.1,31.4,19.0,1108.8,20.0,887.04,5.0,20
FUL_000554,BK_000554,DRV_0023,VEH_0023,2026-02-04 13:39:08,2026-02-04 13:48:20,2026-02-04 13:51:10,2026-02-04 14:20:22,9.2,29.2,11.8,296.4,20.0,237.12,3.0,10
FUL_000555,BK_000555,DRV_0216,VEH_0216,2026-02-24 08:26:44,2026-02-24 08:29:02,2026-02-24 08:30:11,2026-02-24 08:52:05,2.3,21.9,14.5,589.68,20.0,471.74,5.0,30
FUL_000556,BK_000556,DRV_0236,VEH_0236,2026-02-03 14:58:09,2026-02-03 15:06:45,2026-02-03 15:08:05,2026-02-03 15:58:47,8.6,50.7,21.3,711.48,20.0,569.18,3.0,20
FUL_000557,BK_000557,DRV_0006,VEH_0006,2026-02-11 19:27:23,2026-02-11 19:36:11,2026-02-11 19:40:09,2026-02-11 20:02:45,8.8,22.6,8.8,150.96,20.0,120.77,4.0,0
FUL_000560,BK_000560,DRV_0227,VEH_0227,2026-03-05 16:55:46,2026-03-05 17:04:04,2026-03-05 17:05:52,2026-03-05 17:43:52,8.3,38.0,23.3,298.6,20.0,238.88,5.0,30
FUL_000561,BK_000561,DRV_0140,VEH_0140,2026-02-10 12:20:30,2026-02-10 12:27:00,2026-02-10 12:30:26,2026-02-10 12:55:32,6.5,25.1,11.2,335.4,20.0,268.32,5.0,50
FUL_000563,BK_000563,DRV_0239,VEH_0239,2026-02-02 02:36:03,2026-02-02 02:40:15,2026-02-02 02:42:32,2026-02-02 03:19:02,4.2,36.5,14.0,321.2,20.0,256.96,5.0,20
FUL_000564,BK_000564,DRV_0130,VEH_0130,2026-03-10 03:01:10,2026-03-10 03:13:34,2026-03-10 03:16:54,2026-03-10 03:49:42,12.4,32.8,23.3,770.64,20.0,616.51,4.0,30
FUL_000565,BK_000565,DRV_0157,VEH_0157,2026-02-20 12:56:45,2026-02-20 13:00:21,2026-02-20 13:01:23,2026-02-20 13:11:59,3.6,10.6,7.2,287.04,20.0,229.63,5.0,0
FUL_000566,BK_000566,DRV_0168,VEH_0168,2026-02-03 00:10:16,2026-02-03 00:13:46,2026-02-03 00:16:28,2026-02-03 00:41:34,3.5,25.1,11.8,449.28,20.0,359.42,5.0,50
FUL_000567,BK_000567,DRV_0299,VEH_0299,2026-03-17 05:01:07,2026-03-17 05:03:49,2026-03-17 05:07:37,2026-03-17 05:49:13,2.7,41.6,19.7,604.8,20.0,483.84,5.0,0
FUL_000568,BK_000568,DRV_0077,VEH_0077,2026-03-12 19:14:21,2026-03-12 19:19:09,2026-03-12 19:22:06,2026-03-12 19:41:42,4.8,19.6,8.6,344.16,20.0,275.33,5.0,20
FUL_000570,BK_000570,DRV_0316,VEH_0316,2026-02-06 05:14:45,2026-02-06 05:19:09,2026-02-06 05:21:51,2026-02-06 05:43:39,4.4,21.8,14.6,292.0,20.0,233.6,5.0,30
FUL_000575,BK_000575,DRV_0074,VEH_0074,2026-02-25 18:41:21,2026-02-25 18:50:39,2026-02-25 18:53:37,2026-02-25 19:39:01,9.3,45.4,24.5,1684.8,20.0,1347.84,5.0,10
FUL_000576,BK_000576,DRV_0194,VEH_0194,2026-02-11 18:11:45,2026-02-11 18:19:03,2026-02-11 18:22:55,2026-02-11 19:06:37,7.3,43.7,21.3,784.8,20.0,627.84,5.0,0
FUL_000578,BK_000578,DRV_0175,VEH_0175,2026-02-28 19:26:07,2026-02-28 19:33:13,2026-02-28 19:37:09,2026-02-28 19:57:33,7.1,20.4,11.8,622.72,20.0,498.18,4.0,0
FUL_000579,BK_000579,DRV_0293,VEH_0293,2026-02-20 07:15:19,2026-02-20 07:27:19,2026-02-20 07:28:23,2026-02-20 08:19:59,12.0,51.6,21.1,631.8,20.0,505.44,5.0,30
FUL_000580,BK_000580,DRV_0146,VEH_0146,2026-03-04 23:13:58,2026-03-04 23:23:04,2026-03-04 23:25:54,2026-03-04 23:56:00,9.1,30.1,20.3,789.6,20.0,631.68,4.0,20
FUL_000582,BK_000582,DRV_0271,VEH_0271,2026-02-18 12:22:50,2026-02-18 12:36:08,2026-02-18 12:37:25,2026-02-18 12:52:37,13.3,15.2,7.1,167.8,20.0,134.24,5.0,30
FUL_000583,BK_000583,DRV_0027,VEH_0027,2026-03-16 15:29:41,2026-03-16 15:36:53,2026-03-16 15:38:43,2026-03-16 16:14:37,7.2,35.9,23.6,309.4,20.0,247.52,5.0,0
FUL_000584,BK_000584,DRV_0176,VEH_0176,2026-02-11 10:16:28,2026-02-11 10:29:34,2026-02-11 10:32:33,2026-02-11 11:37:33,13.1,65.0,26.5,733.88,20.0,587.1,4.0,0
FUL_000585,BK_000585,DRV_0016,VEH_0016,2026-02-01 13:17:28,2026-02-01 13:24:34,2026-02-01 13:26:54,2026-02-01 13:56:30,7.1,29.6,12.3,283.58,20.0,226.86,3.0,0
FUL_000586,BK_000586,DRV_0171,VEH_0171,2026-02-05 04:53:00,2026-02-05 05:04:36,2026-02-05 05:07:49,2026-02-05 05:56:37,11.6,48.8,20.8,283.0,20.0,226.4,5.0,20
FUL_000587,BK_000587,DRV_0267,VEH_0267,2026-03-13 20:36:21,2026-03-13 20:42:09,2026-03-13 20:45:40,2026-03-13 20:54:22,5.8,8.7,5.4,237.12,20.0,189.7,5.0,0
FUL_000588,BK_000588,DRV_0161,VEH_0161,2026-03-03 21:28:38,2026-03-03 21:39:26,2026-03-03 21:41:16,2026-03-03 22:15:16,10.8,34.0,15.7,626.08,20.0,500.86,2.0,0
FUL_000589,BK_000589,DRV_0024,VEH_0024,2026-03-05 13:30:03,2026-03-05 13:39:39,2026-03-05 13:41:21,2026-03-05 14:09:03,9.6,27.7,13.7,281.2,20.0,224.96,2.0,10
FUL_000590,BK_000590,DRV_0221,VEH_0221,2026-03-09 12:15:43,2026-03-09 12:19:01,2026-03-09 12:22:39,2026-03-09 12:49:27,3.3,26.8,16.5,246.62,20.0,197.3,2.0,20
FUL_000591,BK_000591,DRV_0070,VEH_0070,2026-02-22 09:36:31,2026-02-22 09:47:49,2026-02-22 09:50:16,2026-02-22 10:08:22,11.3,18.1,11.7,627.2,20.0,501.76,5.0,0
FUL_000592,BK_000592,DRV_0041,VEH_0041,2026-03-13 17:54:55,2026-03-13 18:01:49,2026-03-13 18:05:14,2026-03-13 18:38:50,6.9,33.6,17.0,917.28,20.0,733.82,5.0,50
FUL_000593,BK_000593,DRV_0135,VEH_0135,2026-02-21 14:56:41,2026-02-21 15:08:05,2026-02-21 15:09:24,2026-02-21 15:34:36,11.4,25.2,18.0,257.18,20.0,205.74,5.0,0
FUL_000596,BK_000596,DRV_0151,VEH_0151,2026-02-20 01:32:17,2026-02-20 01:43:23,2026-02-20 01:45:57,2026-02-20 02:36:21,11.1,50.4,28.4,347.8,20.0,278.24,5.0,10
FUL_000597,BK_000597,DRV_0236,VEH_0236,2026-02-13 15:35:49,2026-02-13 15:48:07,2026-02-13 15:49:20,2026-02-13 16:25:50,12.3,36.5,20.4,616.0,20.0,492.8,4.0,0
FUL_000598,BK_000598,DRV_0244,VEH_0244,2026-03-06 17:46:54,2026-03-06 17:58:18,2026-03-06 18:00:34,2026-03-06 18:12:58,11.4,12.4,7.6,593.88,20.0,475.1,5.0,0
FUL_000599,BK_000599,DRV_0059,VEH_0059,2026-02-14 12:06:50,2026-02-14 12:14:38,2026-02-14 12:18:21,2026-02-14 12:33:33,7.8,15.2,8.2,137.06,20.0,109.65,5.0,50
FUL_000600,BK_000600,DRV_0015,VEH_0015,2026-02-21 20:00:02,2026-02-21 20:07:44,2026-02-21 20:09:03,2026-02-21 20:36:15,7.7,27.2,12.5,556.92,20.0,445.54,5.0,0
FUL_000601,BK_000601,DRV_0053,VEH_0053,2026-02-28 06:10:15,2026-02-28 06:18:33,2026-02-28 06:22:04,2026-02-28 06:32:04,8.3,10.0,6.0,99.4,20.0,79.52,5.0,30
FUL_000602,BK_000602,DRV_0252,VEH_0252,2026-02-15 21:06:41,2026-02-15 21:17:47,2026-02-15 21:21:10,2026-02-15 22:07:04,11.1,45.9,25.1,1184.64,20.0,947.71,5.0,20
FUL_000603,BK_000603,DRV_0263,VEH_0263,2026-03-15 04:13:16,2026-03-15 04:17:10,2026-03-15 04:20:24,2026-03-15 05:09:24,3.9,49.0,21.0,273.4,20.0,218.72,2.0,0
FUL_000604,BK_000604,DRV_0260,VEH_0260,2026-02-23 10:09:10,2026-02-23 10:23:04,2026-02-23 10:26:13,2026-02-23 10:45:43,13.9,19.5,12.8,381.08,20.0,304.86,5.0,20
FUL_000605,BK_000605,DRV_0233,VEH_0233,2026-02-25 01:32:14,2026-02-25 01:36:44,2026-02-25 01:38:43,2026-02-25 02:04:43,4.5,26.0,17.3,481.0,20.0,384.8,3.0,0
FUL_000607,BK_000607,DRV_0286,VEH_0286,2026-02-10 07:40:14,2026-02-10 07:49:20,2026-02-10 07:50:32,2026-02-10 08:09:44,9.1,19.2,11.8,239.8,20.0,191.84,5.0,0
FUL_000609,BK_000609,DRV_0064,VEH_0064,2026-02-28 05:19:48,2026-02-28 05:28:36,2026-02-28 05:29:58,2026-02-28 06:09:46,8.8,39.8,22.3,283.0,20.0,226.4,5.0,10
FUL_000612,BK_000612,DRV_0146,VEH_0146,2026-02-24 00:33:04,2026-02-24 00:43:34,2026-02-24 00:45:37,2026-02-24 01:12:07,10.5,26.5,17.1,548.8,20.0,439.04,5.0,0
FUL_000613,BK_000613,DRV_0304,VEH_0304,2026-02-26 18:12:30,2026-02-26 18:21:12,2026-02-26 18:23:30,2026-02-26 19:06:12,8.7,42.7,19.8,1164.24,20.0,931.39,5.0,50
FUL_000614,BK_000614,DRV_0114,VEH_0114,2026-03-01 07:54:16,2026-03-01 07:58:40,2026-03-01 08:00:44,2026-03-01 08:29:26,4.4,28.7,12.8,315.84,20.0,252.67,5.0,20
FUL_000615,BK_000615,DRV_0168,VEH_0168,2026-02-02 18:37:47,2026-02-02 18:43:05,2026-02-02 18:44:15,2026-02-02 19:18:39,5.3,34.4,18.5,1354.08,20.0,1083.26,5.0,50
FUL_000616,BK_000616,DRV_0065,VEH_0065,2026-02-22 19:07:34,2026-02-22 19:18:04,2026-02-22 19:19:35,2026-02-22 19:24:59,10.5,5.4,3.4,160.8,20.0,128.64,4.0,0
FUL_000617,BK_000617,DRV_0171,VEH_0171,2026-03-12 07:02:17,2026-03-12 07:08:17,2026-03-12 07:11:17,2026-03-12 07:53:29,6.0,42.2,30.0,434.64,20.0,347.71,5.0,20
FUL_000618,BK_000618,DRV_0311,VEH_0311,2026-02-04 04:56:37,2026-02-04 05:03:55,2026-02-04 05:05:44,2026-02-04 05:20:20,7.3,14.6,6.4,153.4,20.0,122.72,5.0,0
FUL_000619,BK_000619,DRV_0055,VEH_0055,2026-02-16 18:57:29,2026-02-16 19:10:29,2026-02-16 19:12:01,2026-02-16 19:55:31,13.0,43.5,17.2,416.52,20.0,333.22,5.0,0
FUL_000620,BK_000620,DRV_0150,VEH_0150,2026-02-22 04:49:39,2026-02-22 05:00:39,2026-02-22 05:03:51,2026-02-22 05:26:09,11.0,22.3,10.6,338.0,20.0,270.4,5.0,10
FUL_000621,BK_000621,DRV_0167,VEH_0167,2026-03-11 06:20:52,2026-03-11 06:25:58,2026-03-11 06:28:17,2026-03-11 07:32:29,5.1,64.2,25.6,499.0,20.0,399.2,5.0,50
FUL_000622,BK_000622,DRV_0126,VEH_0126,2026-02-08 08:04:51,2026-02-08 08:09:21,2026-02-08 08:12:26,2026-02-08 09:05:20,4.5,52.9,30.0,765.66,20.0,612.53,4.0,0
FUL_000623,BK_000623,DRV_0020,VEH_0020,2026-02-22 12:50:38,2026-02-22 12:58:20,2026-02-22 13:00:44,2026-02-22 13:56:38,7.7,55.9,27.2,812.0,20.0,649.6,5.0,0
FUL_000624,BK_000624,DRV_0296,VEH_0296,2026-02-08 11:23:27,2026-02-08 11:27:39,2026-02-08 11:29:43,2026-02-08 11:56:19,4.2,26.6,11.5,286.92,20.0,229.54,4.0,50
FUL_000625,BK_000625,DRV_0153,VEH_0153,2026-02-22 19:17:16,2026-02-22 19:27:22,2026-02-22 19:29:16,2026-02-22 20:00:10,10.1,30.9,22.7,392.84,20.0,314.27,4.0,0
FUL_000627,BK_000627,DRV_0190,VEH_0190,2026-03-17 09:51:59,2026-03-17 09:59:29,2026-03-17 10:00:58,2026-03-17 11:03:58,7.5,63.0,22.6,860.16,20.0,688.13,4.0,10
FUL_000628,BK_000628,DRV_0149,VEH_0149,2026-02-21 02:50:02,2026-02-21 02:52:08,2026-02-21 02:53:36,2026-02-21 03:09:54,2.1,16.3,6.7,252.0,20.0,201.6,5.0,0
FUL_000631,BK_000631,DRV_0209,VEH_0209,2026-02-18 01:12:05,2026-02-18 01:25:05,2026-02-18 01:28:01,2026-02-18 02:05:37,13.0,37.6,15.2,504.0,20.0,403.2,5.0,30
FUL_000633,BK_000633,DRV_0066,VEH_0066,2026-02-19 08:57:27,2026-02-19 09:07:21,2026-02-19 09:09:33,2026-02-19 09:32:33,9.9,23.0,14.3,480.48,20.0,384.38,5.0,30
FUL_000634,BK_000634,DRV_0186,VEH_0186,2026-02-20 11:26:29,2026-02-20 11:35:41,2026-02-20 11:39:05,2026-02-20 12:05:11,9.2,26.1,13.6,537.6,20.0,430.08,5.0,20
FUL_000635,BK_000635,DRV_0239,VEH_0239,2026-03-17 21:13:15,2026-03-17 21:19:15,2026-03-17 21:23:03,2026-03-17 22:07:39,6.0,44.6,24.7,885.24,20.0,708.19,4.0,50
FUL_000637,BK_000637,DRV_0162,VEH_0162,2026-03-08 03:35:17,2026-03-08 03:42:41,2026-03-08 03:44:34,2026-03-08 04:03:22,7.4,18.8,6.9,249.6,20.0,199.68,4.0,30
FUL_000638,BK_000638,DRV_0306,VEH_0306,2026-02-06 23:42:13,2026-02-06 23:52:31,2026-02-06 23:54:14,2026-02-07 00:15:32,10.3,21.3,14.5,286.6,20.0,229.28,4.0,50
FUL_000643,BK_000643,DRV_0167,VEH_0167,2026-03-04 02:48:08,2026-03-04 02:58:02,2026-03-04 02:59:51,2026-03-04 03:04:51,9.9,5.0,2.7,86.8,20.0,69.44,5.0,0
FUL_000644,BK_000644,DRV_0176,VEH_0176,2026-02-04 03:37:13,2026-02-04 03:46:19,2026-02-04 03:49:13,2026-02-04 04:34:07,9.1,44.9,21.5,510.24,20.0,408.19,3.0,0
FUL_000645,BK_000645,DRV_0310,VEH_0310,2026-02-08 03:47:04,2026-02-08 03:52:10,2026-02-08 03:53:15,2026-02-08 04:05:33,5.1,12.3,8.6,300.3,20.0,240.24,5.0,20
FUL_000646,BK_000646,DRV_0281,VEH_0281,2026-02-14 12:45:29,2026-02-14 12:49:29,2026-02-14 12:51:32,2026-02-14 13:30:44,4.0,39.2,21.6,630.0,20.0,504.0,5.0,10
FUL_000648,BK_000648,DRV_0177,VEH_0177,2026-02-06 06:51:06,2026-02-06 06:59:42,2026-02-06 07:01:45,2026-02-06 07:17:57,8.6,16.2,7.6,201.36,20.0,161.09,5.0,20
FUL_000649,BK_000649,DRV_0307,VEH_0307,2026-02-11 11:53:12,2026-02-11 11:57:06,2026-02-11 12:00:43,2026-02-11 12:45:07,3.9,44.4,21.3,1155.96,20.0,924.77,4.0,50
FUL_000650,BK_000650,DRV_0254,VEH_0254,2026-03-17 14:08:43,2026-03-17 14:12:25,2026-03-17 14:15:16,2026-03-17 14:25:52,3.7,10.6,7.6,125.18,20.0,100.14,4.0,0
FUL_000651,BK_000651,DRV_0232,VEH_0232,2026-03-04 09:31:04,2026-03-04 09:39:40,2026-03-04 09:43:15,2026-03-04 09:48:03,8.6,4.8,3.0,174.72,20.0,139.78,5.0,0
FUL_000652,BK_000652,DRV_0019,VEH_0019,2026-02-14 14:00:46,2026-02-14 14:10:58,2026-02-14 14:13:17,2026-02-14 14:30:59,10.2,17.7,7.8,270.4,20.0,216.32,5.0,0
FUL_000653,BK_000653,DRV_0004,VEH_0004,2026-02-22 06:52:07,2026-02-22 07:04:31,2026-02-22 07:08:30,2026-02-22 07:42:06,12.4,33.6,21.3,637.0,20.0,509.6,5.0,10
FUL_000654,BK_000654,DRV_0040,VEH_0040,2026-02-21 04:58:20,2026-02-21 05:04:44,2026-02-21 05:07:52,2026-02-21 05:26:40,6.4,18.8,10.5,243.98,20.0,195.18,5.0,0
FUL_000655,BK_000655,DRV_0208,VEH_0208,2026-02-17 22:17:16,2026-02-17 22:21:46,2026-02-17 22:23:03,2026-02-17 22:33:45,4.5,10.7,6.0,267.96,20.0,214.37,4.0,50
FUL_000656,BK_000656,DRV_0202,VEH_0202,2026-03-04 14:48:27,2026-03-04 14:53:45,2026-03-04 14:54:51,2026-03-04 15:50:27,5.3,55.6,23.5,729.3,20.0,583.44,5.0,20
FUL_000657,BK_000657,DRV_0296,VEH_0296,2026-02-27 02:00:34,2026-02-27 02:11:28,2026-02-27 02:14:33,2026-02-27 03:05:03,10.9,50.5,20.9,277.0,20.0,221.6,5.0,0
FUL_000658,BK_000658,DRV_0156,VEH_0156,2026-02-27 20:09:21,2026-02-27 20:16:15,2026-02-27 20:19:06,2026-02-27 20:47:24,6.9,28.3,12.0,452.4,20.0,361.92,5.0,20
FUL_000662,BK_000662,DRV_0062,VEH_0062,2026-02-19 09:15:49,2026-02-19 09:24:25,2026-02-19 09:27:01,2026-02-19 10:11:31,8.6,44.5,29.1,1859.52,20.0,1487.62,2.0,0
FUL_000664,BK_000664,DRV_0162,VEH_0162,2026-03-17 19:44:39,2026-03-17 19:55:27,2026-03-17 19:59:12,2026-03-17 20:24:30,10.8,25.3,16.5,1059.24,20.0,847.39,5.0,0
FUL_000665,BK_000665,DRV_0035,VEH_0035,2026-02-05 17:20:40,2026-02-05 17:28:22,2026-02-05 17:30:41,2026-02-05 17:51:17,7.7,20.6,10.5,492.24,20.0,393.79,5.0,50
FUL_000666,BK_000666,DRV_0116,VEH_0116,2026-03-06 00:25:13,2026-03-06 00:39:07,2026-03-06 00:40:52,2026-03-06 01:16:16,13.9,35.4,17.7,396.44,20.0,317.15,5.0,20
FUL_000667,BK_000667,DRV_0151,VEH_0151,2026-02-13 06:35:19,2026-02-13 06:41:01,2026-02-13 06:43:20,2026-02-13 06:59:50,5.7,16.5,12.2,194.16,20.0,155.33,5.0,20
FUL_000668,BK_000668,DRV_0043,VEH_0043,2026-02-08 16:10:27,2026-02-08 16:23:33,2026-02-08 16:25:52,2026-02-08 17:04:22,13.1,38.5,22.8,292.6,20.0,234.08,5.0,0
FUL_000669,BK_000669,DRV_0294,VEH_0294,2026-02-15 03:33:41,2026-02-15 03:42:35,2026-02-15 03:44:02,2026-02-15 03:56:26,8.9,12.4,5.5,133.6,20.0,106.88,4.0,0
FUL_000670,BK_000670,DRV_0259,VEH_0259,2026-03-17 21:40:48,2026-03-17 21:48:30,2026-03-17 21:52:04,2026-03-17 22:40:46,7.7,48.7,22.3,1184.04,20.0,947.23,5.0,20
FUL_000671,BK_000671,DRV_0245,VEH_0245,2026-02-20 14:33:06,2026-02-20 14:35:48,2026-02-20 14:38:01,2026-02-20 15:16:19,2.7,38.3,21.8,351.12,20.0,280.9,5.0,10
FUL_000673,BK_000673,DRV_0272,VEH_0272,2026-03-01 08:32:46,2026-03-01 08:36:40,2026-03-01 08:39:50,2026-03-01 09:16:14,3.9,36.4,25.6,1021.44,20.0,817.15,2.0,0
FUL_000674,BK_000674,DRV_0235,VEH_0235,2026-02-13 23:59:58,2026-02-14 00:05:16,2026-02-14 00:07:22,2026-02-14 00:13:16,5.3,5.9,3.9,134.4,20.0,107.52,5.0,0
FUL_000675,BK_000675,DRV_0119,VEH_0119,2026-02-28 02:13:56,2026-02-28 02:22:50,2026-02-28 02:26:07,2026-02-28 03:03:49,8.9,37.7,17.5,509.6,20.0,407.68,5.0,0
FUL_000676,BK_000676,DRV_0129,VEH_0129,2026-03-14 10:37:13,2026-03-14 10:43:31,2026-03-14 10:45:06,2026-03-14 10:55:42,6.3,10.6,7.2,202.68,20.0,162.14,5.0,0
FUL_000677,BK_000677,DRV_0031,VEH_0031,2026-03-09 22:27:20,2026-03-09 22:33:50,2026-03-09 22:36:31,2026-03-09 23:11:01,6.5,34.5,25.9,345.62,20.0,276.5,4.0,20
FUL_000679,BK_000679,DRV_0055,VEH_0055,2026-03-09 14:16:39,2026-03-09 14:27:39,2026-03-09 14:30:57,2026-03-09 15:05:03,11.0,34.1,17.3,280.56,20.0,224.45,5.0,0
FUL_000680,BK_000680,DRV_0267,VEH_0267,2026-02-21 21:56:52,2026-02-21 21:58:58,2026-02-21 22:02:27,2026-02-21 23:11:03,2.1,68.6,25.3,1534.26,20.0,1227.41,5.0,10
FUL_000681,BK_000681,DRV_0219,VEH_0219,2026-03-02 23:56:28,2026-03-03 00:00:16,2026-03-03 00:03:35,2026-03-03 01:02:35,3.8,59.0,25.2,333.4,20.0,266.72,5.0,0
FUL_000682,BK_000682,DRV_0139,VEH_0139,2026-02-16 03:40:35,2026-02-16 03:47:41,2026-02-16 03:49:29,2026-02-16 04:18:23,7.1,28.9,19.3,618.8,20.0,495.04,5.0,0
FUL_000683,BK_000683,DRV_0125,VEH_0125,2026-02-02 09:47:06,2026-02-02 09:51:30,2026-02-02 09:54:48,2026-02-02 10:16:48,4.4,22.0,12.1,750.96,20.0,600.77,2.0,0
FUL_000684,BK_000684,DRV_0222,VEH_0222,2026-03-06 22:58:39,2026-03-06 23:03:09,2026-03-06 23:04:25,2026-03-06 23:45:31,4.5,41.1,22.4,764.4,20.0,611.52,5.0,50
FUL_000685,BK_000685,DRV_0219,VEH_0219,2026-03-17 00:17:23,2026-03-17 00:24:35,2026-03-17 00:28:07,2026-03-17 00:53:37,7.2,25.5,12.9,167.8,20.0,134.24,5.0,30
FUL_000686,BK_000686,DRV_0151,VEH_0151,2026-02-03 07:34:21,2026-02-03 07:38:15,2026-02-03 07:41:20,2026-02-03 07:52:44,3.9,11.4,6.9,110.2,20.0,88.16,4.0,10
FUL_000688,BK_000688,DRV_0187,VEH_0187,2026-02-23 21:27:48,2026-02-23 21:37:18,2026-02-23 21:38:23,2026-02-23 22:12:59,9.5,34.6,12.5,607.6,20.0,486.08,5.0,0
FUL_000689,BK_000689,DRV_0103,VEH_0103,2026-03-07 22:51:43,2026-03-07 22:54:49,2026-03-07 22:58:46,2026-03-07 23:15:04,3.1,16.3,6.7,190.56,20.0,152.45,1.0,50
FUL_000690,BK_000690,DRV_0155,VEH_0155,2026-02-22 22:12:01,2026-02-22 22:25:31,2026-02-22 22:28:31,2026-02-22 22:43:01,13.5,14.5,5.9,237.38,20.0,189.9,4.0,0
FUL_000691,BK_000691,DRV_0060,VEH_0060,2026-02-11 12:21:28,2026-02-11 12:26:28,2026-02-11 12:28:13,2026-02-11 13:02:49,5.0,34.6,21.0,278.2,20.0,222.56,5.0,50
FUL_000692,BK_000692,DRV_0200,VEH_0200,2026-03-07 20:01:29,2026-03-07 20:12:17,2026-03-07 20:15:50,2026-03-07 20:37:44,10.8,21.9,14.3,627.2,20.0,501.76,5.0,0
FUL_000693,BK_000693,DRV_0097,VEH_0097,2026-03-11 06:28:16,2026-03-11 06:36:04,2026-03-11 06:38:05,2026-03-11 07:00:17,7.8,22.2,13.5,428.4,20.0,342.72,5.0,50
FUL_000694,BK_000694,DRV_0320,VEH_0320,2026-02-06 14:41:38,2026-02-06 14:46:44,2026-02-06 14:50:09,2026-02-06 15:40:15,5.1,50.1,27.2,754.0,20.0,603.2,5.0,20
FUL_000696,BK_000696,DRV_0189,VEH_0189,2026-02-06 23:57:25,2026-02-07 00:11:01,2026-02-07 00:14:55,2026-02-07 00:48:19,13.6,33.4,15.1,297.4,20.0,237.92,4.0,0
FUL_000697,BK_000697,DRV_0091,VEH_0091,2026-03-06 15:04:21,2026-03-06 15:15:57,2026-03-06 15:18:02,2026-03-06 15:56:38,11.6,38.6,18.4,230.2,20.0,184.16,5.0,20
FUL_000698,BK_000698,DRV_0263,VEH_0263,2026-02-25 20:44:06,2026-02-25 20:49:42,2026-02-25 20:53:24,2026-02-25 21:29:18,5.6,35.9,26.5,677.46,20.0,541.97,5.0,0
FUL_000699,BK_000699,DRV_0191,VEH_0191,2026-02-12 16:31:23,2026-02-12 16:34:05,2026-02-12 16:36:18,2026-02-12 16:55:24,2.7,19.1,8.4,349.44,20.0,279.55,4.0,0
FUL_000700,BK_000700,DRV_0151,VEH_0151,2026-02-28 03:59:50,2026-02-28 04:03:32,2026-02-28 04:05:44,2026-02-28 04:45:32,3.7,39.8,24.9,315.4,20.0,252.32,5.0,0
FUL_000703,BK_000703,DRV_0290,VEH_0290,2026-02-06 09:15:17,2026-02-06 09:26:23,2026-02-06 09:28:03,2026-02-06 10:01:57,11.1,33.9,14.7,1004.64,20.0,803.71,5.0,20
FUL_000704,BK_000704,DRV_0065,VEH_0065,2026-02-03 19:52:50,2026-02-03 20:05:44,2026-02-03 20:08:39,2026-02-03 21:01:09,12.9,52.5,26.0,780.0,20.0,624.0,5.0,20
FUL_000706,BK_000706,DRV_0238,VEH_0238,2026-02-28 20:35:27,2026-02-28 20:44:21,2026-02-28 20:45:42,2026-02-28 20:51:30,8.9,5.8,3.6,333.06,20.0,266.45,5.0,30
FUL_000709,BK_000709,DRV_0170,VEH_0170,2026-02-17 06:54:13,2026-02-17 07:04:37,2026-02-17 07:07:31,2026-02-17 07:30:07,10.4,22.6,13.8,293.8,20.0,235.04,5.0,20
FUL_000710,BK_000710,DRV_0204,VEH_0204,2026-03-12 05:41:44,2026-03-12 05:47:32,2026-03-12 05:49:27,2026-03-12 06:06:45,5.8,17.3,11.3,366.6,20.0,293.28,5.0,50
FUL_000711,BK_000711,DRV_0216,VEH_0216,2026-03-12 04:58:01,2026-03-12 05:09:07,2026-03-12 05:12:59,2026-03-12 05:36:47,11.1,23.8,11.0,394.68,20.0,315.74,5.0,10
FUL_000712,BK_000712,DRV_0049,VEH_0049,2026-03-01 09:33:06,2026-03-01 09:45:18,2026-03-01 09:46:44,2026-03-01 10:02:44,12.2,16.0,7.7,685.44,20.0,548.35,5.0,30
FUL_000713,BK_000713,DRV_0025,VEH_0025,2026-02-11 11:34:50,2026-02-11 11:37:08,2026-02-11 11:38:48,2026-02-11 11:53:42,2.3,14.9,8.8,237.24,20.0,189.79,4.0,50
FUL_000714,BK_000714,DRV_0012,VEH_0012,2026-02-14 18:11:11,2026-02-14 18:18:11,2026-02-14 18:20:50,2026-02-14 19:05:26,7.0,44.6,25.0,451.64,20.0,361.31,4.0,30
FUL_000717,BK_000717,DRV_0065,VEH_0065,2026-02-25 14:45:59,2026-02-25 14:56:35,2026-02-25 14:59:31,2026-02-25 15:42:07,10.6,42.6,25.3,307.0,20.0,245.6,5.0,0
FUL_000718,BK_000718,DRV_0013,VEH_0013,2026-02-04 04:37:22,2026-02-04 04:50:10,2026-02-04 04:52:35,2026-02-04 05:20:59,12.8,28.4,16.5,347.8,20.0,278.24,5.0,10
FUL_000719,BK_000719,DRV_0246,VEH_0246,2026-03-05 07:12:23,2026-03-05 07:22:47,2026-03-05 07:24:41,2026-03-05 07:42:53,10.4,18.2,8.6,122.2,20.0,97.76,5.0,30
FUL_000720,BK_000720,DRV_0037,VEH_0037,2026-03-17 10:28:30,2026-03-17 10:39:48,2026-03-17 10:41:00,2026-03-17 11:35:06,11.3,54.1,21.2,1381.8,20.0,1105.44,5.0,0
FUL_000721,BK_000721,DRV_0073,VEH_0073,2026-02-02 14:13:06,2026-02-02 14:22:00,2026-02-02 14:25:50,2026-02-02 14:48:14,8.9,22.4,11.2,418.88,20.0,335.1,5.0,0
FUL_000722,BK_000722,DRV_0266,VEH_0266,2026-02-17 09:55:38,2026-02-17 10:00:44,2026-02-17 10:02:20,2026-02-17 10:54:50,5.1,52.5,26.4,461.72,20.0,369.38,5.0,50
FUL_000723,BK_000723,DRV_0041,VEH_0041,2026-03-13 06:26:02,2026-03-13 06:29:08,2026-03-13 06:30:08,2026-03-13 07:10:26,3.1,40.3,26.9,951.6,20.0,761.28,5.0,10
FUL_000724,BK_000724,DRV_0113,VEH_0113,2026-03-16 17:54:23,2026-03-16 17:58:59,2026-03-16 18:01:01,2026-03-16 18:29:55,4.6,28.9,20.3,842.8,20.0,674.24,5.0,0
FUL_000726,BK_000726,DRV_0102,VEH_0102,2026-03-04 08:03:34,2026-03-04 08:17:34,2026-03-04 08:21:19,2026-03-04 08:59:25,14.0,38.1,27.8,1113.28,20.0,890.62,5.0,30
FUL_000728,BK_000728,DRV_0062,VEH_0062,2026-02-03 22:01:56,2026-02-03 22:14:50,2026-02-03 22:17:31,2026-02-03 22:58:19,12.9,40.8,25.1,772.2,20.0,617.76,4.0,0
FUL_000729,BK_000729,DRV_0250,VEH_0250,2026-02-14 13:59:18,2026-02-14 14:07:12,2026-02-14 14:09:09,2026-02-14 14:35:15,7.9,26.1,13.9,502.04,20.0,401.63,5.0,10
FUL_000730,BK_000730,DRV_0189,VEH_0189,2026-02-09 19:26:28,2026-02-09 19:34:58,2026-02-09 19:37:53,2026-02-09 20:19:47,8.5,41.9,26.3,603.12,20.0,482.5,5.0,10
FUL_000731,BK_000731,DRV_0269,VEH_0269,2026-03-10 17:45:37,2026-03-10 17:53:43,2026-03-10 17:56:45,2026-03-10 18:53:39,8.1,56.9,21.4,1033.44,20.0,826.75,5.0,0
FUL_000732,BK_000732,DRV_0008,VEH_0008,2026-02-23 18:58:29,2026-02-23 19:11:35,2026-02-23 19:12:35,2026-02-23 19:20:53,13.1,8.3,3.9,149.24,20.0,119.39,4.0,0
FUL_000733,BK_000733,DRV_0085,VEH_0085,2026-02-03 06:53:48,2026-02-03 07:06:24,2026-02-03 07:08:40,2026-02-03 07:41:10,12.6,32.5,19.3,576.8,20.0,461.44,5.0,0
FUL_000735,BK_000735,DRV_0077,VEH_0077,2026-02-03 03:39:29,2026-02-03 03:42:53,2026-02-03 03:46:35,2026-02-03 04:23:47,3.4,37.2,19.3,434.06,20.0,347.25,5.0,10
FUL_000736,BK_000736,DRV_0157,VEH_0157,2026-02-14 04:58:40,2026-02-14 05:12:04,2026-02-14 05:14:43,2026-02-14 05:24:43,13.4,10.0,5.2,243.36,20.0,194.69,1.0,50
FUL_000737,BK_000737,DRV_0111,VEH_0111,2026-03-11 03:57:23,2026-03-11 04:02:17,2026-03-11 04:05:07,2026-03-11 04:14:19,4.9,9.2,4.6,205.92,20.0,164.74,5.0,0
FUL_000739,BK_000739,DRV_0038,VEH_0038,2026-02-10 09:09:52,2026-02-10 09:17:58,2026-02-10 09:19:38,2026-02-10 09:41:44,8.1,22.1,12.7,948.48,20.0,758.78,4.0,0
FUL_000741,BK_000741,DRV_0009,VEH_0009,2026-02-19 21:44:56,2026-02-19 21:51:20,2026-02-19 21:52:45,2026-02-19 22:39:09,6.4,46.4,18.4,787.08,20.0,629.66,5.0,0
FUL_000743,BK_000743,DRV_0144,VEH_0144,2026-02-21 17:09:59,2026-02-21 17:23:47,2026-02-21 17:26:41,2026-02-21 18:05:17,13.8,38.6,21.7,1422.72,20.0,1138.18,5.0,20
FUL_000744,BK_000744,DRV_0229,VEH_0229,2026-02-12 22:56:53,2026-02-12 23:00:35,2026-02-12 23:02:57,2026-02-12 23:38:57,3.7,36.0,22.2,677.6,20.0,542.08,5.0,30
FUL_000745,BK_000745,DRV_0287,VEH_0287,2026-02-20 10:00:04,2026-02-20 10:07:40,2026-02-20 10:09:40,2026-02-20 10:46:22,7.6,36.7,21.1,771.84,20.0,617.47,5.0,0
FUL_000746,BK_000746,DRV_0253,VEH_0253,2026-03-14 05:26:05,2026-03-14 05:29:47,2026-03-14 05:31:06,2026-03-14 05:52:00,3.7,20.9,12.2,420.42,20.0,336.34,4.0,30
FUL_000747,BK_000747,DRV_0267,VEH_0267,2026-03-03 06:30:41,2026-03-03 06:37:17,2026-03-03 06:40:17,2026-03-03 06:55:59,6.6,15.7,7.6,277.42,20.0,221.94,5.0,0
FUL_000748,BK_000748,DRV_0291,VEH_0291,2026-02-19 23:15:17,2026-02-19 23:21:05,2026-02-19 23:24:52,2026-02-19 23:40:28,5.8,15.6,9.3,200.2,20.0,160.16,4.0,0
FUL_000749,BK_000749,DRV_0202,VEH_0202,2026-03-15 03:05:00,2026-03-15 03:09:24,2026-03-15 03:10:51,2026-03-15 04:07:15,4.4,56.4,26.2,707.2,20.0,565.76,5.0,20
FUL_000751,BK_000751,DRV_0253,VEH_0253,2026-02-25 11:26:15,2026-02-25 11:36:39,2026-02-25 11:38:29,2026-02-25 11:48:41,10.4,10.2,6.5,496.86,20.0,397.49,5.0,0
FUL_000752,BK_000752,DRV_0295,VEH_0295,2026-03-13 07:26:17,2026-03-13 07:35:17,2026-03-13 07:39:14,2026-03-13 08:04:38,9.0,25.4,12.6,458.92,20.0,367.14,5.0,50
FUL_000753,BK_000753,DRV_0232,VEH_0232,2026-03-18 04:57:53,2026-03-18 05:07:59,2026-03-18 05:11:44,2026-03-18 05:22:26,10.1,10.7,4.6,176.8,20.0,141.44,2.0,0
FUL_000759,BK_000759,DRV_0263,VEH_0263,2026-03-09 19:14:59,2026-03-09 19:25:35,2026-03-09 19:28:14,2026-03-09 19:52:56,10.6,24.7,13.0,382.62,20.0,306.1,3.0,0
FUL_000760,BK_000760,DRV_0066,VEH_0066,2026-02-02 07:07:23,2026-02-02 07:11:11,2026-02-02 07:14:35,2026-02-02 07:28:41,3.8,14.1,9.4,130.6,20.0,104.48,5.0,0
FUL_000761,BK_000761,DRV_0287,VEH_0287,2026-02-27 18:31:28,2026-02-27 18:40:52,2026-02-27 18:42:02,2026-02-27 19:27:50,9.4,45.8,20.2,912.48,20.0,729.98,3.0,0
FUL_000762,BK_000762,DRV_0126,VEH_0126,2026-03-09 06:37:56,2026-03-09 06:47:26,2026-03-09 06:49:00,2026-03-09 06:54:54,9.5,5.9,4.0,70.6,20.0,56.48,5.0,0
FUL_000766,BK_000766,DRV_0043,VEH_0043,2026-03-07 13:53:22,2026-03-07 14:02:46,2026-03-07 14:06:13,2026-03-07 14:16:37,9.4,10.4,4.3,74.2,20.0,59.36,5.0,0
FUL_000767,BK_000767,DRV_0043,VEH_0043,2026-03-05 00:29:55,2026-03-05 00:37:19,2026-03-05 00:40:32,2026-03-05 01:13:20,7.4,32.8,17.6,279.12,20.0,223.3,4.0,20
FUL_000768,BK_000768,DRV_0253,VEH_0253,2026-02-03 04:39:06,2026-02-03 04:46:42,2026-02-03 04:50:23,2026-02-03 05:18:35,7.6,28.2,14.3,444.6,20.0,355.68,4.0,30
FUL_000769,BK_000769,DRV_0090,VEH_0090,2026-03-12 20:32:37,2026-03-12 20:36:25,2026-03-12 20:40:15,2026-03-12 21:09:39,3.8,29.4,12.4,653.28,20.0,522.62,5.0,10
FUL_000770,BK_000770,DRV_0171,VEH_0171,2026-02-08 10:56:18,2026-02-08 11:03:30,2026-02-08 11:07:20,2026-02-08 11:27:20,7.2,20.0,9.0,201.28,20.0,161.02,5.0,0
FUL_000771,BK_000771,DRV_0307,VEH_0307,2026-02-07 16:31:16,2026-02-07 16:44:46,2026-02-07 16:47:39,2026-02-07 17:36:27,13.5,48.8,23.3,673.4,20.0,538.72,5.0,0
FUL_000773,BK_000773,DRV_0150,VEH_0150,2026-02-18 02:08:44,2026-02-18 02:21:38,2026-02-18 02:25:20,2026-02-18 02:39:02,12.9,13.7,8.4,297.44,20.0,237.95,5.0,10
FUL_000774,BK_000774,DRV_0197,VEH_0197,2026-03-14 07:04:44,2026-03-14 07:15:14,2026-03-14 07:18:03,2026-03-14 07:53:45,10.5,35.7,22.6,657.8,20.0,526.24,5.0,0
FUL_000775,BK_000775,DRV_0052,VEH_0052,2026-03-01 15:08:49,2026-03-01 15:11:37,2026-03-01 15:13:47,2026-03-01 15:51:35,2.8,37.8,17.2,220.6,20.0,176.48,5.0,20
FUL_000777,BK_000777,DRV_0119,VEH_0119,2026-03-18 02:11:30,2026-03-18 02:17:00,2026-03-18 02:18:10,2026-03-18 02:54:16,5.5,36.1,24.4,686.4,20.0,549.12,5.0,0
FUL_000778,BK_000778,DRV_0086,VEH_0086,2026-02-13 03:05:08,2026-02-13 03:08:02,2026-02-13 03:10:25,2026-02-13 03:25:37,2.9,15.2,10.0,223.6,20.0,178.88,5.0,0
FUL_000779,BK_000779,DRV_0118,VEH_0118,2026-02-22 00:00:35,2026-02-22 00:09:35,2026-02-22 00:11:33,2026-02-22 01:07:39,9.0,56.1,20.2,655.2,20.0,524.16,5.0,50
FUL_000780,BK_000780,DRV_0198,VEH_0198,2026-03-01 20:54:19,2026-03-01 21:04:01,2026-03-01 21:05:59,2026-03-01 21:26:41,9.7,20.7,12.3,486.72,20.0,389.38,5.0,0
FUL_000781,BK_000781,DRV_0100,VEH_0100,2026-02-05 21:42:01,2026-02-05 21:55:43,2026-02-05 21:57:43,2026-02-05 22:51:07,13.7,53.4,28.2,1728.72,20.0,1382.98,5.0,0
FUL_000783,BK_000783,DRV_0299,VEH_0299,2026-02-03 15:19:44,2026-02-03 15:33:08,2026-02-03 15:36:59,2026-02-03 15:45:41,13.4,8.7,3.6,170.8,20.0,136.64,5.0,30
FUL_000784,BK_000784,DRV_0258,VEH_0258,2026-03-03 17:26:30,2026-03-03 17:28:54,2026-03-03 17:30:35,2026-03-03 18:02:17,2.4,31.7,16.8,1204.32,20.0,963.46,5.0,20
FUL_000785,BK_000785,DRV_0004,VEH_0004,2026-02-08 04:18:51,2026-02-08 04:24:03,2026-02-08 04:26:10,2026-02-08 05:19:10,5.2,53.0,27.9,898.56,20.0,718.85,4.0,10
FUL_000786,BK_000786,DRV_0281,VEH_0281,2026-02-06 16:10:20,2026-02-06 16:21:32,2026-02-06 16:23:08,2026-02-06 16:31:02,11.2,7.9,3.2,159.6,20.0,127.68,5.0,0
FUL_000787,BK_000787,DRV_0186,VEH_0186,2026-03-13 14:27:44,2026-03-13 14:36:32,2026-03-13 14:40:11,2026-03-13 15:06:35,8.8,26.4,12.2,483.84,20.0,387.07,5.0,0
FUL_000788,BK_000788,DRV_0242,VEH_0242,2026-03-16 08:10:05,2026-03-16 08:19:17,2026-03-16 08:20:46,2026-03-16 09:00:46,9.2,40.0,21.8,1011.84,20.0,809.47,5.0,0
FUL_000793,BK_000793,DRV_0167,VEH_0167,2026-02-21 23:15:16,2026-02-21 23:18:04,2026-02-21 23:21:08,2026-02-21 23:42:50,2.8,21.7,9.6,253.2,20.0,202.56,5.0,0
FUL_000795,BK_000795,DRV_0167,VEH_0167,2026-02-02 08:40:12,2026-02-02 08:51:54,2026-02-02 08:55:53,2026-02-02 10:07:59,11.7,72.1,28.3,1284.0,20.0,1027.2,4.0,50
FUL_000796,BK_000796,DRV_0229,VEH_0229,2026-02-05 06:34:35,2026-02-05 06:41:05,2026-02-05 06:44:47,2026-02-05 07:08:29,6.5,23.7,14.8,567.84,20.0,454.27,5.0,20
FUL_000797,BK_000797,DRV_0178,VEH_0178,2026-02-22 12:38:18,2026-02-22 12:48:24,2026-02-22 12:50:37,2026-02-22 12:59:49,10.1,9.2,6.1,228.8,20.0,183.04,5.0,0
FUL_000798,BK_000798,DRV_0101,VEH_0101,2026-03-07 13:14:33,2026-03-07 13:23:45,2026-03-07 13:26:22,2026-03-07 14:06:10,9.2,39.8,25.1,876.72,20.0,701.38,4.0,0
FUL_000799,BK_000799,DRV_0069,VEH_0069,2026-03-10 17:26:21,2026-03-10 17:29:33,2026-03-10 17:30:33,2026-03-10 18:12:15,3.2,41.7,29.4,988.92,20.0,791.14,5.0,0
FUL_000802,BK_000802,DRV_0187,VEH_0187,2026-02-07 19:40:41,2026-02-07 19:49:11,2026-02-07 19:50:28,2026-02-07 20:04:16,8.5,13.8,8.5,379.68,20.0,303.74,5.0,0
FUL_000803,BK_000803,DRV_0262,VEH_0262,2026-02-21 20:21:16,2026-02-21 20:31:40,2026-02-21 20:33:34,2026-02-21 21:28:10,10.4,54.6,26.7,994.56,20.0,795.65,5.0,50
FUL_000804,BK_000804,DRV_0310,VEH_0310,2026-03-17 17:10:15,2026-03-17 17:22:33,2026-03-17 17:24:42,2026-03-17 17:44:30,12.3,19.8,10.5,414.96,20.0,331.97,5.0,20
FUL_000805,BK_000805,DRV_0055,VEH_0055,2026-02-03 00:14:25,2026-02-03 00:19:19,2026-02-03 00:22:48,2026-02-03 00:48:24,4.9,25.6,14.4,222.86,20.0,178.29,5.0,20
FUL_000806,BK_000806,DRV_0281,VEH_0281,2026-02-15 08:23:16,2026-02-15 08:33:28,2026-02-15 08:36:14,2026-02-15 08:49:56,10.2,13.7,7.8,623.28,20.0,498.62,5.0,0
FUL_000807,BK_000807,DRV_0031,VEH_0031,2026-03-09 17:15:21,2026-03-09 17:23:15,2026-03-09 17:26:57,2026-03-09 17:46:33,7.9,19.6,8.9,281.82,20.0,225.46,5.0,20
FUL_000809,BK_000809,DRV_0306,VEH_0306,2026-02-11 10:02:29,2026-02-11 10:05:41,2026-02-11 10:07:06,2026-02-11 10:20:48,3.2,13.7,9.0,305.92,20.0,244.74,5.0,50
FUL_000810,BK_000810,DRV_0066,VEH_0066,2026-03-14 02:31:10,2026-03-14 02:39:52,2026-03-14 02:42:08,2026-03-14 03:16:38,8.7,34.5,13.3,185.8,20.0,148.64,3.0,20
FUL_000811,BK_000811,DRV_0097,VEH_0097,2026-02-06 18:10:40,2026-02-06 18:18:04,2026-02-06 18:22:03,2026-02-06 18:31:39,7.4,9.6,4.7,241.92,20.0,193.54,5.0,0
FUL_000812,BK_000812,DRV_0089,VEH_0089,2026-02-11 19:41:05,2026-02-11 19:43:11,2026-02-11 19:44:21,2026-02-11 20:00:45,2.1,16.4,10.0,465.92,20.0,372.74,5.0,0
FUL_000813,BK_000813,DRV_0129,VEH_0129,2026-03-12 10:00:16,2026-03-12 10:04:52,2026-03-12 10:06:23,2026-03-12 10:19:47,4.6,13.4,7.7,204.84,20.0,163.87,4.0,0
FUL_000817,BK_000817,DRV_0317,VEH_0317,2026-02-23 01:35:35,2026-02-23 01:40:29,2026-02-23 01:43:02,2026-02-23 02:31:08,4.9,48.1,24.8,876.72,20.0,701.38,5.0,30
FUL_000818,BK_000818,DRV_0245,VEH_0245,2026-02-18 01:36:58,2026-02-18 01:42:34,2026-02-18 01:45:10,2026-02-18 02:05:46,5.6,20.6,9.8,142.6,20.0,114.08,3.0,50
FUL_000820,BK_000820,DRV_0165,VEH_0165,2026-02-12 16:48:44,2026-02-12 16:54:32,2026-02-12 16:58:15,2026-02-12 17:35:57,5.8,37.7,25.9,720.2,20.0,576.16,5.0,10
FUL_000821,BK_000821,DRV_0263,VEH_0263,2026-02-13 22:13:32,2026-02-13 22:25:08,2026-02-13 22:28:11,2026-02-13 23:14:29,11.6,46.3,20.7,263.8,20.0,211.04,5.0,20
FUL_000823,BK_000823,DRV_0165,VEH_0165,2026-02-19 01:45:58,2026-02-19 01:49:46,2026-02-19 01:52:35,2026-02-19 02:51:47,3.8,59.2,28.7,835.12,20.0,668.1,4.0,30
FUL_000824,BK_000824,DRV_0170,VEH_0170,2026-02-21 22:43:49,2026-02-21 22:46:25,2026-02-21 22:48:41,2026-02-21 23:11:29,2.6,22.8,16.3,389.28,20.0,311.42,5.0,30
FUL_000825,BK_000825,DRV_0027,VEH_0027,2026-02-17 16:41:25,2026-02-17 16:49:49,2026-02-17 16:51:11,2026-02-17 17:52:41,8.4,61.5,25.7,319.0,20.0,255.2,5.0,0
FUL_000826,BK_000826,DRV_0170,VEH_0170,2026-02-06 07:42:43,2026-02-06 07:52:07,2026-02-06 07:54:49,2026-02-06 08:16:31,9.4,21.7,10.2,218.2,20.0,174.56,4.0,0
FUL_000827,BK_000827,DRV_0121,VEH_0121,2026-02-09 01:41:35,2026-02-09 01:44:41,2026-02-09 01:47:54,2026-02-09 02:11:54,3.1,24.0,16.5,588.28,20.0,470.62,5.0,0
FUL_000829,BK_000829,DRV_0241,VEH_0241,2026-02-21 01:20:25,2026-02-21 01:27:19,2026-02-21 01:29:38,2026-02-21 02:03:26,6.9,33.8,15.0,233.04,20.0,186.43,4.0,30
FUL_000830,BK_000830,DRV_0210,VEH_0210,2026-02-21 02:57:04,2026-02-21 03:09:10,2026-02-21 03:11:59,2026-02-21 03:34:11,12.1,22.2,11.4,450.24,20.0,360.19,5.0,30
FUL_000831,BK_000831,DRV_0251,VEH_0251,2026-02-15 13:12:44,2026-02-15 13:19:20,2026-02-15 13:22:57,2026-02-15 13:36:57,6.6,14.0,10.0,314.6,20.0,251.68,5.0,0
FUL_000832,BK_000832,DRV_0012,VEH_0012,2026-02-17 14:42:09,2026-02-17 14:45:15,2026-02-17 14:47:00,2026-02-17 15:21:30,3.1,34.5,15.4,229.46,20.0,183.57,1.0,50
FUL_000833,BK_000833,DRV_0023,VEH_0023,2026-03-10 02:53:44,2026-03-10 02:56:50,2026-03-10 03:00:34,2026-03-10 04:10:58,3.1,70.4,29.2,544.0,20.0,435.2,5.0,0
FUL_000835,BK_000835,DRV_0059,VEH_0059,2026-02-04 06:56:37,2026-02-04 07:02:07,2026-02-04 07:04:31,2026-02-04 07:41:07,5.5,36.6,18.2,248.2,20.0,198.56,5.0,0
FUL_000836,BK_000836,DRV_0075,VEH_0075,2026-02-13 11:53:02,2026-02-13 12:03:44,2026-02-13 12:05:11,2026-02-13 12:38:53,10.7,33.7,22.6,630.56,20.0,504.45,5.0,0
FUL_000837,BK_000837,DRV_0245,VEH_0245,2026-02-24 05:03:34,2026-02-24 05:15:46,2026-02-24 05:17:29,2026-02-24 05:27:59,12.2,10.5,6.0,97.0,20.0,77.6,4.0,50
FUL_000838,BK_000838,DRV_0027,VEH_0027,2026-02-08 15:02:15,2026-02-08 15:07:39,2026-02-08 15:10:14,2026-02-08 15:18:08,5.4,7.9,4.4,90.48,20.0,72.38,5.0,30
FUL_000839,BK_000839,DRV_0251,VEH_0251,2026-03-09 00:57:07,2026-03-09 01:01:07,2026-03-09 01:04:41,2026-03-09 01:58:29,4.0,53.8,21.2,764.4,20.0,611.52,5.0,20
FUL_000840,BK_000840,DRV_0234,VEH_0234,2026-02-18 08:37:17,2026-02-18 08:41:53,2026-02-18 08:45:12,2026-02-18 08:50:12,4.6,5.0,3.1,250.88,20.0,200.7,5.0,0
FUL_000841,BK_000841,DRV_0138,VEH_0138,2026-02-07 17:27:06,2026-02-07 17:34:42,2026-02-07 17:37:05,2026-02-07 18:16:23,7.6,39.3,26.4,609.6,20.0,487.68,5.0,0
FUL_000842,BK_000842,DRV_0216,VEH_0216,2026-02-18 06:33:10,2026-02-18 06:36:04,2026-02-18 06:37:56,2026-02-18 07:00:44,2.9,22.8,15.0,444.6,20.0,355.68,5.0,50
FUL_000843,BK_000843,DRV_0101,VEH_0101,2026-03-15 05:04:26,2026-03-15 05:09:38,2026-03-15 05:10:42,2026-03-15 05:17:06,5.2,6.4,2.9,165.36,20.0,132.29,5.0,30
FUL_000844,BK_000844,DRV_0035,VEH_0035,2026-02-14 05:13:11,2026-02-14 05:24:17,2026-02-14 05:26:35,2026-02-14 06:09:53,11.1,43.3,24.2,459.4,20.0,367.52,5.0,0
FUL_000847,BK_000847,DRV_0264,VEH_0264,2026-03-09 15:14:41,2026-03-09 15:16:41,2026-03-09 15:17:52,2026-03-09 15:43:28,2.0,25.6,16.6,537.6,20.0,430.08,5.0,0
FUL_000848,BK_000848,DRV_0287,VEH_0287,2026-02-04 21:21:02,2026-02-04 21:33:14,2026-02-04 21:37:06,2026-02-04 22:29:12,12.2,52.1,24.2,1115.52,20.0,892.42,4.0,20
FUL_000851,BK_000851,DRV_0066,VEH_0066,2026-03-09 17:38:43,2026-03-09 17:51:19,2026-03-09 17:53:03,2026-03-09 18:28:51,12.6,35.8,25.6,498.88,20.0,399.1,5.0,20
FUL_000852,BK_000852,DRV_0147,VEH_0147,2026-02-14 20:40:23,2026-02-14 20:51:41,2026-02-14 20:55:27,2026-02-14 21:12:51,11.3,17.4,6.8,126.48,20.0,101.18,5.0,30
FUL_000856,BK_000856,DRV_0091,VEH_0091,2026-03-14 01:18:37,2026-03-14 01:21:01,2026-03-14 01:22:53,2026-03-14 02:06:35,2.4,43.7,29.5,364.6,20.0,291.68,3.0,20
FUL_000859,BK_000859,DRV_0174,VEH_0174,2026-02-04 12:17:48,2026-02-04 12:21:42,2026-02-04 12:25:01,2026-02-04 12:36:19,3.9,11.3,6.2,117.84,20.0,94.27,5.0,10
FUL_000860,BK_000860,DRV_0222,VEH_0222,2026-03-10 03:02:06,2026-03-10 03:09:06,2026-03-10 03:12:53,2026-03-10 03:55:59,7.0,43.1,28.9,849.42,20.0,679.54,5.0,0
FUL_000862,BK_000862,DRV_0196,VEH_0196,2026-02-14 02:33:10,2026-02-14 02:40:04,2026-02-14 02:43:51,2026-02-14 03:13:45,6.9,29.9,18.3,522.6,20.0,418.08,4.0,10
FUL_000863,BK_000863,DRV_0244,VEH_0244,2026-02-17 19:48:19,2026-02-17 20:00:25,2026-02-17 20:03:49,2026-02-17 20:18:55,12.1,15.1,7.9,392.0,20.0,313.6,5.0,30
FUL_000866,BK_000866,DRV_0005,VEH_0005,2026-02-20 06:26:02,2026-02-20 06:32:02,2026-02-20 06:33:20,2026-02-20 07:03:38,6.0,30.3,20.3,556.4,20.0,445.12,5.0,0
FUL_000868,BK_000868,DRV_0028,VEH_0028,2026-02-25 18:31:30,2026-02-25 18:41:00,2026-02-25 18:44:22,2026-02-25 19:03:16,9.5,18.9,10.5,258.84,20.0,207.07,3.0,0
FUL_000869,BK_000869,DRV_0024,VEH_0024,2026-02-13 07:08:29,2026-02-13 07:13:29,2026-02-13 07:15:16,2026-02-13 07:58:52,5.0,43.6,22.9,466.6,20.0,373.28,2.0,50
FUL_000871,BK_000871,DRV_0129,VEH_0129,2026-02-23 20:27:29,2026-02-23 20:39:47,2026-02-23 20:43:33,2026-02-23 21:16:33,12.3,33.0,17.2,465.78,20.0,372.62,5.0,0
FUL_000872,BK_000872,DRV_0299,VEH_0299,2026-03-02 16:31:48,2026-03-02 16:35:48,2026-03-02 16:37:40,2026-03-02 16:44:16,4.0,6.6,2.9,154.0,20.0,123.2,5.0,0
FUL_000873,BK_000873,DRV_0074,VEH_0074,2026-02-04 17:15:45,2026-02-04 17:18:33,2026-02-04 17:21:51,2026-02-04 18:01:45,2.8,39.9,24.5,990.08,20.0,792.06,5.0,50
FUL_000874,BK_000874,DRV_0300,VEH_0300,2026-02-24 11:54:25,2026-02-24 12:00:43,2026-02-24 12:01:59,2026-02-24 12:48:47,6.3,46.8,21.0,477.84,20.0,382.27,5.0,10
FUL_000875,BK_000875,DRV_0097,VEH_0097,2026-02-07 21:15:39,2026-02-07 21:23:21,2026-02-07 21:27:07,2026-02-07 21:55:01,7.7,27.9,15.5,833.28,20.0,666.62,4.0,30
FUL_000876,BK_000876,DRV_0301,VEH_0301,2026-02-08 20:58:23,2026-02-08 21:12:05,2026-02-08 21:15:19,2026-02-08 21:50:19,13.7,35.0,24.2,625.52,20.0,500.42,4.0,50
FUL_000877,BK_000877,DRV_0113,VEH_0113,2026-02-02 21:45:02,2026-02-02 21:54:50,2026-02-02 21:57:04,2026-02-02 22:01:04,9.8,4.0,2.8,257.04,20.0,205.63,4.0,0
FUL_000881,BK_000881,DRV_0225,VEH_0225,2026-03-17 21:51:53,2026-03-17 21:58:47,2026-03-17 21:59:51,2026-03-17 22:09:33,6.9,9.7,4.4,145.2,20.0,116.16,5.0,0
FUL_000882,BK_000882,DRV_0161,VEH_0161,2026-02-06 09:50:30,2026-02-06 09:54:42,2026-02-06 09:56:20,2026-02-06 10:31:50,4.2,35.5,22.2,780.0,20.0,624.0,5.0,0
FUL_000883,BK_000883,DRV_0183,VEH_0183,2026-03-14 11:56:20,2026-03-14 12:02:02,2026-03-14 12:05:40,2026-03-14 12:18:28,5.7,12.8,5.1,276.78,20.0,221.42,4.0,0
FUL_000884,BK_000884,DRV_0027,VEH_0027,2026-03-13 19:39:24,2026-03-13 19:42:42,2026-03-13 19:44:10,2026-03-13 20:05:46,3.3,21.6,15.7,362.52,20.0,290.02,5.0,20
FUL_000886,BK_000886,DRV_0113,VEH_0113,2026-02-27 11:55:10,2026-02-27 11:59:40,2026-02-27 12:02:40,2026-02-27 12:38:10,4.5,35.5,15.7,1196.16,20.0,956.93,5.0,30
FUL_000887,BK_000887,DRV_0075,VEH_0075,2026-02-12 14:01:18,2026-02-12 14:03:18,2026-02-12 14:04:38,2026-02-12 14:41:44,2.0,37.1,21.9,499.44,20.0,399.55,5.0,0
FUL_000888,BK_000888,DRV_0140,VEH_0140,2026-02-07 06:40:24,2026-02-07 06:50:36,2026-02-07 06:51:59,2026-02-07 07:56:53,10.2,64.9,30.6,806.0,20.0,644.8,5.0,0
FUL_000889,BK_000889,DRV_0275,VEH_0275,2026-02-16 18:51:30,2026-02-16 19:03:54,2026-02-16 19:05:52,2026-02-16 19:18:22,12.4,12.5,6.5,344.96,20.0,275.97,5.0,50
FUL_000892,BK_000892,DRV_0085,VEH_0085,2026-02-06 06:36:16,2026-02-06 06:43:58,2026-02-06 06:47:15,2026-02-06 07:12:45,7.7,25.5,10.0,347.2,20.0,277.76,5.0,0
FUL_000894,BK_000894,DRV_0317,VEH_0317,2026-03-18 03:30:49,2026-03-18 03:41:31,2026-03-18 03:44:04,2026-03-18 04:16:16,10.7,32.2,19.1,677.04,20.0,541.63,5.0,10
FUL_000895,BK_000895,DRV_0153,VEH_0153,2026-02-12 05:29:26,2026-02-12 05:41:44,2026-02-12 05:44:27,2026-02-12 06:19:27,12.3,35.0,25.3,308.2,20.0,246.56,5.0,0
FUL_000896,BK_000896,DRV_0001,VEH_0001,2026-02-27 02:21:54,2026-02-27 02:32:36,2026-02-27 02:34:52,2026-02-27 02:59:58,10.7,25.1,14.9,455.0,20.0,364.0,5.0,30
FUL_000897,BK_000897,DRV_0117,VEH_0117,2026-02-18 12:58:58,2026-02-18 13:05:16,2026-02-18 13:08:32,2026-02-18 13:55:32,6.3,47.0,26.1,865.48,20.0,692.38,5.0,0
FUL_000898,BK_000898,DRV_0121,VEH_0121,2026-02-19 22:37:24,2026-02-19 22:40:36,2026-02-19 22:44:34,2026-02-19 23:11:10,3.2,26.6,15.3,478.8,20.0,383.04,5.0,0
FUL_000899,BK_000899,DRV_0253,VEH_0253,2026-02-01 18:47:30,2026-02-01 19:00:12,2026-02-01 19:03:52,2026-02-01 19:17:58,12.7,14.1,6.0,442.26,20.0,353.81,5.0,0
FUL_000900,BK_000900,DRV_0170,VEH_0170,2026-02-03 06:14:15,2026-02-03 06:27:21,2026-02-03 06:29:49,2026-02-03 06:53:37,13.1,23.8,17.5,372.68,20.0,298.14,4.0,0
FUL_000901,BK_000901,DRV_0214,VEH_0214,2026-02-01 06:07:26,2026-02-01 06:17:50,2026-02-01 06:18:54,2026-02-01 07:26:00,10.4,67.1,27.7,381.26,20.0,305.01,5.0,10
FUL_000902,BK_000902,DRV_0117,VEH_0117,2026-03-06 14:01:52,2026-03-06 14:09:22,2026-03-06 14:12:21,2026-03-06 15:06:39,7.5,54.3,23.4,742.0,20.0,593.6,5.0,0
FUL_000903,BK_000903,DRV_0096,VEH_0096,2026-03-04 13:24:02,2026-03-04 13:26:26,2026-03-04 13:27:57,2026-03-04 13:50:51,2.4,22.9,15.0,202.6,20.0,162.08,5.0,0
FUL_000904,BK_000904,DRV_0102,VEH_0102,2026-02-21 00:44:26,2026-02-21 00:57:02,2026-02-21 00:59:37,2026-02-21 01:13:43,12.6,14.1,9.7,333.2,20.0,266.56,2.0,20
FUL_000906,BK_000906,DRV_0012,VEH_0012,2026-03-15 09:41:23,2026-03-15 09:48:59,2026-03-15 09:50:15,2026-03-15 10:03:51,7.6,13.6,8.0,278.88,20.0,223.1,5.0,0
FUL_000907,BK_000907,DRV_0081,VEH_0081,2026-02-19 05:00:44,2026-02-19 05:12:20,2026-02-19 05:14:03,2026-02-19 05:24:15,11.6,10.2,4.1,215.04,20.0,172.03,5.0,0
FUL_000908,BK_000908,DRV_0059,VEH_0059,2026-02-25 03:31:32,2026-02-25 03:43:26,2026-02-25 03:44:33,2026-02-25 04:02:03,11.9,17.5,9.9,163.92,20.0,131.14,5.0,0
FUL_000909,BK_000909,DRV_0047,VEH_0047,2026-03-01 16:29:25,2026-03-01 16:40:19,2026-03-01 16:42:16,2026-03-01 17:14:16,10.9,32.0,13.4,457.6,20.0,366.08,4.0,0
FUL_000910,BK_000910,DRV_0053,VEH_0053,2026-03-12 12:31:29,2026-03-12 12:34:29,2026-03-12 12:37:32,2026-03-12 12:58:14,3.0,20.7,11.5,155.8,20.0,124.64,5.0,20
FUL_000911,BK_000911,DRV_0193,VEH_0193,2026-03-18 05:36:19,2026-03-18 05:46:01,2026-03-18 05:49:16,2026-03-18 06:16:34,9.7,27.3,12.0,173.8,20.0,139.04,4.0,50
FUL_000912,BK_000912,DRV_0311,VEH_0311,2026-02-09 05:57:03,2026-02-09 06:04:39,2026-02-09 06:07:10,2026-02-09 06:42:58,7.6,35.8,18.1,376.6,20.0,301.28,5.0,10
FUL_000913,BK_000913,DRV_0168,VEH_0168,2026-02-05 06:53:27,2026-02-05 06:56:57,2026-02-05 06:59:11,2026-02-05 07:24:59,3.5,25.8,16.6,488.8,20.0,391.04,1.0,20
FUL_000914,BK_000914,DRV_0235,VEH_0235,2026-03-08 23:34:20,2026-03-08 23:43:50,2026-03-08 23:44:59,2026-03-09 00:34:17,9.5,49.3,21.7,512.4,20.0,409.92,4.0,50
FUL_000915,BK_000915,DRV_0041,VEH_0041,2026-02-06 23:22:30,2026-02-06 23:34:54,2026-02-06 23:36:39,2026-02-06 23:54:09,12.4,17.5,10.1,312.0,20.0,249.6,3.0,0
FUL_000917,BK_000917,DRV_0085,VEH_0085,2026-03-03 21:05:52,2026-03-03 21:16:34,2026-03-03 21:19:07,2026-03-03 21:54:31,10.7,35.4,21.4,776.16,20.0,620.93,5.0,10
FUL_000918,BK_000918,DRV_0266,VEH_0266,2026-02-18 00:14:47,2026-02-18 00:17:47,2026-02-18 00:21:24,2026-02-18 00:34:00,3.0,12.6,8.1,146.64,20.0,117.31,1.0,30
FUL_000919,BK_000919,DRV_0139,VEH_0139,2026-02-09 17:49:24,2026-02-09 17:59:36,2026-02-09 18:01:28,2026-02-09 18:32:22,10.2,30.9,22.7,1194.48,20.0,955.58,5.0,0
FUL_000921,BK_000921,DRV_0108,VEH_0108,2026-02-26 13:23:32,2026-02-26 13:31:08,2026-02-26 13:34:37,2026-02-26 14:36:49,7.6,62.2,25.1,893.76,20.0,715.01,5.0,0
FUL_000923,BK_000923,DRV_0085,VEH_0085,2026-02-19 05:09:13,2026-02-19 05:17:31,2026-02-19 05:20:40,2026-02-19 05:58:04,8.3,37.4,24.1,728.0,20.0,582.4,5.0,0
FUL_000925,BK_000925,DRV_0053,VEH_0053,2026-03-06 04:07:19,2026-03-06 04:15:19,2026-03-06 04:19:12,2026-03-06 04:57:06,8.0,37.9,25.6,341.8,20.0,273.44,2.0,30
FUL_000929,BK_000929,DRV_0212,VEH_0212,2026-02-19 01:54:54,2026-02-19 02:04:06,2026-02-19 02:07:31,2026-02-19 02:16:37,9.2,9.1,6.2,148.0,20.0,118.4,5.0,0
FUL_000930,BK_000930,DRV_0210,VEH_0210,2026-02-25 08:47:07,2026-02-25 08:51:25,2026-02-25 08:54:51,2026-02-25 09:52:51,4.3,58.0,24.0,1350.72,20.0,1080.58,5.0,0
FUL_000933,BK_000933,DRV_0061,VEH_0061,2026-02-21 01:32:17,2026-02-21 01:45:35,2026-02-21 01:49:24,2026-02-21 01:57:48,13.3,8.4,5.3,91.0,20.0,72.8,4.0,20
FUL_000935,BK_000935,DRV_0221,VEH_0221,2026-03-14 02:19:25,2026-03-14 02:23:37,2026-03-14 02:26:19,2026-03-14 02:33:43,4.2,7.4,4.1,71.8,20.0,57.44,5.0,0
FUL_000937,BK_000937,DRV_0081,VEH_0081,2026-02-12 01:20:02,2026-02-12 01:29:26,2026-02-12 01:30:48,2026-02-12 02:03:30,9.4,32.7,13.2,480.48,20.0,384.38,5.0,0
FUL_000938,BK_000938,DRV_0043,VEH_0043,2026-02-26 22:32:38,2026-02-26 22:45:50,2026-02-26 22:48:58,2026-02-26 23:34:10,13.2,45.2,23.2,366.96,20.0,293.57,4.0,30
FUL_000939,BK_000939,DRV_0181,VEH_0181,2026-03-12 19:49:13,2026-03-12 19:52:19,2026-03-12 19:54:52,2026-03-12 20:52:58,3.1,58.1,25.4,1137.12,20.0,909.7,5.0,0
FUL_000942,BK_000942,DRV_0013,VEH_0013,2026-02-19 19:27:05,2026-02-19 19:36:47,2026-02-19 19:39:09,2026-02-19 20:34:51,9.7,55.7,30.1,1149.96,20.0,919.97,5.0,0
FUL_000945,BK_000945,DRV_0085,VEH_0085,2026-03-13 15:09:10,2026-03-13 15:15:16,2026-03-13 15:17:54,2026-03-13 15:57:54,6.1,40.0,25.4,798.0,20.0,638.4,5.0,20
FUL_000946,BK_000946,DRV_0238,VEH_0238,2026-02-05 12:07:24,2026-02-05 12:20:30,2026-02-05 12:22:08,2026-02-05 12:53:32,13.1,31.4,18.4,620.88,20.0,496.7,5.0,0
FUL_000948,BK_000948,DRV_0167,VEH_0167,2026-03-11 22:10:18,2026-03-11 22:22:18,2026-03-11 22:23:47,2026-03-11 22:54:11,12.0,30.4,18.1,454.08,20.0,363.26,5.0,30
FUL_000949,BK_000949,DRV_0313,VEH_0313,2026-02-06 13:33:39,2026-02-06 13:45:27,2026-02-06 13:47:27,2026-02-06 13:58:45,11.8,11.3,8.3,294.58,20.0,235.66,5.0,0
FUL_000950,BK_000950,DRV_0048,VEH_0048,2026-02-14 14:05:13,2026-02-14 14:12:07,2026-02-14 14:13:38,2026-02-14 14:56:38,6.9,43.0,24.4,851.76,20.0,681.41,5.0,50
FUL_000951,BK_000951,DRV_0165,VEH_0165,2026-02-11 06:52:11,2026-02-11 07:01:23,2026-02-11 07:03:33,2026-02-11 07:11:03,9.2,7.5,3.1,140.4,20.0,112.32,4.0,30
FUL_000952,BK_000952,DRV_0059,VEH_0059,2026-02-16 22:21:15,2026-02-16 22:34:21,2026-02-16 22:38:07,2026-02-16 23:09:43,13.1,31.6,22.5,287.8,20.0,230.24,3.0,0
FUL_000953,BK_000953,DRV_0160,VEH_0160,2026-03-15 20:59:40,2026-03-15 21:07:04,2026-03-15 21:08:20,2026-03-15 21:18:32,7.4,10.2,4.5,393.96,20.0,315.17,5.0,0
FUL_000955,BK_000955,DRV_0069,VEH_0069,2026-02-01 06:31:20,2026-02-01 06:45:08,2026-02-01 06:47:05,2026-02-01 07:02:47,13.8,15.7,8.4,206.36,20.0,165.09,2.0,30
FUL_000956,BK_000956,DRV_0181,VEH_0181,2026-03-13 19:38:36,2026-03-13 19:51:00,2026-03-13 19:52:58,2026-03-13 20:18:22,12.4,25.4,10.6,549.6,20.0,439.68,5.0,0
FUL_000957,BK_000957,DRV_0152,VEH_0152,2026-02-21 19:26:23,2026-02-21 19:29:41,2026-02-21 19:31:06,2026-02-21 20:17:24,3.3,46.3,25.4,663.32,20.0,530.66,5.0,0
FUL_000958,BK_000958,DRV_0305,VEH_0305,2026-03-02 08:01:38,2026-03-02 08:04:50,2026-03-02 08:06:24,2026-03-02 08:54:12,3.2,47.8,27.8,950.88,20.0,760.7,5.0,20
FUL_000959,BK_000959,DRV_0140,VEH_0140,2026-03-07 17:48:29,2026-03-07 18:00:41,2026-03-07 18:02:12,2026-03-07 18:44:36,12.2,42.4,25.2,1296.36,20.0,1037.09,5.0,0
FUL_000961,BK_000961,DRV_0143,VEH_0143,2026-03-12 10:20:33,2026-03-12 10:32:51,2026-03-12 10:33:53,2026-03-12 11:15:35,12.3,41.7,26.0,1329.12,20.0,1063.3,5.0,0
FUL_000962,BK_000962,DRV_0227,VEH_0227,2026-02-05 04:09:12,2026-02-05 04:22:24,2026-02-05 04:25:27,2026-02-05 04:31:15,13.2,5.8,2.8,65.78,20.0,52.62,5.0,0
FUL_000964,BK_000964,DRV_0009,VEH_0009,2026-03-08 21:37:19,2026-03-08 21:49:31,2026-03-08 21:52:54,2026-03-08 22:32:48,12.2,39.9,28.5,1115.94,20.0,892.75,5.0,30
FUL_000965,BK_000965,DRV_0078,VEH_0078,2026-03-17 08:29:20,2026-03-17 08:37:56,2026-03-17 08:39:07,2026-03-17 09:05:13,8.6,26.1,10.3,532.48,20.0,425.98,5.0,50
FUL_000966,BK_000966,DRV_0143,VEH_0143,2026-02-17 11:53:04,2026-02-17 12:00:46,2026-02-17 12:03:23,2026-02-17 12:40:47,7.7,37.4,25.3,1030.12,20.0,824.1,3.0,50
FUL_000967,BK_000967,DRV_0306,VEH_0306,2026-02-23 18:34:28,2026-02-23 18:47:28,2026-02-23 18:49:59,2026-02-23 19:10:35,13.0,20.6,12.2,556.5,20.0,445.2,4.0,20
FUL_000968,BK_000968,DRV_0195,VEH_0195,2026-03-09 05:28:38,2026-03-09 05:38:50,2026-03-09 05:42:12,2026-03-09 06:23:30,10.2,41.3,21.1,762.72,20.0,610.18,4.0,20
FUL_000969,BK_000969,DRV_0024,VEH_0024,2026-03-04 10:52:50,2026-03-04 11:05:38,2026-03-04 11:07:09,2026-03-04 11:12:33,12.8,5.4,3.5,178.92,20.0,143.14,5.0,0
FUL_000970,BK_000970,DRV_0218,VEH_0218,2026-02-10 04:12:38,2026-02-10 04:22:20,2026-02-10 04:25:14,2026-02-10 05:23:38,9.7,58.4,24.6,689.0,20.0,551.2,5.0,10
FUL_000972,BK_000972,DRV_0243,VEH_0243,2026-02-09 08:19:06,2026-02-09 08:32:30,2026-02-09 08:34:09,2026-02-09 08:45:39,13.4,11.5,6.9,172.48,20.0,137.98,5.0,20
FUL_000973,BK_000973,DRV_0016,VEH_0016,2026-02-18 01:17:48,2026-02-18 01:31:18,2026-02-18 01:35:08,2026-02-18 02:24:20,13.5,49.2,26.2,529.6,20.0,423.68,5.0,50
FUL_000974,BK_000974,DRV_0187,VEH_0187,2026-02-01 14:19:20,2026-02-01 14:31:14,2026-02-01 14:32:27,2026-02-01 15:01:39,11.9,29.2,20.1,596.4,20.0,477.12,5.0,0
FUL_000975,BK_000975,DRV_0055,VEH_0055,2026-02-13 11:57:54,2026-02-13 12:01:00,2026-02-13 12:02:52,2026-02-13 13:03:16,3.1,60.4,25.7,379.92,20.0,303.94,5.0,0
FUL_000976,BK_000976,DRV_0061,VEH_0061,2026-02-22 21:45:55,2026-02-22 21:48:25,2026-02-22 21:52:17,2026-02-22 22:11:23,2.5,19.1,9.2,310.56,20.0,248.45,5.0,0
FUL_000978,BK_000978,DRV_0079,VEH_0079,2026-02-28 18:54:01,2026-02-28 18:57:37,2026-02-28 19:01:09,2026-02-28 19:42:03,3.6,40.9,23.6,1541.28,20.0,1233.02,5.0,0
FUL_000979,BK_000979,DRV_0199,VEH_0199,2026-02-20 04:29:08,2026-02-20 04:40:38,2026-02-20 04:42:58,2026-02-20 05:31:34,11.5,48.6,24.9,325.0,20.0,260.0,5.0,50
FUL_000980,BK_000980,DRV_0208,VEH_0208,2026-02-25 21:18:01,2026-02-25 21:29:37,2026-02-25 21:31:34,2026-02-25 22:07:16,11.6,35.7,22.3,1619.52,20.0,1295.62,5.0,0
FUL_000982,BK_000982,DRV_0140,VEH_0140,2026-03-02 08:08:29,2026-03-02 08:20:05,2026-03-02 08:23:41,2026-03-02 08:34:59,11.6,11.3,4.2,251.16,20.0,200.93,5.0,0
FUL_000984,BK_000984,DRV_0262,VEH_0262,2026-02-23 23:41:11,2026-02-23 23:51:47,2026-02-23 23:53:39,2026-02-24 00:21:51,10.6,28.2,14.9,467.6,20.0,374.08,5.0,0
FUL_000986,BK_000986,DRV_0086,VEH_0086,2026-02-06 23:56:54,2026-02-07 00:06:24,2026-02-07 00:07:34,2026-02-07 00:48:52,9.5,41.3,27.0,495.4,20.0,396.32,5.0,30
FUL_000987,BK_000987,DRV_0101,VEH_0101,2026-02-16 22:50:26,2026-02-16 23:00:26,2026-02-16 23:01:57,2026-02-16 23:54:27,10.0,52.5,22.4,647.4,20.0,517.92,5.0,10
FUL_000988,BK_000988,DRV_0237,VEH_0237,2026-02-23 06:28:19,2026-02-23 06:34:13,2026-02-23 06:37:04,2026-02-23 06:49:10,5.9,12.1,6.8,252.0,20.0,201.6,5.0,50
FUL_000990,BK_000990,DRV_0132,VEH_0132,2026-02-10 06:37:38,2026-02-10 06:51:08,2026-02-10 06:54:54,2026-02-10 07:50:54,13.5,56.0,26.1,896.28,20.0,717.02,5.0,0
FUL_000991,BK_000991,DRV_0049,VEH_0049,2026-03-09 15:10:25,2026-03-09 15:14:07,2026-03-09 15:17:48,2026-03-09 15:58:00,3.7,40.2,19.2,604.8,20.0,483.84,2.0,0
FUL_000993,BK_000993,DRV_0204,VEH_0204,2026-03-16 02:49:18,2026-03-16 02:58:36,2026-03-16 03:01:46,2026-03-16 03:23:34,9.3,21.8,1250.0,306.8,20.0,245.44,4.0,50
FUL_000994,BK_000994,DRV_0038,VEH_0038,2026-02-04 10:20:14,2026-02-04 10:31:20,2026-02-04 10:35:03,2026-02-04 10:53:21,11.1,18.3,10.9,495.04,20.0,396.03,5.0,20
FUL_000995,BK_000995,DRV_0017,VEH_0017,2026-02-07 04:43:27,2026-02-07 04:47:03,2026-02-07 04:49:08,2026-02-07 05:27:50,3.6,38.7,24.7,730.8,20.0,584.64,5.0,0
FUL_000996,BK_000996,DRV_0290,VEH_0290,2026-02-28 20:33:27,2026-02-28 20:40:45,2026-02-28 20:43:48,2026-02-28 21:10:36,7.3,26.8,16.7,1154.4,20.0,923.52,4.0,20
FUL_000998,BK_000998,DRV_0197,VEH_0197,2026-03-10 07:50:35,2026-03-10 08:03:59,2026-03-10 08:07:35,2026-03-10 08:17:05,13.4,9.5,5.7,243.36,20.0,194.69,5.0,0
FUL_000999,BK_000999,DRV_0118,VEH_0118,2026-02-05 11:01:20,2026-02-05 11:05:38,2026-02-05 11:08:28,2026-02-05 11:42:58,4.3,34.5,14.3,779.52,20.0,623.62,5.0,50
FUL_001000,BK_001000,DRV_0087,VEH_0087,2026-02-28 22:51:34,2026-02-28 22:54:58,2026-02-28 22:56:26,2026-02-28 23:15:56,3.4,19.5,13.7,178.6,20.0,142.88,2.0,30
FUL_001001,BK_001001,DRV_0057,VEH_0057,2026-02-28 19:44:28,2026-02-28 19:48:04,2026-02-28 19:49:36,2026-02-28 20:03:06,3.6,13.5,5.8,499.2,20.0,399.36,5.0,20
FUL_001002,BK_001002,DRV_0129,VEH_0129,2026-02-10 06:13:10,2026-02-10 06:19:46,2026-02-10 06:21:23,2026-02-10 06:30:47,6.6,9.4,3.4,80.4,20.0,64.32,5.0,10
FUL_001004,BK_001004,DRV_0200,VEH_0200,2026-03-12 09:10:51,2026-03-12 09:17:21,2026-03-12 09:18:24,2026-03-12 10:02:06,6.5,43.7,27.5,1024.8,20.0,819.84,4.0,20
FUL_001008,BK_001008,DRV_0224,VEH_0224,2026-02-20 11:27:26,2026-02-20 11:35:20,2026-02-20 11:36:30,2026-02-20 12:09:12,7.9,32.7,17.9,655.2,20.0,524.16,5.0,0
FUL_001009,BK_001009,DRV_0076,VEH_0076,2026-02-11 15:15:28,2026-02-11 15:21:34,2026-02-11 15:23:20,2026-02-11 16:01:20,6.1,38.0,26.4,488.2,20.0,390.56,5.0,0
FUL_001011,BK_001011,DRV_0043,VEH_0043,2026-02-20 12:14:59,2026-02-20 12:21:29,2026-02-20 12:23:45,2026-02-20 12:52:15,6.5,28.5,12.0,170.2,20.0,136.16,5.0,0
FUL_001013,BK_001013,DRV_0063,VEH_0063,2026-02-26 10:56:26,2026-02-26 11:04:20,2026-02-26 11:06:36,2026-02-26 11:43:54,7.9,37.3,13.7,654.64,20.0,523.71,5.0,20
FUL_001014,BK_001014,DRV_0041,VEH_0041,2026-03-17 14:05:20,2026-03-17 14:12:14,2026-03-17 14:13:32,2026-03-17 14:51:14,6.9,37.7,15.2,442.0,20.0,353.6,5.0,0
FUL_001017,BK_001017,DRV_0121,VEH_0121,2026-02-23 19:57:40,2026-02-23 20:11:40,2026-02-23 20:15:04,2026-02-23 20:24:04,14.0,9.0,5.8,272.16,20.0,217.73,5.0,50
FUL_001018,BK_001018,DRV_0051,VEH_0051,2026-03-10 17:08:45,2026-03-10 17:20:45,2026-03-10 17:23:50,2026-03-10 17:46:08,12.0,22.3,11.3,350.84,20.0,280.67,2.0,30
FUL_001020,BK_001020,DRV_0024,VEH_0024,2026-02-06 21:48:29,2026-02-06 21:53:17,2026-02-06 21:56:35,2026-02-06 22:01:59,4.8,5.4,3.2,150.4,20.0,120.32,5.0,10
FUL_001021,BK_001021,DRV_0027,VEH_0027,2026-02-15 15:53:19,2026-02-15 16:05:01,2026-02-15 16:06:54,2026-02-15 16:21:00,11.7,14.1,9.6,134.2,20.0,107.36,3.0,30
FUL_001022,BK_001022,DRV_0118,VEH_0118,2026-03-02 17:49:30,2026-03-02 18:01:18,2026-03-02 18:03:26,2026-03-02 18:29:44,11.8,26.3,14.4,571.2,20.0,456.96,5.0,30
FUL_001023,BK_001023,DRV_0302,VEH_0302,2026-02-14 07:06:44,2026-02-14 07:18:44,2026-02-14 07:22:01,2026-02-14 07:51:19,12.0,29.3,14.8,455.0,20.0,364.0,5.0,10
FUL_001025,BK_001025,DRV_0104,VEH_0104,2026-02-24 17:08:35,2026-02-24 17:18:29,2026-02-24 17:21:27,2026-02-24 17:30:27,9.9,9.0,5.4,388.08,20.0,310.46,5.0,0
FUL_001027,BK_001027,DRV_0177,VEH_0177,2026-03-01 17:42:24,2026-03-01 17:56:00,2026-03-01 17:59:47,2026-03-01 18:39:47,13.6,40.0,26.5,1089.48,20.0,871.58,5.0,0
FUL_001028,BK_001028,DRV_0272,VEH_0272,2026-03-06 19:29:16,2026-03-06 19:37:46,2026-03-06 19:38:57,2026-03-06 20:53:03,8.5,74.1,28.5,756.56,20.0,605.25,5.0,20
FUL_001029,BK_001029,DRV_0054,VEH_0054,2026-02-18 13:20:25,2026-02-18 13:33:37,2026-02-18 13:36:08,2026-02-18 13:55:26,13.2,19.3,10.9,178.32,20.0,142.66,5.0,0
FUL_001031,BK_001031,DRV_0219,VEH_0219,2026-02-03 05:06:26,2026-02-03 05:17:56,2026-02-03 05:20:12,2026-02-03 05:37:42,11.5,17.5,8.2,152.4,20.0,121.92,4.0,0
FUL_001033,BK_001033,DRV_0261,VEH_0261,2026-03-02 09:03:03,2026-03-02 09:09:39,2026-03-02 09:11:23,2026-03-02 09:57:05,6.6,45.7,21.5,782.88,20.0,626.3,5.0,50
FUL_001034,BK_001034,DRV_0208,VEH_0208,2026-02-01 18:42:00,2026-02-01 18:51:00,2026-02-01 18:52:43,2026-02-01 19:01:43,9.0,9.0,5.2,301.84,20.0,241.47,5.0,0
FUL_001035,BK_001035,DRV_0311,VEH_0311,2026-02-25 13:57:10,2026-02-25 14:00:46,2026-02-25 14:02:32,2026-02-25 14:18:32,3.6,16.0,9.1,210.32,20.0,168.26,4.0,50
FUL_001036,BK_001036,DRV_0057,VEH_0057,2026-03-01 14:44:29,2026-03-01 14:53:29,2026-03-01 14:56:45,2026-03-01 15:13:39,9.0,16.9,10.3,332.8,20.0,266.24,4.0,0
FUL_001038,BK_001038,DRV_0318,VEH_0318,2026-02-15 20:51:17,2026-02-15 21:04:11,2026-02-15 21:06:15,2026-02-15 21:13:33,12.9,7.3,5.3,409.5,20.0,327.6,5.0,10
FUL_001039,BK_001039,DRV_0115,VEH_0115,2026-03-02 20:18:27,2026-03-02 20:25:27,2026-03-02 20:28:59,2026-03-02 21:08:23,7.0,39.4,21.6,492.96,20.0,394.37,4.0,0
FUL_001040,BK_001040,DRV_0002,VEH_0002,2026-02-26 03:09:25,2026-02-26 03:13:07,2026-02-26 03:14:55,2026-02-26 04:03:31,3.7,48.6,25.2,924.0,20.0,739.2,4.0,0
FUL_001041,BK_001041,DRV_0161,VEH_0161,2026-03-01 18:25:23,2026-03-01 18:34:47,2026-03-01 18:38:31,2026-03-01 19:06:25,9.4,27.9,17.2,898.56,20.0,718.85,5.0,50
FUL_001042,BK_001042,DRV_0200,VEH_0200,2026-03-04 14:13:55,2026-03-04 14:25:31,2026-03-04 14:26:39,2026-03-04 14:54:21,11.6,27.7,11.0,386.4,20.0,309.12,5.0,0
FUL_001043,BK_001043,DRV_0028,VEH_0028,2026-03-04 23:17:25,2026-03-04 23:24:31,2026-03-04 23:27:42,2026-03-04 23:53:54,7.1,26.2,12.0,180.62,20.0,144.5,4.0,30
FUL_001044,BK_001044,DRV_0063,VEH_0063,2026-03-17 15:55:02,2026-03-17 16:04:14,2026-03-17 16:06:22,2026-03-17 16:49:28,9.2,43.1,15.3,515.2,20.0,412.16,5.0,10
FUL_001047,BK_001047,DRV_0304,VEH_0304,2026-02-20 12:40:18,2026-02-20 12:49:12,2026-02-20 12:52:32,2026-02-20 13:39:50,8.9,47.3,22.2,691.6,20.0,553.28,5.0,0
FUL_001049,BK_001049,DRV_0205,VEH_0205,2026-02-06 04:24:21,2026-02-06 04:26:27,2026-02-06 04:30:14,2026-02-06 05:06:02,2.1,35.8,19.3,592.02,20.0,473.62,5.0,0
FUL_001050,BK_001050,DRV_0295,VEH_0295,2026-03-04 19:58:55,2026-03-04 20:08:19,2026-03-04 20:10:29,2026-03-04 20:36:53,9.4,26.4,10.4,880.32,20.0,704.26,5.0,0
FUL_001052,BK_001052,DRV_0077,VEH_0077,2026-02-23 03:36:28,2026-02-23 03:45:34,2026-02-23 03:49:23,2026-02-23 04:04:11,9.1,14.8,8.0,194.48,20.0,155.58,5.0,10
FUL_001053,BK_001053,DRV_0049,VEH_0049,2026-03-02 07:30:36,2026-03-02 07:33:12,2026-03-02 07:35:47,2026-03-02 07:49:59,2.6,14.2,6.6,271.04,20.0,216.83,5.0,0
FUL_001054,BK_001054,DRV_0216,VEH_0216,2026-02-22 05:46:02,2026-02-22 05:59:50,2026-02-22 06:03:40,2026-02-22 07:09:04,13.8,65.4,27.1,945.36,20.0,756.29,5.0,0
FUL_001055,BK_001055,DRV_0265,VEH_0265,2026-02-03 09:29:51,2026-02-03 09:39:39,2026-02-03 09:41:39,2026-02-03 10:03:33,9.8,21.9,9.0,161.04,20.0,128.83,4.0,0
FUL_001056,BK_001056,DRV_0305,VEH_0305,2026-02-14 05:48:25,2026-02-14 05:55:49,2026-02-14 05:59:31,2026-02-14 06:40:01,7.4,40.5,19.9,762.72,20.0,610.18,5.0,0
FUL_001057,BK_001057,DRV_0048,VEH_0048,2026-03-04 10:17:16,2026-03-04 10:27:10,2026-03-04 10:28:20,2026-03-04 11:08:08,9.9,39.8,26.6,1030.12,20.0,824.1,5.0,0
FUL_001058,BK_001058,DRV_0139,VEH_0139,2026-02-02 18:15:33,2026-02-02 18:20:45,2026-02-02 18:24:25,2026-02-02 18:47:19,5.2,22.9,10.8,675.36,20.0,540.29,5.0,0
FUL_001059,BK_001059,DRV_0272,VEH_0272,2026-03-05 19:08:23,2026-03-05 19:20:29,2026-03-05 19:22:31,2026-03-05 19:57:25,12.1,34.9,14.7,551.52,20.0,441.22,3.0,20
FUL_001060,BK_001060,DRV_0224,VEH_0224,2026-03-10 13:03:42,2026-03-10 13:11:06,2026-03-10 13:14:27,2026-03-10 14:05:09,7.4,50.7,21.2,714.48,20.0,571.58,5.0,20
FUL_001061,BK_001061,DRV_0313,VEH_0313,2026-02-25 16:09:23,2026-02-25 16:20:11,2026-02-25 16:23:35,2026-02-25 16:51:59,10.8,28.4,16.0,523.38,20.0,418.7,5.0,0
FUL_001062,BK_001062,DRV_0300,VEH_0300,2026-03-18 02:12:16,2026-03-18 02:15:34,2026-03-18 02:19:05,2026-03-18 02:48:35,3.3,29.5,17.3,355.0,20.0,284.0,5.0,0
FUL_001065,BK_001065,DRV_0126,VEH_0126,2026-02-19 02:04:20,2026-02-19 02:17:26,2026-02-19 02:20:34,2026-02-19 03:11:28,13.1,50.9,27.7,362.2,20.0,289.76,5.0,0
FUL_001066,BK_001066,DRV_0009,VEH_0009,2026-02-09 05:57:14,2026-02-09 06:04:26,2026-02-09 06:05:46,2026-02-09 06:11:52,7.2,6.1,4.2,113.8,20.0,91.04,5.0,50
FUL_001068,BK_001068,DRV_0147,VEH_0147,2026-03-15 12:14:20,2026-03-15 12:25:26,2026-03-15 12:28:47,2026-03-15 13:10:35,11.1,41.8,20.2,255.4,20.0,204.32,4.0,0
FUL_001069,BK_001069,DRV_0022,VEH_0022,2026-03-11 02:49:17,2026-03-11 02:56:47,2026-03-11 03:00:02,2026-03-11 03:03:56,7.5,3.9,2.5,132.6,20.0,106.08,4.0,10
FUL_001070,BK_001070,DRV_0202,VEH_0202,2026-03-11 05:03:10,2026-03-11 05:10:22,2026-03-11 05:14:03,2026-03-11 05:20:03,7.2,6.0,3.0,143.0,20.0,114.4,5.0,30
FUL_001071,BK_001071,DRV_0173,VEH_0173,2026-03-05 07:02:56,2026-03-05 07:06:08,2026-03-05 07:08:58,2026-03-05 07:12:40,3.2,3.7,2.6,85.0,20.0,68.0,4.0,50
FUL_001072,BK_001072,DRV_0120,VEH_0120,2026-02-20 19:34:23,2026-02-20 19:45:05,2026-02-20 19:47:46,2026-02-20 20:07:52,10.7,20.1,10.2,399.24,20.0,319.39,5.0,0
FUL_001074,BK_001074,DRV_0265,VEH_0265,2026-02-02 15:27:24,2026-02-02 15:36:12,2026-02-02 15:39:53,2026-02-02 15:59:05,8.8,19.2,7.4,111.4,20.0,89.12,5.0,0
FUL_001075,BK_001075,DRV_0112,VEH_0112,2026-02-27 12:34:25,2026-02-27 12:43:01,2026-02-27 12:44:02,2026-02-27 13:02:14,8.6,18.2,13.2,315.84,20.0,252.67,5.0,0
FUL_001076,BK_001076,DRV_0072,VEH_0072,2026-02-24 11:35:26,2026-02-24 11:45:32,2026-02-24 11:46:56,2026-02-24 12:18:02,10.1,31.1,15.0,761.6,20.0,609.28,4.0,0
FUL_001077,BK_001077,DRV_0250,VEH_0250,2026-02-05 10:22:37,2026-02-05 10:26:37,2026-02-05 10:29:25,2026-02-05 11:20:37,4.0,51.2,27.5,1728.72,20.0,1382.98,5.0,0
FUL_001078,BK_001078,DRV_0065,VEH_0065,2026-03-14 22:47:52,2026-03-14 22:54:22,2026-03-14 22:57:52,2026-03-15 00:00:28,6.5,62.6,24.2,311.8,20.0,249.44,5.0,0
FUL_001079,BK_001079,DRV_0010,VEH_0010,2026-02-23 20:48:06,2026-02-23 20:52:42,2026-02-23 20:55:48,2026-02-23 21:51:48,4.6,56.0,26.7,629.04,20.0,503.23,5.0,0
FUL_001080,BK_001080,DRV_0100,VEH_0100,2026-02-09 08:00:50,2026-02-09 08:02:56,2026-02-09 08:04:12,2026-02-09 08:53:06,2.1,48.9,28.3,1699.32,20.0,1359.46,4.0,0
FUL_001082,BK_001082,DRV_0040,VEH_0040,2026-03-09 00:51:15,2026-03-09 01:00:33,2026-03-09 01:04:04,2026-03-09 01:11:28,9.3,7.4,4.8,128.2,20.0,102.56,4.0,0
FUL_001084,BK_001084,DRV_0288,VEH_0288,2026-02-03 05:53:55,2026-02-03 06:04:07,2026-02-03 06:05:07,2026-02-03 06:13:13,10.2,8.1,4.6,117.4,20.0,93.92,4.0,0
FUL_001085,BK_001085,DRV_0138,VEH_0138,2026-03-05 01:38:27,2026-03-05 01:46:45,2026-03-05 01:48:59,2026-03-05 02:31:47,8.3,42.8,23.3,464.8,20.0,371.84,4.0,20
FUL_001086,BK_001086,DRV_0255,VEH_0255,2026-03-08 02:40:20,2026-03-08 02:53:26,2026-03-08 02:57:21,2026-03-08 03:53:09,13.1,55.8,24.1,315.4,20.0,252.32,5.0,0
FUL_001087,BK_001087,DRV_0092,VEH_0092,2026-02-16 08:57:06,2026-02-16 09:01:48,2026-02-16 09:03:20,2026-02-16 09:25:32,4.7,22.2,11.5,473.76,20.0,379.01,2.0,20
FUL_001088,BK_001088,DRV_0261,VEH_0261,2026-03-12 21:45:49,2026-03-12 21:59:31,2026-03-12 22:01:49,2026-03-12 22:28:19,13.7,26.5,16.5,736.96,20.0,589.57,5.0,0
FUL_001089,BK_001089,DRV_0186,VEH_0186,2026-02-10 03:14:44,2026-02-10 03:21:20,2026-02-10 03:25:16,2026-02-10 04:06:40,6.6,41.4,29.8,1014.72,20.0,811.78,5.0,0
FUL_001090,BK_001090,DRV_0170,VEH_0170,2026-02-21 12:38:12,2026-02-21 12:47:36,2026-02-21 12:49:39,2026-02-21 13:32:15,9.4,42.6,21.0,455.84,20.0,364.67,5.0,0
FUL_001091,BK_001091,DRV_0066,VEH_0066,2026-03-14 07:34:54,2026-03-14 07:45:42,2026-03-14 07:48:41,2026-03-14 07:55:05,10.8,6.4,3.8,68.2,20.0,54.56,5.0,0
FUL_001093,BK_001093,DRV_0015,VEH_0015,2026-02-08 21:42:44,2026-02-08 21:48:32,2026-02-08 21:52:17,2026-02-08 22:20:59,5.8,28.7,14.1,973.44,20.0,778.75,5.0,0
FUL_001094,BK_001094,DRV_0221,VEH_0221,2026-03-14 06:15:35,2026-03-14 06:27:53,2026-03-14 06:31:09,2026-03-14 07:13:09,12.3,42.0,24.3,327.4,20.0,261.92,5.0,20
FUL_001095,BK_001095,DRV_0208,VEH_0208,2026-02-21 06:46:18,2026-02-21 06:49:30,2026-02-21 06:51:49,2026-02-21 06:59:31,3.2,7.7,3.2,194.88,20.0,155.9,5.0,0
FUL_001098,BK_001098,DRV_0129,VEH_0129,2026-03-15 22:12:51,2026-03-15 22:15:39,2026-03-15 22:18:16,2026-03-15 22:41:52,2.8,23.6,14.5,188.2,20.0,150.56,2.0,20
FUL_001099,BK_001099,DRV_0234,VEH_0234,2026-02-17 00:02:20,2026-02-17 00:08:38,2026-02-17 00:09:50,2026-02-17 01:02:20,6.3,52.5,21.8,638.4,20.0,510.72,5.0,0
FUL_001100,BK_001100,DRV_0242,VEH_0242,2026-02-04 14:29:20,2026-02-04 14:40:38,2026-02-04 14:44:19,2026-02-04 15:14:31,11.3,30.2,21.5,503.76,20.0,403.01,5.0,0
FUL_001101,BK_001101,DRV_0234,VEH_0234,2026-02-15 05:04:05,2026-02-15 05:11:59,2026-02-15 05:14:06,2026-02-15 05:52:24,7.9,38.3,24.4,920.64,20.0,736.51,5.0,0
FUL_001102,BK_001102,DRV_0237,VEH_0237,2026-02-23 16:45:05,2026-02-23 16:49:17,2026-02-23 16:50:36,2026-02-23 17:10:00,4.2,19.4,10.4,366.8,20.0,293.44,5.0,0
FUL_001103,BK_001103,DRV_0189,VEH_0189,2026-03-09 04:06:16,2026-03-09 04:17:04,2026-03-09 04:18:09,2026-03-09 04:47:21,10.8,29.2,11.8,239.8,20.0,191.84,5.0,0
FUL_001105,BK_001105,DRV_0004,VEH_0004,2026-02-11 06:15:13,2026-02-11 06:21:13,2026-02-11 06:24:50,2026-02-11 06:42:32,6.0,17.7,10.3,319.8,20.0,255.84,5.0,20
FUL_001106,BK_001106,DRV_0262,VEH_0262,2026-02-28 06:10:44,2026-02-28 06:24:08,2026-02-28 06:25:51,2026-02-28 06:43:51,13.4,18.0,11.3,440.16,20.0,352.13,4.0,0
FUL_001108,BK_001108,DRV_0097,VEH_0097,2026-03-09 17:04:15,2026-03-09 17:08:27,2026-03-09 17:10:44,2026-03-09 17:22:56,4.2,12.2,8.2,488.32,20.0,390.66,4.0,0
FUL_001109,BK_001109,DRV_0003,VEH_0003,2026-02-27 07:43:10,2026-02-27 07:46:28,2026-02-27 07:47:48,2026-02-27 08:27:24,3.3,39.6,20.8,652.08,20.0,521.66,5.0,0
FUL_001110,BK_001110,DRV_0060,VEH_0060,2026-02-08 20:55:21,2026-02-08 21:06:21,2026-02-08 21:09:40,2026-02-08 21:28:04,11.0,18.4,12.6,417.12,20.0,333.7,4.0,0
FUL_001112,BK_001112,DRV_0103,VEH_0103,2026-02-24 15:19:15,2026-02-24 15:21:51,2026-02-24 15:24:30,2026-02-24 16:01:48,2.6,37.3,21.8,423.4,20.0,338.72,5.0,0
FUL_001113,BK_001113,DRV_0171,VEH_0171,2026-02-05 06:51:42,2026-02-05 07:02:30,2026-02-05 07:06:16,2026-02-05 07:29:34,10.8,23.3,16.0,207.4,20.0,165.92,5.0,20
FUL_001114,BK_001114,DRV_0007,VEH_0007,2026-03-06 17:36:21,2026-03-06 17:41:39,2026-03-06 17:44:47,2026-03-06 17:58:41,5.3,13.9,6.2,517.92,20.0,414.34,5.0,50
FUL_001115,BK_001115,DRV_0027,VEH_0027,2026-02-18 05:21:19,2026-02-18 05:24:25,2026-02-18 05:26:25,2026-02-18 06:34:07,3.1,67.7,25.7,335.8,20.0,268.64,5.0,0
FUL_001116,BK_001116,DRV_0221,VEH_0221,2026-02-22 01:05:23,2026-02-22 01:10:05,2026-02-22 01:13:23,2026-02-22 01:34:53,4.7,21.5,13.3,196.46,20.0,157.17,1.0,0
FUL_001117,BK_001117,DRV_0025,VEH_0025,2026-02-18 11:01:22,2026-02-18 11:05:58,2026-02-18 11:09:47,2026-02-18 12:15:59,4.6,66.2,24.6,679.98,20.0,543.98,2.0,10
FUL_001118,BK_001118,DRV_0052,VEH_0052,2026-02-08 02:45:30,2026-02-08 02:52:30,2026-02-08 02:53:32,2026-02-08 03:54:02,7.0,60.5,23.5,365.52,20.0,292.42,4.0,30
FUL_001119,BK_001119,DRV_0245,VEH_0245,2026-02-18 16:32:20,2026-02-18 16:44:02,2026-02-18 16:46:07,2026-02-18 17:55:07,11.7,69.0,27.5,345.4,20.0,276.32,4.0,10
FUL_001120,BK_001120,DRV_0187,VEH_0187,2026-02-19 01:38:43,2026-02-19 01:47:31,2026-02-19 01:49:32,2026-02-19 02:28:26,8.8,38.9,18.8,579.6,20.0,463.68,5.0,0
FUL_001121,BK_001121,DRV_0057,VEH_0057,2026-02-20 23:52:42,2026-02-21 00:04:06,2026-02-21 00:07:05,2026-02-21 00:22:17,11.4,15.2,10.7,330.2,20.0,264.16,3.0,20
FUL_001122,BK_001122,DRV_0025,VEH_0025,2026-03-11 22:35:27,2026-03-11 22:46:21,2026-03-11 22:50:08,2026-03-11 23:29:32,10.9,39.4,16.2,266.16,20.0,212.93,5.0,0
FUL_001124,BK_001124,DRV_0143,VEH_0143,2026-02-17 20:19:40,2026-02-17 20:33:04,2026-02-17 20:34:10,2026-02-17 20:48:04,13.4,13.9,8.0,589.68,20.0,471.74,5.0,20
FUL_001125,BK_001125,DRV_0162,VEH_0162,2026-02-02 12:35:04,2026-02-02 12:48:04,2026-02-02 12:50:45,2026-02-02 13:17:15,13.0,26.5,12.1,379.6,20.0,303.68,5.0,10
FUL_001126,BK_001126,DRV_0270,VEH_0270,2026-03-17 06:16:49,2026-03-17 06:23:31,2026-03-17 06:27:18,2026-03-17 06:48:42,6.7,21.4,12.3,170.2,20.0,136.16,2.0,0
FUL_001127,BK_001127,DRV_0175,VEH_0175,2026-02-09 07:25:16,2026-02-09 07:34:10,2026-02-09 07:37:56,2026-02-09 07:55:44,8.9,17.8,12.9,408.8,20.0,327.04,5.0,0
FUL_001132,BK_001132,DRV_0010,VEH_0010,2026-02-11 12:51:30,2026-02-11 12:59:24,2026-02-11 13:01:59,2026-02-11 13:08:47,7.9,6.8,3.2,99.4,20.0,79.52,3.0,0
FUL_001133,BK_001133,DRV_0172,VEH_0172,2026-03-14 22:40:50,2026-03-14 22:51:44,2026-03-14 22:53:15,2026-03-14 23:09:33,10.9,16.3,11.0,281.28,20.0,225.02,5.0,10
FUL_001135,BK_001135,DRV_0288,VEH_0288,2026-03-14 10:26:06,2026-03-14 10:36:18,2026-03-14 10:38:31,2026-03-14 11:11:37,10.2,33.1,13.7,535.32,20.0,428.26,5.0,0
FUL_001137,BK_001137,DRV_0301,VEH_0301,2026-03-15 03:43:31,2026-03-15 03:46:19,2026-03-15 03:47:52,2026-03-15 04:35:28,2.8,47.6,26.3,486.4,20.0,389.12,5.0,30
FUL_001138,BK_001138,DRV_0247,VEH_0247,2026-03-08 06:12:26,2026-03-08 06:20:20,2026-03-08 06:21:49,2026-03-08 07:04:55,7.9,43.1,15.9,526.4,20.0,421.12,5.0,20
FUL_001139,BK_001139,DRV_0112,VEH_0112,2026-02-09 06:16:17,2026-02-09 06:27:41,2026-02-09 06:29:42,2026-02-09 06:58:36,11.4,28.9,18.8,355.0,20.0,284.0,5.0,0
FUL_001140,BK_001140,DRV_0273,VEH_0273,2026-03-02 08:59:21,2026-03-02 09:08:33,2026-03-02 09:10:04,2026-03-02 09:28:16,9.2,18.2,8.9,301.92,20.0,241.54,5.0,0
FUL_001142,BK_001142,DRV_0287,VEH_0287,2026-03-14 13:08:18,2026-03-14 13:19:48,2026-03-14 13:21:09,2026-03-14 13:28:03,11.5,6.9,3.6,106.6,20.0,85.28,4.0,30
FUL_001144,BK_001144,DRV_0160,VEH_0160,2026-03-03 13:42:06,2026-03-03 13:49:48,2026-03-03 13:51:46,2026-03-03 14:18:16,7.7,26.5,16.0,582.12,20.0,465.7,5.0,0
FUL_001145,BK_001145,DRV_0009,VEH_0009,2026-03-15 02:29:52,2026-03-15 02:34:52,2026-03-15 02:36:19,2026-03-15 03:10:37,5.0,34.3,19.8,458.4,20.0,366.72,4.0,0
FUL_001147,BK_001147,DRV_0149,VEH_0149,2026-02-12 06:36:23,2026-02-12 06:39:05,2026-02-12 06:41:16,2026-02-12 06:47:58,2.7,6.7,4.2,206.36,20.0,165.09,4.0,0
FUL_001149,BK_001149,DRV_0317,VEH_0317,2026-03-03 08:05:44,2026-03-03 08:14:38,2026-03-03 08:17:47,2026-03-03 08:56:53,8.9,39.1,23.0,792.48,20.0,633.98,5.0,10
FUL_001151,BK_001151,DRV_0210,VEH_0210,2026-02-04 12:40:27,2026-02-04 12:53:39,2026-02-04 12:54:55,2026-02-04 13:13:13,13.2,18.3,11.4,380.8,20.0,304.64,5.0,20
FUL_001152,BK_001152,DRV_0001,VEH_0001,2026-02-03 23:45:36,2026-02-03 23:52:48,2026-02-03 23:54:16,2026-02-04 00:57:46,7.2,63.5,24.4,746.46,20.0,597.17,5.0,0
FUL_001153,BK_001153,DRV_0147,VEH_0147,2026-02-04 14:04:06,2026-02-04 14:11:42,2026-02-04 14:14:23,2026-02-04 14:56:53,7.6,42.5,21.2,289.0,20.0,231.2,2.0,50
FUL_001154,BK_001154,DRV_0140,VEH_0140,2026-03-13 21:36:38,2026-03-13 21:40:14,2026-03-13 21:43:11,2026-03-13 21:50:59,3.6,7.8,4.4,332.28,20.0,265.82,2.0,50
FUL_001155,BK_001155,DRV_0190,VEH_0190,2026-03-11 12:14:03,2026-03-11 12:19:57,2026-03-11 12:21:30,2026-03-11 12:32:54,5.9,11.4,8.1,288.4,20.0,230.72,4.0,20
FUL_001156,BK_001156,DRV_0046,VEH_0046,2026-02-08 11:10:59,2026-02-08 11:18:47,2026-02-08 11:20:55,2026-02-08 11:37:43,7.8,16.8,12.0,300.72,20.0,240.58,5.0,10
FUL_001157,BK_001157,DRV_0289,VEH_0289,2026-02-20 09:42:10,2026-02-20 09:50:10,2026-02-20 09:52:03,2026-02-20 10:16:51,8.0,24.8,13.0,567.84,20.0,454.27,5.0,0
FUL_001158,BK_001158,DRV_0155,VEH_0155,2026-02-20 16:00:07,2026-02-20 16:05:01,2026-02-20 16:06:57,2026-02-20 17:03:15,4.9,56.3,24.4,709.8,20.0,567.84,5.0,30
FUL_001160,BK_001160,DRV_0034,VEH_0034,2026-02-15 20:43:16,2026-02-15 20:47:28,2026-02-15 20:49:30,2026-02-15 21:38:30,4.2,49.0,20.2,381.08,20.0,304.86,5.0,0
FUL_001161,BK_001161,DRV_0205,VEH_0205,2026-03-01 04:44:51,2026-03-01 04:51:51,2026-03-01 04:54:09,2026-03-01 05:33:39,7.0,39.5,18.4,543.4,20.0,434.72,5.0,10
FUL_001163,BK_001163,DRV_0165,VEH_0165,2026-02-14 05:24:22,2026-02-14 05:35:28,2026-02-14 05:38:58,2026-02-14 06:21:10,11.1,42.2,24.8,722.8,20.0,578.24,5.0,20
FUL_001164,BK_001164,DRV_0165,VEH_0165,2026-03-18 05:31:16,2026-03-18 05:45:16,2026-03-18 05:48:32,2026-03-18 05:58:26,14.0,9.9,4.9,237.12,20.0,189.7,5.0,50
FUL_001165,BK_001165,DRV_0214,VEH_0214,2026-03-14 04:13:07,2026-03-14 04:19:31,2026-03-14 04:21:56,2026-03-14 04:35:14,6.4,13.3,8.0,138.0,20.0,110.4,5.0,0
FUL_001166,BK_001166,DRV_0238,VEH_0238,2026-03-11 20:31:43,2026-03-11 20:40:31,2026-03-11 20:43:59,2026-03-11 21:48:29,8.8,64.5,28.0,1214.72,20.0,971.78,5.0,0
FUL_001167,BK_001167,DRV_0221,VEH_0221,2026-03-12 07:40:39,2026-03-12 07:46:39,2026-03-12 07:48:39,2026-03-12 08:15:57,6.0,27.3,16.5,241.34,20.0,193.07,5.0,30
FUL_001168,BK_001168,DRV_0183,VEH_0183,2026-02-13 03:11:05,2026-02-13 03:17:47,2026-02-13 03:19:02,2026-02-13 03:35:50,6.7,16.8,7.6,173.2,20.0,138.56,5.0,0
FUL_001169,BK_001169,DRV_0081,VEH_0081,2026-02-08 10:06:54,2026-02-08 10:14:24,2026-02-08 10:15:56,2026-02-08 10:22:44,7.5,6.8,3.5,396.48,20.0,317.18,5.0,0
FUL_001172,BK_001172,DRV_0160,VEH_0160,2026-02-04 04:21:41,2026-02-04 04:33:47,2026-02-04 04:34:57,2026-02-04 04:51:39,12.1,16.7,7.8,304.92,20.0,243.94,4.0,0
FUL_001173,BK_001173,DRV_0109,VEH_0109,2026-02-19 00:54:35,2026-02-19 00:58:59,2026-02-19 01:00:23,2026-02-19 01:20:41,4.4,20.3,14.7,434.2,20.0,347.36,5.0,0
FUL_001174,BK_001174,DRV_0006,VEH_0006,2026-02-11 01:24:47,2026-02-11 01:31:41,2026-02-11 01:34:00,2026-02-11 01:47:54,6.9,13.9,8.3,127.0,20.0,101.6,3.0,50
FUL_001175,BK_001175,DRV_0212,VEH_0212,2026-02-07 17:05:22,2026-02-07 17:09:28,2026-02-07 17:12:23,2026-02-07 18:02:47,4.1,50.4,21.3,784.8,20.0,627.84,3.0,0
FUL_001176,BK_001176,DRV_0017,VEH_0017,2026-02-09 00:22:31,2026-02-09 00:25:07,2026-02-09 00:27:44,2026-02-09 00:43:20,2.6,15.6,8.7,296.8,20.0,237.44,4.0,0
FUL_001178,BK_001178,DRV_0307,VEH_0307,2026-03-11 02:26:28,2026-03-11 02:35:58,2026-03-11 02:39:27,2026-03-11 02:55:21,9.5,15.9,10.6,380.38,20.0,304.3,5.0,30
FUL_001181,BK_001181,DRV_0302,VEH_0302,2026-03-16 08:33:28,2026-03-16 08:44:40,2026-03-16 08:45:53,2026-03-16 09:06:53,11.2,21.0,8.8,418.6,20.0,334.88,5.0,0
FUL_001182,BK_001182,DRV_0258,VEH_0258,2026-02-11 23:27:21,2026-02-11 23:37:21,2026-02-11 23:41:01,2026-02-12 00:16:19,10.0,35.3,23.8,676.0,20.0,540.8,5.0,50
FUL_001183,BK_001183,DRV_0152,VEH_0152,2026-02-17 07:02:55,2026-02-17 07:13:43,2026-02-17 07:17:24,2026-02-17 08:08:30,10.8,51.1,20.0,410.8,20.0,328.64,5.0,50
FUL_001184,BK_001184,DRV_0110,VEH_0110,2026-02-26 15:00:52,2026-02-26 15:04:40,2026-02-26 15:06:00,2026-02-26 15:22:00,3.8,16.0,7.1,178.64,20.0,142.91,5.0,10
FUL_001185,BK_001185,DRV_0117,VEH_0117,2026-03-06 22:19:53,2026-03-06 22:27:11,2026-03-06 22:30:53,2026-03-06 22:51:47,7.3,20.9,8.0,288.4,20.0,230.72,5.0,20
FUL_001186,BK_001186,DRV_0236,VEH_0236,2026-02-01 17:16:24,2026-02-01 17:25:42,2026-02-01 17:29:19,2026-02-01 18:21:25,9.3,52.1,23.3,1115.52,20.0,892.42,5.0,0
FUL_001189,BK_001189,DRV_0094,VEH_0094,2026-03-03 00:28:24,2026-03-03 00:34:18,2026-03-03 00:37:53,2026-03-03 00:47:23,5.9,9.5,6.5,155.2,20.0,124.16,5.0,20
FUL_001191,BK_001191,DRV_0049,VEH_0049,2026-02-20 21:17:20,2026-02-20 21:19:38,2026-02-20 21:22:38,2026-02-20 21:45:56,2.3,23.3,11.0,690.48,20.0,552.38,4.0,0
FUL_001192,BK_001192,DRV_0136,VEH_0136,2026-02-27 08:50:25,2026-02-27 08:54:31,2026-02-27 08:55:58,2026-02-27 09:26:22,4.1,30.4,20.4,576.66,20.0,461.33,5.0,10
FUL_001194,BK_001194,DRV_0068,VEH_0068,2026-03-08 00:02:23,2026-03-08 00:05:05,2026-03-08 00:07:00,2026-03-08 00:41:48,2.7,34.8,15.9,586.56,20.0,469.25,4.0,0
FUL_001195,BK_001195,DRV_0273,VEH_0273,2026-03-14 22:02:55,2026-03-14 22:11:07,2026-03-14 22:14:26,2026-03-14 22:42:14,8.2,27.8,19.8,279.62,20.0,223.7,5.0,30
FUL_001196,BK_001196,DRV_0109,VEH_0109,2026-02-11 03:48:10,2026-02-11 03:59:52,2026-02-11 04:01:24,2026-02-11 04:13:54,11.7,12.5,5.2,205.4,20.0,164.32,5.0,0
FUL_001198,BK_001198,DRV_0171,VEH_0171,2026-03-10 19:32:35,2026-03-10 19:40:47,2026-03-10 19:42:22,2026-03-10 20:10:58,8.2,28.6,16.8,423.0,20.0,338.4,5.0,30
FUL_001199,BK_001199,DRV_0214,VEH_0214,2026-02-04 02:09:24,2026-02-04 02:15:24,2026-02-04 02:18:01,2026-02-04 03:20:25,6.0,62.4,26.0,346.6,20.0,277.28,5.0,0
FUL_001200,BK_001200,DRV_0143,VEH_0143,2026-03-13 14:05:00,2026-03-13 14:13:36,2026-03-13 14:15:05,2026-03-13 14:48:17,8.6,33.2,17.8,602.16,20.0,481.73,5.0,0
FUL_001202,BK_001202,DRV_0129,VEH_0129,2026-03-03 21:17:25,2026-03-03 21:25:31,2026-03-03 21:28:25,2026-03-03 22:04:13,8.1,35.8,25.5,433.16,20.0,346.53,3.0,30
FUL_001203,BK_001203,DRV_0187,VEH_0187,2026-02-21 00:06:24,2026-02-21 00:10:42,2026-02-21 00:13:41,2026-02-21 00:57:29,4.3,43.8,27.2,1011.36,20.0,809.09,5.0,0
FUL_001204,BK_001204,DRV_0288,VEH_0288,2026-02-17 03:33:23,2026-02-17 03:41:41,2026-02-17 03:43:39,2026-02-17 04:15:33,8.3,31.9,22.7,430.6,20.0,344.48,5.0,30
FUL_001205,BK_001205,DRV_0262,VEH_0262,2026-02-05 13:45:29,2026-02-05 13:49:29,2026-02-05 13:52:23,2026-02-05 14:24:59,4.0,32.6,22.6,688.8,20.0,551.04,4.0,10
FUL_001207,BK_001207,DRV_0184,VEH_0184,2026-02-25 20:56:17,2026-02-25 21:10:11,2026-02-25 21:13:38,2026-02-25 21:41:26,13.9,27.8,11.7,597.12,20.0,477.7,5.0,30
FUL_001208,BK_001208,DRV_0276,VEH_0276,2026-02-07 13:08:30,2026-02-07 13:17:18,2026-02-07 13:21:09,2026-02-07 13:37:21,8.8,16.2,7.7,288.4,20.0,230.72,5.0,30
FUL_001209,BK_001209,DRV_0013,VEH_0013,2026-03-13 14:23:33,2026-03-13 14:34:45,2026-03-13 14:36:59,2026-03-13 15:01:59,11.2,25.0,15.2,293.8,20.0,235.04,5.0,50
FUL_001210,BK_001210,DRV_0286,VEH_0286,2026-02-26 20:19:47,2026-02-26 20:28:29,2026-02-26 20:31:32,2026-02-26 20:47:38,8.7,16.1,10.4,274.8,20.0,219.84,5.0,0
FUL_001211,BK_001211,DRV_0147,VEH_0147,2026-02-19 22:52:58,2026-02-19 22:57:28,2026-02-19 23:00:39,2026-02-19 23:18:57,4.5,18.3,10.2,159.5,20.0,127.6,1.0,10
FUL_001212,BK_001212,DRV_0006,VEH_0006,2026-02-14 10:47:20,2026-02-14 10:59:02,2026-02-14 11:02:39,2026-02-14 11:51:15,11.7,48.6,22.6,483.52,20.0,386.82,4.0,0
FUL_001215,BK_001215,DRV_0144,VEH_0144,2026-02-15 03:16:48,2026-02-15 03:28:48,2026-02-15 03:32:01,2026-02-15 04:18:19,12.0,46.3,18.6,658.32,20.0,526.66,1.0,0
FUL_001216,BK_001216,DRV_0127,VEH_0127,2026-02-03 09:37:04,2026-02-03 09:48:10,2026-02-03 09:50:22,2026-02-03 09:56:58,11.1,6.6,3.9,83.28,20.0,66.62,5.0,0
FUL_001217,BK_001217,DRV_0157,VEH_0157,2026-02-05 16:03:11,2026-02-05 16:16:53,2026-02-05 16:19:52,2026-02-05 16:53:28,13.7,33.6,22.3,776.88,20.0,621.5,5.0,0
FUL_001218,BK_001218,DRV_0097,VEH_0097,2026-02-25 09:47:19,2026-02-25 09:49:43,2026-02-25 09:52:36,2026-02-25 10:23:12,2.4,30.6,13.4,796.32,20.0,637.06,5.0,0
FUL_001219,BK_001219,DRV_0028,VEH_0028,2026-02-07 05:39:58,2026-02-07 05:53:28,2026-02-07 05:56:08,2026-02-07 06:14:56,13.5,18.8,13.4,212.88,20.0,170.3,5.0,10
FUL_001220,BK_001220,DRV_0211,VEH_0211,2026-02-06 13:37:16,2026-02-06 13:40:52,2026-02-06 13:44:39,2026-02-06 14:14:09,3.6,29.5,18.1,543.4,20.0,434.72,4.0,0
FUL_001221,BK_001221,DRV_0272,VEH_0272,2026-03-15 15:51:54,2026-03-15 15:59:42,2026-03-15 16:01:51,2026-03-15 16:44:03,7.8,42.2,24.1,455.8,20.0,364.64,5.0,0
FUL_001222,BK_001222,DRV_0137,VEH_0137,2026-03-11 20:21:25,2026-03-11 20:35:01,2026-03-11 20:36:52,2026-03-11 20:54:16,13.6,17.4,10.5,323.12,20.0,258.5,5.0,0
FUL_001223,BK_001223,DRV_0058,VEH_0058,2026-03-03 05:10:15,2026-03-03 05:15:03,2026-03-03 05:18:23,2026-03-03 06:22:47,4.8,64.4,28.7,759.2,20.0,607.36,5.0,30
FUL_001224,BK_001224,DRV_0197,VEH_0197,2026-03-01 08:27:56,2026-03-01 08:32:02,2026-03-01 08:34:47,2026-03-01 09:19:35,4.1,44.8,21.9,977.6,20.0,782.08,5.0,20
FUL_001225,BK_001225,DRV_0054,VEH_0054,2026-02-23 12:23:21,2026-02-23 12:31:39,2026-02-23 12:34:33,2026-02-23 13:03:39,8.3,29.1,14.7,195.4,20.0,156.32,5.0,50
FUL_001226,BK_001226,DRV_0221,VEH_0221,2026-03-02 07:34:22,2026-03-02 07:45:10,2026-03-02 07:48:43,2026-03-02 08:37:19,10.8,48.6,24.0,296.2,20.0,236.96,4.0,0
FUL_001227,BK_001227,DRV_0121,VEH_0121,2026-02-13 01:57:20,2026-02-13 02:05:44,2026-02-13 02:07:24,2026-02-13 02:16:00,8.4,8.6,3.5,168.0,20.0,134.4,5.0,0
FUL_001228,BK_001228,DRV_0319,VEH_0319,2026-02-20 16:31:37,2026-02-20 16:43:19,2026-02-20 16:45:59,2026-02-20 17:16:35,11.7,30.6,14.5,449.8,20.0,359.84,5.0,0
FUL_001229,BK_001229,DRV_0193,VEH_0193,2026-02-15 15:07:54,2026-02-15 15:14:48,2026-02-15 15:18:17,2026-02-15 15:34:47,6.9,16.5,7.2,111.4,20.0,89.12,5.0,0
FUL_001231,BK_001231,DRV_0247,VEH_0247,2026-03-15 17:38:54,2026-03-15 17:43:36,2026-03-15 17:47:02,2026-03-15 18:30:14,4.7,43.2,18.4,795.76,20.0,636.61,5.0,30
FUL_001232,BK_001232,DRV_0017,VEH_0017,2026-02-03 15:32:23,2026-02-03 15:41:29,2026-02-03 15:43:30,2026-02-03 16:29:36,9.1,46.1,19.6,769.44,20.0,615.55,3.0,20
FUL_001233,BK_001233,DRV_0177,VEH_0177,2026-03-03 10:47:52,2026-03-03 10:54:34,2026-03-03 10:57:46,2026-03-03 11:46:04,6.7,48.3,26.6,1066.8,20.0,853.44,5.0,50
FUL_001234,BK_001234,DRV_0201,VEH_0201,2026-03-10 17:55:21,2026-03-10 17:58:51,2026-03-10 18:01:24,2026-03-10 18:48:30,3.5,47.1,19.6,687.6,20.0,550.08,5.0,0
FUL_001235,BK_001235,DRV_0184,VEH_0184,2026-03-10 13:40:12,2026-03-10 13:53:00,2026-03-10 13:55:23,2026-03-10 14:19:23,12.8,24.0,17.0,331.6,20.0,265.28,5.0,10
FUL_001236,BK_001236,DRV_0096,VEH_0096,2026-02-20 14:43:21,2026-02-20 14:46:39,2026-02-20 14:48:11,2026-02-20 15:24:53,3.3,36.7,15.5,240.02,20.0,192.02,5.0,20
FUL_001237,BK_001237,DRV_0305,VEH_0305,2026-02-27 13:27:58,2026-02-27 13:36:52,2026-02-27 13:40:31,2026-02-27 14:45:13,8.9,64.7,25.5,747.6,20.0,598.08,5.0,0
FUL_001238,BK_001238,DRV_0089,VEH_0089,2026-02-18 02:35:09,2026-02-18 02:44:09,2026-02-18 02:45:48,2026-02-18 03:13:00,9.0,27.2,16.6,509.6,20.0,407.68,4.0,20
FUL_001239,BK_001239,DRV_0196,VEH_0196,2026-03-16 23:52:17,2026-03-17 00:03:17,2026-03-17 00:04:38,2026-03-17 00:18:14,11.0,13.6,8.0,262.6,20.0,210.08,5.0,0
FUL_001240,BK_001240,DRV_0194,VEH_0194,2026-02-15 05:45:09,2026-02-15 05:47:39,2026-02-15 05:48:49,2026-02-15 06:10:07,2.5,21.3,12.3,248.8,20.0,199.04,4.0,0
FUL_001241,BK_001241,DRV_0288,VEH_0288,2026-02-14 20:57:58,2026-02-14 21:11:10,2026-02-14 21:14:33,2026-02-14 21:29:03,13.2,14.5,7.8,255.08,20.0,204.06,4.0,0
FUL_001242,BK_001242,DRV_0249,VEH_0249,2026-02-24 10:40:45,2026-02-24 10:52:21,2026-02-24 10:53:31,2026-02-24 11:40:25,11.6,46.9,17.3,1235.52,20.0,988.42,5.0,30
FUL_001243,BK_001243,DRV_0241,VEH_0241,2026-02-05 03:53:17,2026-02-05 04:02:05,2026-02-05 04:04:09,2026-02-05 04:41:57,8.8,37.8,23.2,310.6,20.0,248.48,5.0,0
FUL_001244,BK_001244,DRV_0294,VEH_0294,2026-03-14 17:04:35,2026-03-14 17:13:05,2026-03-14 17:15:20,2026-03-14 17:39:38,8.5,24.3,15.2,436.52,20.0,349.22,5.0,0
FUL_001245,BK_001245,DRV_0155,VEH_0155,2026-03-09 23:44:07,2026-03-09 23:47:01,2026-03-09 23:50:41,2026-03-09 23:58:11,2.9,7.5,4.5,176.8,20.0,141.44,2.0,20
FUL_001247,BK_001247,DRV_0129,VEH_0129,2026-02-07 09:52:08,2026-02-07 09:56:38,2026-02-07 09:58:02,2026-02-07 10:02:08,4.5,4.1,2.9,103.32,20.0,82.66,5.0,10
FUL_001250,BK_001250,DRV_0317,VEH_0317,2026-03-15 23:04:55,2026-03-15 23:16:01,2026-03-15 23:18:04,2026-03-15 23:39:58,11.1,21.9,14.1,524.16,20.0,419.33,4.0,20
FUL_001251,BK_001251,DRV_0162,VEH_0162,2026-02-06 20:40:09,2026-02-06 20:51:51,2026-02-06 20:55:43,2026-02-06 21:32:31,11.7,36.8,27.0,1315.08,20.0,1052.06,4.0,10
FUL_001253,BK_001253,DRV_0319,VEH_0319,2026-03-02 22:03:06,2026-03-02 22:08:30,2026-03-02 22:10:55,2026-03-02 22:33:19,5.4,22.4,8.2,280.8,20.0,224.64,5.0,0
FUL_001254,BK_001254,DRV_0013,VEH_0013,2026-02-24 13:57:32,2026-02-24 14:03:44,2026-02-24 14:07:05,2026-02-24 14:17:41,6.2,10.6,7.8,188.54,20.0,150.83,5.0,0
FUL_001255,BK_001255,DRV_0278,VEH_0278,2026-03-06 04:58:50,2026-03-06 05:01:38,2026-03-06 05:02:48,2026-03-06 05:27:06,2.8,24.3,15.1,442.0,20.0,353.6,4.0,10
FUL_001256,BK_001256,DRV_0049,VEH_0049,2026-02-18 03:29:54,2026-02-18 03:33:06,2026-02-18 03:36:00,2026-02-18 03:45:36,3.2,9.6,4.2,182.0,20.0,145.6,5.0,50
FUL_001257,BK_001257,DRV_0154,VEH_0154,2026-03-07 03:05:41,2026-03-07 03:09:53,2026-03-07 03:12:00,2026-03-07 03:47:54,4.2,35.9,26.5,539.0,20.0,431.2,4.0,0
FUL_001258,BK_001258,DRV_0067,VEH_0067,2026-02-20 07:53:19,2026-02-20 07:57:37,2026-02-20 07:59:45,2026-02-20 08:31:51,4.3,32.1,17.1,221.8,20.0,177.44,5.0,50
FUL_001260,BK_001260,DRV_0081,VEH_0081,2026-02-19 01:00:07,2026-02-19 01:13:37,2026-02-19 01:16:22,2026-02-19 01:27:58,13.5,11.6,4.4,209.44,20.0,167.55,5.0,0
FUL_001261,BK_001261,DRV_0007,VEH_0007,2026-02-16 10:19:14,2026-02-16 10:22:20,2026-02-16 10:25:35,2026-02-16 10:34:05,3.1,8.5,3.2,311.22,20.0,248.98,5.0,0
FUL_001262,BK_001262,DRV_0243,VEH_0243,2026-02-22 18:13:18,2026-02-22 18:25:00,2026-02-22 18:26:45,2026-02-22 18:50:15,11.7,23.5,16.1,251.76,20.0,201.41,5.0,30
FUL_001263,BK_001263,DRV_0295,VEH_0295,2026-02-26 03:38:54,2026-02-26 03:43:48,2026-02-26 03:44:57,2026-02-26 04:19:51,4.9,34.9,25.6,747.6,20.0,598.08,4.0,10
FUL_001264,BK_001264,DRV_0247,VEH_0247,2026-02-07 19:31:42,2026-02-07 19:44:36,2026-02-07 19:46:24,2026-02-07 19:53:48,12.9,7.4,3.1,181.44,20.0,145.15,3.0,0
FUL_001265,BK_001265,DRV_0235,VEH_0235,2026-03-13 10:48:38,2026-03-13 10:55:38,2026-03-13 10:58:30,2026-03-13 11:37:42,7.0,39.2,18.3,522.2,20.0,417.76,5.0,30
FUL_001266,BK_001266,DRV_0080,VEH_0080,2026-03-17 10:04:00,2026-03-17 10:13:00,2026-03-17 10:15:03,2026-03-17 10:34:15,9.0,19.2,9.3,506.4,20.0,405.12,5.0,0
FUL_001268,BK_001268,DRV_0261,VEH_0261,2026-03-09 06:09:22,2026-03-09 06:22:16,2026-03-09 06:24:46,2026-03-09 06:37:28,12.9,12.7,5.9,278.88,20.0,223.1,5.0,0
FUL_001271,BK_001271,DRV_0318,VEH_0318,2026-02-25 20:11:20,2026-02-25 20:19:26,2026-02-25 20:20:47,2026-02-25 20:45:41,8.1,24.9,14.2,682.24,20.0,545.79,5.0,30
FUL_001272,BK_001272,DRV_0305,VEH_0305,2026-02-08 19:51:16,2026-02-08 19:57:34,2026-02-08 19:59:33,2026-02-08 20:30:21,6.3,30.8,21.3,893.76,20.0,715.01,5.0,0
FUL_001273,BK_001273,DRV_0250,VEH_0250,2026-03-09 08:28:15,2026-03-09 08:30:15,2026-03-09 08:32:48,2026-03-09 08:55:48,2.0,23.0,14.7,752.64,20.0,602.11,5.0,10
FUL_001274,BK_001274,DRV_0091,VEH_0091,2026-02-18 17:58:18,2026-02-18 18:02:42,2026-02-18 18:05:04,2026-02-18 18:42:04,4.4,37.0,24.8,652.26,20.0,521.81,3.0,50
FUL_001276,BK_001276,DRV_0242,VEH_0242,2026-02-23 02:20:30,2026-02-23 02:28:42,2026-02-23 02:31:45,2026-02-23 02:51:33,8.2,19.8,8.7,200.2,20.0,160.16,5.0,0
FUL_001277,BK_001277,DRV_0195,VEH_0195,2026-03-13 09:48:02,2026-03-13 09:58:20,2026-03-13 10:00:19,2026-03-13 10:12:07,10.3,11.8,5.0,248.64,20.0,198.91,4.0,0
FUL_001278,BK_001278,DRV_0121,VEH_0121,2026-02-04 08:44:07,2026-02-04 08:51:01,2026-02-04 08:53:21,2026-02-04 09:15:33,6.9,22.2,11.2,600.32,20.0,480.26,5.0,10
FUL_001279,BK_001279,DRV_0037,VEH_0037,2026-02-21 08:21:49,2026-02-21 08:34:25,2026-02-21 08:37:34,2026-02-21 08:45:28,12.6,7.9,5.2,294.0,20.0,235.2,5.0,0
FUL_001280,BK_001280,DRV_0176,VEH_0176,2026-02-24 14:43:05,2026-02-24 14:46:47,2026-02-24 14:49:22,2026-02-24 15:41:16,3.7,51.9,26.8,592.46,20.0,473.97,5.0,20
FUL_001284,BK_001284,DRV_0070,VEH_0070,2026-03-03 12:58:37,2026-03-03 13:03:13,2026-03-03 13:05:00,2026-03-03 13:55:42,4.6,50.7,24.6,862.4,20.0,689.92,5.0,0
FUL_001286,BK_001286,DRV_0234,VEH_0234,2026-02-02 14:05:10,2026-02-02 14:16:10,2026-02-02 14:17:50,2026-02-02 14:22:14,11.0,4.4,3.0,148.4,20.0,118.72,3.0,10
FUL_001287,BK_001287,DRV_0272,VEH_0272,2026-03-13 22:18:53,2026-03-13 22:25:29,2026-03-13 22:29:22,2026-03-13 23:02:40,6.6,33.3,13.0,281.2,20.0,224.96,5.0,20
FUL_001288,BK_001288,DRV_0156,VEH_0156,2026-03-11 17:21:08,2026-03-11 17:24:08,2026-03-11 17:28:07,2026-03-11 17:43:55,3.0,15.8,8.4,404.04,20.0,323.23,5.0,0
FUL_001290,BK_001290,DRV_0273,VEH_0273,2026-02-13 19:32:24,2026-02-13 19:39:42,2026-02-13 19:43:16,2026-02-13 20:39:10,7.3,55.9,26.4,397.2,20.0,317.76,5.0,0
FUL_001292,BK_001292,DRV_0167,VEH_0167,2026-02-11 23:00:54,2026-02-11 23:11:36,2026-02-11 23:15:14,2026-02-11 23:53:26,10.7,38.2,24.2,464.8,20.0,371.84,3.0,0
FUL_001293,BK_001293,DRV_0155,VEH_0155,2026-02-08 16:44:06,2026-02-08 16:54:00,2026-02-08 16:55:49,2026-02-08 17:33:31,9.9,37.7,18.4,517.4,20.0,413.92,4.0,0
FUL_001297,BK_001297,DRV_0063,VEH_0063,2026-02-17 01:21:35,2026-02-17 01:33:23,2026-02-17 01:35:29,2026-02-17 02:40:59,11.8,65.5,29.7,862.4,20.0,689.92,5.0,0
FUL_001301,BK_001301,DRV_0146,VEH_0146,2026-03-10 06:19:27,2026-03-10 06:28:33,2026-03-10 06:30:56,2026-03-10 06:40:02,9.1,9.1,5.4,218.4,20.0,174.72,4.0,0
FUL_001302,BK_001302,DRV_0035,VEH_0035,2026-03-04 08:50:29,2026-03-04 09:00:17,2026-03-04 09:03:49,2026-03-04 09:40:37,9.8,36.8,22.5,1016.16,20.0,812.93,5.0,20
FUL_001303,BK_001303,DRV_0209,VEH_0209,2026-03-16 20:36:30,2026-03-16 20:38:48,2026-03-16 20:42:34,2026-03-16 20:57:34,2.3,15.0,8.6,544.32,20.0,435.46,4.0,0
FUL_001304,BK_001304,DRV_0258,VEH_0258,2026-02-22 13:08:20,2026-02-22 13:11:38,2026-02-22 13:14:28,2026-02-22 13:22:10,3.3,7.7,5.2,202.8,20.0,162.24,4.0,30
FUL_001306,BK_001306,DRV_0227,VEH_0227,2026-03-03 21:54:19,2026-03-03 21:56:43,2026-03-03 21:58:13,2026-03-03 22:48:49,2.4,50.6,24.4,719.52,20.0,575.62,5.0,0
FUL_001308,BK_001308,DRV_0156,VEH_0156,2026-03-11 19:04:04,2026-03-11 19:15:40,2026-03-11 19:18:42,2026-03-11 19:45:18,11.6,26.6,13.1,720.72,20.0,576.58,5.0,0
FUL_001310,BK_001310,DRV_0132,VEH_0132,2026-03-15 11:21:21,2026-03-15 11:32:33,2026-03-15 11:36:13,2026-03-15 11:54:19,11.2,18.1,8.1,339.36,20.0,271.49,5.0,0
FUL_001311,BK_001311,DRV_0313,VEH_0313,2026-02-25 21:49:53,2026-02-25 22:02:53,2026-02-25 22:06:05,2026-02-25 22:13:29,13.0,7.4,4.4,278.72,20.0,222.98,4.0,20
FUL_001312,BK_001312,DRV_0236,VEH_0236,2026-02-18 00:17:25,2026-02-18 00:31:19,2026-02-18 00:34:24,2026-02-18 01:04:06,13.9,29.7,15.7,487.2,20.0,389.76,5.0,20
FUL_001314,BK_001314,DRV_0263,VEH_0263,2026-02-23 13:51:15,2026-02-23 13:56:15,2026-02-23 13:58:15,2026-02-23 14:38:27,5.0,40.2,26.4,385.68,20.0,308.54,5.0,0
FUL_001315,BK_001315,DRV_0233,VEH_0233,2026-02-07 08:20:27,2026-02-07 08:26:33,2026-02-07 08:28:19,2026-02-07 09:13:49,6.1,45.5,24.0,906.36,20.0,725.09,5.0,50
FUL_001317,BK_001317,DRV_0222,VEH_0222,2026-02-07 16:24:13,2026-02-07 16:28:37,2026-02-07 16:32:05,2026-02-07 16:40:11,4.4,8.1,4.2,174.2,20.0,139.36,4.0,50
FUL_001322,BK_001322,DRV_0275,VEH_0275,2026-02-07 10:39:41,2026-02-07 10:43:23,2026-02-07 10:47:13,2026-02-07 11:17:07,3.7,29.9,20.4,739.2,20.0,591.36,3.0,0
FUL_001323,BK_001323,DRV_0222,VEH_0222,2026-03-04 17:27:22,2026-03-04 17:34:34,2026-03-04 17:37:04,2026-03-04 18:11:46,7.2,34.7,17.6,753.48,20.0,602.78,4.0,0
FUL_001324,BK_001324,DRV_0107,VEH_0107,2026-02-28 03:53:02,2026-02-28 04:04:20,2026-02-28 04:06:06,2026-02-28 04:14:24,11.3,8.3,3.9,112.0,20.0,89.6,5.0,0
FUL_001325,BK_001325,DRV_0278,VEH_0278,2026-03-16 19:17:16,2026-03-16 19:23:04,2026-03-16 19:26:06,2026-03-16 19:48:30,5.8,22.4,13.8,673.92,20.0,539.14,5.0,50
FUL_001326,BK_001326,DRV_0096,VEH_0096,2026-02-16 22:01:18,2026-02-16 22:06:12,2026-02-16 22:09:32,2026-02-16 22:39:56,4.9,30.4,14.6,190.6,20.0,152.48,5.0,30
FUL_001327,BK_001327,DRV_0107,VEH_0107,2026-02-09 10:54:16,2026-02-09 10:57:28,2026-02-09 11:00:45,2026-02-09 11:11:45,3.2,11.0,7.5,201.36,20.0,161.09,5.0,50
FUL_001328,BK_001328,DRV_0039,VEH_0039,2026-02-20 11:58:24,2026-02-20 12:04:54,2026-02-20 12:06:46,2026-02-20 12:42:04,6.5,35.3,23.0,920.92,20.0,736.74,5.0,0
FUL_001330,BK_001330,DRV_0164,VEH_0164,2026-02-09 15:24:09,2026-02-09 15:32:45,2026-02-09 15:36:21,2026-02-09 16:06:09,8.6,29.8,16.4,551.32,20.0,441.06,4.0,0
FUL_001332,BK_001332,DRV_0172,VEH_0172,2026-02-09 14:28:29,2026-02-09 14:40:53,2026-02-09 14:43:12,2026-02-09 15:05:24,12.4,22.2,13.0,261.4,20.0,209.12,5.0,0
FUL_001334,BK_001334,DRV_0199,VEH_0199,2026-03-01 06:35:43,2026-03-01 06:39:13,2026-03-01 06:42:19,2026-03-01 06:49:55,3.5,7.6,5.4,106.32,20.0,85.06,5.0,0
FUL_001336,BK_001336,DRV_0202,VEH_0202,2026-02-21 20:19:36,2026-02-21 20:28:12,2026-02-21 20:30:06,2026-02-21 21:04:36,8.6,34.5,24.6,1235.52,20.0,988.42,5.0,20
FUL_001339,BK_001339,DRV_0144,VEH_0144,2026-03-08 14:18:24,2026-03-08 14:27:18,2026-03-08 14:28:24,2026-03-08 15:10:30,8.9,42.1,19.9,548.6,20.0,438.88,5.0,0
FUL_001341,BK_001341,DRV_0201,VEH_0201,2026-02-16 14:47:19,2026-02-16 14:52:01,2026-02-16 14:54:13,2026-02-16 15:37:37,4.7,43.4,23.8,457.6,20.0,366.08,5.0,0
FUL_001342,BK_001342,DRV_0245,VEH_0245,2026-02-14 15:43:31,2026-02-14 15:45:37,2026-02-14 15:48:13,2026-02-14 16:42:55,2.1,54.7,27.7,341.8,20.0,273.44,5.0,0
FUL_001343,BK_001343,DRV_0039,VEH_0039,2026-02-08 14:37:05,2026-02-08 14:42:53,2026-02-08 14:46:30,2026-02-08 15:11:24,5.8,24.9,13.8,517.92,20.0,414.34,5.0,0
FUL_001344,BK_001344,DRV_0287,VEH_0287,2026-02-04 16:11:35,2026-02-04 16:14:23,2026-02-04 16:15:25,2026-02-04 16:40:01,2.8,24.6,11.1,251.9,20.0,201.52,5.0,0
FUL_001345,BK_001345,DRV_0109,VEH_0109,2026-02-27 22:01:44,2026-02-27 22:04:56,2026-02-27 22:07:03,2026-02-27 22:28:09,3.2,21.1,12.5,397.8,20.0,318.24,5.0,10
FUL_001346,BK_001346,DRV_0064,VEH_0064,2026-02-12 17:06:18,2026-02-12 17:19:00,2026-02-12 17:21:16,2026-02-12 18:11:16,12.7,50.0,27.1,602.28,20.0,481.82,5.0,0
FUL_001347,BK_001347,DRV_0165,VEH_0165,2026-03-13 01:15:28,2026-03-13 01:18:16,2026-03-13 01:21:20,2026-03-13 01:27:38,2.8,6.3,4.1,171.6,20.0,137.28,5.0,10
FUL_001348,BK_001348,DRV_0034,VEH_0034,2026-02-14 21:09:30,2026-02-14 21:17:00,2026-02-14 21:18:25,2026-02-14 21:49:01,7.5,30.6,17.2,303.8,20.0,243.04,5.0,10
FUL_001349,BK_001349,DRV_0154,VEH_0154,2026-02-26 01:34:24,2026-02-26 01:45:54,2026-02-26 01:48:40,2026-02-26 02:19:22,11.5,30.7,20.2,378.4,20.0,302.72,5.0,50
FUL_001351,BK_001351,DRV_0039,VEH_0039,2026-02-05 14:04:24,2026-02-05 14:14:24,2026-02-05 14:18:16,2026-02-05 14:33:04,10.0,14.8,7.2,241.8,20.0,193.44,5.0,20
FUL_001352,BK_001352,DRV_0270,VEH_0270,2026-03-17 12:25:06,2026-03-17 12:36:36,2026-03-17 12:37:39,2026-03-17 13:16:51,11.5,39.2,21.2,277.0,20.0,221.6,5.0,0
FUL_001353,BK_001353,DRV_0244,VEH_0244,2026-02-04 21:32:38,2026-02-04 21:45:02,2026-02-04 21:46:03,2026-02-04 22:03:15,12.4,17.2,6.8,552.72,20.0,442.18,4.0,30
FUL_001354,BK_001354,DRV_0113,VEH_0113,2026-02-26 09:26:38,2026-02-26 09:36:26,2026-02-26 09:37:42,2026-02-26 10:03:48,9.8,26.1,18.8,1023.12,20.0,818.5,5.0,10
FUL_001356,BK_001356,DRV_0210,VEH_0210,2026-02-01 06:17:29,2026-02-01 06:23:47,2026-02-01 06:25:21,2026-02-01 07:27:03,6.3,61.7,25.4,742.0,20.0,593.6,5.0,0
FUL_001357,BK_001357,DRV_0149,VEH_0149,2026-02-27 09:58:37,2026-02-27 10:02:13,2026-02-27 10:04:06,2026-02-27 10:27:18,3.6,23.2,11.7,572.32,20.0,457.86,5.0,30
FUL_001358,BK_001358,DRV_0086,VEH_0086,2026-03-15 15:44:56,2026-03-15 15:51:44,2026-03-15 15:53:56,2026-03-15 16:15:26,6.8,21.5,15.2,361.2,20.0,288.96,4.0,0
FUL_001359,BK_001359,DRV_0219,VEH_0219,2026-02-14 01:20:44,2026-02-14 01:28:20,2026-02-14 01:29:55,2026-02-14 01:35:25,7.6,5.5,2.8,58.6,20.0,46.88,5.0,0
FUL_001361,BK_001361,DRV_0062,VEH_0062,2026-02-07 11:52:51,2026-02-07 11:56:15,2026-02-07 11:59:29,2026-02-07 12:23:41,3.4,24.2,12.8,549.64,20.0,439.71,5.0,30
FUL_001362,BK_001362,DRV_0125,VEH_0125,2026-02-20 10:55:38,2026-02-20 11:05:08,2026-02-20 11:06:16,2026-02-20 11:56:22,9.5,50.1,23.3,1713.6,20.0,1370.88,5.0,20
FUL_001363,BK_001363,DRV_0307,VEH_0307,2026-02-02 03:35:37,2026-02-02 03:41:13,2026-02-02 03:42:45,2026-02-02 04:10:57,5.6,28.2,18.5,548.6,20.0,438.88,5.0,10
FUL_001365,BK_001365,DRV_0101,VEH_0101,2026-02-27 04:54:23,2026-02-27 05:00:47,2026-02-27 05:02:27,2026-02-27 05:20:39,6.4,18.2,11.5,371.8,20.0,297.44,5.0,0
FUL_001366,BK_001366,DRV_0162,VEH_0162,2026-02-24 17:18:15,2026-02-24 17:27:21,2026-02-24 17:29:01,2026-02-24 17:35:13,9.1,6.2,4.2,308.88,20.0,247.1,5.0,10
FUL_001367,BK_001367,DRV_0009,VEH_0009,2026-02-15 20:55:43,2026-02-15 21:03:25,2026-02-15 21:04:38,2026-02-15 21:45:38,7.7,41.0,23.4,998.76,20.0,799.01,5.0,30
FUL_001368,BK_001368,DRV_0160,VEH_0160,2026-02-24 05:49:05,2026-02-24 05:59:47,2026-02-24 06:01:01,2026-02-24 06:16:43,10.7,15.7,10.3,409.92,20.0,327.94,2.0,20
FUL_001370,BK_001370,DRV_0022,VEH_0022,2026-02-18 05:10:15,2026-02-18 05:23:21,2026-02-18 05:24:51,2026-02-18 06:06:21,13.1,41.5,25.9,917.28,20.0,733.82,5.0,20
FUL_001371,BK_001371,DRV_0143,VEH_0143,2026-02-02 04:20:09,2026-02-02 04:22:33,2026-02-02 04:26:14,2026-02-02 04:53:08,2.4,26.9,11.8,374.4,20.0,299.52,5.0,30
FUL_001372,BK_001372,DRV_0272,VEH_0272,2026-02-19 06:56:06,2026-02-19 07:03:48,2026-02-19 07:07:10,2026-02-19 07:36:46,7.7,29.6,20.3,436.04,20.0,348.83,5.0,0
FUL_001373,BK_001373,DRV_0319,VEH_0319,2026-03-01 05:00:10,2026-03-01 05:06:04,2026-03-01 05:08:34,2026-03-01 05:38:34,5.9,30.0,14.8,436.8,20.0,349.44,4.0,30
FUL_001375,BK_001375,DRV_0185,VEH_0185,2026-03-11 20:25:30,2026-03-11 20:35:48,2026-03-11 20:36:58,2026-03-11 21:06:40,10.3,29.7,17.8,421.68,20.0,337.34,4.0,0
FUL_001376,BK_001376,DRV_0123,VEH_0123,2026-02-19 18:41:23,2026-02-19 18:48:11,2026-02-19 18:49:40,2026-02-19 19:00:34,6.8,10.9,7.7,311.76,20.0,249.41,4.0,50
FUL_001377,BK_001377,DRV_0052,VEH_0052,2026-03-11 10:45:23,2026-03-11 10:58:35,2026-03-11 11:01:03,2026-03-11 11:37:09,13.2,36.1,20.2,556.5,20.0,445.2,5.0,0
FUL_001378,BK_001378,DRV_0262,VEH_0262,2026-02-22 01:45:48,2026-02-22 01:49:54,2026-02-22 01:52:39,2026-02-22 02:49:39,4.1,57.0,23.5,739.2,20.0,591.36,5.0,0
FUL_001379,BK_001379,DRV_0010,VEH_0010,2026-02-15 00:24:27,2026-02-15 00:33:45,2026-02-15 00:36:00,2026-02-15 00:50:24,9.3,14.4,5.4,164.64,20.0,131.71,5.0,20
FUL_001380,BK_001380,DRV_0100,VEH_0100,2026-02-17 23:49:26,2026-02-18 00:02:20,2026-02-18 00:05:33,2026-02-18 01:05:15,12.9,59.7,28.9,837.2,20.0,669.76,4.0,0
FUL_001381,BK_001381,DRV_0313,VEH_0313,2026-02-20 02:31:03,2026-02-20 02:44:27,2026-02-20 02:46:15,2026-02-20 03:42:45,13.4,56.5,24.2,783.64,20.0,626.91,4.0,0
FUL_001382,BK_001382,DRV_0001,VEH_0001,2026-02-05 11:44:20,2026-02-05 11:47:44,2026-02-05 11:48:53,2026-02-05 12:02:29,3.4,13.6,7.5,424.32,20.0,339.46,5.0,0
FUL_001384,BK_001384,DRV_0258,VEH_0258,2026-02-25 07:28:52,2026-02-25 07:40:52,2026-02-25 07:44:23,2026-02-25 08:19:41,12.0,35.3,18.0,501.8,20.0,401.44,5.0,0
FUL_001385,BK_001385,DRV_0111,VEH_0111,2026-03-16 13:11:50,2026-03-16 13:14:56,2026-03-16 13:17:11,2026-03-16 14:09:29,3.1,52.3,20.6,677.04,20.0,541.63,5.0,30
FUL_001386,BK_001386,DRV_0008,VEH_0008,2026-02-19 02:04:17,2026-02-19 02:09:11,2026-02-19 02:10:32,2026-02-19 02:54:38,4.9,44.1,17.9,346.0,20.0,276.8,5.0,30
FUL_001387,BK_001387,DRV_0238,VEH_0238,2026-02-11 04:29:47,2026-02-11 04:35:47,2026-02-11 04:38:20,2026-02-11 05:07:50,6.0,29.5,19.2,556.4,20.0,445.12,5.0,0
FUL_001388,BK_001388,DRV_0130,VEH_0130,2026-02-08 15:16:26,2026-02-08 15:29:44,2026-02-08 15:31:12,2026-02-08 16:00:54,13.3,29.7,13.1,405.6,20.0,324.48,5.0,10
FUL_001390,BK_001390,DRV_0027,VEH_0027,2026-03-11 16:23:09,2026-03-11 16:28:15,2026-03-11 16:31:30,2026-03-11 16:51:00,5.1,19.5,12.4,165.4,20.0,132.32,4.0,10
FUL_001393,BK_001393,DRV_0250,VEH_0250,2026-02-03 00:00:22,2026-02-03 00:07:16,2026-02-03 00:10:01,2026-02-03 01:07:19,6.9,57.3,24.2,800.8,20.0,640.64,5.0,50
FUL_001394,BK_001394,DRV_0112,VEH_0112,2026-03-16 13:05:36,2026-03-16 13:19:06,2026-03-16 13:21:47,2026-03-16 14:06:11,13.5,44.4,18.3,367.6,20.0,294.08,5.0,50
FUL_001395,BK_001395,DRV_0236,VEH_0236,2026-02-09 20:35:34,2026-02-09 20:44:40,2026-02-09 20:47:52,2026-02-09 21:17:04,9.1,29.2,19.3,936.32,20.0,749.06,5.0,20
FUL_001396,BK_001396,DRV_0307,VEH_0307,2026-02-22 08:49:10,2026-02-22 08:51:16,2026-02-22 08:52:37,2026-02-22 09:24:01,2.1,31.4,13.9,1042.08,20.0,833.66,5.0,10
FUL_001397,BK_001397,DRV_0114,VEH_0114,2026-02-10 08:36:34,2026-02-10 08:50:28,2026-02-10 08:52:40,2026-02-10 10:06:46,13.9,74.1,29.8,1138.62,20.0,910.9,5.0,0
FUL_001398,BK_001398,DRV_0044,VEH_0044,2026-03-11 11:35:44,2026-03-11 11:47:56,2026-03-11 11:51:32,2026-03-11 12:36:26,12.2,44.9,28.2,742.98,20.0,594.38,5.0,0
FUL_001399,BK_001399,DRV_0293,VEH_0293,2026-02-08 04:22:24,2026-02-08 04:29:36,2026-02-08 04:31:34,2026-02-08 04:41:34,7.2,10.0,5.9,262.08,20.0,209.66,4.0,0
FUL_001402,BK_001402,DRV_0054,VEH_0054,2026-03-13 06:28:15,2026-03-13 06:35:39,2026-03-13 06:37:52,2026-03-13 07:14:52,7.4,37.0,15.1,202.6,20.0,162.08,5.0,50
FUL_001403,BK_001403,DRV_0305,VEH_0305,2026-02-12 12:46:55,2026-02-12 12:51:37,2026-02-12 12:52:50,2026-02-12 13:14:08,4.7,21.3,9.6,327.6,20.0,262.08,5.0,30
FUL_001405,BK_001405,DRV_0108,VEH_0108,2026-02-20 07:42:57,2026-02-20 07:54:57,2026-02-20 07:58:10,2026-02-20 08:47:22,12.0,49.2,28.9,842.8,20.0,674.24,5.0,50
FUL_001407,BK_001407,DRV_0306,VEH_0306,2026-03-08 17:41:23,2026-03-08 17:48:23,2026-03-08 17:49:46,2026-03-08 18:20:46,7.0,31.0,14.8,458.56,20.0,366.85,3.0,0
FUL_001408,BK_001408,DRV_0047,VEH_0047,2026-02-04 17:15:26,2026-02-04 17:27:38,2026-02-04 17:31:33,2026-02-04 18:29:15,12.2,57.7,23.9,1386.84,20.0,1109.47,2.0,0
FUL_001409,BK_001409,DRV_0239,VEH_0239,2026-02-13 10:42:24,2026-02-13 10:51:06,2026-02-13 10:53:09,2026-02-13 11:13:33,8.7,20.4,7.5,280.0,20.0,224.0,4.0,0
FUL_001410,BK_001410,DRV_0244,VEH_0244,2026-03-05 22:35:29,2026-03-05 22:48:35,2026-03-05 22:49:43,2026-03-05 23:27:13,13.1,37.5,20.2,752.64,20.0,602.11,5.0,0
FUL_001412,BK_001412,DRV_0015,VEH_0015,2026-02-09 08:40:05,2026-02-09 08:51:17,2026-02-09 08:54:35,2026-02-09 09:27:35,11.2,33.0,19.5,708.24,20.0,566.59,5.0,30
FUL_001413,BK_001413,DRV_0007,VEH_0007,2026-02-25 13:27:58,2026-02-25 13:31:04,2026-02-25 13:34:46,2026-02-25 13:48:40,3.1,13.9,6.5,277.68,20.0,222.14,5.0,0
FUL_001414,BK_001414,DRV_0114,VEH_0114,2026-02-10 08:32:48,2026-02-10 08:45:00,2026-02-10 08:47:30,2026-02-10 09:21:30,12.2,34.0,17.6,441.12,20.0,352.9,4.0,30
FUL_001415,BK_001415,DRV_0103,VEH_0103,2026-03-17 08:12:30,2026-03-17 08:21:42,2026-03-17 08:24:32,2026-03-17 08:31:08,9.2,6.6,3.8,125.76,20.0,100.61,5.0,10
FUL_001416,BK_001416,DRV_0243,VEH_0243,2026-03-04 05:34:23,2026-03-04 05:39:41,2026-03-04 05:41:41,2026-03-04 06:13:53,5.3,32.2,12.0,172.6,20.0,138.08,5.0,0
FUL_001417,BK_001417,DRV_0096,VEH_0096,2026-02-14 16:31:15,2026-02-14 16:41:21,2026-02-14 16:43:46,2026-02-14 16:52:58,10.1,9.2,6.3,110.66,20.0,88.53,5.0,50
FUL_001418,BK_001418,DRV_0051,VEH_0051,2026-03-15 01:18:04,2026-03-15 01:29:04,2026-03-15 01:32:32,2026-03-15 01:57:38,11.0,25.1,14.7,292.0,20.0,233.6,5.0,30
FUL_001419,BK_001419,DRV_0109,VEH_0109,2026-02-07 06:29:28,2026-02-07 06:35:58,2026-02-07 06:36:58,2026-02-07 06:57:16,6.5,20.3,8.7,328.9,20.0,263.12,4.0,0
FUL_001421,BK_001421,DRV_0246,VEH_0246,2026-02-12 00:19:16,2026-02-12 00:25:46,2026-02-12 00:27:09,2026-02-12 00:50:39,6.5,23.5,13.3,178.6,20.0,142.88,5.0,30
FUL_001423,BK_001423,DRV_0081,VEH_0081,2026-02-07 18:22:35,2026-02-07 18:32:53,2026-02-07 18:36:11,2026-02-07 18:42:11,10.3,6.0,3.1,250.88,20.0,200.7,5.0,20
FUL_001425,BK_001425,DRV_0082,VEH_0082,2026-02-12 23:35:26,2026-02-12 23:49:02,2026-02-12 23:50:52,2026-02-12 23:58:40,13.6,7.8,3.6,104.8,20.0,83.84,5.0,0
FUL_001427,BK_001427,DRV_0232,VEH_0232,2026-03-12 16:57:18,2026-03-12 16:59:54,2026-03-12 17:02:59,2026-03-12 17:15:59,2.6,13.0,6.3,231.4,20.0,185.12,4.0,0
FUL_001429,BK_001429,DRV_0042,VEH_0042,2026-02-10 04:53:24,2026-02-10 04:59:54,2026-02-10 05:01:29,2026-02-10 05:34:05,6.5,32.6,12.2,377.0,20.0,301.6,5.0,0
FUL_001430,BK_001430,DRV_0272,VEH_0272,2026-02-03 16:56:37,2026-02-03 17:01:43,2026-02-03 17:02:56,2026-02-03 17:41:44,5.1,38.8,17.4,353.2,20.0,282.56,5.0,10
FUL_001432,BK_001432,DRV_0075,VEH_0075,2026-03-06 03:22:22,2026-03-06 03:31:58,2026-03-06 03:34:33,2026-03-06 04:08:33,9.6,34.0,18.3,388.52,20.0,310.82,5.0,30
FUL_001433,BK_001433,DRV_0143,VEH_0143,2026-03-13 12:51:18,2026-03-13 12:56:30,2026-03-13 12:59:30,2026-03-13 13:14:06,5.2,14.6,7.8,262.6,20.0,210.08,5.0,50
FUL_001434,BK_001434,DRV_0057,VEH_0057,2026-03-11 19:46:15,2026-03-11 19:57:57,2026-03-11 19:59:15,2026-03-11 20:37:57,11.7,38.7,16.0,893.88,20.0,715.1,5.0,50
FUL_001437,BK_001437,DRV_0295,VEH_0295,2026-02-08 18:35:35,2026-02-08 18:40:17,2026-02-08 18:42:53,2026-02-08 19:37:59,4.7,55.1,25.8,1456.56,20.0,1165.25,5.0,0
FUL_001439,BK_001439,DRV_0047,VEH_0047,2026-02-23 18:16:16,2026-02-23 18:27:52,2026-02-23 18:30:18,2026-02-23 18:58:42,11.6,28.4,19.4,1291.68,20.0,1033.34,5.0,10
FUL_001442,BK_001442,DRV_0091,VEH_0091,2026-03-08 10:50:14,2026-03-08 10:57:50,2026-03-08 10:59:26,2026-03-08 12:06:32,7.6,67.1,28.0,613.08,20.0,490.46,5.0,0
FUL_001443,BK_001443,DRV_0002,VEH_0002,2026-02-02 12:53:45,2026-02-02 13:00:15,2026-02-02 13:01:21,2026-02-02 13:15:09,6.5,13.8,7.7,320.32,20.0,256.26,5.0,10
FUL_001444,BK_001444,DRV_0183,VEH_0183,2026-03-02 09:24:18,2026-03-02 09:29:30,2026-03-02 09:32:31,2026-03-02 10:05:07,5.2,32.6,21.8,765.36,20.0,612.29,4.0,0
FUL_001445,BK_001445,DRV_0266,VEH_0266,2026-02-27 03:41:20,2026-02-27 03:46:14,2026-02-27 03:48:26,2026-02-27 04:26:26,4.9,38.0,25.1,314.2,20.0,251.36,5.0,30
FUL_001446,BK_001446,DRV_0276,VEH_0276,2026-02-14 02:49:30,2026-02-14 02:54:00,2026-02-14 02:56:34,2026-02-14 03:17:58,4.5,21.4,9.7,399.84,20.0,319.87,4.0,50
FUL_001447,BK_001447,DRV_0316,VEH_0316,2026-02-12 23:27:55,2026-02-12 23:39:43,2026-02-12 23:40:45,2026-02-13 00:10:15,11.8,29.5,14.2,341.76,20.0,273.41,5.0,0
FUL_001448,BK_001448,DRV_0135,VEH_0135,2026-02-07 01:20:03,2026-02-07 01:23:15,2026-02-07 01:24:33,2026-02-07 02:10:33,3.2,46.0,28.7,359.8,20.0,287.84,3.0,0
FUL_001449,BK_001449,DRV_0138,VEH_0138,2026-02-26 20:16:24,2026-02-26 20:20:36,2026-02-26 20:22:57,2026-02-26 20:37:39,4.2,14.7,9.7,323.2,20.0,258.56,4.0,0
FUL_001452,BK_001452,DRV_0301,VEH_0301,2026-03-02 12:17:52,2026-03-02 12:20:40,2026-03-02 12:23:13,2026-03-02 12:31:19,2.8,8.1,3.9,134.4,20.0,107.52,4.0,10
FUL_001453,BK_001453,DRV_0165,VEH_0165,2026-02-22 12:40:56,2026-02-22 12:49:08,2026-02-22 12:52:11,2026-02-22 13:14:17,8.2,22.1,13.1,474.24,20.0,379.39,4.0,0
FUL_001454,BK_001454,DRV_0274,VEH_0274,2026-03-12 05:19:30,2026-03-12 05:22:06,2026-03-12 05:24:43,2026-03-12 05:36:19,2.6,11.6,6.3,280.8,20.0,224.64,5.0,30
FUL_001455,BK_001455,DRV_0278,VEH_0278,2026-02-17 11:12:50,2026-02-17 11:18:50,2026-02-17 11:21:49,2026-02-17 11:59:19,6.0,37.5,20.5,948.48,20.0,758.78,5.0,20
FUL_001456,BK_001456,DRV_0266,VEH_0266,2026-02-12 20:17:04,2026-02-12 20:25:22,2026-02-12 20:27:22,2026-02-12 20:42:40,8.3,15.3,9.7,252.36,20.0,201.89,5.0,0
FUL_001457,BK_001457,DRV_0218,VEH_0218,2026-02-20 02:59:37,2026-02-20 03:12:19,2026-02-20 03:15:54,2026-02-20 03:36:00,12.7,20.1,9.6,331.76,20.0,265.41,5.0,50
FUL_001459,BK_001459,DRV_0293,VEH_0293,2026-03-11 07:41:12,2026-03-11 07:43:24,2026-03-11 07:45:08,2026-03-11 08:43:08,2.2,58.0,26.6,715.0,20.0,572.0,5.0,10
FUL_001460,BK_001460,DRV_0030,VEH_0030,2026-02-04 00:22:21,2026-02-04 00:30:51,2026-02-04 00:34:03,2026-02-04 01:26:39,8.5,52.6,25.0,303.4,20.0,242.72,4.0,10
FUL_001461,BK_001461,DRV_0043,VEH_0043,2026-02-27 19:46:17,2026-02-27 19:58:41,2026-02-27 20:02:26,2026-02-27 20:38:20,12.4,35.9,25.5,561.24,20.0,448.99,5.0,10
FUL_001462,BK_001462,DRV_0224,VEH_0224,2026-02-06 05:37:16,2026-02-06 05:42:52,2026-02-06 05:46:36,2026-02-06 06:10:48,5.6,24.2,12.6,392.6,20.0,314.08,4.0,50
FUL_001465,BK_001465,DRV_0204,VEH_0204,2026-02-28 13:52:17,2026-02-28 13:59:53,2026-02-28 14:03:24,2026-02-28 14:41:42,7.6,38.3,15.8,481.0,20.0,384.8,5.0,50
FUL_001466,BK_001466,DRV_0227,VEH_0227,2026-02-22 04:44:54,2026-02-22 04:47:42,2026-02-22 04:51:23,2026-02-22 05:35:59,2.8,44.6,29.5,352.6,20.0,282.08,5.0,0
FUL_001467,BK_001467,DRV_0196,VEH_0196,2026-03-11 10:32:05,2026-03-11 10:42:29,2026-03-11 10:45:54,2026-03-11 11:36:00,10.4,50.1,23.7,1392.3,20.0,1113.84,5.0,0
FUL_001468,BK_001468,DRV_0235,VEH_0235,2026-03-06 03:14:36,2026-03-06 03:22:06,2026-03-06 03:25:36,2026-03-06 04:11:06,7.5,45.5,21.6,503.76,20.0,403.01,5.0,50
FUL_001469,BK_001469,DRV_0129,VEH_0129,2026-02-09 12:34:26,2026-02-09 12:40:56,2026-02-09 12:44:52,2026-02-09 13:20:58,6.5,36.1,20.9,312.24,20.0,249.79,4.0,50
FUL_001470,BK_001470,DRV_0224,VEH_0224,2026-03-13 14:09:08,2026-03-13 14:18:38,2026-03-13 14:21:24,2026-03-13 15:25:12,9.5,63.8,24.1,755.04,20.0,604.03,5.0,0
FUL_001471,BK_001471,DRV_0313,VEH_0313,2026-02-06 16:01:34,2026-02-06 16:14:10,2026-02-06 16:15:51,2026-02-06 17:01:33,12.6,45.7,27.9,846.56,20.0,677.25,5.0,30
FUL_001473,BK_001473,DRV_0274,VEH_0274,2026-02-04 11:06:40,2026-02-04 11:15:46,2026-02-04 11:16:59,2026-02-04 11:37:59,9.1,21.0,14.3,992.16,20.0,793.73,5.0,0
FUL_001474,BK_001474,DRV_0043,VEH_0043,2026-02-04 06:26:26,2026-02-04 06:35:26,2026-02-04 06:37:32,2026-02-04 06:53:02,9.0,15.5,11.4,154.6,20.0,123.68,5.0,0
FUL_001475,BK_001475,DRV_0319,VEH_0319,2026-02-13 05:53:17,2026-02-13 06:05:35,2026-02-13 06:09:27,2026-02-13 06:32:57,12.3,23.5,14.1,514.8,20.0,411.84,5.0,30
FUL_001477,BK_001477,DRV_0062,VEH_0062,2026-03-02 12:57:18,2026-03-02 13:07:06,2026-03-02 13:09:33,2026-03-02 13:33:03,9.8,23.5,15.9,523.38,20.0,418.7,4.0,0
FUL_001478,BK_001478,DRV_0089,VEH_0089,2026-02-11 05:42:25,2026-02-11 05:51:43,2026-02-11 05:53:24,2026-02-11 06:32:12,9.3,38.8,18.6,580.58,20.0,464.46,5.0,30
FUL_001479,BK_001479,DRV_0028,VEH_0028,2026-02-12 07:00:20,2026-02-12 07:09:44,2026-02-12 07:13:19,2026-02-12 07:34:37,9.4,21.3,14.3,185.8,20.0,148.64,1.0,0
FUL_001483,BK_001483,DRV_0126,VEH_0126,2026-03-17 22:26:23,2026-03-17 22:32:05,2026-03-17 22:34:32,2026-03-17 22:48:02,5.7,13.5,5.6,104.88,20.0,83.9,5.0,0
FUL_001484,BK_001484,DRV_0274,VEH_0274,2026-02-19 11:34:05,2026-02-19 11:45:53,2026-02-19 11:49:12,2026-02-19 11:58:54,11.8,9.7,5.8,436.8,20.0,349.44,5.0,50
FUL_001485,BK_001485,DRV_0140,VEH_0140,2026-03-13 00:19:49,2026-03-13 00:26:07,2026-03-13 00:28:39,2026-03-13 01:10:39,6.3,42.0,20.6,561.6,20.0,449.28,5.0,10
FUL_001486,BK_001486,DRV_0013,VEH_0013,2026-03-16 15:46:32,2026-03-16 15:55:56,2026-03-16 15:58:22,2026-03-16 16:05:10,9.4,6.8,4.3,115.6,20.0,92.48,5.0,0
FUL_001487,BK_001487,DRV_0089,VEH_0089,2026-03-05 09:36:20,2026-03-05 09:43:02,2026-03-05 09:45:42,2026-03-05 10:17:48,6.7,32.1,20.6,808.08,20.0,646.46,5.0,0
FUL_001488,BK_001488,DRV_0138,VEH_0138,2026-03-10 15:28:02,2026-03-10 15:30:50,2026-03-10 15:32:52,2026-03-10 15:44:28,2.8,11.6,7.3,167.8,20.0,134.24,5.0,30
FUL_001489,BK_001489,DRV_0294,VEH_0294,2026-02-14 12:32:30,2026-02-14 12:38:36,2026-02-14 12:41:29,2026-02-14 13:24:29,6.1,43.0,20.8,457.82,20.0,366.26,5.0,50
FUL_001492,BK_001492,DRV_0039,VEH_0039,2026-02-18 20:17:26,2026-02-18 20:21:50,2026-02-18 20:24:17,2026-02-18 21:04:35,4.4,40.3,20.0,1453.92,20.0,1163.14,1.0,0
FUL_001494,BK_001494,DRV_0113,VEH_0113,2026-02-06 13:19:30,2026-02-06 13:28:42,2026-02-06 13:30:49,2026-02-06 13:57:07,9.2,26.3,13.5,530.88,20.0,424.7,5.0,0
FUL_001496,BK_001496,DRV_0271,VEH_0271,2026-02-04 13:03:08,2026-02-04 13:11:02,2026-02-04 13:13:53,2026-02-04 14:28:35,7.9,74.7,28.3,540.4,20.0,432.32,5.0,0
FUL_001497,BK_001497,DRV_0180,VEH_0180,2026-02-06 17:23:46,2026-02-06 17:35:04,2026-02-06 17:37:07,2026-02-06 17:43:19,11.3,6.2,3.4,101.44,20.0,81.15,3.0,30
FUL_001498,BK_001498,DRV_0239,VEH_0239,2026-02-06 06:12:03,2026-02-06 06:16:39,2026-02-06 06:19:21,2026-02-06 06:33:33,4.6,14.2,8.9,240.24,20.0,192.19,3.0,30
FUL_001499,BK_001499,DRV_0302,VEH_0302,2026-03-02 08:21:48,2026-03-02 08:33:30,2026-03-02 08:35:23,2026-03-02 09:28:35,11.7,53.2,20.0,829.92,20.0,-150.0,4.0,20
FUL_001501,BK_001501,DRV_0184,VEH_0184,2026-02-27 07:30:44,2026-02-27 07:33:32,2026-02-27 07:37:18,2026-02-27 08:09:18,2.8,32.0,15.4,304.6,20.0,243.68,5.0,20
FUL_001503,BK_001503,DRV_0080,VEH_0080,2026-02-10 23:22:16,2026-02-10 23:31:16,2026-02-10 23:33:07,2026-02-11 00:22:13,9.0,49.1,26.2,493.6,20.0,394.88,5.0,0
FUL_001504,BK_001504,DRV_0063,VEH_0063,2026-02-03 14:21:46,2026-02-03 14:24:46,2026-02-03 14:26:23,2026-02-03 15:20:23,3.0,54.0,20.7,666.4,20.0,533.12,5.0,0
FUL_001505,BK_001505,DRV_0008,VEH_0008,2026-03-01 23:34:25,2026-03-01 23:41:55,2026-03-01 23:43:03,2026-03-02 00:08:39,7.5,25.6,15.6,311.8,20.0,249.44,5.0,10
FUL_001506,BK_001506,DRV_0002,VEH_0002,2026-03-02 11:35:29,2026-03-02 11:45:23,2026-03-02 11:47:06,2026-03-02 11:56:48,9.9,9.7,6.0,511.56,20.0,409.25,3.0,0
FUL_001507,BK_001507,DRV_0111,VEH_0111,2026-02-02 18:19:19,2026-02-02 18:26:31,2026-02-02 18:28:31,2026-02-02 18:41:37,7.2,13.1,8.2,315.12,20.0,252.1,3.0,0
FUL_001508,BK_001508,DRV_0061,VEH_0061,2026-03-06 23:16:06,2026-03-06 23:23:00,2026-03-06 23:24:06,2026-03-06 23:45:18,6.9,21.2,9.9,145.0,20.0,116.0,4.0,0
FUL_001510,BK_001510,DRV_0078,VEH_0078,2026-03-12 19:15:02,2026-03-12 19:21:32,2026-03-12 19:24:29,2026-03-12 19:42:47,6.5,18.3,7.6,535.08,20.0,428.06,5.0,0
FUL_001511,BK_001511,DRV_0126,VEH_0126,2026-02-25 13:28:44,2026-02-25 13:38:26,2026-02-25 13:40:31,2026-02-25 13:55:55,9.7,15.4,8.9,124.6,20.0,99.68,5.0,0
FUL_001512,BK_001512,DRV_0174,VEH_0174,2026-03-11 03:12:38,2026-03-11 03:20:38,2026-03-11 03:22:31,2026-03-11 03:40:07,8.0,17.6,11.6,175.34,20.0,140.27,5.0,0
FUL_001513,BK_001513,DRV_0164,VEH_0164,2026-02-20 19:02:29,2026-02-20 19:15:53,2026-02-20 19:17:37,2026-02-20 19:28:55,13.4,11.3,7.3,372.4,20.0,297.92,5.0,0
FUL_001514,BK_001514,DRV_0294,VEH_0294,2026-02-09 07:42:26,2026-02-09 07:48:26,2026-02-09 07:49:57,2026-02-09 08:38:39,6.0,48.7,25.9,568.56,20.0,454.85,5.0,20
FUL_001515,BK_001515,DRV_0094,VEH_0094,2026-03-08 00:32:20,2026-03-08 00:35:02,2026-03-08 00:38:46,2026-03-08 01:02:40,2.7,23.9,11.8,283.58,20.0,226.86,5.0,20
FUL_001516,BK_001516,DRV_0165,VEH_0165,2026-02-14 09:09:55,2026-02-14 09:19:55,2026-02-14 09:21:55,2026-02-14 10:09:49,10.0,47.9,27.7,1357.2,20.0,1085.76,5.0,30
FUL_001518,BK_001518,DRV_0296,VEH_0296,2026-02-05 22:48:08,2026-02-05 23:01:32,2026-02-05 23:04:46,2026-02-05 23:13:10,13.4,8.4,4.5,80.2,20.0,64.16,5.0,10
FUL_001519,BK_001519,DRV_0016,VEH_0016,2026-02-12 11:05:23,2026-02-12 11:09:11,2026-02-12 11:11:52,2026-02-12 11:35:16,3.8,23.4,13.0,666.24,20.0,532.99,5.0,0
FUL_001520,BK_001520,DRV_0245,VEH_0245,2026-02-05 00:59:40,2026-02-05 01:09:58,2026-02-05 01:11:13,2026-02-05 02:08:49,10.3,57.6,26.3,334.6,20.0,267.68,5.0,0
FUL_001521,BK_001521,DRV_0168,VEH_0168,2026-03-16 04:00:16,2026-03-16 04:13:46,2026-03-16 04:17:28,2026-03-16 05:01:28,13.5,44.0,17.5,491.4,20.0,393.12,5.0,10
FUL_001522,BK_001522,DRV_0247,VEH_0247,2026-03-17 19:22:53,2026-03-17 19:34:17,2026-03-17 19:36:36,2026-03-17 20:30:06,11.4,53.5,23.7,1137.92,20.0,910.34,4.0,0
FUL_001523,BK_001523,DRV_0067,VEH_0067,2026-02-10 14:03:29,2026-02-10 14:15:47,2026-02-10 14:18:32,2026-02-10 14:40:20,12.3,21.8,13.9,199.0,20.0,159.2,5.0,10
FUL_001524,BK_001524,DRV_0239,VEH_0239,2026-03-02 11:16:26,2026-03-02 11:25:50,2026-03-02 11:28:11,2026-03-02 12:04:05,9.4,35.9,21.4,758.88,20.0,607.1,4.0,0
FUL_001526,BK_001526,DRV_0022,VEH_0022,2026-03-06 12:51:43,2026-03-06 12:56:31,2026-03-06 13:00:25,2026-03-06 13:51:19,4.8,50.9,23.9,773.76,20.0,619.01,5.0,50
FUL_001527,BK_001527,DRV_0161,VEH_0161,2026-02-14 01:24:24,2026-02-14 01:36:48,2026-02-14 01:39:16,2026-02-14 01:50:10,12.4,10.9,4.7,189.8,20.0,151.84,5.0,0
FUL_001528,BK_001528,DRV_0031,VEH_0031,2026-03-08 08:51:35,2026-03-08 09:04:17,2026-03-08 09:05:23,2026-03-08 09:50:41,12.7,45.3,26.1,384.24,20.0,307.39,5.0,30
FUL_001529,BK_001529,DRV_0025,VEH_0025,2026-03-07 07:00:40,2026-03-07 07:05:46,2026-03-07 07:09:27,2026-03-07 07:22:33,5.1,13.1,8.9,131.8,20.0,105.44,5.0,0
FUL_001530,BK_001530,DRV_0041,VEH_0041,2026-02-04 15:34:27,2026-02-04 15:42:15,2026-02-04 15:46:04,2026-02-04 16:22:34,7.8,36.5,20.3,660.66,20.0,528.53,5.0,0
FUL_001531,BK_001531,DRV_0071,VEH_0071,2026-03-09 05:40:27,2026-03-09 05:49:27,2026-03-09 05:51:22,2026-03-09 06:03:22,9.0,12.0,7.5,317.24,20.0,253.79,5.0,50
FUL_001532,BK_001532,DRV_0177,VEH_0177,2026-02-26 12:55:23,2026-02-26 13:02:53,2026-02-26 13:05:46,2026-02-26 13:16:10,7.5,10.4,5.2,128.2,20.0,102.56,3.0,0
FUL_001533,BK_001533,DRV_0229,VEH_0229,2026-02-22 22:24:09,2026-02-22 22:28:27,2026-02-22 22:29:39,2026-02-22 22:57:21,4.3,27.7,16.5,598.08,20.0,478.46,5.0,50
FUL_001534,BK_001534,DRV_0175,VEH_0175,2026-03-08 20:39:30,2026-03-08 20:45:42,2026-03-08 20:49:19,2026-03-08 21:06:55,6.2,17.6,6.8,552.72,20.0,442.18,3.0,0
FUL_001536,BK_001536,DRV_0049,VEH_0049,2026-03-06 21:50:51,2026-03-06 21:58:39,2026-03-06 22:02:04,2026-03-06 22:05:52,7.8,3.8,2.6,228.48,20.0,182.78,5.0,10
FUL_001539,BK_001539,DRV_0111,VEH_0111,2026-02-14 17:35:13,2026-02-14 17:39:07,2026-02-14 17:41:19,2026-02-14 18:04:13,3.9,22.9,14.2,607.88,20.0,486.3,5.0,10
FUL_001542,BK_001542,DRV_0274,VEH_0274,2026-03-09 02:06:15,2026-03-09 02:08:15,2026-03-09 02:11:09,2026-03-09 02:46:45,2.0,35.6,22.9,786.24,20.0,628.99,5.0,10
FUL_001543,BK_001543,DRV_0004,VEH_0004,2026-02-25 15:47:19,2026-02-25 15:57:55,2026-02-25 15:59:16,2026-02-25 16:21:46,10.6,22.5,15.4,449.8,20.0,359.84,5.0,0
FUL_001545,BK_001545,DRV_0059,VEH_0059,2026-02-01 07:24:49,2026-02-01 07:32:13,2026-02-01 07:35:37,2026-02-01 07:43:31,7.4,7.9,3.7,67.0,20.0,53.6,5.0,0
FUL_001546,BK_001546,DRV_0273,VEH_0273,2026-02-10 02:10:22,2026-02-10 02:19:28,2026-02-10 02:23:14,2026-02-10 03:35:14,9.1,72.0,28.5,344.2,20.0,275.36,5.0,20
FUL_001547,BK_001547,DRV_0017,VEH_0017,2026-02-25 02:33:24,2026-02-25 02:35:42,2026-02-25 02:37:36,2026-02-25 02:47:42,2.3,10.1,6.2,232.4,20.0,185.92,5.0,20
FUL_001548,BK_001548,DRV_0060,VEH_0060,2026-03-09 01:14:15,2026-03-09 01:22:57,2026-03-09 01:26:20,2026-03-09 02:24:02,8.7,57.7,28.5,414.48,20.0,331.58,5.0,0
FUL_001549,BK_001549,DRV_0135,VEH_0135,2026-02-02 06:40:26,2026-02-02 06:50:08,2026-02-02 06:54:02,2026-02-02 07:31:32,9.7,37.5,21.9,320.54,20.0,256.43,5.0,0
FUL_001550,BK_001550,DRV_0250,VEH_0250,2026-02-12 15:42:57,2026-02-12 15:51:33,2026-02-12 15:55:25,2026-02-12 16:22:13,8.6,26.8,19.0,574.0,20.0,459.2,5.0,10
FUL_001551,BK_001551,DRV_0001,VEH_0001,2026-02-09 17:48:10,2026-02-09 17:56:58,2026-02-09 17:58:06,2026-02-09 18:50:00,8.8,51.9,25.8,1457.82,20.0,1166.26,5.0,30
FUL_001552,BK_001552,DRV_0287,VEH_0287,2026-02-16 08:09:49,2026-02-16 08:16:19,2026-02-16 08:19:59,2026-02-16 08:42:17,6.5,22.3,8.8,357.12,20.0,285.7,5.0,0
FUL_001553,BK_001553,DRV_0039,VEH_0039,2026-02-14 20:24:17,2026-02-14 20:32:23,2026-02-14 20:33:58,2026-02-14 20:43:58,8.1,10.0,6.3,469.56,20.0,375.65,5.0,30
FUL_001555,BK_001555,DRV_0106,VEH_0106,2026-03-14 06:04:19,2026-03-14 06:09:37,2026-03-14 06:11:58,2026-03-14 06:31:34,5.3,19.6,7.8,184.0,20.0,147.2,5.0,0
FUL_001557,BK_001557,DRV_0171,VEH_0171,2026-02-01 22:19:45,2026-02-01 22:33:45,2026-02-01 22:35:23,2026-02-01 22:46:59,14.0,11.6,7.0,106.6,20.0,85.28,5.0,10
FUL_001558,BK_001558,DRV_0084,VEH_0084,2026-03-02 09:05:50,2026-03-02 09:08:02,2026-03-02 09:11:31,2026-03-02 09:40:01,2.2,28.5,16.3,1021.02,20.0,816.82,3.0,0
FUL_001559,BK_001559,DRV_0084,VEH_0084,2026-03-16 13:02:26,2026-03-16 13:09:20,2026-03-16 13:11:57,2026-03-16 13:50:39,6.9,38.7,25.8,691.6,20.0,553.28,5.0,0
FUL_001560,BK_001560,DRV_0246,VEH_0246,2026-02-22 20:40:00,2026-02-22 20:51:00,2026-02-22 20:54:54,2026-02-22 21:15:18,11.0,20.4,8.2,149.52,20.0,119.62,5.0,0
FUL_001561,BK_001561,DRV_0260,VEH_0260,2026-02-08 03:10:28,2026-02-08 03:19:22,2026-02-08 03:22:17,2026-02-08 03:33:41,8.9,11.4,5.2,130.0,20.0,104.0,5.0,50
FUL_001562,BK_001562,DRV_0111,VEH_0111,2026-03-02 15:45:10,2026-03-02 15:48:22,2026-03-02 15:49:48,2026-03-02 16:22:06,3.2,32.3,21.0,608.4,20.0,486.72,5.0,10
FUL_001563,BK_001563,DRV_0190,VEH_0190,2026-02-17 08:33:33,2026-02-17 08:38:15,2026-02-17 08:40:06,2026-02-17 08:44:12,4.7,4.1,2.7,299.88,20.0,239.9,2.0,0
FUL_001564,BK_001564,DRV_0049,VEH_0049,2026-02-22 10:26:11,2026-02-22 10:36:59,2026-02-22 10:40:29,2026-02-22 10:59:41,10.8,19.2,10.4,729.12,20.0,583.3,5.0,10
FUL_001565,BK_001565,DRV_0281,VEH_0281,2026-03-15 02:53:08,2026-03-15 03:03:38,2026-03-15 03:05:39,2026-03-15 04:03:21,10.5,57.7,28.9,848.4,20.0,678.72,5.0,30
FUL_001566,BK_001566,DRV_0298,VEH_0298,2026-03-10 15:09:24,2026-03-10 15:21:00,2026-03-10 15:23:52,2026-03-10 16:03:46,11.6,39.9,16.5,225.4,20.0,180.32,5.0,30
FUL_001567,BK_001567,DRV_0298,VEH_0298,2026-02-18 20:01:46,2026-02-18 20:05:22,2026-02-18 20:06:57,2026-02-18 20:42:39,3.6,35.7,19.4,604.32,20.0,483.46,5.0,0
FUL_001569,BK_001569,DRV_0025,VEH_0025,2026-02-10 00:20:13,2026-02-10 00:32:13,2026-02-10 00:35:32,2026-02-10 00:42:56,12.0,7.4,3.5,64.6,20.0,51.68,5.0,0
FUL_001570,BK_001570,DRV_0211,VEH_0211,2026-02-13 01:37:03,2026-02-13 01:43:39,2026-02-13 01:45:16,2026-02-13 02:11:28,6.6,26.2,19.0,589.16,20.0,471.33,5.0,10
FUL_001571,BK_001571,DRV_0047,VEH_0047,2026-02-20 00:48:41,2026-02-20 01:01:41,2026-02-20 01:03:06,2026-02-20 02:06:54,13.0,63.8,26.8,725.4,20.0,580.32,5.0,0
FUL_001573,BK_001573,DRV_0194,VEH_0194,2026-02-09 13:58:46,2026-02-09 14:06:40,2026-02-09 14:10:10,2026-02-09 14:55:52,7.9,45.7,26.9,526.0,20.0,420.8,4.0,50
FUL_001574,BK_001574,DRV_0264,VEH_0264,2026-02-24 12:30:28,2026-02-24 12:35:58,2026-02-24 12:38:04,2026-02-24 12:54:34,5.5,16.5,6.7,257.6,20.0,206.08,5.0,20
FUL_001575,BK_001575,DRV_0204,VEH_0204,2026-02-16 03:09:21,2026-02-16 03:21:45,2026-02-16 03:25:02,2026-02-16 04:05:14,12.4,40.2,26.4,780.78,20.0,624.62,5.0,0
FUL_001578,BK_001578,DRV_0306,VEH_0306,2026-02-14 07:20:32,2026-02-14 07:27:02,2026-02-14 07:30:37,2026-02-14 08:16:31,6.5,45.9,22.1,423.4,20.0,338.72,5.0,0
FUL_001579,BK_001579,DRV_0086,VEH_0086,2026-02-14 13:36:34,2026-02-14 13:46:52,2026-02-14 13:50:38,2026-02-14 14:28:20,10.3,37.7,22.4,491.48,20.0,393.18,5.0,30
FUL_001585,BK_001585,DRV_0232,VEH_0232,2026-02-02 08:14:21,2026-02-02 08:17:45,2026-02-02 08:19:18,2026-02-02 09:17:12,3.4,57.9,26.4,1572.48,20.0,1257.98,4.0,0
FUL_001586,BK_001586,DRV_0178,VEH_0178,2026-03-14 03:52:22,2026-03-14 04:02:58,2026-03-14 04:06:39,2026-03-14 04:28:33,10.6,21.9,13.0,395.2,20.0,316.16,5.0,0
FUL_001587,BK_001587,DRV_0146,VEH_0146,2026-02-04 01:07:20,2026-02-04 01:13:26,2026-02-04 01:16:29,2026-02-04 01:22:59,6.1,6.5,4.1,187.6,20.0,150.08,5.0,0
FUL_001588,BK_001588,DRV_0218,VEH_0218,2026-02-22 02:20:16,2026-02-22 02:23:28,2026-02-22 02:25:40,2026-02-22 02:48:40,3.2,23.0,15.7,470.6,20.0,376.48,5.0,50
FUL_001589,BK_001589,DRV_0024,VEH_0024,2026-02-02 21:25:28,2026-02-02 21:32:22,2026-02-02 21:35:11,2026-02-02 21:46:05,6.9,10.9,6.7,188.4,20.0,150.72,5.0,0
FUL_001590,BK_001590,DRV_0263,VEH_0263,2026-03-15 11:28:09,2026-03-15 11:31:33,2026-03-15 11:34:15,2026-03-15 12:27:45,3.4,53.5,29.7,649.8,20.0,519.84,5.0,0
FUL_001591,BK_001591,DRV_0197,VEH_0197,2026-02-22 22:28:23,2026-02-22 22:32:53,2026-02-22 22:34:27,2026-02-22 23:25:57,4.5,51.5,25.6,715.0,20.0,572.0,5.0,30
FUL_001592,BK_001592,DRV_0145,VEH_0145,2026-02-12 11:42:30,2026-02-12 11:53:42,2026-02-12 11:56:13,2026-02-12 12:57:25,11.2,61.2,28.4,876.16,20.0,700.93,5.0,0
FUL_001593,BK_001593,DRV_0164,VEH_0164,2026-02-04 06:41:17,2026-02-04 06:50:35,2026-02-04 06:52:12,2026-02-04 07:34:00,9.3,41.8,28.1,817.6,20.0,654.08,5.0,20
FUL_001597,BK_001597,DRV_0136,VEH_0136,2026-03-02 07:51:36,2026-03-02 08:05:00,2026-03-02 08:08:22,2026-03-02 08:40:40,13.4,32.3,18.1,250.58,20.0,200.46,2.0,0
FUL_001600,BK_001600,DRV_0035,VEH_0035,2026-02-23 11:58:12,2026-02-23 12:12:00,2026-02-23 12:13:16,2026-02-23 12:33:28,13.8,20.2,12.4,348.32,20.0,278.66,5.0,30
FUL_001601,BK_001601,DRV_0269,VEH_0269,2026-02-18 08:55:13,2026-02-18 09:02:07,2026-02-18 09:03:14,2026-02-18 09:23:38,6.9,20.4,12.1,398.08,20.0,318.46,5.0,0
FUL_001603,BK_001603,DRV_0119,VEH_0119,2026-03-08 18:19:26,2026-03-08 18:28:26,2026-03-08 18:31:42,2026-03-08 19:32:54,9.0,61.2,28.4,1399.32,20.0,1119.46,5.0,0
FUL_001607,BK_001607,DRV_0176,VEH_0176,2026-02-11 07:01:00,2026-02-11 07:08:54,2026-02-11 07:10:10,2026-02-11 07:46:46,7.9,36.6,15.6,322.6,20.0,258.08,5.0,0
FUL_001608,BK_001608,DRV_0242,VEH_0242,2026-03-15 07:23:45,2026-03-15 07:35:27,2026-03-15 07:36:31,2026-03-15 08:33:13,11.7,56.7,26.5,533.06,20.0,426.45,3.0,0
FUL_001609,BK_001609,,VEH_0085,2026-02-07 21:44:48,2026-02-07 21:57:06,2026-02-07 21:59:52,2026-02-07 22:24:58,12.3,25.1,11.1,770.28,20.0,616.22,5.0,10
FUL_001610,BK_001610,DRV_0034,VEH_0034,2026-02-26 02:30:03,2026-02-26 02:41:33,2026-02-26 02:43:30,2026-02-26 02:51:48,11.5,8.3,4.8,89.54,20.0,71.63,5.0,0
FUL_001611,BK_001611,DRV_0039,VEH_0039,2026-03-16 16:24:40,2026-03-16 16:38:34,2026-03-16 16:40:31,2026-03-16 17:30:37,13.9,50.1,26.4,725.4,20.0,580.32,5.0,0
FUL_001612,BK_001612,DRV_0035,VEH_0035,2026-03-06 03:02:45,2026-03-06 03:05:33,2026-03-06 03:07:52,2026-03-06 03:47:52,2.8,40.0,15.6,331.6,20.0,265.28,3.0,0
FUL_001613,BK_001613,DRV_0109,VEH_0109,2026-02-04 04:25:44,2026-02-04 04:28:20,2026-02-04 04:30:07,2026-02-04 05:12:37,2.6,42.5,18.9,551.2,20.0,440.96,5.0,0
FUL_001614,BK_001614,DRV_0084,VEH_0084,2026-02-24 13:05:09,2026-02-24 13:13:21,2026-02-24 13:15:23,2026-02-24 13:55:47,8.2,40.4,29.5,795.6,20.0,636.48,5.0,50
FUL_001616,BK_001616,DRV_0005,VEH_0005,2026-03-03 22:33:40,2026-03-03 22:42:58,2026-03-03 22:45:49,2026-03-03 23:39:31,9.3,53.7,24.3,712.4,20.0,569.92,5.0,0
FUL_001618,BK_001618,DRV_0317,VEH_0317,2026-03-04 15:45:31,2026-03-04 15:55:25,2026-03-04 15:58:02,2026-03-04 16:20:26,9.9,22.4,15.5,465.4,20.0,372.32,5.0,20
FUL_001619,BK_001619,DRV_0105,VEH_0105,2026-03-15 07:37:10,2026-03-15 07:44:22,2026-03-15 07:46:54,2026-03-15 08:16:54,7.2,30.0,17.2,398.42,20.0,318.74,5.0,0
FUL_001621,BK_001621,DRV_0066,VEH_0066,2026-02-26 23:48:16,2026-02-26 23:56:04,2026-02-26 23:57:31,2026-02-27 00:10:13,7.8,12.7,6.2,116.4,20.0,93.12,5.0,10
FUL_001624,BK_001624,DRV_0272,VEH_0272,2026-03-09 17:22:54,2026-03-09 17:31:12,2026-03-09 17:32:19,2026-03-09 17:39:19,8.3,7.0,4.6,147.36,20.0,117.89,5.0,0
FUL_001625,BK_001625,DRV_0305,VEH_0305,2026-03-16 09:21:21,2026-03-16 09:30:51,2026-03-16 09:33:46,2026-03-16 09:52:22,9.5,18.6,12.0,710.64,20.0,568.51,5.0,0
FUL_001626,BK_001626,DRV_0244,VEH_0244,2026-02-04 03:41:50,2026-02-04 03:45:56,2026-02-04 03:49:11,2026-02-04 04:53:53,4.1,64.7,25.2,897.12,20.0,717.7,5.0,0
FUL_001627,BK_001627,DRV_0126,VEH_0126,2026-02-19 19:43:17,2026-02-19 19:49:53,2026-02-19 19:53:32,2026-02-19 20:57:38,6.6,64.1,25.6,652.26,20.0,521.81,5.0,0
FUL_001630,BK_001630,DRV_0229,VEH_0229,2026-03-16 07:20:18,2026-03-16 07:25:24,2026-03-16 07:28:33,2026-03-16 08:15:51,5.1,47.3,26.4,954.24,20.0,763.39,5.0,10
FUL_001631,BK_001631,DRV_0172,VEH_0172,2026-02-16 06:47:25,2026-02-16 07:01:07,2026-02-16 07:04:06,2026-02-16 07:28:36,13.7,24.5,13.3,263.2,20.0,210.56,5.0,10
FUL_001635,BK_001635,DRV_0266,VEH_0266,2026-02-14 22:32:23,2026-02-14 22:34:47,2026-02-14 22:35:51,2026-02-14 23:22:33,2.4,46.7,28.3,365.8,20.0,292.64,4.0,20
FUL_001636,BK_001636,DRV_0101,VEH_0101,2026-02-19 11:53:13,2026-02-19 11:57:37,2026-02-19 11:59:07,2026-02-19 12:30:13,4.4,31.1,22.3,1127.88,20.0,902.3,5.0,0
FUL_001639,BK_001639,DRV_0003,VEH_0003,2026-03-04 01:00:38,2026-03-04 01:14:08,2026-03-04 01:15:24,2026-03-04 01:39:00,13.5,23.6,10.2,332.8,20.0,266.24,5.0,50
FUL_001640,BK_001640,DRV_0113,VEH_0113,2026-03-01 11:41:27,2026-03-01 11:44:45,2026-03-01 11:46:28,2026-03-01 11:55:46,3.3,9.3,4.3,313.6,20.0,250.88,1.0,0
FUL_001641,BK_001641,DRV_0269,VEH_0269,2026-02-08 00:44:38,2026-02-08 00:56:20,2026-02-08 00:58:21,2026-02-08 01:39:15,11.7,40.9,25.0,575.04,20.0,460.03,5.0,0
FUL_001642,BK_001642,DRV_0156,VEH_0156,2026-02-16 19:47:20,2026-02-16 19:58:56,2026-02-16 20:02:24,2026-02-16 20:35:18,11.6,32.9,19.5,667.68,20.0,534.14,5.0,0
FUL_001644,BK_001644,DRV_0119,VEH_0119,2026-02-20 04:05:27,2026-02-20 04:19:27,2026-02-20 04:20:52,2026-02-20 04:43:22,14.0,22.5,8.9,326.04,20.0,260.83,5.0,30
FUL_001645,BK_001645,DRV_0105,VEH_0105,2026-03-13 10:26:47,2026-03-13 10:35:05,2026-03-13 10:37:37,2026-03-13 11:12:49,8.3,35.2,22.4,525.36,20.0,420.29,5.0,0
FUL_001646,BK_001646,DRV_0143,VEH_0143,2026-02-12 04:41:24,2026-02-12 04:48:36,2026-02-12 04:51:04,2026-02-12 05:59:40,7.2,68.6,26.5,754.0,20.0,603.2,5.0,0
FUL_001647,BK_001647,DRV_0105,VEH_0105,2026-02-11 14:33:44,2026-02-11 14:45:38,2026-02-11 14:48:13,2026-02-11 15:37:43,11.9,49.5,29.3,531.4,20.0,425.12,5.0,20
FUL_001648,BK_001648,DRV_0232,VEH_0232,2026-02-03 20:27:53,2026-02-03 20:34:17,2026-02-03 20:37:51,2026-02-03 21:21:57,6.4,44.1,18.0,757.12,20.0,605.7,4.0,0
FUL_001649,BK_001649,DRV_0273,VEH_0273,2026-03-08 03:53:23,2026-03-08 03:56:41,2026-03-08 03:58:40,2026-03-08 04:20:28,3.3,21.8,12.9,172.6,20.0,138.08,5.0,0
FUL_001651,BK_001651,DRV_0197,VEH_0197,2026-02-06 15:40:29,2026-02-06 15:43:53,2026-02-06 15:46:54,2026-02-06 15:52:24,3.4,5.5,2.8,140.4,20.0,112.32,3.0,20
FUL_001652,BK_001652,DRV_0264,VEH_0264,2026-02-24 10:13:21,2026-02-24 10:24:09,2026-02-24 10:26:37,2026-02-24 10:36:19,10.8,9.7,6.1,292.32,20.0,233.86,5.0,0
FUL_001653,BK_001653,DRV_0269,VEH_0269,2026-02-11 03:55:18,2026-02-11 04:01:36,2026-02-11 04:04:17,2026-02-11 04:42:29,6.3,38.2,23.1,493.46,20.0,394.77,5.0,10
FUL_001654,BK_001654,DRV_0038,VEH_0038,2026-03-12 13:03:16,2026-03-12 13:14:58,2026-03-12 13:16:29,2026-03-12 13:38:41,11.7,22.2,9.4,301.6,20.0,241.28,4.0,0
FUL_001655,BK_001655,DRV_0212,VEH_0212,2026-03-07 03:29:55,2026-03-07 03:37:55,2026-03-07 03:40:16,2026-03-07 04:31:10,8.0,50.9,25.1,497.2,20.0,397.76,4.0,10
FUL_001656,BK_001656,DRV_0287,VEH_0287,2026-03-04 10:01:23,2026-03-04 10:09:47,2026-03-04 10:12:57,2026-03-04 10:58:09,8.4,45.2,20.4,968.64,20.0,774.91,5.0,0
FUL_001657,BK_001657,DRV_0047,VEH_0047,2026-02-21 13:35:27,2026-02-21 13:40:21,2026-02-21 13:42:11,2026-02-21 13:51:59,4.9,9.8,3.9,163.8,20.0,131.04,5.0,0
FUL_001658,BK_001658,DRV_0105,VEH_0105,2026-02-17 17:01:40,2026-02-17 17:11:52,2026-02-17 17:13:05,2026-02-17 17:18:23,10.2,5.3,3.3,139.16,20.0,111.33,5.0,30
FUL_001660,BK_001660,DRV_0111,VEH_0111,2026-02-20 17:56:31,2026-02-20 17:59:31,2026-02-20 18:02:36,2026-02-20 18:11:54,3.0,9.3,3.6,290.16,20.0,232.13,5.0,0
FUL_001661,BK_001661,DRV_0017,VEH_0017,2026-02-26 18:21:56,2026-02-26 18:25:14,2026-02-26 18:26:53,2026-02-26 19:29:47,3.3,62.9,23.3,1151.36,20.0,921.09,4.0,0
FUL_001662,BK_001662,DRV_0261,VEH_0261,2026-03-15 19:00:05,2026-03-15 19:06:11,2026-03-15 19:08:21,2026-03-15 19:53:15,6.1,44.9,17.9,927.36,20.0,741.89,5.0,0
FUL_001663,BK_001663,DRV_0085,VEH_0085,2026-02-24 00:40:00,2026-02-24 00:46:48,2026-02-24 00:48:12,2026-02-24 01:37:06,6.8,48.9,26.0,831.6,20.0,665.28,3.0,50
FUL_001664,BK_001664,DRV_0286,VEH_0286,2026-02-23 18:03:22,2026-02-23 18:11:04,2026-02-23 18:12:55,2026-02-23 18:20:13,7.7,7.3,5.0,184.52,20.0,147.62,5.0,10
FUL_001665,BK_001665,DRV_0238,VEH_0238,2026-03-09 02:06:42,2026-03-09 02:08:42,2026-03-09 02:12:33,2026-03-09 02:30:09,2.0,17.6,7.5,274.56,20.0,219.65,5.0,0
FUL_001666,BK_001666,DRV_0318,VEH_0318,2026-02-09 16:42:23,2026-02-09 16:53:11,2026-02-09 16:54:48,2026-02-09 17:07:18,10.8,12.5,8.3,283.4,20.0,226.72,5.0,10
FUL_001667,BK_001667,DRV_0301,VEH_0301,2026-02-28 05:54:25,2026-02-28 06:03:07,2026-02-28 06:07:00,2026-02-28 07:19:18,8.7,72.3,26.4,622.56,20.0,498.05,5.0,0
FUL_001668,BK_001668,DRV_0087,VEH_0087,2026-02-27 11:51:29,2026-02-27 12:01:23,2026-02-27 12:02:53,2026-02-27 12:36:29,9.9,33.6,22.9,418.04,20.0,334.43,5.0,10
FUL_001669,BK_001669,DRV_0060,VEH_0060,2026-03-07 01:21:31,2026-03-07 01:29:43,2026-03-07 01:31:33,2026-03-07 01:42:51,8.2,11.3,4.5,80.2,20.0,64.16,5.0,0
FUL_001670,BK_001670,DRV_0205,VEH_0205,2026-03-11 20:14:21,2026-03-11 20:24:15,2026-03-11 20:27:44,2026-03-11 21:05:56,9.9,38.2,20.0,1057.68,20.0,846.14,5.0,0
FUL_001671,BK_001671,DRV_0171,VEH_0171,2026-02-06 21:42:57,2026-02-06 21:56:51,2026-02-06 21:58:55,2026-02-06 22:26:13,13.9,27.3,17.1,270.48,20.0,216.38,5.0,0
FUL_001672,BK_001672,DRV_0193,VEH_0193,2026-02-23 15:58:07,2026-02-23 16:02:31,2026-02-23 16:03:47,2026-02-23 16:26:59,4.4,23.2,14.1,182.2,20.0,145.76,5.0,20
FUL_001673,BK_001673,DRV_0187,VEH_0187,2026-02-20 07:11:26,2026-02-20 07:19:32,2026-02-20 07:20:47,2026-02-20 07:49:05,8.1,28.3,18.0,698.88,20.0,559.1,4.0,0
FUL_001674,BK_001674,DRV_0007,VEH_0007,2026-03-08 00:04:18,2026-03-08 00:10:30,2026-03-08 00:13:53,2026-03-08 00:39:47,6.2,25.9,15.1,468.0,20.0,374.4,5.0,0
FUL_001675,BK_001675,DRV_0201,VEH_0201,2026-02-22 15:35:20,2026-02-22 15:41:02,2026-02-22 15:43:50,2026-02-22 16:08:26,5.7,24.6,9.7,253.2,20.0,202.56,5.0,20
FUL_001677,BK_001677,DRV_0171,VEH_0171,2026-02-08 05:16:34,2026-02-08 05:20:16,2026-02-08 05:22:13,2026-02-08 06:03:43,3.7,41.5,28.5,403.7,20.0,322.96,5.0,10
FUL_001679,BK_001679,DRV_0074,VEH_0074,2026-03-10 03:57:28,2026-03-10 04:06:40,2026-03-10 04:08:44,2026-03-10 05:00:20,9.2,51.6,20.3,600.6,20.0,480.48,4.0,10
FUL_001681,BK_001681,DRV_0030,VEH_0030,2026-03-08 12:41:54,2026-03-08 12:48:12,2026-03-08 12:51:33,2026-03-08 13:27:03,6.3,35.5,18.9,309.36,20.0,247.49,5.0,0
FUL_001683,BK_001683,DRV_0130,VEH_0130,2026-02-04 06:41:09,2026-02-04 06:48:33,2026-02-04 06:50:59,2026-02-04 07:57:41,7.4,66.7,28.0,780.0,20.0,624.0,5.0,10
FUL_001685,BK_001685,DRV_0111,VEH_0111,2026-03-03 21:52:54,2026-03-03 22:05:42,2026-03-03 22:06:58,2026-03-03 22:46:22,12.8,39.4,22.4,877.24,20.0,701.79,5.0,10
FUL_001686,BK_001686,DRV_0019,VEH_0019,2026-03-03 17:10:02,2026-03-03 17:12:08,2026-03-03 17:14:56,2026-03-03 17:27:50,2.1,12.9,6.6,567.84,20.0,454.27,4.0,0
FUL_001687,BK_001687,DRV_0259,VEH_0259,2026-03-17 20:18:28,2026-03-17 20:23:52,2026-03-17 20:25:47,2026-03-17 21:24:05,5.4,58.3,29.2,1277.12,20.0,1021.7,5.0,0
FUL_001688,BK_001688,DRV_0080,VEH_0080,2026-02-15 09:44:26,2026-02-15 09:54:38,2026-02-15 09:57:30,2026-02-15 10:16:42,10.2,19.2,10.9,540.96,20.0,432.77,5.0,0
FUL_001689,BK_001689,DRV_0196,VEH_0196,2026-02-15 17:41:28,2026-02-15 17:50:34,2026-02-15 17:52:05,2026-02-15 18:24:05,9.1,32.0,18.1,982.8,20.0,786.24,5.0,30
FUL_001690,BK_001690,DRV_0142,VEH_0142,2026-02-27 04:26:27,2026-02-27 04:31:27,2026-02-27 04:34:57,2026-02-27 04:49:45,5.0,14.8,8.7,127.0,20.0,101.6,4.0,0
FUL_001691,BK_001691,DRV_0180,VEH_0180,2026-02-14 00:19:37,2026-02-14 00:27:43,2026-02-14 00:29:16,2026-02-14 00:34:28,8.1,5.2,2.6,56.2,20.0,44.96,5.0,0
FUL_001692,BK_001692,DRV_0238,VEH_0238,2026-02-18 03:09:19,2026-02-18 03:17:25,2026-02-18 03:20:44,2026-02-18 03:49:02,8.1,28.3,13.7,423.8,20.0,339.04,5.0,0
FUL_001693,BK_001693,DRV_0278,VEH_0278,2026-02-16 21:13:17,2026-02-16 21:22:11,2026-02-16 21:24:13,2026-02-16 21:37:55,8.9,13.7,10.1,374.4,20.0,299.52,5.0,20
FUL_001694,BK_001694,DRV_0262,VEH_0262,2026-02-27 03:50:27,2026-02-27 04:02:33,2026-02-27 04:04:57,2026-02-27 04:25:45,12.1,20.8,9.8,381.92,20.0,305.54,5.0,0
FUL_001695,BK_001695,DRV_0317,VEH_0317,2026-02-07 10:57:50,2026-02-07 11:11:38,2026-02-07 11:14:51,2026-02-07 12:02:33,13.8,47.7,27.4,1621.62,20.0,1297.3,5.0,30
FUL_001696,BK_001696,DRV_0253,VEH_0253,2026-02-22 01:08:17,2026-02-22 01:20:47,2026-02-22 01:24:22,2026-02-22 02:04:52,12.5,40.5,20.0,603.2,20.0,482.56,4.0,50
FUL_001698,BK_001698,DRV_0260,VEH_0260,2026-03-10 23:46:58,2026-03-10 23:49:52,2026-03-10 23:53:03,2026-03-11 00:20:03,2.9,27.0,13.2,286.6,20.0,229.28,5.0,50
FUL_001699,BK_001699,DRV_0229,VEH_0229,2026-02-14 04:18:10,2026-02-14 04:27:04,2026-02-14 04:29:02,2026-02-14 04:56:50,8.9,27.8,19.9,585.2,20.0,468.16,5.0,0
FUL_001703,BK_001703,DRV_0254,VEH_0254,2026-02-24 15:36:51,2026-02-24 15:45:45,2026-02-24 15:49:01,2026-02-24 16:33:25,8.9,44.4,22.9,292.6,20.0,234.08,5.0,30
FUL_001705,BK_001705,DRV_0125,VEH_0125,2026-02-05 01:49:19,2026-02-05 02:01:37,2026-02-05 02:03:03,2026-02-05 02:06:51,12.3,3.8,2.6,168.0,20.0,134.4,5.0,30
FUL_001706,BK_001706,DRV_0089,VEH_0089,2026-02-16 03:47:09,2026-02-16 03:51:45,2026-02-16 03:53:39,2026-02-16 04:01:57,4.6,8.3,3.9,180.18,20.0,144.14,5.0,30
FUL_001707,BK_001707,DRV_0091,VEH_0091,2026-02-25 16:48:08,2026-02-25 16:51:14,2026-02-25 16:54:22,2026-02-25 17:06:46,3.1,12.4,7.3,116.2,20.0,92.96,4.0,0
FUL_001708,BK_001708,DRV_0265,VEH_0265,2026-02-22 05:31:32,2026-02-22 05:38:14,2026-02-22 05:42:03,2026-02-22 05:55:39,6.7,13.6,7.0,119.9,20.0,95.92,5.0,50
FUL_001712,BK_001712,DRV_0274,VEH_0274,2026-02-04 21:56:24,2026-02-04 22:02:12,2026-02-04 22:04:36,2026-02-04 22:31:12,5.8,26.6,12.2,586.56,20.0,469.25,5.0,0
FUL_001714,BK_001714,DRV_0204,VEH_0204,2026-02-12 08:41:46,2026-02-12 08:47:52,2026-02-12 08:49:24,2026-02-12 09:34:24,6.1,45.0,20.3,1201.2,20.0,960.96,3.0,30
FUL_001715,BK_001715,DRV_0051,VEH_0051,2026-02-22 11:26:54,2026-02-22 11:35:54,2026-02-22 11:39:09,2026-02-22 11:47:57,9.0,8.8,4.3,140.88,20.0,112.7,5.0,30
FUL_001718,BK_001718,DRV_0254,VEH_0254,2026-03-06 14:43:04,2026-03-06 14:51:40,2026-03-06 14:53:06,2026-03-06 15:15:42,8.6,22.6,13.5,215.76,20.0,172.61,5.0,20
FUL_001719,BK_001719,DRV_0044,VEH_0044,2026-02-25 05:21:44,2026-02-25 05:32:02,2026-02-25 05:33:02,2026-02-25 05:55:44,10.3,22.7,10.1,169.68,20.0,135.74,5.0,10
FUL_001720,BK_001720,DRV_0262,VEH_0262,2026-03-04 05:11:47,2026-03-04 05:14:29,2026-03-04 05:15:41,2026-03-04 05:26:17,2.7,10.6,7.2,266.0,20.0,212.8,5.0,10
FUL_001722,BK_001722,DRV_0077,VEH_0077,2026-03-12 14:31:48,2026-03-12 14:37:12,2026-03-12 14:38:15,2026-03-12 14:42:09,5.4,3.9,2.8,86.8,20.0,69.44,5.0,0
FUL_001724,BK_001724,DRV_0227,VEH_0227,2026-02-05 08:29:16,2026-02-05 08:32:58,2026-02-05 08:35:30,2026-02-05 08:45:54,3.7,10.4,4.8,110.6,20.0,88.48,2.0,20
FUL_001725,BK_001725,DRV_0225,VEH_0225,2026-03-16 12:36:17,2026-03-16 12:44:53,2026-03-16 12:46:52,2026-03-16 13:15:52,8.6,29.0,20.2,460.56,20.0,368.45,5.0,10
FUL_001726,BK_001726,DRV_0068,VEH_0068,2026-02-16 06:46:37,2026-02-16 06:51:13,2026-02-16 06:52:49,2026-02-16 07:11:43,4.6,18.9,12.7,384.8,20.0,307.84,5.0,0
FUL_001729,BK_001729,DRV_0320,VEH_0320,2026-02-09 03:23:39,2026-02-09 03:29:09,2026-02-09 03:33:07,2026-02-09 03:56:07,5.5,23.0,10.8,343.2,20.0,274.56,5.0,0
FUL_001730,BK_001730,DRV_0042,VEH_0042,2026-03-11 21:18:22,2026-03-11 21:30:04,2026-03-11 21:31:57,2026-03-11 21:52:51,11.7,20.9,11.1,414.96,20.0,331.97,5.0,0
FUL_001731,BK_001731,DRV_0196,VEH_0196,2026-03-03 10:53:10,2026-03-03 10:57:58,2026-03-03 11:01:22,2026-03-03 11:31:40,4.8,30.3,15.4,703.04,20.0,562.43,5.0,0
FUL_001732,BK_001732,DRV_0162,VEH_0162,2026-03-15 23:22:54,2026-03-15 23:33:06,2026-03-15 23:36:54,2026-03-15 23:53:54,10.2,17.0,12.0,433.68,20.0,346.94,5.0,0
FUL_001733,BK_001733,DRV_0079,VEH_0079,2026-02-02 00:51:30,2026-02-02 00:58:24,2026-02-02 00:59:49,2026-02-02 01:10:13,6.9,10.4,7.2,239.2,20.0,191.36,5.0,0
FUL_001734,BK_001734,DRV_0238,VEH_0238,2026-02-09 00:13:39,2026-02-09 00:23:15,2026-02-09 00:25:44,2026-02-09 01:08:50,9.6,43.1,28.5,852.28,20.0,681.82,4.0,0
FUL_001735,BK_001735,DRV_0079,VEH_0079,2026-02-23 15:41:40,2026-02-23 15:45:34,2026-02-23 15:46:39,2026-02-23 16:11:09,3.9,24.5,17.5,501.8,20.0,401.44,3.0,10
FUL_001736,BK_001736,DRV_0289,VEH_0289,2026-03-09 21:20:59,2026-03-09 21:24:05,2026-03-09 21:26:05,2026-03-09 22:06:23,3.1,40.3,28.4,733.88,20.0,587.1,5.0,0
FUL_001737,BK_001737,DRV_0028,VEH_0028,2026-02-01 23:24:38,2026-02-01 23:29:44,2026-02-01 23:31:59,2026-02-01 23:52:35,5.1,20.6,10.0,159.5,20.0,127.6,5.0,50
FUL_001738,BK_001738,DRV_0013,VEH_0013,2026-03-05 22:16:19,2026-03-05 22:30:01,2026-03-05 22:32:46,2026-03-05 22:52:04,13.7,19.3,9.3,246.72,20.0,197.38,5.0,0
FUL_001739,BK_001739,DRV_0134,VEH_0134,2026-02-20 21:14:20,2026-02-20 21:27:26,2026-02-20 21:29:45,2026-02-20 21:53:51,13.1,24.1,15.9,456.68,20.0,365.34,5.0,0
FUL_001740,BK_001740,DRV_0082,VEH_0082,2026-03-02 16:51:26,2026-03-02 17:05:20,2026-03-02 17:08:43,2026-03-02 17:45:55,13.9,37.2,25.1,479.2,20.0,383.36,5.0,10
FUL_001741,BK_001741,DRV_0008,VEH_0008,2026-03-14 07:49:57,2026-03-14 07:53:27,2026-03-14 07:56:36,2026-03-14 08:14:30,3.5,17.9,8.7,185.8,20.0,148.64,5.0,20
FUL_001744,BK_001744,DRV_0076,VEH_0076,2026-03-06 09:56:16,2026-03-06 10:07:58,2026-03-06 10:09:44,2026-03-06 10:46:14,11.7,36.5,20.0,549.92,20.0,439.94,4.0,30
FUL_001746,BK_001746,DRV_0132,VEH_0132,2026-03-07 20:16:20,2026-03-07 20:23:32,2026-03-07 20:26:03,2026-03-07 20:39:33,7.2,13.5,6.7,302.4,20.0,241.92,5.0,30
FUL_001748,BK_001748,DRV_0296,VEH_0296,2026-03-11 01:38:00,2026-03-11 01:47:36,2026-03-11 01:48:50,2026-03-11 02:10:08,9.6,21.3,12.0,191.28,20.0,153.02,5.0,20
FUL_001749,BK_001749,DRV_0286,VEH_0286,2026-02-13 17:52:23,2026-02-13 18:02:53,2026-02-13 18:04:45,2026-02-13 18:55:39,10.5,50.9,28.8,1127.28,20.0,901.82,1.0,0
FUL_001750,BK_001750,DRV_0306,VEH_0306,2026-03-09 04:47:49,2026-03-09 04:57:13,2026-03-09 04:59:17,2026-03-09 05:27:53,9.4,28.6,14.2,339.6,20.0,271.68,4.0,30
FUL_001752,BK_001752,DRV_0041,VEH_0041,2026-03-10 11:40:39,2026-03-10 11:52:39,2026-03-10 11:53:54,2026-03-10 12:33:24,12.0,39.5,24.9,971.88,20.0,777.5,5.0,0
FUL_001753,BK_001753,DRV_0130,VEH_0130,2026-02-25 02:42:36,2026-02-25 02:50:24,2026-02-25 02:52:37,2026-02-25 03:19:49,7.8,27.2,10.8,335.4,20.0,268.32,4.0,30
FUL_001754,BK_001754,DRV_0168,VEH_0168,2026-03-17 10:24:53,2026-03-17 10:33:29,2026-03-17 10:34:41,2026-03-17 10:38:47,8.6,4.1,2.9,162.24,20.0,129.79,5.0,0
FUL_001755,BK_001755,DRV_0065,VEH_0065,2026-03-18 03:48:49,2026-03-18 03:55:49,2026-03-18 03:56:51,2026-03-18 04:56:09,7.0,59.3,26.0,378.62,20.0,302.9,5.0,30
FUL_001756,BK_001756,DRV_0031,VEH_0031,2026-02-23 19:31:05,2026-02-23 19:44:11,2026-02-23 19:47:44,2026-02-23 20:28:14,13.1,40.5,19.4,352.52,20.0,282.02,5.0,0
FUL_001757,BK_001757,DRV_0092,VEH_0092,2026-03-06 21:03:20,2026-03-06 21:07:20,2026-03-06 21:08:35,2026-03-06 21:43:59,4.0,35.4,23.5,1740.48,20.0,1392.38,5.0,0
FUL_001758,BK_001758,DRV_0084,VEH_0084,2026-02-16 17:34:38,2026-02-16 17:41:38,2026-02-16 17:43:17,2026-02-16 17:51:41,7.0,8.4,4.8,303.68,20.0,242.94,5.0,10
FUL_001760,BK_001760,DRV_0301,VEH_0301,2026-02-04 04:39:28,2026-02-04 04:49:34,2026-02-04 04:51:23,2026-02-04 05:21:59,10.1,30.6,12.2,285.56,20.0,228.45,4.0,20
FUL_001763,BK_001763,DRV_0160,VEH_0160,2026-02-15 00:56:54,2026-02-15 01:01:36,2026-02-15 01:04:53,2026-02-15 01:40:29,4.7,35.6,20.2,735.84,20.0,588.67,5.0,30
FUL_001765,BK_001765,DRV_0212,VEH_0212,2026-03-12 14:58:14,2026-03-12 15:01:44,2026-03-12 15:02:53,2026-03-12 15:23:47,3.5,20.9,7.8,184.0,20.0,147.2,5.0,10
FUL_001766,BK_001766,DRV_0160,VEH_0160,2026-02-12 04:34:37,2026-02-12 04:40:49,2026-02-12 04:42:54,2026-02-12 05:12:54,6.2,30.0,20.6,646.8,20.0,517.44,5.0,0
FUL_001767,BK_001767,DRV_0201,VEH_0201,2026-02-19 03:48:42,2026-02-19 03:58:06,2026-02-19 04:00:02,2026-02-19 04:56:44,9.4,56.7,24.7,594.48,20.0,475.58,5.0,20
FUL_001768,BK_001768,DRV_0185,VEH_0185,2026-03-07 05:45:19,2026-03-07 05:48:31,2026-03-07 05:50:44,2026-03-07 06:54:08,3.2,63.4,25.5,570.72,20.0,456.58,3.0,10
FUL_001769,BK_001769,DRV_0129,VEH_0129,2026-02-08 21:06:53,2026-02-08 21:14:11,2026-02-08 21:16:05,2026-02-08 21:57:53,7.3,41.8,21.6,401.24,20.0,320.99,4.0,50
FUL_001771,BK_001771,DRV_0209,VEH_0209,2026-03-05 17:29:42,2026-03-05 17:37:42,2026-03-05 17:39:33,2026-03-05 18:26:33,8.0,47.0,28.6,1384.32,20.0,1107.46,5.0,0
FUL_001772,BK_001772,DRV_0214,VEH_0214,2026-02-04 19:00:20,2026-02-04 19:11:26,2026-02-04 19:13:44,2026-02-04 20:02:38,11.1,48.9,18.6,444.6,20.0,355.68,5.0,10
FUL_001773,BK_001773,DRV_0108,VEH_0108,2026-03-05 03:22:27,2026-03-05 03:29:15,2026-03-05 03:32:21,2026-03-05 04:39:21,6.8,67.0,28.5,991.2,20.0,792.96,5.0,0
FUL_001775,BK_001775,DRV_0030,VEH_0030,2026-02-28 07:11:32,2026-02-28 07:19:56,2026-02-28 07:21:34,2026-02-28 07:45:52,8.4,24.3,16.4,228.14,20.0,182.51,5.0,20
FUL_001777,BK_001777,DRV_0137,VEH_0137,2026-02-20 22:06:27,2026-02-20 22:13:27,2026-02-20 22:16:45,2026-02-20 22:32:57,7.0,16.2,11.5,255.86,20.0,204.69,5.0,0
FUL_001781,BK_001781,DRV_0065,VEH_0065,2026-03-15 23:36:31,2026-03-15 23:50:01,2026-03-15 23:53:24,2026-03-16 00:04:48,13.5,11.4,4.8,99.12,20.0,79.3,5.0,20
FUL_001783,BK_001783,DRV_0167,VEH_0167,2026-03-01 21:13:42,2026-03-01 21:17:54,2026-03-01 21:20:57,2026-03-01 21:46:57,4.2,26.0,12.2,627.36,20.0,501.89,5.0,0
FUL_001788,BK_001788,DRV_0125,VEH_0125,2026-02-21 09:46:15,2026-02-21 09:54:21,2026-02-21 09:57:59,2026-02-21 10:50:35,8.1,52.6,26.1,1125.04,20.0,900.03,3.0,0
FUL_001789,BK_001789,DRV_0144,VEH_0144,2026-02-21 01:41:02,2026-02-21 01:43:02,2026-02-21 01:45:17,2026-02-21 02:28:17,2.0,43.0,24.1,655.2,20.0,524.16,5.0,0
FUL_001790,BK_001790,DRV_0246,VEH_0246,2026-02-14 01:57:28,2026-02-14 02:05:28,2026-02-14 02:08:54,2026-02-14 02:47:42,8.0,38.8,16.9,276.24,20.0,220.99,4.0,0
FUL_001791,BK_001791,DRV_0265,VEH_0265,2026-02-12 22:23:25,2026-02-12 22:30:13,2026-02-12 22:32:11,2026-02-12 22:53:59,6.8,21.8,15.3,240.24,20.0,192.19,5.0,0
FUL_001792,BK_001792,DRV_0139,VEH_0139,2026-03-02 14:42:29,2026-03-02 14:52:59,2026-03-02 14:55:46,2026-03-02 15:13:04,10.5,17.3,10.0,358.4,20.0,286.72,5.0,20
FUL_001793,BK_001793,DRV_0244,VEH_0244,2026-02-26 01:05:50,2026-02-26 01:09:56,2026-02-26 01:13:48,2026-02-26 01:35:30,4.1,21.7,14.1,478.8,20.0,383.04,5.0,30
FUL_001794,BK_001794,DRV_0084,VEH_0084,2026-03-09 11:19:18,2026-03-09 11:27:54,2026-03-09 11:30:25,2026-03-09 11:44:43,8.6,14.3,7.0,296.4,20.0,237.12,5.0,0
FUL_001796,BK_001796,DRV_0054,VEH_0054,2026-02-12 03:23:47,2026-02-12 03:30:17,2026-02-12 03:31:56,2026-02-12 03:57:02,6.5,25.1,15.0,205.0,20.0,164.0,5.0,0
FUL_001797,BK_001797,DRV_0149,VEH_0149,2026-02-08 02:26:02,2026-02-08 02:34:14,2026-02-08 02:37:08,2026-02-08 02:49:26,8.2,12.3,7.6,332.64,20.0,266.11,5.0,0
FUL_001798,BK_001798,DRV_0052,VEH_0052,2026-02-23 16:14:39,2026-02-23 16:17:03,2026-02-23 16:19:16,2026-02-23 17:07:10,2.4,47.9,24.0,354.86,20.0,283.89,5.0,0
FUL_001799,BK_001799,DRV_0153,VEH_0153,2026-02-05 11:50:26,2026-02-05 11:59:32,2026-02-05 12:01:09,2026-02-05 12:33:21,9.1,32.2,17.0,403.56,20.0,322.85,5.0,50
FUL_001800,BK_001800,DRV_0041,VEH_0041,2026-03-12 15:32:54,2026-03-12 15:38:48,2026-03-12 15:42:39,2026-03-12 15:46:51,5.9,4.2,2.9,148.72,20.0,118.98,4.0,50
FUL_001801,BK_001801,DRV_0028,VEH_0028,2026-03-07 20:28:29,2026-03-07 20:39:59,2026-03-07 20:43:13,2026-03-07 20:57:01,11.5,13.8,8.5,176.12,20.0,140.9,3.0,50
FUL_001804,BK_001804,DRV_0223,VEH_0223,2026-02-28 07:11:53,2026-02-28 07:23:29,2026-02-28 07:25:43,2026-02-28 08:24:25,11.6,58.7,23.2,372.72,20.0,298.18,5.0,50
FUL_001805,BK_001805,DRV_0216,VEH_0216,2026-03-03 21:46:20,2026-03-03 21:55:08,2026-03-03 21:57:30,2026-03-03 22:29:12,8.8,31.7,14.0,992.16,20.0,793.73,5.0,20
FUL_001806,BK_001806,DRV_0156,VEH_0156,2026-02-28 23:01:59,2026-02-28 23:12:53,2026-02-28 23:13:55,2026-03-01 00:07:31,10.9,53.6,28.7,932.88,20.0,746.3,4.0,0
FUL_001807,BK_001807,DRV_0253,VEH_0253,2026-02-24 21:20:11,2026-02-24 21:32:47,2026-02-24 21:36:27,2026-02-24 22:20:51,12.6,44.4,22.9,920.92,20.0,736.74,5.0,0
FUL_001809,BK_001809,DRV_0222,VEH_0222,2026-03-07 19:21:08,2026-03-07 19:25:14,2026-03-07 19:28:12,2026-03-07 19:43:18,4.1,15.1,5.8,298.48,20.0,238.78,3.0,0
FUL_001810,BK_001810,DRV_0035,VEH_0035,2026-03-04 09:34:30,2026-03-04 09:47:36,2026-03-04 09:49:21,2026-03-04 10:36:03,13.1,46.7,24.3,635.6,20.0,508.48,4.0,0
FUL_001811,BK_001811,DRV_0248,VEH_0248,2026-03-04 04:47:39,2026-03-04 04:53:45,2026-03-04 04:56:21,2026-03-04 05:33:21,6.1,37.0,19.4,371.2,20.0,296.96,5.0,0
FUL_001813,BK_001813,DRV_0299,VEH_0299,2026-02-14 07:46:28,2026-02-14 07:49:52,2026-02-14 07:52:36,2026-02-14 08:29:30,3.4,36.9,24.1,850.08,20.0,680.06,4.0,10
FUL_001814,BK_001814,DRV_0198,VEH_0198,2026-02-25 08:15:53,2026-02-25 08:29:29,2026-02-25 08:31:34,2026-02-25 08:45:34,13.6,14.0,9.1,240.24,20.0,192.19,4.0,30
FUL_001816,BK_001816,DRV_0022,VEH_0022,2026-03-14 23:39:56,2026-03-14 23:48:38,2026-03-14 23:52:31,2026-03-15 00:31:07,8.7,38.6,27.9,815.1,20.0,652.08,4.0,0
FUL_001818,BK_001818,DRV_0105,VEH_0105,2026-03-09 12:46:28,2026-03-09 12:53:10,2026-03-09 12:55:04,2026-03-09 13:29:28,6.7,34.4,17.3,390.5,20.0,312.4,4.0,0
FUL_001819,BK_001819,DRV_0108,VEH_0108,2026-03-05 04:18:25,2026-03-05 04:22:13,2026-03-05 04:23:16,2026-03-05 04:50:34,3.8,27.3,17.0,523.6,20.0,418.88,5.0,0
FUL_001820,BK_001820,DRV_0044,VEH_0044,2026-02-17 22:23:32,2026-02-17 22:33:26,2026-02-17 22:36:31,2026-02-17 23:10:01,9.9,33.5,13.8,179.8,20.0,143.84,5.0,0
FUL_001821,BK_001821,DRV_0251,VEH_0251,2026-02-17 10:18:47,2026-02-17 10:24:05,2026-02-17 10:27:33,2026-02-17 11:13:09,5.3,45.6,21.1,826.28,20.0,661.02,5.0,20
FUL_001822,BK_001822,DRV_0233,VEH_0233,2026-02-01 20:37:45,2026-02-01 20:48:03,2026-02-01 20:49:41,2026-02-01 21:18:29,10.3,28.8,16.3,993.72,20.0,794.98,5.0,0
FUL_001823,BK_001823,DRV_0249,VEH_0249,2026-02-11 16:16:23,2026-02-11 16:22:29,2026-02-11 16:25:35,2026-02-11 16:51:53,6.1,26.3,15.3,457.6,20.0,366.08,5.0,0
FUL_001824,BK_001824,DRV_0079,VEH_0079,2026-02-28 23:31:24,2026-02-28 23:40:18,2026-02-28 23:41:26,2026-02-28 23:46:20,8.9,4.9,3.1,163.02,20.0,130.42,4.0,20
FUL_001827,BK_001827,DRV_0274,VEH_0274,2026-03-11 14:02:17,2026-03-11 14:15:05,2026-03-11 14:17:28,2026-03-11 14:24:46,12.8,7.3,4.8,187.2,20.0,149.76,5.0,0
FUL_001828,BK_001828,DRV_0144,VEH_0144,2026-02-26 19:04:31,2026-02-26 19:10:37,2026-02-26 19:11:51,2026-02-26 19:38:03,6.1,26.2,17.5,945.36,20.0,756.29,5.0,10
FUL_001829,BK_001829,DRV_0269,VEH_0269,2026-03-07 19:49:36,2026-03-07 20:02:12,2026-03-07 20:03:58,2026-03-07 20:52:34,12.6,48.6,20.8,998.88,20.0,799.1,5.0,20
FUL_001830,BK_001830,DRV_0235,VEH_0235,2026-02-08 18:00:06,2026-02-08 18:11:06,2026-02-08 18:14:39,2026-02-08 18:41:39,11.0,27.0,12.2,533.82,20.0,427.06,5.0,0
FUL_001831,BK_001831,DRV_0010,VEH_0010,2026-02-13 13:09:15,2026-02-13 13:18:15,2026-02-13 13:20:30,2026-02-13 14:10:36,9.0,50.1,18.5,462.72,20.0,370.18,5.0,10
FUL_001832,BK_001832,DRV_0298,VEH_0298,2026-02-23 05:29:36,2026-02-23 05:36:30,2026-02-23 05:39:35,2026-02-23 05:58:53,6.9,19.3,14.1,184.6,20.0,147.68,5.0,10
FUL_001834,BK_001834,DRV_0146,VEH_0146,2026-02-08 00:00:13,2026-02-08 00:04:25,2026-02-08 00:05:57,2026-02-08 00:17:15,4.2,11.3,5.1,240.24,20.0,192.19,5.0,20
FUL_001836,BK_001836,DRV_0100,VEH_0100,2026-03-09 17:02:46,2026-03-09 17:14:46,2026-03-09 17:18:39,2026-03-09 17:29:57,12.0,11.3,6.6,407.68,20.0,326.14,5.0,30
FUL_001837,BK_001837,DRV_0151,VEH_0151,2026-03-17 23:37:36,2026-03-17 23:41:36,2026-03-17 23:44:54,2026-03-18 00:44:00,4.0,59.1,24.8,323.8,20.0,259.04,4.0,0
FUL_001839,BK_001839,DRV_0185,VEH_0185,2026-02-04 07:47:46,2026-02-04 07:59:52,2026-02-04 08:02:59,2026-02-04 08:16:17,12.1,13.3,6.5,153.4,20.0,122.72,5.0,10
FUL_001841,BK_001841,DRV_0187,VEH_0187,2026-03-01 13:22:06,2026-03-01 13:31:06,2026-03-01 13:32:55,2026-03-01 14:15:01,9.0,42.1,28.7,837.2,20.0,669.76,5.0,0
FUL_001842,BK_001842,DRV_0135,VEH_0135,2026-02-22 14:04:20,2026-02-22 14:07:32,2026-02-22 14:09:11,2026-02-22 14:39:11,3.2,30.0,11.4,191.28,20.0,153.02,5.0,0
FUL_001845,BK_001845,DRV_0048,VEH_0048,2026-02-03 06:57:31,2026-02-03 07:03:25,2026-02-03 07:06:52,2026-02-03 07:31:16,5.9,24.4,12.5,400.4,20.0,320.32,3.0,20
FUL_001847,BK_001847,DRV_0094,VEH_0094,2026-02-04 19:57:26,2026-02-04 20:01:02,2026-02-04 20:02:43,2026-02-04 20:22:01,3.6,19.3,11.8,545.16,20.0,436.13,5.0,0
FUL_001848,BK_001848,DRV_0190,VEH_0190,2026-02-17 03:31:23,2026-02-17 03:40:47,2026-02-17 03:44:24,2026-02-17 04:30:00,9.4,45.6,19.2,585.2,20.0,468.16,4.0,20
FUL_001849,BK_001849,DRV_0105,VEH_0105,2026-03-09 13:07:31,2026-03-09 13:21:19,2026-03-09 13:23:32,2026-03-09 14:37:08,13.8,73.6,28.9,533.2,20.0,426.56,5.0,30
FUL_001850,BK_001850,DRV_0267,VEH_0267,2026-03-13 20:03:15,2026-03-13 20:10:45,2026-03-13 20:14:34,2026-03-13 20:33:04,7.5,18.5,8.7,698.88,20.0,559.1,5.0,30
FUL_001851,BK_001851,DRV_0187,VEH_0187,2026-02-22 05:05:09,2026-02-22 05:07:27,2026-02-22 05:11:14,2026-02-22 05:30:38,2.3,19.4,7.8,277.2,20.0,221.76,5.0,0
FUL_001852,BK_001852,DRV_0130,VEH_0130,2026-03-11 21:59:20,2026-03-11 22:07:38,2026-03-11 22:10:18,2026-03-11 22:43:30,8.3,33.2,17.8,642.72,20.0,514.18,5.0,30
FUL_001853,BK_001853,DRV_0317,VEH_0317,2026-02-06 10:24:00,2026-02-06 10:27:06,2026-02-06 10:30:33,2026-02-06 11:01:09,3.1,30.6,15.0,809.64,20.0,647.71,5.0,20
FUL_001854,BK_001854,DRV_0097,VEH_0097,2026-02-19 11:11:19,2026-02-19 11:13:25,2026-02-19 11:17:15,2026-02-19 11:37:45,2.1,20.5,12.1,876.12,20.0,700.9,5.0,0
FUL_001855,BK_001855,DRV_0286,VEH_0286,2026-03-02 00:36:17,2026-03-02 00:43:53,2026-03-02 00:45:33,2026-03-02 00:58:45,7.6,13.2,8.4,184.0,20.0,147.2,2.0,0
FUL_001856,BK_001856,DRV_0233,VEH_0233,2026-03-07 20:22:51,2026-03-07 20:32:09,2026-03-07 20:33:45,2026-03-07 20:43:45,9.3,10.0,5.0,420.42,20.0,336.34,5.0,10
FUL_001858,BK_001858,DRV_0266,VEH_0266,2026-02-15 02:25:01,2026-02-15 02:36:55,2026-02-15 02:38:32,2026-02-15 02:46:26,11.9,7.9,4.0,69.4,20.0,55.52,5.0,0
FUL_001860,BK_001860,DRV_0298,VEH_0298,2026-03-08 07:37:40,2026-03-08 07:40:52,2026-03-08 07:43:21,2026-03-08 08:10:33,3.2,27.2,14.6,225.5,20.0,180.4,4.0,30
FUL_001861,BK_001861,DRV_0007,VEH_0007,2026-03-03 21:25:22,2026-03-03 21:29:04,2026-03-03 21:31:11,2026-03-03 22:09:47,3.7,38.6,24.7,990.08,20.0,792.06,5.0,0
FUL_001862,BK_001862,DRV_0125,VEH_0125,2026-03-07 03:04:13,2026-03-07 03:09:01,2026-03-07 03:11:32,2026-03-07 03:53:32,4.8,42.0,17.4,554.4,20.0,443.52,5.0,0
FUL_001863,BK_001863,DRV_0017,VEH_0017,2026-02-11 06:02:43,2026-02-11 06:08:31,2026-02-11 06:11:21,2026-02-11 06:17:09,5.8,5.8,3.3,162.4,20.0,129.92,5.0,10
FUL_001864,BK_001864,DRV_0242,VEH_0242,2026-02-13 14:31:39,2026-02-13 14:37:57,2026-02-13 14:40:30,2026-02-13 14:50:48,6.3,10.3,6.4,172.7,20.0,138.16,5.0,50
FUL_001865,BK_001865,DRV_0151,VEH_0151,2026-02-08 19:14:51,2026-02-08 19:17:21,2026-02-08 19:19:29,2026-02-08 19:26:11,2.5,6.7,3.7,93.8,20.0,75.04,2.0,0
FUL_001866,BK_001866,DRV_0028,VEH_0028,2026-02-26 21:54:21,2026-02-26 22:06:33,2026-02-26 22:08:02,2026-02-26 22:44:44,12.2,36.7,25.6,751.2,20.0,600.96,5.0,0
FUL_001867,BK_001867,DRV_0132,VEH_0132,2026-03-11 22:13:25,2026-03-11 22:18:55,2026-03-11 22:20:44,2026-03-11 22:51:08,5.5,30.4,17.0,562.8,20.0,450.24,5.0,0
FUL_001869,BK_001869,DRV_0156,VEH_0156,2026-02-07 20:07:23,2026-02-07 20:15:53,2026-02-07 20:18:03,2026-02-07 20:51:45,8.5,33.7,20.3,837.2,20.0,669.76,5.0,50
FUL_001870,BK_001870,DRV_0068,VEH_0068,2026-03-16 04:01:34,2026-03-16 04:08:10,2026-03-16 04:10:18,2026-03-16 04:56:54,6.6,46.6,25.5,746.2,20.0,596.96,5.0,0
FUL_001872,BK_001872,DRV_0236,VEH_0236,2026-03-06 15:19:33,2026-03-06 15:32:15,2026-03-06 15:35:25,2026-03-06 16:29:55,12.7,54.5,28.1,837.2,20.0,669.76,4.0,10
FUL_001873,BK_001873,DRV_0059,VEH_0059,2026-02-04 19:44:28,2026-02-04 19:47:46,2026-02-04 19:51:20,2026-02-04 20:03:02,3.3,11.7,7.9,185.92,20.0,148.74,5.0,20
FUL_001874,BK_001874,DRV_0274,VEH_0274,2026-03-02 04:52:54,2026-03-02 04:58:36,2026-03-02 04:59:42,2026-03-02 05:51:24,5.7,51.7,24.2,720.2,20.0,576.16,4.0,0
FUL_001875,BK_001875,DRV_0313,VEH_0313,2026-02-14 17:12:17,2026-02-14 17:16:41,2026-02-14 17:18:28,2026-02-14 17:41:10,4.4,22.7,15.1,1054.56,20.0,843.65,5.0,20
FUL_001876,BK_001876,DRV_0164,VEH_0164,2026-03-03 08:25:49,2026-03-03 08:28:07,2026-03-03 08:29:45,2026-03-03 09:02:51,2.3,33.1,23.4,1290.24,20.0,1032.19,5.0,50
FUL_001878,BK_001878,DRV_0251,VEH_0251,2026-03-10 09:06:04,2026-03-10 09:08:16,2026-03-10 09:09:46,2026-03-10 09:54:16,2.2,44.5,28.0,1878.24,20.0,1502.59,5.0,0
FUL_001880,BK_001880,DRV_0060,VEH_0060,2026-02-14 16:34:19,2026-02-14 16:41:01,2026-02-14 16:42:52,2026-02-14 17:00:28,6.7,17.6,6.9,117.26,20.0,93.81,2.0,30
FUL_001881,BK_001881,DRV_0167,VEH_0167,2026-03-08 12:24:14,2026-03-08 12:26:20,2026-03-08 12:29:16,2026-03-08 13:00:34,2.1,31.3,15.3,387.12,20.0,309.7,1.0,50
FUL_001883,BK_001883,DRV_0048,VEH_0048,2026-02-05 22:48:09,2026-02-05 23:00:09,2026-02-05 23:04:07,2026-02-05 23:34:37,12.0,30.5,13.5,429.0,20.0,343.2,3.0,10
FUL_001884,BK_001884,DRV_0262,VEH_0262,2026-03-11 21:33:44,2026-03-11 21:43:44,2026-03-11 21:46:17,2026-03-11 22:10:17,10.0,24.0,14.8,976.08,20.0,780.86,1.0,20
FUL_001885,BK_001885,DRV_0127,VEH_0127,2026-02-23 02:20:15,2026-02-23 02:32:45,2026-02-23 02:36:01,2026-02-23 03:21:31,12.5,45.5,22.3,281.8,20.0,225.44,5.0,0
FUL_001886,BK_001886,DRV_0069,VEH_0069,2026-03-05 23:43:13,2026-03-05 23:48:01,2026-03-05 23:52:00,2026-03-06 00:54:24,4.8,62.4,28.2,586.52,20.0,469.22,5.0,30
FUL_001887,BK_001887,DRV_0091,VEH_0091,2026-02-23 19:01:26,2026-02-23 19:13:20,2026-02-23 19:16:52,2026-02-23 20:11:10,11.9,54.3,26.7,828.96,20.0,663.17,5.0,0
FUL_001889,BK_001889,DRV_0300,VEH_0300,2026-03-09 06:01:19,2026-03-09 06:08:31,2026-03-09 06:10:36,2026-03-09 06:58:18,7.2,47.7,25.7,515.2,20.0,412.16,4.0,20
FUL_001890,BK_001890,DRV_0208,VEH_0208,2026-02-18 22:27:30,2026-02-18 22:36:12,2026-02-18 22:37:45,2026-02-18 22:42:27,8.7,4.7,3.3,156.8,20.0,125.44,5.0,30
FUL_001891,BK_001891,DRV_0181,VEH_0181,2026-02-01 23:00:56,2026-02-01 23:07:14,2026-02-01 23:08:14,2026-02-01 23:38:08,6.3,29.9,20.3,394.6,20.0,315.68,5.0,0
FUL_001892,BK_001892,DRV_0091,VEH_0091,2026-02-19 08:12:22,2026-02-19 08:18:22,2026-02-19 08:21:13,2026-02-19 08:49:13,6.0,28.0,12.8,402.72,20.0,322.18,5.0,0
FUL_001893,BK_001893,DRV_0263,VEH_0263,2026-03-10 11:27:29,2026-03-10 11:34:59,2026-03-10 11:37:40,2026-03-10 11:44:40,7.5,7.0,4.7,124.48,20.0,99.58,4.0,0
FUL_001895,BK_001895,DRV_0117,VEH_0117,2026-02-23 00:10:22,2026-02-23 00:15:34,2026-02-23 00:17:21,2026-02-23 01:06:21,5.2,49.0,20.8,630.0,20.0,504.0,3.0,50
FUL_001896,BK_001896,DRV_0260,VEH_0260,2026-03-17 08:52:24,2026-03-17 09:03:42,2026-03-17 09:06:17,2026-03-17 09:16:41,11.3,10.4,4.2,187.84,20.0,150.27,5.0,0
FUL_001897,BK_001897,DRV_0042,VEH_0042,2026-02-23 03:02:43,2026-02-23 03:14:37,2026-02-23 03:16:04,2026-02-23 03:53:58,11.9,37.9,20.1,617.76,20.0,494.21,5.0,30
FUL_001898,BK_001898,DRV_0043,VEH_0043,2026-02-15 16:06:50,2026-02-15 16:09:02,2026-02-15 16:10:45,2026-02-15 16:40:51,2.2,30.1,13.7,221.52,20.0,177.22,5.0,0
FUL_001899,BK_001899,DRV_0282,VEH_0282,2026-03-13 13:12:45,2026-03-13 13:20:15,2026-03-13 13:22:01,2026-03-13 14:02:25,7.5,40.4,26.9,562.76,20.0,450.21,4.0,0
FUL_001900,BK_001900,DRV_0156,VEH_0156,2026-03-07 21:52:46,2026-03-07 22:04:22,2026-03-07 22:07:36,2026-03-07 22:27:48,11.6,20.2,10.8,532.48,20.0,425.98,5.0,0
FUL_001901,BK_001901,DRV_0135,VEH_0135,2026-03-08 21:25:21,2026-03-08 21:27:39,2026-03-08 21:30:20,2026-03-08 21:37:20,2.3,7.0,3.9,97.16,20.0,77.73,5.0,20
FUL_001902,BK_001902,DRV_0299,VEH_0299,2026-03-08 17:58:00,2026-03-08 18:06:54,2026-03-08 18:09:57,2026-03-08 19:21:45,8.9,71.8,28.0,1471.68,20.0,1177.34,2.0,0
FUL_001903,BK_001903,DRV_0246,VEH_0246,2026-03-13 14:06:39,2026-03-13 14:12:33,2026-03-13 14:14:26,2026-03-13 14:53:32,5.9,39.1,20.5,308.66,20.0,246.93,5.0,20
FUL_001905,BK_001905,DRV_0044,VEH_0044,2026-03-08 00:05:33,2026-03-08 00:10:39,2026-03-08 00:13:00,2026-03-08 00:42:00,5.1,29.0,16.7,231.4,20.0,185.12,5.0,0
FUL_001906,BK_001906,DRV_0263,VEH_0263,2026-03-05 14:03:14,2026-03-05 14:15:38,2026-03-05 14:16:56,2026-03-05 14:32:08,12.4,15.2,6.9,122.16,20.0,97.73,5.0,0
FUL_001909,BK_001909,DRV_0053,VEH_0053,2026-02-25 03:11:09,2026-02-25 03:24:57,2026-02-25 03:28:14,2026-02-25 03:43:20,13.8,15.1,7.0,109.0,20.0,87.2,5.0,50
FUL_001910,BK_001910,DRV_0082,VEH_0082,2026-02-26 07:11:23,2026-02-26 07:18:35,2026-02-26 07:21:43,2026-02-26 07:53:13,7.2,31.5,17.4,340.6,20.0,272.48,4.0,0
FUL_001911,BK_001911,DRV_0218,VEH_0218,2026-03-01 16:20:17,2026-03-01 16:22:29,2026-03-01 16:24:34,2026-03-01 16:52:46,2.2,28.2,11.3,353.6,20.0,282.88,5.0,10
FUL_001912,BK_001912,DRV_0031,VEH_0031,2026-02-10 17:11:12,2026-02-10 17:14:48,2026-02-10 17:16:31,2026-02-10 17:23:55,3.6,7.4,2.9,140.64,20.0,112.51,5.0,0
FUL_001913,BK_001913,DRV_0118,VEH_0118,2026-03-13 04:05:41,2026-03-13 04:14:35,2026-03-13 04:18:31,2026-03-13 05:04:07,8.9,45.6,27.7,865.2,20.0,692.16,2.0,0
FUL_001915,BK_001915,DRV_0001,VEH_0001,2026-02-12 13:40:47,2026-02-12 13:43:35,2026-02-12 13:44:38,2026-02-12 14:07:26,2.8,22.8,9.2,301.6,20.0,241.28,5.0,0
FUL_001916,BK_001916,DRV_0017,VEH_0017,2026-03-09 03:33:27,2026-03-09 03:41:21,2026-03-09 03:43:14,2026-03-09 03:52:20,7.9,9.1,5.1,212.8,20.0,170.24,5.0,0
FUL_001917,BK_001917,DRV_0195,VEH_0195,2026-02-17 13:46:07,2026-02-17 13:55:31,2026-02-17 13:59:27,2026-02-17 14:46:33,9.4,47.1,24.9,736.4,20.0,589.12,4.0,0
FUL_001919,BK_001919,DRV_0274,VEH_0274,2026-03-18 00:54:49,2026-03-18 01:05:43,2026-03-18 01:09:34,2026-03-18 01:38:46,10.9,29.2,18.9,614.9,20.0,491.92,1.0,0
FUL_001920,BK_001920,DRV_0055,VEH_0055,2026-03-08 08:46:35,2026-03-08 08:58:23,2026-03-08 09:00:20,2026-03-08 09:09:32,11.8,9.2,5.8,109.2,20.0,87.36,5.0,0
FUL_001921,BK_001921,DRV_0010,VEH_0010,2026-02-13 19:52:00,2026-02-13 20:03:36,2026-02-13 20:06:12,2026-02-13 20:50:00,11.6,43.8,26.6,1131.06,20.0,904.85,4.0,50
FUL_001923,BK_001923,DRV_0225,VEH_0225,2026-03-16 22:09:56,2026-03-16 22:20:44,2026-03-16 22:22:47,2026-03-16 22:58:35,10.8,35.8,18.0,364.0,20.0,291.2,5.0,0
FUL_001925,BK_001925,DRV_0055,VEH_0055,2026-03-08 03:50:27,2026-03-08 04:04:09,2026-03-08 04:07:41,2026-03-08 04:48:53,13.7,41.2,29.2,365.8,20.0,292.64,3.0,0
FUL_001926,BK_001926,DRV_0123,VEH_0123,2026-02-09 12:18:03,2026-02-09 12:20:45,2026-02-09 12:24:29,2026-02-09 12:42:17,2.7,17.8,7.8,178.6,20.0,142.88,5.0,0
FUL_001927,BK_001927,DRV_0172,VEH_0172,2026-02-01 13:40:29,2026-02-01 13:51:29,2026-02-01 13:54:40,2026-02-01 14:17:28,11.0,22.8,13.3,295.46,20.0,236.37,5.0,0
FUL_001928,BK_001928,DRV_0127,VEH_0127,2026-03-14 18:33:24,2026-03-14 18:46:00,2026-03-14 18:49:01,2026-03-14 19:13:13,12.6,24.2,15.6,303.8,20.0,243.04,5.0,30
FUL_001929,BK_001929,DRV_0291,VEH_0291,2026-03-08 13:33:27,2026-03-08 13:35:33,2026-03-08 13:36:33,2026-03-08 14:05:15,2.1,28.7,13.2,270.4,20.0,216.32,5.0,10
FUL_001931,BK_001931,DRV_0210,VEH_0210,2026-02-07 09:57:12,2026-02-07 10:09:12,2026-02-07 10:13:10,2026-02-07 10:37:46,12.0,24.6,10.0,624.96,20.0,499.97,3.0,10
FUL_001932,BK_001932,DRV_0201,VEH_0201,2026-03-15 03:53:27,2026-03-15 04:04:21,2026-03-15 04:06:44,2026-03-15 04:54:44,10.9,48.0,28.8,637.68,20.0,510.14,2.0,20
FUL_001933,BK_001933,DRV_0308,VEH_0308,2026-03-07 16:07:25,2026-03-07 16:10:19,2026-03-07 16:12:44,2026-03-07 16:36:20,2.9,23.6,11.8,380.8,20.0,304.64,1.0,0
FUL_001934,BK_001934,DRV_0290,VEH_0290,2026-03-02 22:19:39,2026-03-02 22:25:27,2026-03-02 22:26:31,2026-03-02 22:51:55,5.8,25.4,14.9,444.6,20.0,355.68,5.0,30
FUL_001935,BK_001935,DRV_0311,VEH_0311,2026-03-05 19:30:39,2026-03-05 19:37:33,2026-03-05 19:40:18,2026-03-05 20:03:00,6.9,22.7,11.7,566.88,20.0,453.5,5.0,0
FUL_001936,BK_001936,DRV_0194,VEH_0194,2026-03-15 13:28:55,2026-03-15 13:39:13,2026-03-15 13:42:20,2026-03-15 13:54:14,10.3,11.9,7.6,194.48,20.0,155.58,5.0,10
FUL_001937,BK_001937,DRV_0149,VEH_0149,2026-03-17 07:56:52,2026-03-17 08:03:58,2026-03-17 08:06:48,2026-03-17 08:21:06,7.1,14.3,9.8,336.0,20.0,268.8,5.0,20
FUL_001938,BK_001938,DRV_0254,VEH_0254,2026-02-02 22:08:39,2026-02-02 22:15:39,2026-02-02 22:17:34,2026-02-02 22:25:40,7.0,8.1,5.8,91.0,20.0,72.8,5.0,50
FUL_001939,BK_001939,DRV_0151,VEH_0151,2026-02-26 07:51:33,2026-02-26 07:59:15,2026-02-26 08:02:26,2026-02-26 08:44:44,7.7,42.3,28.2,413.04,20.0,330.43,5.0,50
FUL_001940,BK_001940,DRV_0144,VEH_0144,2026-03-12 19:31:01,2026-03-12 19:37:37,2026-03-12 19:39:27,2026-03-12 20:14:57,6.6,35.5,19.6,804.44,20.0,643.55,5.0,10
FUL_001941,BK_001941,DRV_0252,VEH_0252,2026-02-03 13:45:15,2026-02-03 13:53:15,2026-02-03 13:55:42,2026-02-03 14:10:18,8.0,14.6,8.4,184.0,20.0,147.2,5.0,0
FUL_001944,BK_001944,DRV_0090,VEH_0090,2026-02-09 14:41:58,2026-02-09 14:52:04,2026-02-09 14:54:16,2026-02-09 15:02:10,10.1,7.9,4.2,113.8,20.0,91.04,5.0,50
FUL_001946,BK_001946,DRV_0100,VEH_0100,2026-02-28 12:24:24,2026-02-28 12:33:00,2026-02-28 12:34:34,2026-02-28 13:33:22,8.6,58.8,27.3,883.96,20.0,707.17,5.0,0
FUL_001947,BK_001947,DRV_0206,VEH_0206,2026-02-06 08:51:35,2026-02-06 08:55:41,2026-02-06 08:57:56,2026-02-06 09:10:38,4.1,12.7,8.9,149.52,20.0,119.62,5.0,0
FUL_001948,BK_001948,DRV_0037,VEH_0037,2026-02-09 12:36:56,2026-02-09 12:44:50,2026-02-09 12:47:27,2026-02-09 13:03:33,7.9,16.1,11.3,406.56,20.0,325.25,4.0,0
FUL_001950,BK_001950,DRV_0156,VEH_0156,2026-03-14 06:44:19,2026-03-14 06:53:19,2026-03-14 06:54:43,2026-03-14 07:14:49,9.0,20.1,13.6,410.8,20.0,328.64,5.0,30
FUL_001952,BK_001952,DRV_0290,VEH_0290,2026-02-11 03:36:25,2026-02-11 03:49:19,2026-02-11 03:51:05,2026-02-11 04:31:11,12.9,40.1,21.8,660.66,20.0,528.53,5.0,10
FUL_001954,BK_001954,DRV_0041,VEH_0041,2026-02-19 09:41:33,2026-02-19 09:54:15,2026-02-19 09:57:18,2026-02-19 10:56:42,12.7,59.4,24.1,1403.22,20.0,1122.58,5.0,0
FUL_001957,BK_001957,DRV_0086,VEH_0086,2026-03-02 04:39:30,2026-03-02 04:52:06,2026-03-02 04:55:22,2026-03-02 05:16:16,12.6,20.9,14.2,302.8,20.0,242.24,5.0,0
FUL_001958,BK_001958,DRV_0054,VEH_0054,2026-03-09 06:52:26,2026-03-09 07:02:38,2026-03-09 07:05:18,2026-03-09 07:37:42,10.2,0.0,16.8,235.0,20.0,188.0,5.0,50
FUL_001959,BK_001959,DRV_0227,VEH_0227,2026-03-12 22:41:28,2026-03-12 22:52:10,2026-03-12 22:53:19,2026-03-12 23:04:01,10.7,10.7,6.7,107.8,20.0,86.24,5.0,30
FUL_001960,BK_001960,DRV_0281,VEH_0281,2026-02-28 10:11:52,2026-02-28 10:18:46,2026-02-28 10:21:46,2026-02-28 11:05:16,6.9,43.5,20.0,1169.28,20.0,935.42,5.0,0
FUL_001961,BK_001961,DRV_0224,VEH_0224,2026-02-23 20:10:02,2026-02-23 20:12:38,2026-02-23 20:14:40,2026-02-23 20:21:34,2.6,6.9,3.3,311.22,20.0,248.98,5.0,0
FUL_001963,BK_001963,DRV_0139,VEH_0139,2026-03-03 22:41:12,2026-03-03 22:52:12,2026-03-03 22:53:57,2026-03-03 23:34:27,11.0,40.5,25.1,772.8,20.0,618.24,5.0,10
FUL_001967,BK_001967,DRV_0030,VEH_0030,2026-02-14 22:59:05,2026-02-14 23:07:17,2026-02-14 23:08:31,2026-02-14 23:59:25,8.2,50.9,24.1,365.52,20.0,292.42,5.0,0
FUL_001968,BK_001968,DRV_0030,VEH_0030,2026-02-09 00:41:48,2026-02-09 00:47:48,2026-02-09 00:50:29,2026-02-09 01:26:17,6.0,35.8,20.2,265.0,20.0,212.0,5.0,20
FUL_001969,BK_001969,DRV_0067,VEH_0067,2026-03-06 18:36:22,2026-03-06 18:49:16,2026-03-06 18:51:49,2026-03-06 18:59:43,12.9,7.9,5.3,178.5,20.0,142.8,2.0,10
FUL_001970,BK_001970,DRV_0101,VEH_0101,2026-02-28 09:30:28,2026-02-28 09:37:22,2026-02-28 09:39:52,2026-02-28 09:50:10,6.9,10.3,4.8,254.8,20.0,203.84,5.0,0
FUL_001971,BK_001971,DRV_0089,VEH_0089,2026-03-13 12:22:34,2026-03-13 12:28:46,2026-03-13 12:32:40,2026-03-13 13:09:34,6.2,36.9,21.0,574.6,20.0,459.68,5.0,20
FUL_001972,BK_001972,DRV_0064,VEH_0064,2026-03-15 04:24:23,2026-03-15 04:36:35,2026-03-15 04:39:59,2026-03-15 05:20:29,12.2,40.5,22.1,335.28,20.0,268.22,5.0,10
FUL_001974,BK_001974,DRV_0266,VEH_0266,2026-02-04 22:02:58,2026-02-04 22:11:22,2026-02-04 22:14:47,2026-02-04 22:24:05,8.4,9.3,4.4,79.0,20.0,63.2,4.0,0
FUL_001975,BK_001975,DRV_0282,VEH_0282,2026-03-02 18:57:14,2026-03-02 19:10:32,2026-03-02 19:12:31,2026-03-02 19:51:13,13.3,38.7,18.2,756.84,20.0,605.47,4.0,10
FUL_001976,BK_001976,DRV_0081,VEH_0081,2026-02-06 12:12:42,2026-02-06 12:19:42,2026-02-06 12:23:22,2026-02-06 13:21:16,7.0,57.9,21.3,799.68,20.0,639.74,5.0,0
FUL_001977,BK_001977,DRV_0151,VEH_0151,2026-02-12 16:20:34,2026-02-12 16:32:40,2026-02-12 16:36:11,2026-02-12 17:05:29,12.1,29.3,16.8,237.38,20.0,189.9,5.0,0
FUL_001979,BK_001979,DRV_0017,VEH_0017,2026-03-17 05:13:47,2026-03-17 05:21:59,2026-03-17 05:25:34,2026-03-17 05:53:58,8.2,28.4,19.1,680.68,20.0,544.54,5.0,0
FUL_001980,BK_001980,DRV_0272,VEH_0272,2026-02-03 15:45:17,2026-02-03 15:48:05,2026-02-03 15:50:19,2026-02-03 16:37:31,2.8,47.2,27.3,535.0,20.0,428.0,5.0,20
FUL_001981,BK_001981,DRV_0126,VEH_0126,2026-03-01 17:16:24,2026-03-01 17:28:36,2026-03-01 17:31:16,2026-03-01 18:02:40,12.2,31.4,17.4,269.04,20.0,215.23,5.0,30
FUL_001982,BK_001982,DRV_0202,VEH_0202,2026-03-01 14:02:00,2026-03-01 14:09:12,2026-03-01 14:12:19,2026-03-01 14:46:31,7.2,34.2,16.3,574.08,20.0,459.26,5.0,0
FUL_001983,BK_001983,DRV_0238,VEH_0238,2026-03-05 07:55:55,2026-03-05 08:07:55,2026-03-05 08:10:45,2026-03-05 08:38:33,12.0,27.8,14.8,508.56,20.0,406.85,5.0,10
FUL_001984,BK_001984,DRV_0201,VEH_0201,2026-02-21 16:26:43,2026-02-21 16:38:49,2026-02-21 16:40:19,2026-02-21 16:51:43,12.1,11.4,6.7,157.0,20.0,125.6,3.0,0
FUL_001986,BK_001986,DRV_0081,VEH_0081,2026-02-26 01:26:58,2026-02-26 01:31:10,2026-02-26 01:32:35,2026-02-26 01:58:41,4.2,26.1,13.7,495.88,20.0,396.7,5.0,0
FUL_001987,BK_001987,DRV_0164,VEH_0164,2026-02-26 18:48:15,2026-02-26 18:55:09,2026-02-26 18:58:08,2026-02-26 19:29:32,6.9,31.4,13.7,642.88,20.0,514.3,5.0,20
FUL_001989,BK_001989,DRV_0208,VEH_0208,2026-02-16 07:06:15,2026-02-16 07:10:51,2026-02-16 07:14:40,2026-02-16 07:40:46,4.6,26.1,16.1,526.4,20.0,421.12,5.0,0
FUL_001990,BK_001990,DRV_0100,VEH_0100,2026-02-15 10:58:34,2026-02-15 11:04:34,2026-02-15 11:06:34,2026-02-15 11:40:58,6.0,34.4,23.5,1713.6,20.0,1370.88,4.0,0
FUL_001993,BK_001993,DRV_0237,VEH_0237,2026-02-19 01:02:50,2026-02-19 01:11:02,2026-02-19 01:14:48,2026-02-19 01:55:00,8.2,40.2,19.0,582.4,20.0,465.92,5.0,0
FUL_001994,BK_001994,DRV_0202,VEH_0202,2026-02-14 03:35:11,2026-02-14 03:37:29,2026-02-14 03:40:27,2026-02-14 04:03:27,2.3,23.0,11.5,443.04,20.0,354.43,5.0,10
FUL_001995,BK_001995,DRV_0020,VEH_0020,2026-02-20 10:40:26,2026-02-20 10:49:32,2026-02-20 10:51:09,2026-02-20 11:29:39,9.1,38.5,16.3,792.96,20.0,634.37,5.0,0
FUL_001996,BK_001996,DRV_0310,VEH_0310,2026-03-06 01:53:33,2026-03-06 02:02:03,2026-03-06 02:03:47,2026-03-06 02:13:23,8.5,9.6,5.1,230.88,20.0,184.7,5.0,0
FUL_002000,BK_002000,DRV_0232,VEH_0232,2026-03-01 02:02:58,2026-03-01 02:08:52,2026-03-01 02:11:48,2026-03-01 02:58:36,5.9,46.8,28.1,948.48,20.0,758.78,5.0,0
FUL_002001,BK_002001,DRV_0049,VEH_0049,2026-03-13 02:05:35,2026-03-13 02:15:53,2026-03-13 02:17:16,2026-03-13 02:43:22,10.3,26.1,18.1,546.0,20.0,436.8,5.0,0
FUL_002002,BK_002002,DRV_0245,VEH_0245,2026-03-08 12:20:23,2026-03-08 12:29:41,2026-03-08 12:32:48,2026-03-08 13:21:36,9.3,48.8,20.6,257.8,20.0,206.24,5.0,10
FUL_002003,BK_002003,DRV_0025,VEH_0025,2026-03-09 20:00:15,2026-03-09 20:09:51,2026-03-09 20:13:08,2026-03-09 20:47:56,9.6,34.8,23.4,421.4,20.0,337.12,5.0,0
FUL_002004,BK_002004,DRV_0105,VEH_0105,2026-03-04 08:14:36,2026-03-04 08:25:30,2026-03-04 08:27:21,2026-03-04 08:57:57,10.9,30.6,20.5,592.76,20.0,474.21,5.0,0
FUL_002006,BK_002006,DRV_0195,VEH_0195,2026-02-17 08:12:18,2026-02-17 08:17:42,2026-02-17 08:21:09,2026-02-17 08:52:15,5.4,31.1,17.5,1018.08,20.0,814.46,5.0,0
FUL_002008,BK_002008,DRV_0295,VEH_0295,2026-03-05 13:34:10,2026-03-05 13:44:28,2026-03-05 13:48:08,2026-03-05 13:56:32,10.3,8.4,4.3,190.4,20.0,152.32,5.0,0
FUL_002010,BK_002010,DRV_0187,VEH_0187,2026-02-14 10:46:22,2026-02-14 10:59:46,2026-02-14 11:00:55,2026-02-14 11:32:07,13.4,31.2,17.5,1152.48,20.0,921.98,5.0,30
FUL_002012,BK_002012,DRV_0244,VEH_0244,2026-02-09 23:55:41,2026-02-09 23:58:47,2026-02-10 00:02:39,2026-02-10 01:04:45,3.1,62.1,27.9,842.8,20.0,674.24,4.0,30
FUL_002014,BK_002014,DRV_0019,VEH_0019,2026-02-02 21:03:35,2026-02-02 21:05:53,2026-02-02 21:09:32,2026-02-02 21:21:32,2.3,12.0,5.8,328.64,20.0,262.91,5.0,20
FUL_002015,BK_002015,DRV_0296,VEH_0296,2026-03-13 22:54:18,2026-03-13 23:01:42,2026-03-13 23:04:57,2026-03-13 23:58:45,7.4,53.8,23.5,354.0,20.0,283.2,5.0,0
FUL_002017,BK_002017,DRV_0113,VEH_0113,2026-03-17 16:40:03,2026-03-17 16:52:21,2026-03-17 16:53:58,2026-03-17 17:37:52,12.3,43.9,23.7,694.4,20.0,555.52,5.0,20
FUL_002018,BK_002018,DRV_0149,VEH_0149,2026-02-19 07:51:46,2026-02-19 07:56:22,2026-02-19 07:58:45,2026-02-19 09:04:51,4.6,66.1,24.2,920.64,20.0,736.51,5.0,0
FUL_002019,BK_002019,DRV_0031,VEH_0031,2026-02-13 17:39:38,2026-02-13 17:44:14,2026-02-13 17:45:52,2026-02-13 18:30:58,4.6,45.1,17.9,549.6,20.0,439.68,5.0,50
FUL_002020,BK_002020,DRV_0147,VEH_0147,2026-03-01 14:32:15,2026-03-01 14:44:21,2026-03-01 14:46:49,2026-03-01 15:22:19,12.1,35.5,15.6,201.4,20.0,161.12,5.0,0
FUL_002022,BK_002022,DRV_0143,VEH_0143,2026-03-12 11:27:41,2026-03-12 11:36:17,2026-03-12 11:38:45,2026-03-12 12:06:03,8.6,27.3,14.0,586.04,20.0,468.83,5.0,0
FUL_002023,BK_002023,DRV_0254,VEH_0254,2026-02-12 23:54:54,2026-02-13 00:01:54,2026-02-13 00:05:35,2026-02-13 00:25:29,7.0,19.9,9.2,134.2,20.0,107.36,5.0,10
FUL_002024,BK_002024,DRV_0248,VEH_0248,2026-02-07 04:17:59,2026-02-07 04:30:41,2026-02-07 04:33:24,2026-02-07 04:49:18,12.7,15.9,8.1,191.2,20.0,152.96,5.0,10
FUL_002025,BK_002025,DRV_0232,VEH_0232,2026-02-12 18:24:54,2026-02-12 18:35:24,2026-02-12 18:38:30,2026-02-12 18:59:24,10.5,20.9,13.5,511.68,20.0,409.34,5.0,0
FUL_002026,BK_002026,DRV_0049,VEH_0049,2026-03-13 04:25:06,2026-03-13 04:36:06,2026-03-13 04:37:09,2026-03-13 04:47:09,11.0,10.0,4.8,224.84,20.0,179.87,5.0,30
FUL_002027,BK_002027,DRV_0237,VEH_0237,2026-02-24 00:58:44,2026-02-24 01:06:44,2026-02-24 01:08:00,2026-02-24 01:42:30,8.0,34.5,15.1,509.6,20.0,407.68,5.0,10
FUL_002029,BK_002029,DRV_0255,VEH_0255,2026-02-05 11:17:18,2026-02-05 11:28:36,2026-02-05 11:32:28,2026-02-05 12:00:16,11.3,27.8,19.3,536.34,20.0,429.07,5.0,10
FUL_002030,BK_002030,DRV_0140,VEH_0140,2026-02-19 00:36:22,2026-02-19 00:49:40,2026-02-19 00:51:38,2026-02-19 01:19:20,13.3,27.7,16.6,589.68,20.0,471.74,2.0,0
FUL_002031,BK_002031,DRV_0020,VEH_0020,2026-03-04 08:00:07,2026-03-04 08:11:43,2026-03-04 08:15:05,2026-03-04 08:40:35,11.6,25.5,17.4,534.8,20.0,427.84,3.0,0
FUL_002032,BK_002032,DRV_0295,VEH_0295,2026-02-09 20:15:08,2026-02-09 20:19:14,2026-02-09 20:21:41,2026-02-09 21:04:05,4.1,42.4,24.7,1753.92,20.0,1403.14,5.0,0
FUL_002033,BK_002033,DRV_0242,VEH_0242,2026-02-14 05:23:32,2026-02-14 05:35:32,2026-02-14 05:39:28,2026-02-14 06:01:28,12.0,22.0,13.8,341.76,20.0,273.41,5.0,20
FUL_002034,BK_002034,DRV_0004,VEH_0004,2026-02-08 22:06:23,2026-02-08 22:16:11,2026-02-08 22:18:31,2026-02-08 23:18:55,9.8,60.4,28.0,939.12,20.0,751.3,5.0,10
FUL_002038,BK_002038,DRV_0145,VEH_0145,2026-03-16 13:53:27,2026-03-16 13:59:03,2026-03-16 14:00:53,2026-03-16 14:06:53,5.6,6.0,3.8,104.8,20.0,83.84,5.0,0
FUL_002039,BK_002039,DRV_0301,VEH_0301,2026-03-02 08:57:15,2026-03-02 09:07:51,2026-03-02 09:11:25,2026-03-02 09:23:13,10.6,11.8,7.1,229.88,20.0,183.9,5.0,0
FUL_002040,BK_002040,DRV_0284,VEH_0284,2026-02-18 11:16:25,2026-02-18 11:22:31,2026-02-18 11:25:11,2026-02-18 12:06:17,6.1,41.1,28.5,1235.52,20.0,988.42,5.0,50
FUL_002041,BK_002041,DRV_0303,VEH_0303,2026-03-15 16:24:08,2026-03-15 16:27:32,2026-03-15 16:29:26,2026-03-15 17:12:14,3.4,42.8,21.2,621.4,20.0,497.12,5.0,0
FUL_002042,BK_002042,DRV_0286,VEH_0286,2026-02-03 23:55:53,2026-02-04 00:08:23,2026-02-04 00:10:51,2026-02-04 00:28:09,12.5,17.3,12.6,305.04,20.0,244.03,5.0,20
FUL_002044,BK_002044,DRV_0073,VEH_0073,2026-02-26 18:00:37,2026-02-26 18:06:37,2026-02-26 18:07:54,2026-02-26 18:55:42,6.0,47.8,19.6,1258.32,20.0,1006.66,4.0,0
FUL_002045,BK_002045,DRV_0040,VEH_0040,2026-02-23 05:39:07,2026-02-23 05:49:49,2026-02-23 05:51:15,2026-02-23 06:27:33,10.7,36.3,19.8,447.6,20.0,358.08,4.0,0
FUL_002046,BK_002046,DRV_0250,VEH_0250,2026-02-19 21:41:32,2026-02-19 21:55:14,2026-02-19 21:58:32,2026-02-19 22:59:02,13.7,60.5,21.3,1106.56,20.0,885.25,5.0,50
FUL_002047,BK_002047,DRV_0303,VEH_0303,2026-02-03 08:57:20,2026-02-03 09:08:20,2026-02-03 09:10:35,2026-02-03 09:37:05,11.0,26.5,16.8,673.4,20.0,538.72,4.0,0
FUL_002048,BK_002048,DRV_0314,VEH_0314,2026-02-11 22:14:10,2026-02-11 22:22:04,2026-02-11 22:23:58,2026-02-11 22:42:40,7.9,18.7,9.7,314.6,20.0,251.68,5.0,30
FUL_002049,BK_002049,DRV_0246,VEH_0246,2026-03-10 05:01:15,2026-03-10 05:07:57,2026-03-10 05:10:58,2026-03-10 05:37:58,6.7,27.0,11.0,153.4,20.0,122.72,5.0,0
FUL_002053,BK_002053,DRV_0020,VEH_0020,2026-02-12 05:48:48,2026-02-12 06:00:06,2026-02-12 06:01:13,2026-02-12 06:58:55,11.3,57.7,28.5,868.0,20.0,694.4,5.0,20
FUL_002054,BK_002054,DRV_0299,VEH_0299,2026-02-19 10:36:26,2026-02-19 10:40:50,2026-02-19 10:44:06,2026-02-19 11:05:48,4.4,21.7,13.0,981.12,20.0,784.9,5.0,20
FUL_002055,BK_002055,DRV_0116,VEH_0116,2026-02-28 13:53:42,2026-02-28 14:07:36,2026-02-28 14:08:59,2026-02-28 14:19:59,13.9,11.0,6.0,148.0,20.0,118.4,5.0,0
FUL_002056,BK_002056,DRV_0125,VEH_0125,2026-02-09 17:25:44,2026-02-09 17:36:20,2026-02-09 17:39:48,2026-02-09 17:48:18,10.6,8.5,5.4,344.96,20.0,275.97,5.0,10
FUL_002057,BK_002057,DRV_0006,VEH_0006,2026-02-10 13:16:40,2026-02-10 13:26:52,2026-02-10 13:29:45,2026-02-10 13:46:57,10.2,17.2,9.9,151.58,20.0,121.26,5.0,10
FUL_002058,BK_002058,DRV_0007,VEH_0007,2026-03-02 15:14:27,2026-03-02 15:23:33,2026-03-02 15:26:57,2026-03-02 15:43:21,9.1,16.4,9.5,343.2,20.0,274.56,3.0,0
FUL_002059,BK_002059,DRV_0181,VEH_0181,2026-03-13 22:05:54,2026-03-13 22:11:30,2026-03-13 22:14:59,2026-03-13 22:44:11,5.6,29.2,12.1,283.58,20.0,226.86,5.0,0
FUL_002060,BK_002060,DRV_0123,VEH_0123,2026-02-02 14:54:12,2026-02-02 14:58:36,2026-02-02 15:02:30,2026-02-02 15:33:00,4.4,30.5,21.2,418.0,20.0,334.4,5.0,0
FUL_002061,BK_002061,DRV_0024,VEH_0024,2026-03-02 04:19:14,2026-03-02 04:32:14,2026-03-02 04:35:15,2026-03-02 04:50:27,13.0,15.2,8.1,225.12,20.0,180.1,5.0,20
FUL_002064,BK_002064,DRV_0307,VEH_0307,2026-02-11 09:44:53,2026-02-11 09:56:47,2026-02-11 09:59:30,2026-02-11 10:24:06,11.9,24.6,13.3,661.44,20.0,529.15,5.0,20
FUL_002066,BK_002066,DRV_0249,VEH_0249,2026-02-17 06:59:52,2026-02-17 07:04:22,2026-02-17 07:07:23,2026-02-17 07:24:47,4.5,17.4,9.1,352.56,20.0,282.05,5.0,20
FUL_002067,BK_002067,DRV_0214,VEH_0214,2026-02-26 13:40:08,2026-02-26 13:46:26,2026-02-26 13:49:46,2026-02-26 14:08:16,6.3,18.5,10.6,185.52,20.0,148.42,5.0,50
FUL_002068,BK_002068,DRV_0291,VEH_0291,2026-02-01 23:09:03,2026-02-01 23:13:45,2026-02-01 23:16:58,2026-02-02 00:20:40,4.7,63.7,28.2,524.2,20.0,419.36,5.0,50
FUL_002069,BK_002069,DRV_0281,VEH_0281,2026-02-14 05:23:23,2026-02-14 05:30:29,2026-02-14 05:32:39,2026-02-14 05:47:39,7.1,15.0,9.8,403.2,20.0,322.56,5.0,0
FUL_002071,BK_002071,DRV_0118,VEH_0118,2026-03-08 10:56:01,2026-03-08 11:05:37,2026-03-08 11:07:27,2026-03-08 11:44:57,9.6,37.5,20.0,1311.24,20.0,1048.99,5.0,0
FUL_002072,BK_002072,DRV_0067,VEH_0067,2026-02-14 13:39:17,2026-02-14 13:51:05,2026-02-14 13:54:13,2026-02-14 13:59:55,11.8,5.7,3.1,59.8,20.0,47.84,4.0,10
FUL_002074,BK_002074,DRV_0211,VEH_0211,2026-02-18 22:52:39,2026-02-18 22:59:57,2026-02-18 23:03:20,2026-02-18 23:59:50,7.3,56.5,26.8,826.54,20.0,661.23,5.0,0
FUL_002075,BK_002075,DRV_0250,VEH_0250,2026-02-17 09:30:19,2026-02-17 09:32:49,2026-02-17 09:34:17,2026-02-17 10:07:23,2.5,33.1,15.4,611.52,20.0,489.22,5.0,30
FUL_002076,BK_002076,DRV_0183,VEH_0183,2026-03-15 14:10:47,2026-03-15 14:19:05,2026-03-15 14:21:52,2026-03-15 15:14:58,8.3,53.1,22.0,446.8,20.0,357.44,4.0,20
FUL_002078,BK_002078,DRV_0040,VEH_0040,2026-02-01 06:46:11,2026-02-01 06:51:29,2026-02-01 06:53:46,2026-02-01 07:05:40,5.3,11.9,7.8,184.0,20.0,147.2,4.0,0
FUL_002079,BK_002079,DRV_0028,VEH_0028,2026-03-10 05:28:28,2026-03-10 05:40:16,2026-03-10 05:42:28,2026-03-10 06:42:10,11.8,59.7,28.2,362.2,20.0,289.76,4.0,0
FUL_002080,BK_002080,DRV_0135,VEH_0135,2026-02-06 19:57:24,2026-02-06 20:04:24,2026-02-06 20:07:32,2026-02-06 20:23:44,7.0,16.2,7.9,195.52,20.0,156.42,5.0,20
FUL_002081,BK_002081,DRV_0300,VEH_0300,2026-02-27 22:12:28,2026-02-27 22:26:22,2026-02-27 22:30:01,2026-02-27 22:49:19,13.9,19.3,8.0,175.0,20.0,140.0,4.0,50
FUL_002082,BK_002082,DRV_0241,VEH_0241,2026-02-26 16:30:26,2026-02-26 16:39:38,2026-02-26 16:42:27,2026-02-26 17:17:33,9.2,35.1,21.3,287.8,20.0,230.24,3.0,20
FUL_002083,BK_002083,DRV_0135,VEH_0135,2026-02-27 10:42:23,2026-02-27 10:49:41,2026-02-27 10:52:11,2026-02-27 11:30:29,7.3,38.3,24.7,378.48,20.0,302.78,5.0,0
FUL_002085,BK_002085,DRV_0049,VEH_0049,2026-03-10 05:47:00,2026-03-10 05:51:00,2026-03-10 05:52:24,2026-03-10 06:32:36,4.0,40.2,23.9,694.4,20.0,555.52,4.0,10
FUL_002086,BK_002086,DRV_0294,VEH_0294,2026-03-12 23:18:59,2026-03-12 23:25:35,2026-03-12 23:28:43,2026-03-13 00:02:49,6.6,34.1,14.8,317.2,20.0,253.76,5.0,0
FUL_002088,BK_002088,DRV_0305,VEH_0305,2026-02-20 18:56:30,2026-02-20 19:05:12,2026-02-20 19:06:20,2026-02-20 19:40:44,8.7,34.4,20.5,1008.0,20.0,806.4,4.0,0
FUL_002090,BK_002090,DRV_0135,VEH_0135,2026-03-09 02:44:58,2026-03-09 02:54:10,2026-03-09 02:56:49,2026-03-09 03:06:01,9.2,9.2,5.7,91.0,20.0,72.8,1.0,0
FUL_002091,BK_002091,DRV_0031,VEH_0031,2026-02-27 05:22:59,2026-02-27 05:26:59,2026-02-27 05:28:10,2026-02-27 06:12:46,4.0,44.6,29.3,391.82,20.0,313.46,4.0,0
FUL_002092,BK_002092,DRV_0007,VEH_0007,2026-03-16 02:18:07,2026-03-16 02:30:13,2026-03-16 02:33:50,2026-03-16 02:49:02,12.1,15.2,9.5,361.92,20.0,289.54,5.0,0
FUL_002093,BK_002093,DRV_0199,VEH_0199,2026-02-20 14:04:00,2026-02-20 14:06:24,2026-02-20 14:08:36,2026-02-20 14:25:18,2.4,16.7,9.9,165.36,20.0,132.29,4.0,0
FUL_002094,BK_002094,DRV_0267,VEH_0267,2026-02-16 17:54:24,2026-02-16 18:07:24,2026-02-16 18:09:26,2026-02-16 18:40:02,13.0,30.6,18.2,954.72,20.0,763.78,5.0,10
FUL_002096,BK_002096,DRV_0176,VEH_0176,2026-02-15 15:22:25,2026-02-15 15:34:55,2026-02-15 15:38:20,2026-02-15 16:11:26,12.5,33.1,13.9,297.4,20.0,237.92,3.0,10
FUL_002097,BK_002097,DRV_0235,VEH_0235,2026-02-22 14:43:16,2026-02-22 14:46:52,2026-02-22 14:50:12,2026-02-22 15:33:12,3.6,43.0,25.0,500.8,20.0,400.64,4.0,30
FUL_002099,BK_002099,DRV_0255,VEH_0255,2026-03-10 00:28:05,2026-03-10 00:34:29,2026-03-10 00:35:57,2026-03-10 01:04:21,6.4,28.4,15.4,226.82,20.0,181.46,5.0,0
FUL_002100,BK_002100,DRV_0089,VEH_0089,2026-02-10 15:18:40,2026-02-10 15:24:46,2026-02-10 15:26:47,2026-02-10 15:44:29,6.1,17.7,11.6,348.4,20.0,278.72,5.0,20
FUL_002101,BK_002101,DRV_0281,VEH_0281,2026-03-13 05:37:22,2026-03-13 05:43:28,2026-03-13 05:44:55,2026-03-13 05:57:25,6.1,12.5,7.7,271.6,20.0,217.28,4.0,20
FUL_002102,BK_002102,DRV_0233,VEH_0233,2026-02-24 16:33:44,2026-02-24 16:39:14,2026-02-24 16:40:40,2026-02-24 17:44:04,5.5,63.4,27.6,751.4,20.0,601.12,5.0,0
FUL_002104,BK_002104,DRV_0302,VEH_0302,2026-03-09 23:56:40,2026-03-10 00:06:52,2026-03-10 00:09:46,2026-03-10 00:33:46,10.2,24.0,16.1,570.96,20.0,456.77,4.0,0
FUL_002105,BK_002105,DRV_0264,VEH_0264,2026-02-05 15:35:26,2026-02-05 15:40:02,2026-02-05 15:42:54,2026-02-05 16:31:00,4.6,48.1,27.8,817.6,20.0,654.08,4.0,0
FUL_002106,BK_002106,DRV_0100,VEH_0100,2026-02-08 02:30:14,2026-02-08 02:38:26,2026-02-08 02:41:16,2026-02-08 03:25:04,8.2,43.8,29.4,848.4,20.0,678.72,5.0,20
FUL_002107,BK_002107,DRV_0259,VEH_0259,2026-03-12 16:50:19,2026-03-12 16:58:37,2026-03-12 17:01:12,2026-03-12 17:19:42,8.3,18.5,8.4,273.0,20.0,218.4,5.0,0
FUL_002108,BK_002108,DRV_0120,VEH_0120,2026-03-02 08:24:14,2026-03-02 08:37:50,2026-03-02 08:40:52,2026-03-02 08:58:40,13.6,17.8,11.3,380.8,20.0,304.64,5.0,0
FUL_002110,BK_002110,DRV_0236,VEH_0236,2026-02-21 01:18:24,2026-02-21 01:27:00,2026-02-21 01:29:29,2026-02-21 02:13:35,8.6,44.1,21.8,720.72,20.0,576.58,5.0,0
FUL_002112,BK_002112,DRV_0246,VEH_0246,2026-02-18 03:41:19,2026-02-18 03:49:07,2026-02-18 03:51:00,2026-02-18 03:59:42,7.8,8.7,5.6,94.6,20.0,75.68,4.0,10
FUL_002113,BK_002113,DRV_0175,VEH_0175,2026-02-04 23:10:03,2026-02-04 23:23:15,2026-02-04 23:25:18,2026-02-04 23:47:48,13.2,22.5,11.6,397.6,20.0,318.08,5.0,0
FUL_002114,BK_002114,DRV_0138,VEH_0138,2026-03-04 08:35:50,2026-03-04 08:47:14,2026-03-04 08:51:01,2026-03-04 09:10:55,11.4,19.9,8.5,305.92,20.0,244.74,5.0,0
FUL_002115,BK_002115,DRV_0185,VEH_0185,2026-02-11 13:10:24,2026-02-11 13:20:48,2026-02-11 13:24:14,2026-02-11 13:54:08,10.4,29.9,18.7,365.8,20.0,292.64,4.0,0
FUL_002116,BK_002116,DRV_0071,VEH_0071,2026-02-03 16:39:18,2026-02-03 16:48:36,2026-02-03 16:50:15,2026-02-03 17:13:39,9.3,23.4,12.8,406.0,20.0,324.8,5.0,50
FUL_002117,BK_002117,DRV_0097,VEH_0097,2026-02-11 00:10:56,2026-02-11 00:16:08,2026-02-11 00:17:15,2026-02-11 00:27:45,5.2,10.5,6.6,263.2,20.0,210.56,5.0,0
FUL_002118,BK_002118,DRV_0190,VEH_0190,2026-02-26 12:51:18,2026-02-26 12:56:24,2026-02-26 12:58:46,2026-02-26 13:31:40,5.1,32.9,14.6,523.6,20.0,418.88,4.0,20
FUL_002119,BK_002119,DRV_0097,VEH_0097,2026-03-17 01:08:34,2026-03-17 01:11:58,2026-03-17 01:15:52,2026-03-17 01:55:10,3.4,39.3,25.6,761.6,20.0,609.28,5.0,0
FUL_002120,BK_002120,DRV_0157,VEH_0157,2026-02-23 03:07:48,2026-02-23 03:18:18,2026-02-23 03:19:56,2026-02-23 04:11:08,10.5,51.2,23.7,773.76,20.0,619.01,3.0,20
FUL_002121,BK_002121,DRV_0249,VEH_0249,2026-03-14 05:11:49,2026-03-14 05:20:19,2026-03-14 05:24:16,2026-03-14 06:13:46,8.5,49.5,19.4,634.92,20.0,507.94,5.0,10
FUL_002122,BK_002122,DRV_0058,VEH_0058,2026-02-27 13:38:54,2026-02-27 13:52:42,2026-02-27 13:56:05,2026-02-27 14:07:17,13.8,11.2,5.3,246.48,20.0,197.18,5.0,0
FUL_002123,BK_002123,DRV_0295,VEH_0295,2026-02-26 14:46:26,2026-02-26 14:56:56,2026-02-26 15:00:44,2026-02-26 15:36:02,10.5,35.3,22.0,691.6,20.0,553.28,3.0,0
FUL_002124,BK_002124,DRV_0233,VEH_0233,2026-03-15 09:07:24,2026-03-15 09:16:54,2026-03-15 09:19:23,2026-03-15 09:47:29,9.5,28.1,18.6,827.84,20.0,662.27,5.0,30
FUL_002125,BK_002125,DRV_0248,VEH_0248,2026-02-09 07:38:15,2026-02-09 07:46:09,2026-02-09 07:48:51,2026-02-09 08:18:39,7.9,29.8,14.9,331.1,20.0,264.88,5.0,10
FUL_002126,BK_002126,DRV_0015,VEH_0015,2026-02-11 06:21:53,2026-02-11 06:25:59,2026-02-11 06:29:20,2026-02-11 07:11:32,4.1,42.2,27.0,936.0,20.0,748.8,5.0,0
FUL_002127,BK_002127,DRV_0020,VEH_0020,2026-02-17 18:50:28,2026-02-17 18:56:28,2026-02-17 18:59:02,2026-02-17 19:12:26,6.0,13.4,4.9,248.64,20.0,198.91,4.0,30
FUL_002129,BK_002129,DRV_0010,VEH_0010,2026-03-05 07:00:28,2026-03-05 07:13:58,2026-03-05 07:15:59,2026-03-05 07:31:53,13.5,15.9,10.5,276.96,20.0,221.57,5.0,0
FUL_002131,BK_002131,DRV_0116,VEH_0116,2026-02-03 07:12:43,2026-02-03 07:22:49,2026-02-03 07:23:59,2026-02-03 07:50:53,10.1,26.9,14.5,299.2,20.0,239.36,5.0,0
FUL_002133,BK_002133,DRV_0205,VEH_0205,2026-02-06 15:29:14,2026-02-06 15:39:20,2026-02-06 15:40:57,2026-02-06 15:57:27,10.1,16.5,11.0,338.0,20.0,270.4,4.0,0
FUL_002134,BK_002134,DRV_0317,VEH_0317,2026-02-16 17:44:25,2026-02-16 17:51:25,2026-02-16 17:52:36,2026-02-16 18:17:30,7.0,24.9,17.2,903.24,20.0,722.59,5.0,50
FUL_002136,BK_002136,DRV_0238,VEH_0238,2026-02-03 13:47:18,2026-02-03 13:57:12,2026-02-03 14:00:51,2026-02-03 14:13:15,9.9,12.4,7.7,265.2,20.0,212.16,5.0,10
FUL_002137,BK_002137,DRV_0156,VEH_0156,2026-02-18 18:33:11,2026-02-18 18:44:05,2026-02-18 18:46:07,2026-02-18 19:22:55,10.9,36.8,25.2,1435.98,20.0,1148.78,5.0,50
FUL_002138,BK_002138,DRV_0225,VEH_0225,2026-02-12 18:32:15,2026-02-12 18:40:57,2026-02-12 18:42:46,2026-02-12 18:56:28,8.7,13.7,9.0,238.08,20.0,190.46,5.0,0
FUL_002140,BK_002140,DRV_0130,VEH_0130,2026-02-11 16:46:06,2026-02-11 16:55:06,2026-02-11 16:56:39,2026-02-11 17:10:09,9.0,13.5,7.6,318.24,20.0,254.59,5.0,10
FUL_002141,BK_002141,DRV_0296,VEH_0296,2026-03-10 04:17:50,2026-03-10 04:20:50,2026-03-10 04:21:50,2026-03-10 04:34:26,3.0,12.6,8.2,124.6,20.0,99.68,4.0,10
FUL_002142,BK_002142,DRV_0085,VEH_0085,2026-03-09 18:11:23,2026-03-09 18:18:47,2026-03-09 18:21:31,2026-03-09 18:51:37,7.4,30.1,14.0,1048.32,20.0,838.66,3.0,50
FUL_002144,BK_002144,DRV_0089,VEH_0089,2026-02-06 07:45:28,2026-02-06 07:50:52,2026-02-06 07:54:18,2026-02-06 08:53:36,5.4,59.3,22.1,657.8,20.0,526.24,5.0,50
FUL_002145,BK_002145,DRV_0200,VEH_0200,2026-03-04 07:00:21,2026-03-04 07:05:27,2026-03-04 07:09:05,2026-03-04 07:19:35,5.1,10.5,5.7,268.8,20.0,215.04,5.0,0
FUL_002146,BK_002146,DRV_0130,VEH_0130,2026-02-13 05:55:02,2026-02-13 06:00:14,2026-02-13 06:04:04,2026-02-13 06:51:16,5.2,47.2,25.2,730.6,20.0,584.48,5.0,20
FUL_002148,BK_002148,DRV_0073,VEH_0073,2026-02-23 03:15:45,2026-02-23 03:28:21,2026-02-23 03:30:32,2026-02-23 04:38:20,12.6,67.8,26.6,826.0,20.0,660.8,5.0,0
FUL_002150,BK_002150,DRV_0314,VEH_0314,2026-02-01 15:49:29,2026-02-01 15:52:17,2026-02-01 15:53:25,2026-02-01 16:29:13,2.8,35.8,22.9,655.2,20.0,524.16,5.0,0
FUL_002152,BK_002152,DRV_0006,VEH_0006,2026-03-17 08:23:59,2026-03-17 08:31:29,2026-03-17 08:33:46,2026-03-17 08:46:34,7.5,12.8,8.7,176.12,20.0,140.9,5.0,0
FUL_002153,BK_002153,DRV_0039,VEH_0039,2026-02-09 15:45:12,2026-02-09 15:53:48,2026-02-09 15:57:15,2026-02-09 16:38:33,8.6,41.3,19.2,655.2,20.0,524.16,5.0,10
FUL_002154,BK_002154,DRV_0199,VEH_0199,2026-03-07 02:52:49,2026-03-07 03:06:13,2026-03-07 03:10:11,2026-03-07 03:43:11,13.4,33.0,22.5,345.36,20.0,276.29,5.0,20
FUL_002156,BK_002156,DRV_0037,VEH_0037,2026-03-01 10:27:41,2026-03-01 10:39:41,2026-03-01 10:42:37,2026-03-01 10:51:13,12.0,8.6,5.9,482.16,20.0,385.73,5.0,30
FUL_002157,BK_002157,DRV_0222,VEH_0222,2026-03-14 16:14:48,2026-03-14 16:28:24,2026-03-14 16:32:20,2026-03-14 17:37:38,13.6,65.3,25.4,704.6,20.0,563.68,5.0,20
FUL_002159,BK_002159,DRV_0178,VEH_0178,2026-02-01 10:47:23,2026-02-01 10:51:05,2026-02-01 10:52:12,2026-02-01 11:00:30,3.7,8.3,6.2,258.96,20.0,207.17,3.0,0
FUL_002161,BK_002161,DRV_0132,VEH_0132,2026-03-05 12:14:17,2026-03-05 12:23:29,2026-03-05 12:27:08,2026-03-05 13:13:56,9.2,46.8,26.9,887.04,20.0,709.63,4.0,10
FUL_002162,BK_002162,DRV_0234,VEH_0234,2026-02-25 04:50:17,2026-02-25 04:53:59,2026-02-25 04:57:01,2026-02-25 05:36:55,3.7,39.9,26.4,764.4,20.0,611.52,5.0,10
FUL_002163,BK_002163,DRV_0111,VEH_0111,2026-02-24 05:00:14,2026-02-24 05:10:26,2026-02-24 05:13:45,2026-02-24 05:53:45,10.2,40.0,26.1,717.6,20.0,574.08,5.0,20
FUL_002165,BK_002165,DRV_0208,VEH_0208,2026-02-18 21:27:52,2026-02-18 21:35:58,2026-02-18 21:37:48,2026-02-18 21:42:30,8.1,4.7,3.1,181.44,20.0,145.15,4.0,0
FUL_002167,BK_002167,DRV_0126,VEH_0126,2026-03-08 22:11:20,2026-03-08 22:14:14,2026-03-08 22:15:25,2026-03-08 22:35:01,2.9,19.6,11.8,170.2,20.0,136.16,5.0,50
FUL_002168,BK_002168,DRV_0306,VEH_0306,2026-03-01 19:29:38,2026-03-01 19:36:02,2026-03-01 19:39:40,2026-03-01 20:03:22,6.4,23.7,9.5,383.04,20.0,306.43,5.0,10
FUL_002169,BK_002169,DRV_0009,VEH_0009,2026-03-01 06:30:57,2026-03-01 06:43:39,2026-03-01 06:46:26,2026-03-01 07:19:38,12.7,33.2,16.2,315.4,20.0,252.32,5.0,30
FUL_002170,BK_002170,DRV_0118,VEH_0118,2026-02-20 15:43:08,2026-02-20 15:53:02,2026-02-20 15:55:29,2026-02-20 16:43:35,9.9,48.1,20.2,632.8,20.0,506.24,5.0,0
FUL_002171,BK_002171,DRV_0012,VEH_0012,2026-02-13 05:49:34,2026-02-13 06:02:28,2026-02-13 06:06:25,2026-02-13 06:29:37,12.9,23.2,12.8,207.12,20.0,165.7,5.0,0
FUL_002172,BK_002172,DRV_0120,VEH_0120,2026-03-04 19:24:21,2026-03-04 19:27:03,2026-03-04 19:28:53,2026-03-04 19:48:47,2.7,19.9,10.0,515.04,20.0,412.03,4.0,20
FUL_002173,BK_002173,DRV_0074,VEH_0074,2026-03-09 17:21:42,2026-03-09 17:26:06,2026-03-09 17:29:28,2026-03-09 17:49:28,4.4,20.0,13.7,582.4,20.0,465.92,2.0,30
FUL_002174,BK_002174,DRV_0185,VEH_0185,2026-03-07 18:37:26,2026-03-07 18:39:50,2026-03-07 18:42:05,2026-03-07 19:28:35,2.4,46.5,28.1,657.12,20.0,525.7,5.0,0
FUL_002175,BK_002175,DRV_0059,VEH_0059,2026-03-08 02:38:29,2026-03-08 02:43:17,2026-03-08 02:45:27,2026-03-08 03:23:27,4.8,38.0,18.2,250.6,20.0,200.48,3.0,0
FUL_002176,BK_002176,DRV_0316,VEH_0316,2026-02-27 10:52:18,2026-02-27 11:06:06,2026-02-27 11:07:12,2026-02-27 11:41:12,13.8,34.0,17.6,715.26,20.0,572.21,5.0,0
FUL_002177,BK_002177,DRV_0251,VEH_0251,2026-02-03 05:44:39,2026-02-03 05:54:51,2026-02-03 05:58:03,2026-02-03 06:14:27,10.2,16.4,10.6,322.4,20.0,257.92,5.0,50
FUL_002179,BK_002179,DRV_0062,VEH_0062,2026-02-14 03:29:12,2026-02-14 03:36:24,2026-02-14 03:38:08,2026-02-14 04:11:38,7.2,33.5,23.6,703.56,20.0,562.85,4.0,0
FUL_002180,BK_002180,DRV_0112,VEH_0112,2026-02-09 16:43:52,2026-02-09 16:51:40,2026-02-09 16:53:06,2026-02-09 17:27:12,7.8,34.1,21.7,432.4,20.0,345.92,4.0,10
FUL_002181,BK_002181,DRV_0269,VEH_0269,2026-03-07 21:53:56,2026-03-07 22:02:08,2026-03-07 22:05:10,2026-03-07 22:28:58,8.2,23.8,13.3,496.44,20.0,397.15,4.0,10
FUL_002183,BK_002183,DRV_0202,VEH_0202,2026-02-05 10:19:33,2026-02-05 10:23:57,2026-02-05 10:25:47,2026-02-05 11:00:17,4.4,34.5,24.3,1081.6,20.0,865.28,4.0,0
FUL_002184,BK_002184,DRV_0242,VEH_0242,2026-03-08 02:20:21,2026-03-08 02:23:09,2026-03-08 02:26:50,2026-03-08 02:48:26,2.8,21.6,13.0,322.32,20.0,257.86,4.0,0
FUL_002185,BK_002185,DRV_0082,VEH_0082,2026-02-26 17:53:14,2026-02-26 17:57:44,2026-02-26 18:00:11,2026-02-26 18:13:23,4.5,13.2,7.2,308.52,20.0,246.82,1.0,0
FUL_002186,BK_002186,DRV_0200,VEH_0200,2026-03-05 10:03:48,2026-03-05 10:15:12,2026-03-05 10:17:11,2026-03-05 10:48:17,11.4,31.1,16.3,1052.52,20.0,842.02,4.0,50
FUL_002187,BK_002187,DRV_0002,VEH_0002,2026-02-18 18:55:23,2026-02-18 19:07:35,2026-02-18 19:08:58,2026-02-18 19:16:46,12.2,7.8,4.1,376.32,20.0,301.06,5.0,10
FUL_002188,BK_002188,DRV_0136,VEH_0136,2026-03-17 07:27:07,2026-03-17 07:30:25,2026-03-17 07:34:18,2026-03-17 07:48:18,3.3,14.0,7.2,117.26,20.0,93.81,4.0,0
FUL_002189,BK_002189,DRV_0318,VEH_0318,2026-03-17 21:10:27,2026-03-17 21:22:51,2026-03-17 21:24:15,2026-03-17 21:54:45,12.4,30.5,13.3,1010.88,20.0,808.7,5.0,20
FUL_002191,BK_002191,DRV_0112,VEH_0112,2026-02-09 18:51:15,2026-02-09 19:04:03,2026-02-09 19:06:16,2026-02-09 19:36:10,12.8,29.9,20.5,582.68,20.0,466.14,5.0,0
FUL_002193,BK_002193,DRV_0052,VEH_0052,2026-02-08 03:02:52,2026-02-08 03:11:52,2026-02-08 03:15:09,2026-02-08 03:48:21,9.0,33.2,16.7,219.4,20.0,175.52,5.0,0
FUL_002195,BK_002195,DRV_0075,VEH_0075,2026-02-23 01:20:16,2026-02-23 01:29:22,2026-02-23 01:30:49,2026-02-23 01:43:13,9.1,12.4,8.0,187.6,20.0,150.08,5.0,50
FUL_002196,BK_002196,DRV_0145,VEH_0145,2026-02-14 02:34:51,2026-02-14 02:39:45,2026-02-14 02:42:34,2026-02-14 03:36:10,4.9,53.6,27.3,590.48,20.0,472.38,5.0,30
FUL_002198,BK_002198,DRV_0152,VEH_0152,2026-03-07 23:13:34,2026-03-07 23:20:40,2026-03-07 23:24:29,2026-03-07 23:45:59,7.1,21.5,14.9,297.4,20.0,237.92,5.0,50
FUL_002199,BK_002199,DRV_0004,VEH_0004,2026-02-06 09:09:10,2026-02-06 09:17:46,2026-02-06 09:18:53,2026-02-06 10:04:35,8.6,45.7,25.6,876.72,20.0,701.38,2.0,0
FUL_002200,BK_002200,DRV_0282,VEH_0282,2026-03-11 21:45:38,2026-03-11 21:59:20,2026-03-11 22:01:25,2026-03-11 22:41:07,13.7,39.7,25.8,885.24,20.0,708.19,5.0,0
FUL_002202,BK_002202,DRV_0113,VEH_0113,2026-02-27 17:22:22,2026-02-27 17:27:04,2026-02-27 17:28:30,2026-02-27 17:43:18,4.7,14.8,6.6,394.24,20.0,315.39,5.0,20
FUL_002204,BK_002204,DRV_0062,VEH_0062,2026-02-02 17:48:51,2026-02-02 17:55:33,2026-02-02 17:57:38,2026-02-02 18:06:08,6.7,8.5,4.1,262.08,20.0,209.66,5.0,0
FUL_002206,BK_002206,DRV_0020,VEH_0020,2026-02-21 18:27:14,2026-02-21 18:29:20,2026-02-21 18:33:13,2026-02-21 19:15:01,2.1,41.8,18.5,1088.64,20.0,870.91,4.0,20
FUL_002207,BK_002207,DRV_0293,VEH_0293,2026-03-12 12:12:24,2026-03-12 12:18:54,2026-03-12 12:21:29,2026-03-12 12:30:59,6.5,9.5,5.1,192.4,20.0,153.92,5.0,20
FUL_002208,BK_002208,DRV_0039,VEH_0039,2026-02-02 15:21:30,2026-02-02 15:24:30,2026-02-02 15:26:38,2026-02-02 15:59:14,3.0,32.6,19.9,592.8,20.0,474.24,5.0,0
FUL_002209,BK_002209,DRV_0017,VEH_0017,2026-03-02 12:57:47,2026-03-02 13:08:29,2026-03-02 13:09:36,2026-03-02 13:42:42,10.7,33.1,16.7,569.8,20.0,455.84,5.0,20
FUL_002213,BK_002213,DRV_0072,VEH_0072,2026-02-24 13:49:43,2026-02-24 13:56:55,2026-02-24 13:57:55,2026-02-24 14:03:25,7.2,5.5,3.3,159.6,20.0,127.68,4.0,0
FUL_002214,BK_002214,DRV_0081,VEH_0081,2026-02-03 11:30:36,2026-02-03 11:38:54,2026-02-03 11:40:56,2026-02-03 12:04:50,8.3,23.9,16.1,705.6,20.0,564.48,5.0,50
FUL_002215,BK_002215,DRV_0289,VEH_0289,2026-02-05 02:26:31,2026-02-05 02:39:07,2026-02-05 02:40:25,2026-02-05 02:51:13,12.6,10.8,6.1,148.0,20.0,118.4,5.0,30
FUL_002216,BK_002216,DRV_0195,VEH_0195,2026-02-10 10:57:27,2026-02-10 11:07:39,2026-02-10 11:11:37,2026-02-10 11:54:37,10.2,43.0,26.9,2016.0,20.0,1612.8,5.0,0
FUL_002217,BK_002217,DRV_0287,VEH_0287,2026-03-12 04:24:37,2026-03-12 04:30:49,2026-03-12 04:31:57,2026-03-12 05:19:45,6.2,47.8,23.5,549.12,20.0,439.3,4.0,30
FUL_002218,BK_002218,DRV_0069,VEH_0069,2026-02-26 07:51:20,2026-02-26 07:58:44,2026-02-26 08:02:40,2026-02-26 08:31:10,7.4,28.5,15.7,313.6,20.0,250.88,5.0,20
FUL_002219,BK_002219,DRV_0293,VEH_0293,2026-02-18 05:14:33,2026-02-18 05:25:51,2026-02-18 05:29:22,2026-02-18 06:07:58,11.3,38.6,21.3,700.7,20.0,560.56,5.0,10
FUL_002220,BK_002220,DRV_0069,VEH_0069,2026-02-18 14:44:29,2026-02-18 14:53:23,2026-02-18 14:55:00,2026-02-18 15:34:12,8.9,39.2,16.9,390.5,20.0,312.4,5.0,0
FUL_002221,BK_002221,DRV_0245,VEH_0245,2026-02-03 01:16:16,2026-02-03 01:22:46,2026-02-03 01:24:28,2026-02-03 01:49:40,6.5,25.2,16.0,220.6,20.0,176.48,5.0,0
FUL_002222,BK_002222,DRV_0314,VEH_0314,2026-02-12 18:58:35,2026-02-12 19:05:23,2026-02-12 19:08:56,2026-02-12 19:19:02,6.8,10.1,5.7,383.76,20.0,307.01,5.0,50
FUL_002223,BK_002223,DRV_0053,VEH_0053,2026-02-27 14:26:10,2026-02-27 14:32:10,2026-02-27 14:35:57,2026-02-27 14:58:09,6.0,22.2,14.4,193.0,20.0,154.4,5.0,50
FUL_002225,BK_002225,DRV_0185,VEH_0185,2026-03-14 21:01:41,2026-03-14 21:07:53,2026-03-14 21:10:23,2026-03-14 21:23:47,6.2,13.4,7.7,257.6,20.0,206.08,5.0,20
FUL_002226,BK_002226,DRV_0167,VEH_0167,2026-02-08 10:29:39,2026-02-08 10:36:15,2026-02-08 10:39:21,2026-02-08 11:11:45,6.6,32.4,16.5,391.44,20.0,313.15,1.0,0
FUL_002228,BK_002228,DRV_0248,VEH_0248,2026-02-16 00:28:29,2026-02-16 00:38:11,2026-02-16 00:40:00,2026-02-16 01:07:24,9.7,27.4,16.8,353.2,20.0,282.56,5.0,0
FUL_002229,BK_002229,DRV_0214,VEH_0214,2026-03-01 13:38:29,2026-03-01 13:51:29,2026-03-01 13:52:29,2026-03-01 14:07:23,13.0,14.9,10.2,141.4,20.0,113.12,5.0,30
FUL_002231,BK_002231,DRV_0050,VEH_0050,2026-02-15 04:59:18,2026-02-15 05:01:48,2026-02-15 05:03:21,2026-02-15 05:13:09,2.5,9.8,5.1,237.12,20.0,189.7,5.0,30
FUL_002234,BK_002234,DRV_0274,VEH_0274,2026-02-23 13:25:50,2026-02-23 13:32:26,2026-02-23 13:36:10,2026-02-23 13:49:22,6.6,13.2,9.4,296.4,20.0,237.12,3.0,10
FUL_002235,BK_002235,DRV_0050,VEH_0050,2026-02-03 13:25:00,2026-02-03 13:28:18,2026-02-03 13:29:52,2026-02-03 13:39:04,3.3,9.2,3.8,163.8,20.0,131.04,4.0,0
FUL_002236,BK_002236,DRV_0066,VEH_0066,2026-02-14 11:56:04,2026-02-14 12:04:16,2026-02-14 12:07:58,2026-02-14 12:39:40,8.2,31.7,15.1,497.76,20.0,398.21,4.0,20
FUL_002237,BK_002237,DRV_0223,VEH_0223,2026-02-21 00:52:21,2026-02-21 00:58:27,2026-02-21 01:02:16,2026-02-21 01:36:10,6.1,33.9,20.8,311.3,20.0,249.04,3.0,20
FUL_002239,BK_002239,DRV_0071,VEH_0071,2026-02-05 03:32:51,2026-02-05 03:36:45,2026-02-05 03:39:29,2026-02-05 04:13:11,3.9,33.7,19.6,729.12,20.0,583.3,5.0,10
FUL_002240,BK_002240,DRV_0247,VEH_0247,2026-03-17 00:12:29,2026-03-17 00:15:59,2026-03-17 00:19:32,2026-03-17 01:10:56,3.5,51.4,25.3,795.2,20.0,636.16,3.0,0
FUL_002242,BK_002242,DRV_0225,VEH_0225,2026-02-19 01:05:24,2026-02-19 01:09:12,2026-02-19 01:10:45,2026-02-19 01:40:15,3.8,29.5,18.2,414.26,20.0,331.41,5.0,50
FUL_002244,BK_002244,DRV_0062,VEH_0062,2026-03-13 20:46:32,2026-03-13 20:51:08,2026-03-13 20:53:12,2026-03-13 21:04:54,4.6,11.7,7.7,312.0,20.0,249.6,5.0,0
FUL_002246,BK_002246,DRV_0147,VEH_0147,2026-03-11 04:32:32,2026-03-11 04:38:20,2026-03-11 04:42:08,2026-03-11 05:23:32,5.8,41.4,30.4,367.0,20.0,293.6,5.0,30
FUL_002247,BK_002247,DRV_0191,VEH_0191,2026-02-18 18:22:40,2026-02-18 18:32:28,2026-02-18 18:35:22,2026-02-18 19:13:52,9.8,38.5,23.3,843.36,20.0,674.69,5.0,30
FUL_002248,BK_002248,DRV_0310,VEH_0310,2026-03-17 10:57:20,2026-03-17 11:04:44,2026-03-17 11:06:44,2026-03-17 11:30:50,7.4,24.1,16.1,966.42,20.0,773.14,5.0,0
FUL_002249,BK_002249,DRV_0306,VEH_0306,2026-02-02 02:24:14,2026-02-02 02:35:56,2026-02-02 02:37:20,2026-02-02 03:37:32,11.7,60.2,27.9,644.16,20.0,515.33,5.0,0
FUL_002250,BK_002250,DRV_0142,VEH_0142,2026-02-23 08:10:38,2026-02-23 08:15:14,2026-02-23 08:18:12,2026-02-23 08:45:54,4.6,27.7,17.3,425.16,20.0,340.13,3.0,0
FUL_002252,BK_002252,DRV_0218,VEH_0218,2026-03-02 20:45:44,2026-03-02 20:48:38,2026-03-02 20:51:28,2026-03-02 21:44:40,2.9,53.2,25.7,1037.4,20.0,829.92,4.0,30
FUL_002253,BK_002253,DRV_0196,VEH_0196,2026-03-02 20:50:22,2026-03-02 20:56:34,2026-03-02 21:00:00,2026-03-02 21:13:00,6.2,13.0,9.7,418.6,20.0,334.88,5.0,50
FUL_002254,BK_002254,DRV_0248,VEH_0248,2026-02-27 00:36:03,2026-02-27 00:44:09,2026-02-27 00:47:15,2026-02-27 01:02:21,8.1,15.1,8.0,176.8,20.0,141.44,5.0,0
FUL_002255,BK_002255,DRV_0172,VEH_0172,2026-03-01 01:15:36,2026-03-01 01:19:36,2026-03-01 01:21:42,2026-03-01 02:07:06,4.0,45.4,21.1,430.6,20.0,344.48,4.0,0
FUL_002256,BK_002256,DRV_0255,VEH_0255,2026-02-14 15:17:29,2026-02-14 15:30:29,2026-02-14 15:33:35,2026-02-14 15:45:23,13.0,11.8,7.6,119.8,20.0,95.84,5.0,10
FUL_002257,BK_002257,DRV_0006,VEH_0006,2026-02-19 12:59:18,2026-02-19 13:04:18,2026-02-19 13:06:46,2026-02-19 13:57:28,5.0,50.7,28.9,349.0,20.0,279.2,5.0,0
FUL_002258,BK_002258,DRV_0025,VEH_0025,2026-03-09 01:26:37,2026-03-09 01:31:13,2026-03-09 01:34:41,2026-03-09 02:44:41,4.6,70.0,28.9,401.06,20.0,320.85,5.0,0
FUL_002259,BK_002259,DRV_0073,VEH_0073,2026-03-13 04:16:55,2026-03-13 04:30:19,2026-03-13 04:32:35,2026-03-13 04:39:29,13.4,6.9,4.4,190.4,20.0,152.32,4.0,0
FUL_002260,BK_002260,DRV_0009,VEH_0009,2026-03-18 05:11:35,2026-03-18 05:25:17,2026-03-18 05:26:26,2026-03-18 06:22:02,13.7,55.6,29.9,551.2,20.0,440.96,4.0,10
FUL_002261,BK_002261,DRV_0060,VEH_0060,2026-03-10 07:09:08,2026-03-10 07:14:44,2026-03-10 07:18:35,2026-03-10 07:44:29,5.6,25.9,16.3,256.08,20.0,204.86,3.0,0
FUL_002262,BK_002262,DRV_0015,VEH_0015,2026-03-05 09:36:32,2026-03-05 09:44:44,2026-03-05 09:48:39,2026-03-05 10:31:27,8.2,42.8,17.2,794.56,20.0,635.65,5.0,50
FUL_002264,BK_002264,DRV_0191,VEH_0191,2026-02-09 19:01:41,2026-02-09 19:07:23,2026-02-09 19:08:46,2026-02-09 20:00:46,5.7,52.0,19.9,1498.56,20.0,1198.85,4.0,0
FUL_002265,BK_002265,DRV_0178,VEH_0178,2026-02-01 19:05:58,2026-02-01 19:12:22,2026-02-01 19:16:14,2026-02-01 19:26:38,6.4,10.4,5.4,492.96,20.0,394.37,5.0,50
FUL_002269,BK_002269,DRV_0054,VEH_0054,2026-02-07 02:41:13,2026-02-07 02:50:55,2026-02-07 02:54:18,2026-02-07 03:37:24,9.7,43.1,16.7,221.8,20.0,177.44,5.0,10
FUL_002270,BK_002270,DRV_0311,VEH_0311,2026-02-16 19:05:25,2026-02-16 19:15:07,2026-02-16 19:18:29,2026-02-16 19:38:59,9.7,20.5,13.0,666.24,20.0,532.99,5.0,0
FUL_002271,BK_002271,DRV_0025,VEH_0025,2026-03-06 09:04:28,2026-03-06 09:10:40,2026-03-06 09:13:07,2026-03-06 09:31:55,6.2,18.8,8.9,316.32,20.0,253.06,5.0,0
FUL_002274,BK_002274,DRV_0291,VEH_0291,2026-02-07 15:13:00,2026-02-07 15:17:24,2026-02-07 15:20:04,2026-02-07 16:20:04,4.4,60.0,26.7,536.8,20.0,429.44,4.0,20
FUL_002275,BK_002275,DRV_0162,VEH_0162,2026-03-03 21:56:19,2026-03-03 22:03:43,2026-03-03 22:07:32,2026-03-03 22:25:44,7.4,18.2,10.1,511.68,20.0,409.34,5.0,50
FUL_002276,BK_002276,DRV_0066,VEH_0066,2026-03-02 13:47:19,2026-03-02 13:54:49,2026-03-02 13:56:14,2026-03-02 14:34:08,7.5,37.9,23.9,292.6,20.0,234.08,5.0,10
FUL_002277,BK_002277,DRV_0066,VEH_0066,2026-02-14 16:17:17,2026-02-14 16:25:41,2026-02-14 16:26:43,2026-02-14 16:56:37,8.4,29.9,19.8,296.78,20.0,237.42,4.0,10
FUL_002278,BK_002278,DRV_0155,VEH_0155,2026-02-24 23:58:10,2026-02-25 00:01:40,2026-02-25 00:03:32,2026-02-25 00:45:56,3.5,42.4,29.2,849.42,20.0,679.54,5.0,10
FUL_002279,BK_002279,DRV_0072,VEH_0072,2026-02-06 11:35:16,2026-02-06 11:40:04,2026-02-06 11:41:32,2026-02-06 12:11:26,4.8,29.9,15.1,608.16,20.0,486.53,5.0,10
FUL_002281,BK_002281,DRV_0157,VEH_0157,2026-03-02 08:03:27,2026-03-02 08:15:03,2026-03-02 08:17:22,2026-03-02 08:58:34,11.6,41.2,24.4,804.96,20.0,643.97,3.0,0
FUL_002282,BK_002282,DRV_0173,VEH_0173,2026-02-22 12:12:39,2026-02-22 12:15:21,2026-02-22 12:17:53,2026-02-22 12:57:35,2.7,39.7,24.6,484.6,20.0,387.68,5.0,0
FUL_002283,BK_002283,DRV_0075,VEH_0075,2026-02-05 15:50:25,2026-02-05 16:03:13,2026-02-05 16:05:38,2026-02-05 16:23:50,12.8,18.2,6.7,194.88,20.0,155.9,3.0,50
FUL_002285,BK_002285,DRV_0093,VEH_0093,2026-02-05 09:50:58,2026-02-05 09:56:04,2026-02-05 09:58:58,2026-02-05 10:18:16,5.1,19.3,8.3,692.16,20.0,553.73,3.0,0
FUL_002286,BK_002286,DRV_0121,VEH_0121,2026-02-12 12:42:31,2026-02-12 12:46:37,2026-02-12 12:50:32,2026-02-12 12:58:50,4.1,8.3,3.8,197.12,20.0,157.7,4.0,50
FUL_002287,BK_002287,DRV_0081,VEH_0081,2026-02-26 18:15:30,2026-02-26 18:27:30,2026-02-26 18:28:49,2026-02-26 18:46:49,12.0,18.0,11.1,591.36,20.0,473.09,5.0,10
FUL_002288,BK_002288,DRV_0201,VEH_0201,2026-02-25 13:12:55,2026-02-25 13:21:19,2026-02-25 13:22:46,2026-02-25 13:42:28,8.4,19.7,11.2,232.6,20.0,186.08,5.0,0
FUL_002289,BK_002289,DRV_0080,VEH_0080,2026-02-09 13:52:30,2026-02-09 13:57:18,2026-02-09 13:59:20,2026-02-09 14:19:02,4.8,19.7,7.5,176.8,20.0,141.44,5.0,20
FUL_002290,BK_002290,DRV_0017,VEH_0017,2026-02-02 15:03:20,2026-02-02 15:15:50,2026-02-02 15:18:58,2026-02-02 16:08:34,12.5,49.6,27.4,814.8,20.0,651.84,4.0,50
FUL_002291,BK_002291,DRV_0222,VEH_0222,2026-03-14 18:14:15,2026-03-14 18:22:09,2026-03-14 18:24:35,2026-03-14 18:40:11,7.9,15.6,7.7,353.08,20.0,282.46,5.0,10
FUL_002292,BK_002292,DRV_0037,VEH_0037,2026-02-20 16:33:27,2026-02-20 16:41:51,2026-02-20 16:44:22,2026-02-20 16:53:34,8.4,9.2,3.8,176.4,20.0,141.12,5.0,50
FUL_002295,BK_002295,DRV_0118,VEH_0118,2026-02-12 18:40:10,2026-02-12 18:42:52,2026-02-12 18:46:22,2026-02-12 19:18:10,2.7,31.8,19.6,927.36,20.0,741.89,5.0,10
FUL_002297,BK_002297,DRV_0132,VEH_0132,2026-03-08 11:15:44,2026-03-08 11:26:44,2026-03-08 11:30:40,2026-03-08 11:40:04,11.0,9.4,5.9,282.24,20.0,225.79,5.0,10
FUL_002299,BK_002299,DRV_0219,VEH_0219,2026-03-15 09:57:13,2026-03-15 10:08:01,2026-03-15 10:11:38,2026-03-15 11:01:08,10.8,49.5,22.0,443.2,20.0,354.56,4.0,50
FUL_002300,BK_002300,DRV_0139,VEH_0139,2026-03-06 10:38:50,2026-03-06 10:51:38,2026-03-06 10:53:07,2026-03-06 11:03:43,12.8,10.6,5.9,285.6,20.0,228.48,4.0,0
FUL_002301,BK_002301,DRV_0019,VEH_0019,2026-03-15 00:50:20,2026-03-15 00:55:38,2026-03-15 00:59:24,2026-03-15 01:46:12,5.3,46.8,22.5,647.4,20.0,517.92,5.0,30
FUL_002304,BK_002304,DRV_0110,VEH_0110,2026-03-09 09:54:48,2026-03-09 09:59:24,2026-03-09 10:02:39,2026-03-09 10:14:57,4.6,12.3,8.5,291.52,20.0,233.22,5.0,0
FUL_002306,BK_002306,DRV_0272,VEH_0272,2026-02-01 07:32:39,2026-02-01 07:45:21,2026-02-01 07:48:13,2026-02-01 08:20:37,12.7,32.4,23.2,483.56,20.0,386.85,5.0,30
FUL_002307,BK_002307,DRV_0221,VEH_0221,2026-02-04 08:35:18,2026-02-04 08:41:36,2026-02-04 08:42:36,2026-02-04 09:09:24,6.3,26.8,14.7,326.08,20.0,260.86,5.0,0
FUL_002308,BK_002308,DRV_0126,VEH_0126,2026-02-22 22:15:44,2026-02-22 22:19:02,2026-02-22 22:20:25,2026-02-22 23:06:49,3.3,46.4,24.0,381.36,20.0,305.09,3.0,0
FUL_002310,BK_002310,DRV_0010,VEH_0010,2026-02-08 01:09:34,2026-02-08 01:13:40,2026-02-08 01:16:20,2026-02-08 01:20:38,4.1,4.3,2.4,93.5,20.0,74.8,5.0,0
FUL_002312,BK_002312,DRV_0289,VEH_0289,2026-03-10 03:30:01,2026-03-10 03:37:19,2026-03-10 03:40:10,2026-03-10 04:42:46,7.3,62.6,26.7,633.36,20.0,506.69,4.0,0
FUL_002314,BK_002314,DRV_0262,VEH_0262,2026-02-21 10:39:17,2026-02-21 10:45:11,2026-02-21 10:48:13,2026-02-21 11:20:07,5.9,31.9,16.5,1046.64,20.0,837.31,5.0,0
FUL_002315,BK_002315,DRV_0244,VEH_0244,2026-02-09 06:13:05,2026-02-09 06:16:35,2026-02-09 06:18:07,2026-02-09 06:44:01,3.5,25.9,13.2,439.6,20.0,351.68,5.0,0
FUL_002316,BK_002316,DRV_0165,VEH_0165,2026-03-09 08:25:20,2026-03-09 08:35:32,2026-03-09 08:38:35,2026-03-09 09:12:05,10.2,33.5,21.9,906.36,20.0,725.09,5.0,30
FUL_002318,BK_002318,DRV_0260,VEH_0260,2026-02-26 13:13:01,2026-02-26 13:21:25,2026-02-26 13:23:45,2026-02-26 13:53:45,8.4,30.0,18.5,419.52,20.0,335.62,5.0,30
FUL_002319,BK_002319,DRV_0177,VEH_0177,2026-03-17 18:36:45,2026-03-17 18:46:33,2026-03-17 18:48:54,2026-03-17 19:36:36,9.8,47.7,27.1,953.28,20.0,762.62,5.0,0
FUL_002320,BK_002320,DRV_0266,VEH_0266,2026-03-13 05:54:21,2026-03-13 06:08:21,2026-03-13 06:12:07,2026-03-13 07:00:13,14.0,48.1,21.6,286.6,20.0,229.28,3.0,0
FUL_002321,BK_002321,DRV_0119,VEH_0119,2026-02-23 05:00:20,2026-02-23 05:12:26,2026-02-23 05:14:33,2026-02-23 05:34:33,12.1,20.0,12.4,471.12,20.0,376.9,5.0,0
FUL_002322,BK_002322,DRV_0210,VEH_0210,2026-03-16 14:45:01,2026-03-16 14:51:43,2026-03-16 14:54:10,2026-03-16 15:47:10,6.7,53.0,22.0,705.6,20.0,564.48,4.0,0
FUL_002323,BK_002323,DRV_0214,VEH_0214,2026-03-12 12:06:44,2026-03-12 12:10:26,2026-03-12 12:12:20,2026-03-12 13:00:14,3.7,47.9,23.2,361.2,20.0,288.96,5.0,0
FUL_002324,BK_002324,DRV_0030,VEH_0030,2026-02-19 18:50:40,2026-02-19 19:03:28,2026-02-19 19:05:16,2026-02-19 19:37:28,12.8,32.2,22.2,653.28,20.0,522.62,4.0,30
FUL_002325,BK_002325,DRV_0162,VEH_0162,2026-02-15 23:00:11,2026-02-15 23:12:35,2026-02-15 23:15:59,2026-02-15 23:44:59,12.4,29.0,17.8,600.6,20.0,480.48,5.0,0
FUL_002327,BK_002327,DRV_0051,VEH_0051,2026-03-06 14:54:54,2026-03-06 15:07:36,2026-03-06 15:09:27,2026-03-06 15:52:51,12.7,43.4,21.8,512.4,20.0,409.92,5.0,30
FUL_002328,BK_002328,DRV_0222,VEH_0222,2026-03-13 01:43:53,2026-03-13 01:55:53,2026-03-13 01:59:06,2026-03-13 02:56:00,12.0,56.9,25.8,733.2,20.0,586.56,5.0,30
FUL_002329,BK_002329,DRV_0168,VEH_0168,2026-02-15 05:59:44,2026-02-15 06:09:14,2026-02-15 06:10:59,2026-02-15 06:22:17,9.5,11.3,7.1,244.4,20.0,195.52,5.0,0
FUL_002330,BK_002330,DRV_0081,VEH_0081,2026-03-02 01:24:29,2026-03-02 01:36:29,2026-03-02 01:39:03,2026-03-02 01:51:09,12.0,12.1,8.3,288.4,20.0,230.72,5.0,0
FUL_002331,BK_002331,DRV_0004,VEH_0004,2026-03-03 08:53:20,2026-03-03 08:58:26,2026-03-03 09:01:46,2026-03-03 09:21:28,5.1,19.7,10.7,780.0,20.0,624.0,5.0,20
FUL_002332,BK_002332,DRV_0237,VEH_0237,2026-03-02 19:53:08,2026-03-02 20:01:44,2026-03-02 20:05:14,2026-03-02 20:27:56,8.6,22.7,13.6,1021.44,20.0,817.15,5.0,10
FUL_002334,BK_002334,DRV_0218,VEH_0218,2026-02-03 09:11:58,2026-02-03 09:24:10,2026-02-03 09:25:35,2026-02-03 09:36:53,12.2,11.3,5.8,453.18,20.0,362.54,5.0,0
FUL_002335,BK_002335,DRV_0307,VEH_0307,2026-02-27 08:07:19,2026-02-27 08:15:13,2026-02-27 08:16:38,2026-02-27 08:50:08,7.9,33.5,17.1,1026.48,20.0,821.18,5.0,0
FUL_002336,BK_002336,DRV_0104,VEH_0104,2026-02-20 02:22:44,2026-02-20 02:32:26,2026-02-20 02:34:43,2026-02-20 03:04:55,9.7,30.2,17.4,688.8,20.0,551.04,5.0,50
FUL_002338,BK_002338,DRV_0145,VEH_0145,2026-02-26 00:10:25,2026-02-26 00:13:43,2026-02-26 00:15:03,2026-02-26 00:28:27,3.3,13.4,8.7,198.4,20.0,158.72,5.0,20
FUL_002339,BK_002339,DRV_0196,VEH_0196,2026-02-25 01:20:00,2026-02-25 01:23:48,2026-02-25 01:25:58,2026-02-25 01:51:22,3.8,25.4,12.1,420.42,20.0,336.34,5.0,50
FUL_002341,BK_002341,DRV_0263,VEH_0263,2026-02-17 03:18:46,2026-02-17 03:28:40,2026-02-17 03:30:16,2026-02-17 04:10:52,9.9,40.6,27.5,374.66,20.0,299.73,5.0,30
FUL_002342,BK_002342,DRV_0030,VEH_0030,2026-02-16 03:12:29,2026-02-16 03:26:23,2026-02-16 03:29:42,2026-02-16 04:00:12,13.9,30.5,20.7,298.1,20.0,238.48,5.0,30
FUL_002344,BK_002344,DRV_0302,VEH_0302,2026-03-11 07:42:10,2026-03-11 07:49:58,2026-03-11 07:53:08,2026-03-11 08:41:38,7.8,48.5,29.8,782.6,20.0,626.08,5.0,0
FUL_002345,BK_002345,DRV_0193,VEH_0193,2026-03-04 04:23:31,2026-03-04 04:35:31,2026-03-04 04:37:04,2026-03-04 05:13:16,12.0,36.2,25.2,387.12,20.0,309.7,5.0,0
FUL_002346,BK_002346,DRV_0218,VEH_0218,2026-03-02 02:24:54,2026-03-02 02:36:42,2026-03-02 02:39:52,2026-03-02 03:22:22,11.8,42.5,21.1,624.0,20.0,499.2,5.0,30
FUL_002347,BK_002347,DRV_0218,VEH_0218,2026-02-28 15:08:39,2026-02-28 15:19:27,2026-02-28 15:21:35,2026-02-28 15:28:47,10.8,7.2,3.5,153.4,20.0,122.72,5.0,10
FUL_002348,BK_002348,DRV_0174,VEH_0174,2026-02-15 12:16:35,2026-02-15 12:19:17,2026-02-15 12:22:56,2026-02-15 12:30:38,2.7,7.7,4.1,90.48,20.0,72.38,3.0,0
FUL_002351,BK_002351,DRV_0146,VEH_0146,2026-02-11 23:21:17,2026-02-11 23:28:59,2026-02-11 23:31:54,2026-02-12 00:22:42,7.7,50.8,27.0,823.2,20.0,658.56,5.0,30
FUL_002352,BK_002352,DRV_0206,VEH_0206,2026-02-22 21:43:28,2026-02-22 21:48:58,2026-02-22 21:52:46,2026-02-22 22:18:04,5.5,25.3,10.9,216.44,20.0,173.15,5.0,20
FUL_002353,BK_002353,DRV_0108,VEH_0108,2026-02-28 21:14:32,2026-02-28 21:28:02,2026-02-28 21:30:04,2026-02-28 21:51:28,13.5,21.4,14.1,761.6,20.0,609.28,4.0,0
FUL_002358,BK_002358,DRV_0170,VEH_0170,2026-02-01 10:12:47,2026-02-01 10:25:17,2026-02-01 10:27:27,2026-02-01 11:19:39,12.5,52.2,23.8,1141.44,20.0,913.15,5.0,30
FUL_002359,BK_002359,DRV_0038,VEH_0038,2026-03-04 15:42:11,2026-03-04 15:48:59,2026-03-04 15:51:29,2026-03-04 16:22:11,6.8,30.7,14.7,442.0,20.0,353.6,5.0,50
FUL_002362,BK_002362,DRV_0275,VEH_0275,2026-03-02 14:57:02,2026-03-02 15:05:38,2026-03-02 15:06:59,2026-03-02 16:07:23,8.6,60.4,26.5,862.4,20.0,689.92,2.0,0
FUL_002363,BK_002363,DRV_0175,VEH_0175,2026-02-11 06:33:07,2026-02-11 06:45:25,2026-02-11 06:48:00,2026-02-11 07:23:00,12.3,35.0,25.1,736.4,20.0,589.12,5.0,30
FUL_002365,BK_002365,DRV_0246,VEH_0246,2026-02-06 04:13:27,2026-02-06 04:19:45,2026-02-06 04:22:29,2026-02-06 04:58:53,6.3,36.4,17.5,255.86,20.0,204.69,5.0,0
FUL_002366,BK_002366,DRV_0246,VEH_0246,2026-02-09 13:09:32,2026-02-09 13:12:38,2026-02-09 13:15:19,2026-02-09 14:06:01,3.1,50.7,23.1,342.48,20.0,273.98,5.0,10
FUL_002367,BK_002367,DRV_0078,VEH_0078,2026-02-21 20:58:20,2026-02-21 21:03:38,2026-02-21 21:05:29,2026-02-21 21:17:59,5.3,12.5,8.5,686.4,20.0,549.12,5.0,50
FUL_002368,BK_002368,DRV_0086,VEH_0086,2026-02-08 07:34:40,2026-02-08 07:40:58,2026-02-08 07:44:14,2026-02-08 07:56:20,6.3,12.1,6.1,142.6,20.0,114.08,5.0,0
FUL_002370,BK_002370,DRV_0037,VEH_0037,2026-02-10 06:25:42,2026-02-10 06:35:36,2026-02-10 06:38:34,2026-02-10 07:21:22,9.9,42.8,26.6,971.04,20.0,776.83,5.0,0
FUL_002371,BK_002371,DRV_0248,VEH_0248,2026-02-15 09:22:54,2026-02-15 09:33:12,2026-02-15 09:34:51,2026-02-15 09:55:09,10.3,20.3,14.5,458.56,20.0,366.85,5.0,10
FUL_002372,BK_002372,DRV_0009,VEH_0009,2026-03-13 05:52:38,2026-03-13 05:58:38,2026-03-13 06:01:31,2026-03-13 06:40:13,6.0,38.7,16.6,333.4,20.0,266.72,5.0,30
FUL_002373,BK_002373,DRV_0096,VEH_0096,2026-02-16 03:36:53,2026-02-16 03:47:29,2026-02-16 03:51:07,2026-02-16 04:13:43,10.6,22.6,16.1,228.14,20.0,182.51,5.0,0
FUL_002374,BK_002374,DRV_0146,VEH_0146,2026-02-09 07:10:10,2026-02-09 07:17:10,2026-02-09 07:18:28,2026-02-09 07:37:16,7.0,18.8,9.8,324.8,20.0,259.84,5.0,30
FUL_002375,BK_002375,DRV_0313,VEH_0313,2026-02-19 06:23:21,2026-02-19 06:33:39,2026-02-19 06:37:31,2026-02-19 07:12:19,10.3,34.8,24.5,681.2,20.0,544.96,5.0,10
FUL_002377,BK_002377,DRV_0138,VEH_0138,2026-02-13 16:16:27,2026-02-13 16:24:57,2026-02-13 16:27:35,2026-02-13 17:18:11,8.5,50.6,21.2,410.8,20.0,328.64,5.0,50
FUL_002378,BK_002378,DRV_0150,VEH_0150,2026-02-23 17:32:15,2026-02-23 17:35:21,2026-02-23 17:38:22,2026-02-23 18:23:28,3.1,45.1,20.3,1001.52,20.0,801.22,5.0,30
FUL_002379,BK_002379,DRV_0092,VEH_0092,2026-02-02 15:56:34,2026-02-02 16:01:10,2026-02-02 16:04:57,2026-02-02 16:24:39,4.6,19.7,9.3,316.4,20.0,253.12,5.0,0
FUL_002380,BK_002380,DRV_0302,VEH_0302,2026-02-04 20:54:25,2026-02-04 21:03:31,2026-02-04 21:05:47,2026-02-04 21:14:23,9.1,8.6,3.9,225.68,20.0,180.54,5.0,20
FUL_002381,BK_002381,DRV_0196,VEH_0196,2026-02-23 08:47:16,2026-02-23 08:49:22,2026-02-23 08:50:23,2026-02-23 09:22:29,2.1,32.1,13.3,960.96,20.0,768.77,1.0,0
FUL_002382,BK_002382,DRV_0180,VEH_0180,2026-03-10 14:33:47,2026-03-10 14:47:41,2026-03-10 14:51:02,2026-03-10 15:36:50,13.9,45.8,25.9,320.2,20.0,256.16,5.0,0
FUL_002383,BK_002383,DRV_0070,VEH_0070,2026-03-01 09:55:25,2026-03-01 10:02:49,2026-03-01 10:04:13,2026-03-01 10:39:31,7.4,35.3,15.7,574.56,20.0,459.65,3.0,10
FUL_002385,BK_002385,DRV_0015,VEH_0015,2026-02-18 13:32:42,2026-02-18 13:36:48,2026-02-18 13:39:53,2026-02-18 14:02:05,4.1,22.2,11.9,382.2,20.0,305.76,4.0,20
FUL_002386,BK_002386,DRV_0027,VEH_0027,2026-02-17 16:14:29,2026-02-17 16:17:41,2026-02-17 16:20:05,2026-02-17 17:12:59,3.2,52.9,25.4,331.0,20.0,264.8,5.0,0
FUL_002387,BK_002387,DRV_0053,VEH_0053,2026-02-05 20:52:29,2026-02-05 21:04:05,2026-02-05 21:08:02,2026-02-05 21:32:44,11.6,24.7,13.7,431.52,20.0,345.22,5.0,0
FUL_002389,BK_002389,DRV_0025,VEH_0025,2026-02-09 00:23:16,2026-02-09 00:33:28,2026-02-09 00:37:15,2026-02-09 01:15:51,10.2,38.6,19.2,247.0,20.0,197.6,5.0,0
FUL_002390,BK_002390,DRV_0041,VEH_0041,2026-02-14 00:56:56,2026-02-14 01:08:26,2026-02-14 01:09:26,2026-02-14 01:53:08,11.5,43.7,19.8,579.8,20.0,463.84,5.0,30
FUL_002391,BK_002391,DRV_0314,VEH_0314,2026-03-08 19:48:17,2026-03-08 19:50:53,2026-03-08 19:51:54,2026-03-08 20:07:18,2.6,15.4,8.9,538.2,20.0,430.56,5.0,50
FUL_002394,BK_002394,DRV_0223,VEH_0223,2026-02-07 04:28:23,2026-02-07 04:40:17,2026-02-07 04:42:03,2026-02-07 04:52:27,11.9,10.4,5.2,88.6,20.0,70.88,5.0,0
FUL_002395,BK_002395,DRV_0186,VEH_0186,2026-02-02 14:11:23,2026-02-02 14:21:29,2026-02-02 14:24:23,2026-02-02 14:29:59,10.1,5.6,3.8,170.8,20.0,136.64,5.0,0
FUL_002398,BK_002398,DRV_0052,VEH_0052,2026-03-02 03:18:21,2026-03-02 03:21:45,2026-03-02 03:22:56,2026-03-02 04:28:50,3.4,65.9,29.0,347.8,20.0,278.24,3.0,10
FUL_002399,BK_002399,DRV_0249,VEH_0249,2026-03-09 11:08:24,2026-03-09 11:17:24,2026-03-09 11:19:24,2026-03-09 11:51:24,9.0,32.0,14.7,1067.04,20.0,853.63,5.0,50
FUL_002401,BK_002401,DRV_0152,VEH_0152,2026-02-26 12:20:44,2026-02-26 12:26:26,2026-02-26 12:28:56,2026-02-26 13:18:20,5.7,49.4,21.1,414.4,20.0,331.52,5.0,0
FUL_002402,BK_002402,DRV_0295,VEH_0295,2026-02-25 11:13:19,2026-02-25 11:21:19,2026-02-25 11:25:15,2026-02-25 11:58:39,8.0,33.4,23.7,1137.92,20.0,910.34,4.0,0
FUL_002403,BK_002403,DRV_0019,VEH_0019,2026-02-08 16:30:28,2026-02-08 16:38:28,2026-02-08 16:41:27,2026-02-08 17:41:09,8.0,59.7,26.6,735.8,20.0,588.64,5.0,30
FUL_002404,BK_002404,DRV_0151,VEH_0151,2026-03-04 01:50:05,2026-03-04 02:01:41,2026-03-04 02:03:43,2026-03-04 02:33:01,11.6,29.3,18.3,261.14,20.0,208.91,5.0,30
FUL_002406,BK_002406,DRV_0254,VEH_0254,2026-02-03 19:44:22,2026-02-03 19:47:46,2026-02-03 19:50:50,2026-02-03 20:23:38,3.4,32.8,13.6,224.4,20.0,179.52,5.0,10
FUL_002407,BK_002407,DRV_0104,VEH_0104,2026-02-10 21:20:08,2026-02-10 21:24:20,2026-02-10 21:25:59,2026-02-10 22:13:41,4.2,47.7,22.5,1300.32,20.0,1040.26,5.0,20
FUL_002408,BK_002408,DRV_0089,VEH_0089,2026-02-13 13:53:58,2026-02-13 13:59:10,2026-02-13 14:01:53,2026-02-13 14:11:59,5.2,10.1,4.8,187.2,20.0,149.76,5.0,10
FUL_002409,BK_002409,DRV_0184,VEH_0184,2026-02-09 10:13:01,2026-02-09 10:15:55,2026-02-09 10:18:47,2026-02-09 10:48:59,2.9,30.2,13.2,627.36,20.0,501.89,5.0,50
FUL_002410,BK_002410,DRV_0311,VEH_0311,2026-02-14 08:53:11,2026-02-14 09:03:53,2026-02-14 09:05:51,2026-02-14 09:54:21,10.7,48.5,29.3,769.16,20.0,615.33,5.0,50
FUL_002412,BK_002412,DRV_0299,VEH_0299,2026-03-12 05:40:45,2026-03-12 05:43:21,2026-03-12 05:47:13,2026-03-12 06:27:13,2.6,40.0,26.2,784.0,20.0,627.2,5.0,0
FUL_002414,BK_002414,DRV_0047,VEH_0047,2026-02-10 14:33:16,2026-02-10 14:40:22,2026-02-10 14:43:34,2026-02-10 15:30:28,7.1,46.9,25.7,751.4,20.0,601.12,5.0,30
FUL_002415,BK_002415,DRV_0042,VEH_0042,2026-03-13 08:14:19,2026-03-13 08:20:55,2026-03-13 08:21:56,2026-03-13 09:02:44,6.6,40.8,16.8,673.4,20.0,538.72,5.0,20
FUL_002416,BK_002416,DRV_0084,VEH_0084,2026-02-15 17:49:08,2026-02-15 17:51:38,2026-02-15 17:55:21,2026-02-15 18:29:51,2.5,34.5,21.0,745.68,20.0,596.54,1.0,0
FUL_002417,BK_002417,DRV_0080,VEH_0080,2026-03-17 00:41:25,2026-03-17 00:48:07,2026-03-17 00:49:21,2026-03-17 00:58:09,6.7,8.8,5.6,137.2,20.0,109.76,5.0,20
FUL_002418,BK_002418,DRV_0281,VEH_0281,2026-03-01 08:53:19,2026-03-01 09:06:31,2026-03-01 09:09:27,2026-03-01 09:43:15,13.2,33.8,15.5,1064.28,20.0,851.42,5.0,10
FUL_002421,BK_002421,DRV_0313,VEH_0313,2026-02-10 23:01:58,2026-02-10 23:07:46,2026-02-10 23:10:12,2026-02-10 23:23:24,5.8,13.2,7.3,268.84,20.0,215.07,5.0,0
FUL_002422,BK_002422,DRV_0063,VEH_0063,2026-02-15 10:39:49,2026-02-15 10:50:37,2026-02-15 10:53:13,2026-02-15 11:00:37,10.8,7.4,3.7,403.2,20.0,322.56,4.0,0
FUL_002424,BK_002424,DRV_0260,VEH_0260,2026-03-12 03:27:14,2026-03-12 03:40:08,2026-03-12 03:42:18,2026-03-12 03:54:18,12.9,12.0,8.0,220.8,20.0,176.64,5.0,0
FUL_002425,BK_002425,DRV_0101,VEH_0101,2026-02-07 03:28:51,2026-02-07 03:41:51,2026-02-07 03:44:25,2026-02-07 04:14:19,13.0,29.9,19.2,634.92,20.0,507.94,5.0,10
FUL_002430,BK_002430,DRV_0299,VEH_0299,2026-03-12 00:43:37,2026-03-12 00:53:07,2026-03-12 00:55:48,2026-03-12 01:24:30,9.5,28.7,19.2,568.4,20.0,454.72,5.0,0
FUL_002432,BK_002432,DRV_0160,VEH_0160,2026-02-03 22:16:25,2026-02-03 22:29:43,2026-02-03 22:31:33,2026-02-03 23:15:33,13.3,44.0,23.3,829.92,20.0,663.94,5.0,20
FUL_002433,BK_002433,DRV_0300,VEH_0300,2026-03-05 10:24:35,2026-03-05 10:33:59,2026-03-05 10:36:14,2026-03-05 11:02:20,9.4,26.1,12.9,365.96,20.0,292.77,4.0,0
FUL_002435,BK_002435,DRV_0276,VEH_0276,2026-02-23 19:48:03,2026-02-23 20:00:51,2026-02-23 20:04:50,2026-02-23 20:14:08,12.8,9.3,6.1,341.04,20.0,272.83,5.0,0
FUL_002436,BK_002436,DRV_0031,VEH_0031,2026-03-09 20:40:44,2026-03-09 20:43:26,2026-03-09 20:46:52,2026-03-09 21:47:52,2.7,61.0,27.5,656.28,20.0,525.02,5.0,0
FUL_002437,BK_002437,DRV_0118,VEH_0118,2026-03-04 01:27:25,2026-03-04 01:35:55,2026-03-04 01:39:06,2026-03-04 01:47:12,8.5,8.1,4.6,204.4,20.0,163.52,5.0,30
FUL_002438,BK_002438,DRV_0282,VEH_0282,2026-03-08 21:23:13,2026-03-08 21:29:43,2026-03-08 21:31:47,2026-03-08 21:50:29,6.5,18.7,9.0,353.88,20.0,283.1,5.0,10
FUL_002439,BK_002439,DRV_0120,VEH_0120,2026-03-09 22:16:29,2026-03-09 22:19:47,2026-03-09 22:20:56,2026-03-09 22:44:50,3.3,23.9,11.6,252.4,20.0,201.92,5.0,0
FUL_002441,BK_002441,DRV_0017,VEH_0017,2026-02-15 13:57:47,2026-02-15 13:59:59,2026-02-15 14:01:23,2026-02-15 14:24:29,2.2,23.1,14.0,478.8,20.0,383.04,5.0,0
FUL_002442,BK_002442,DRV_0298,VEH_0298,2026-03-10 08:10:08,2026-03-10 08:23:38,2026-03-10 08:26:19,2026-03-10 08:57:19,13.5,31.0,15.0,402.78,20.0,322.22,5.0,50
FUL_002443,BK_002443,DRV_0173,VEH_0173,2026-02-03 17:34:16,2026-02-03 17:47:16,2026-02-03 17:49:18,2026-02-03 17:55:54,13.0,6.6,3.8,154.28,20.0,123.42,4.0,20
FUL_002444,BK_002444,DRV_0097,VEH_0097,2026-03-08 05:18:48,2026-03-08 05:27:12,2026-03-08 05:30:29,2026-03-08 05:51:59,8.4,21.5,11.8,411.6,20.0,329.28,5.0,10
FUL_002445,BK_002445,DRV_0044,VEH_0044,2026-03-04 03:19:50,2026-03-04 03:25:38,2026-03-04 03:29:04,2026-03-04 04:06:40,5.8,37.6,21.9,289.0,20.0,231.2,5.0,10
FUL_002446,BK_002446,DRV_0048,VEH_0048,2026-02-02 14:57:34,2026-02-02 15:11:16,2026-02-02 15:14:54,2026-02-02 16:00:06,13.7,45.2,27.8,785.2,20.0,628.16,5.0,20
FUL_002447,BK_002447,DRV_0303,VEH_0303,2026-02-28 00:10:20,2026-02-28 00:13:50,2026-02-28 00:16:53,2026-02-28 00:53:41,3.5,36.8,19.4,589.16,20.0,471.33,4.0,0
FUL_002448,BK_002448,DRV_0313,VEH_0313,2026-03-07 01:26:54,2026-03-07 01:36:54,2026-03-07 01:39:17,2026-03-07 02:10:11,10.0,30.9,19.9,600.6,20.0,480.48,5.0,0
FUL_002449,BK_002449,DRV_0062,VEH_0062,2026-02-06 01:37:17,2026-02-06 01:46:17,2026-02-06 01:47:39,2026-02-06 02:01:33,9.0,13.9,8.1,308.88,20.0,247.1,4.0,20
FUL_002452,BK_002452,DRV_0222,VEH_0222,2026-02-04 10:43:56,2026-02-04 10:50:20,2026-02-04 10:52:34,2026-02-04 11:35:40,6.4,43.1,23.2,1010.88,20.0,808.7,5.0,10
FUL_002453,BK_002453,DRV_0145,VEH_0145,2026-03-15 18:25:16,2026-03-15 18:31:22,2026-03-15 18:35:00,2026-03-15 19:01:42,6.1,26.7,13.1,640.32,20.0,512.26,5.0,0
FUL_002455,BK_002455,DRV_0052,VEH_0052,2026-02-28 06:13:09,2026-02-28 06:25:57,2026-02-28 06:28:18,2026-02-28 07:12:42,12.8,44.4,27.1,351.4,20.0,281.12,4.0,30
FUL_002457,BK_002457,DRV_0039,VEH_0039,2026-03-15 13:29:21,2026-03-15 13:34:27,2026-03-15 13:36:03,2026-03-15 13:56:39,5.1,20.6,12.2,364.0,20.0,291.2,5.0,20
FUL_002458,BK_002458,DRV_0003,VEH_0003,2026-02-07 07:25:51,2026-02-07 07:32:45,2026-02-07 07:36:30,2026-02-07 08:19:54,6.9,43.4,26.3,767.0,20.0,613.6,5.0,0
FUL_002459,BK_002459,DRV_0009,VEH_0009,2026-02-12 08:12:59,2026-02-12 08:17:41,2026-02-12 08:19:50,2026-02-12 09:07:50,4.7,48.0,23.8,859.32,20.0,687.46,5.0,30
FUL_002460,BK_002460,DRV_0218,VEH_0218,2026-03-02 10:19:52,2026-03-02 10:23:52,2026-03-02 10:26:41,2026-03-02 10:59:05,4.0,32.4,14.7,1104.48,20.0,883.58,4.0,0
FUL_002461,BK_002461,DRV_0010,VEH_0010,2026-02-22 14:02:22,2026-02-22 14:06:28,2026-02-22 14:08:48,2026-02-22 14:21:18,4.1,12.5,8.8,187.6,20.0,150.08,5.0,20
FUL_002462,BK_002462,DRV_0320,VEH_0320,2026-02-04 22:19:46,2026-02-04 22:31:46,2026-02-04 22:34:23,2026-02-04 23:08:47,12.0,34.4,20.7,598.0,20.0,478.4,4.0,20
FUL_002464,BK_002464,DRV_0019,VEH_0019,2026-02-22 11:42:05,2026-02-22 11:49:11,2026-02-22 11:51:21,2026-02-22 12:38:33,7.1,47.2,24.6,1216.8,20.0,973.44,5.0,50
FUL_002465,BK_002465,DRV_0320,VEH_0320,2026-02-20 02:21:40,2026-02-20 02:35:22,2026-02-20 02:37:50,2026-02-20 03:03:26,13.7,25.6,9.6,319.8,20.0,255.84,5.0,10
FUL_002466,BK_002466,DRV_0211,VEH_0211,2026-02-17 16:33:28,2026-02-17 16:43:22,2026-02-17 16:44:49,2026-02-17 17:27:01,9.9,42.2,19.0,559.0,20.0,447.2,4.0,50
FUL_002468,BK_002468,DRV_0041,VEH_0041,2026-02-21 22:45:05,2026-02-21 22:51:05,2026-02-21 22:52:56,2026-02-21 23:15:02,6.0,22.1,14.3,527.28,20.0,421.82,5.0,0
FUL_002470,BK_002470,DRV_0255,VEH_0255,2026-02-21 08:29:06,2026-02-21 08:39:48,2026-02-21 08:42:01,2026-02-21 09:01:37,10.7,19.6,9.6,250.2,20.0,200.16,5.0,0
FUL_002472,BK_002472,DRV_0155,VEH_0155,2026-03-03 18:49:16,2026-03-03 19:01:16,2026-03-03 19:05:13,2026-03-03 19:38:25,12.0,33.2,21.0,1510.08,20.0,1208.06,4.0,30
FUL_002473,BK_002473,DRV_0058,VEH_0058,2026-03-05 10:17:06,2026-03-05 10:28:00,2026-03-05 10:30:32,2026-03-05 11:20:20,10.9,49.8,20.3,1261.26,20.0,1009.01,5.0,20
FUL_002474,BK_002474,DRV_0071,VEH_0071,2026-03-09 23:31:34,2026-03-09 23:41:10,2026-03-09 23:42:15,2026-03-10 00:17:51,9.6,35.6,18.1,562.8,20.0,450.24,5.0,0
FUL_002475,BK_002475,DRV_0081,VEH_0081,2026-03-15 20:25:43,2026-03-15 20:38:49,2026-03-15 20:41:57,2026-03-15 20:46:27,13.1,4.5,2.6,252.0,20.0,201.6,3.0,0
FUL_002476,BK_002476,DRV_0265,VEH_0265,2026-03-12 01:04:17,2026-03-12 01:08:41,2026-03-12 01:11:00,2026-03-12 02:11:00,4.4,60.0,27.6,395.78,20.0,316.62,5.0,30
FUL_002477,BK_002477,DRV_0002,VEH_0002,2026-03-02 09:42:56,2026-03-02 09:50:50,2026-03-02 09:52:41,2026-03-02 10:10:17,7.9,17.6,11.3,470.4,20.0,376.32,5.0,50
FUL_002478,BK_002478,DRV_0147,VEH_0147,2026-02-10 09:47:15,2026-02-10 09:56:21,2026-02-10 09:59:34,2026-02-10 10:08:58,9.1,9.4,4.9,165.9,20.0,132.72,4.0,50
FUL_002479,BK_002479,DRV_0265,VEH_0265,2026-02-24 19:13:35,2026-02-24 19:19:35,2026-02-24 19:23:31,2026-02-24 20:03:19,6.0,39.8,16.9,465.78,20.0,372.62,5.0,30
FUL_002480,BK_002480,DRV_0020,VEH_0020,2026-03-13 23:07:54,2026-03-13 23:10:06,2026-03-13 23:11:22,2026-03-13 23:48:22,2.2,37.0,16.8,551.6,20.0,441.28,5.0,50
FUL_002482,BK_002482,DRV_0272,VEH_0272,2026-02-12 23:24:54,2026-02-12 23:35:36,2026-02-12 23:37:26,2026-02-13 00:18:08,10.7,40.7,27.7,566.72,20.0,453.38,5.0,0
FUL_002483,BK_002483,DRV_0195,VEH_0195,2026-02-06 03:12:23,2026-02-06 03:20:41,2026-02-06 03:22:06,2026-02-06 04:24:36,8.3,62.5,26.1,994.56,20.0,795.65,5.0,10
FUL_002484,BK_002484,DRV_0027,VEH_0027,2026-02-05 23:07:53,2026-02-05 23:20:11,2026-02-05 23:21:13,2026-02-05 23:37:37,12.3,16.4,7.9,116.2,20.0,92.96,5.0,0
FUL_002485,BK_002485,DRV_0150,VEH_0150,2026-03-07 20:30:08,2026-03-07 20:43:56,2026-03-07 20:46:06,2026-03-07 21:19:24,13.8,33.3,18.3,709.8,20.0,567.84,5.0,0
FUL_002486,BK_002486,DRV_0190,VEH_0190,2026-03-13 22:46:15,2026-03-13 22:54:51,2026-03-13 22:57:27,2026-03-13 23:03:45,8.6,6.3,3.0,151.2,20.0,120.96,5.0,0
FUL_002490,BK_002490,DRV_0271,VEH_0271,2026-02-03 19:42:12,2026-02-03 19:50:06,2026-02-03 19:52:52,2026-02-03 20:27:28,7.9,34.6,25.4,758.08,20.0,606.46,4.0,0
FUL_002491,BK_002491,DRV_0196,VEH_0196,2026-02-25 09:38:00,2026-02-25 09:46:00,2026-02-25 09:49:15,2026-02-25 10:43:51,8.0,54.6,24.4,1212.12,20.0,969.7,5.0,30
FUL_002492,BK_002492,DRV_0103,VEH_0103,2026-02-23 04:39:37,2026-02-23 04:46:07,2026-02-23 04:48:08,2026-02-23 05:02:20,6.5,14.2,9.1,209.2,20.0,167.36,3.0,10
FUL_002493,BK_002493,DRV_0060,VEH_0060,2026-03-05 00:25:44,2026-03-05 00:33:08,2026-03-05 00:36:25,2026-03-05 01:18:55,7.4,42.5,21.6,272.2,20.0,217.76,2.0,10
FUL_002494,BK_002494,DRV_0084,VEH_0084,2026-03-17 23:49:28,2026-03-18 00:03:04,2026-03-18 00:06:11,2026-03-18 00:39:23,13.6,33.2,21.3,616.2,20.0,492.96,5.0,0
FUL_002495,BK_002495,DRV_0140,VEH_0140,2026-03-13 21:33:55,2026-03-13 21:41:25,2026-03-13 21:43:16,2026-03-13 22:16:04,7.5,32.8,17.9,695.24,20.0,556.19,5.0,0
FUL_002496,BK_002496,DRV_0044,VEH_0044,2026-02-24 04:31:10,2026-02-24 04:37:04,2026-02-24 04:38:14,2026-02-24 05:18:14,5.9,40.0,24.8,322.6,20.0,258.08,2.0,0
FUL_002498,BK_002498,DRV_0281,VEH_0281,2026-02-13 22:37:58,2026-02-13 22:48:40,2026-02-13 22:52:13,2026-02-13 22:57:55,10.7,5.7,4.0,179.2,20.0,143.36,5.0,0
FUL_002499,BK_002499,DRV_0289,VEH_0289,2026-03-04 01:44:22,2026-03-04 01:55:22,2026-03-04 01:57:32,2026-03-04 02:08:56,11.0,11.4,5.1,126.4,20.0,101.12,5.0,30
FUL_002500,BK_002500,DRV_0130,VEH_0130,2026-02-20 06:32:26,2026-02-20 06:38:32,2026-02-20 06:42:30,2026-02-20 07:18:36,6.1,36.1,19.9,556.4,20.0,445.12,4.0,0
FUL_002501,BK_002501,DRV_0093,VEH_0093,2026-03-09 12:01:50,2026-03-09 12:04:56,2026-03-09 12:08:18,2026-03-09 12:18:48,3.1,10.5,7.7,325.92,20.0,260.74,5.0,0
FUL_002502,BK_002502,DRV_0152,VEH_0152,2026-02-17 02:41:19,2026-02-17 02:47:37,2026-02-17 02:49:38,2026-02-17 03:44:14,6.3,54.6,26.6,491.8,20.0,393.44,5.0,20
FUL_002503,BK_002503,DRV_0035,VEH_0035,2026-02-13 03:23:43,2026-02-13 03:26:01,2026-02-13 03:29:43,2026-02-13 04:31:01,2.3,61.3,25.1,502.6,20.0,402.08,5.0,20
FUL_002504,BK_002504,DRV_0237,VEH_0237,2026-02-27 15:03:19,2026-02-27 15:12:19,2026-02-27 15:14:37,2026-02-27 15:43:25,9.0,28.8,11.7,483.84,20.0,387.07,4.0,20
FUL_002506,BK_002506,DRV_0106,VEH_0106,2026-03-04 10:27:01,2026-03-04 10:35:31,2026-03-04 10:37:02,2026-03-04 10:51:08,8.5,14.1,8.3,441.6,20.0,353.28,5.0,50
FUL_002508,BK_002508,DRV_0245,VEH_0245,2026-02-08 10:14:16,2026-02-08 10:19:04,2026-02-08 10:20:41,2026-02-08 11:02:23,4.8,41.7,27.6,857.76,20.0,686.21,5.0,10
FUL_002509,BK_002509,DRV_0267,VEH_0267,2026-03-01 23:58:43,2026-03-02 00:11:01,2026-03-02 00:14:03,2026-03-02 01:07:09,12.3,53.1,22.8,676.0,20.0,540.8,5.0,0
FUL_002510,BK_002510,DRV_0168,VEH_0168,2026-02-09 09:25:24,2026-02-09 09:30:54,2026-02-09 09:31:54,2026-02-09 09:52:30,5.5,20.6,12.1,524.16,20.0,419.33,3.0,30
FUL_002511,BK_002511,DRV_0001,VEH_0001,2026-03-08 00:16:25,2026-03-08 00:18:49,2026-03-08 00:22:00,2026-03-08 00:47:18,2.4,25.3,16.6,475.8,20.0,380.64,4.0,0
FUL_002512,BK_002512,DRV_0010,VEH_0010,2026-02-20 07:29:57,2026-02-20 07:34:21,2026-02-20 07:37:50,2026-02-20 08:11:02,4.4,33.2,20.4,460.56,20.0,368.45,5.0,0
FUL_002513,BK_002513,DRV_0305,VEH_0305,2026-02-20 04:51:15,2026-02-20 05:03:45,2026-02-20 05:05:24,2026-02-20 05:31:24,12.5,26.0,17.9,591.36,20.0,473.09,5.0,0
FUL_002515,BK_002515,DRV_0104,VEH_0104,2026-03-04 12:24:36,2026-03-04 12:29:30,2026-03-04 12:32:28,2026-03-04 12:58:58,4.9,26.5,19.2,646.8,20.0,517.44,4.0,30
FUL_002516,BK_002516,DRV_0118,VEH_0118,2026-02-11 21:34:25,2026-02-11 21:39:31,2026-02-11 21:42:14,2026-02-11 22:30:20,5.1,48.1,22.5,987.84,20.0,790.27,4.0,0
FUL_002519,BK_002519,DRV_0073,VEH_0073,2026-02-26 04:04:10,2026-02-26 04:08:10,2026-02-26 04:12:03,2026-02-26 04:54:45,4.0,42.7,29.2,848.4,20.0,678.72,5.0,0
FUL_002520,BK_002520,DRV_0181,VEH_0181,2026-02-11 19:03:36,2026-02-11 19:10:00,2026-02-11 19:13:13,2026-02-11 19:33:49,6.4,20.6,8.6,412.86,20.0,330.29,5.0,0
FUL_002524,BK_002524,DRV_0320,VEH_0320,2026-02-28 03:17:22,2026-02-28 03:28:22,2026-02-28 03:30:11,2026-02-28 03:48:29,11.0,18.3,11.5,345.8,20.0,276.64,5.0,20
FUL_002525,BK_002525,DRV_0290,VEH_0290,2026-03-14 17:23:21,2026-03-14 17:31:09,2026-03-14 17:33:01,2026-03-14 18:02:01,7.8,29.0,15.9,644.28,20.0,515.42,5.0,0
FUL_002526,BK_002526,DRV_0155,VEH_0155,2026-02-02 14:18:19,2026-02-02 14:28:37,2026-02-02 14:32:21,2026-02-02 14:54:03,10.3,21.7,11.8,371.8,20.0,297.44,3.0,0
FUL_002527,BK_002527,DRV_0273,VEH_0273,2026-02-18 09:49:22,2026-02-18 10:00:34,2026-02-18 10:04:07,2026-02-18 10:13:37,11.2,9.5,5.9,116.4,20.0,93.12,5.0,0
FUL_002528,BK_002528,DRV_0311,VEH_0311,2026-02-28 07:02:31,2026-02-28 07:14:01,2026-02-28 07:17:03,2026-02-28 07:51:03,11.5,34.0,19.0,383.8,20.0,307.04,5.0,0
FUL_002529,BK_002529,DRV_0201,VEH_0201,2026-02-07 11:20:31,2026-02-07 11:30:49,2026-02-07 11:33:06,2026-02-07 12:00:24,10.3,27.3,16.2,561.24,20.0,448.99,3.0,0
FUL_002530,BK_002530,DRV_0046,VEH_0046,2026-02-19 11:20:25,2026-02-19 11:23:13,2026-02-19 11:25:13,2026-02-19 11:52:37,2.8,27.4,15.5,541.8,20.0,433.44,5.0,0
FUL_002531,BK_002531,DRV_0222,VEH_0222,2026-03-16 18:34:05,2026-03-16 18:36:35,2026-03-16 18:39:32,2026-03-16 18:52:02,2.5,12.5,8.5,611.52,20.0,489.22,5.0,50
FUL_002532,BK_002532,DRV_0304,VEH_0304,2026-02-05 01:50:57,2026-02-05 01:56:15,2026-02-05 01:58:43,2026-02-05 02:39:43,5.3,41.0,25.1,747.6,20.0,598.08,4.0,0
FUL_002533,BK_002533,DRV_0044,VEH_0044,2026-02-22 03:10:04,2026-02-22 03:23:46,2026-02-22 03:25:46,2026-02-22 04:00:22,13.7,34.6,18.5,292.08,20.0,233.66,5.0,0
FUL_002535,BK_002535,DRV_0308,VEH_0308,2026-03-10 03:07:50,2026-03-10 03:20:32,2026-03-10 03:21:37,2026-03-10 04:03:55,12.7,42.3,29.5,842.8,20.0,674.24,4.0,50
FUL_002536,BK_002536,DRV_0316,VEH_0316,2026-02-18 20:55:46,2026-02-18 21:01:28,2026-02-18 21:02:40,2026-02-18 21:41:04,5.7,38.4,14.9,481.6,20.0,385.28,5.0,30
FUL_002537,BK_002537,DRV_0096,VEH_0096,2026-02-16 03:55:33,2026-02-16 04:07:39,2026-02-16 04:10:24,2026-02-16 04:51:48,12.1,41.4,17.8,249.26,20.0,199.41,4.0,20
FUL_002538,BK_002538,DRV_0016,VEH_0016,2026-03-01 16:08:59,2026-03-01 16:19:05,2026-03-01 16:21:45,2026-03-01 17:01:39,10.1,39.9,19.2,422.18,20.0,337.74,5.0,0
FUL_002539,BK_002539,DRV_0121,VEH_0121,2026-03-14 04:11:27,2026-03-14 04:18:15,2026-03-14 04:20:43,2026-03-14 04:31:25,6.8,10.7,5.6,252.56,20.0,202.05,4.0,10
FUL_002540,BK_002540,DRV_0040,VEH_0040,2026-02-01 08:29:11,2026-02-01 08:35:35,2026-02-01 08:36:43,2026-02-01 09:25:49,6.4,49.1,23.3,521.04,20.0,416.83,5.0,30
FUL_002541,BK_002541,DRV_0254,VEH_0254,2026-02-08 11:35:26,2026-02-08 11:43:26,2026-02-08 11:47:07,2026-02-08 12:13:13,8.0,26.1,16.0,458.22,20.0,366.58,5.0,0
FUL_002542,BK_002542,DRV_0070,VEH_0070,2026-03-14 00:49:16,2026-03-14 00:59:34,2026-03-14 01:03:00,2026-03-14 01:49:12,10.3,46.2,24.6,719.6,20.0,575.68,5.0,10
FUL_002543,BK_002543,DRV_0147,VEH_0147,2026-03-11 07:28:23,2026-03-11 07:41:17,2026-03-11 07:44:48,2026-03-11 08:42:24,12.9,57.6,29.4,423.12,20.0,338.5,4.0,0
FUL_002544,BK_002544,DRV_0287,VEH_0287,2026-03-04 19:10:06,2026-03-04 19:12:06,2026-03-04 19:15:00,2026-03-04 19:25:42,2.0,10.7,6.0,253.44,20.0,202.75,5.0,10
FUL_002545,BK_002545,DRV_0030,VEH_0030,2026-03-16 16:07:27,2026-03-16 16:14:21,2026-03-16 16:16:32,2026-03-16 16:35:32,6.9,19.0,10.1,146.2,20.0,116.96,5.0,0
FUL_002547,BK_002547,DRV_0015,VEH_0015,2026-02-08 09:48:25,2026-02-08 09:57:55,2026-02-08 10:00:22,2026-02-08 10:33:58,9.5,33.6,20.7,1250.34,20.0,1000.27,5.0,0
FUL_002548,BK_002548,DRV_0191,VEH_0191,2026-03-06 20:21:44,2026-03-06 20:30:38,2026-03-06 20:32:35,2026-03-06 20:51:29,8.9,18.9,9.0,510.72,20.0,408.58,4.0,0
FUL_002549,BK_002549,DRV_0319,VEH_0319,2026-03-09 23:20:41,2026-03-09 23:27:53,2026-03-09 23:28:56,2026-03-09 23:39:56,7.2,11.0,6.4,260.26,20.0,208.21,5.0,20
FUL_002552,BK_002552,DRV_0199,VEH_0199,2026-02-14 06:55:50,2026-02-14 06:59:44,2026-02-14 07:03:38,2026-02-14 07:24:56,3.9,21.3,9.1,128.2,20.0,102.56,2.0,10
FUL_002553,BK_002553,DRV_0048,VEH_0048,2026-03-07 04:12:01,2026-03-07 04:20:37,2026-03-07 04:21:49,2026-03-07 04:42:55,8.6,21.1,14.9,489.06,20.0,391.25,2.0,50
FUL_002554,BK_002554,DRV_0241,VEH_0241,2026-03-08 13:21:02,2026-03-08 13:24:38,2026-03-08 13:25:57,2026-03-08 13:51:03,3.6,25.1,10.3,162.14,20.0,129.71,1.0,20
FUL_002555,BK_002555,DRV_0234,VEH_0234,2026-03-17 02:58:18,2026-03-17 03:11:00,2026-03-17 03:12:48,2026-03-17 03:21:24,12.7,8.6,3.6,165.2,20.0,132.16,5.0,30
FUL_002556,BK_002556,DRV_0248,VEH_0248,2026-02-28 09:45:19,2026-02-28 09:51:55,2026-02-28 09:53:28,2026-02-28 10:08:34,6.6,15.1,8.6,280.28,20.0,224.22,5.0,50
FUL_002557,BK_002557,DRV_0152,VEH_0152,2026-02-22 20:24:37,2026-02-22 20:32:07,2026-02-22 20:33:42,2026-02-22 21:02:18,7.5,28.6,17.6,756.84,20.0,605.47,4.0,0
FUL_002558,BK_002558,DRV_0164,VEH_0164,2026-02-06 08:19:50,2026-02-06 08:30:02,2026-02-06 08:31:15,2026-02-06 09:03:15,10.2,32.0,13.9,619.36,20.0,495.49,3.0,20
FUL_002559,BK_002559,DRV_0025,VEH_0025,2026-03-14 08:15:15,2026-03-14 08:18:33,2026-03-14 08:21:08,2026-03-14 09:15:14,3.3,54.1,22.5,515.88,20.0,412.7,5.0,10
FUL_002561,BK_002561,DRV_0010,VEH_0010,2026-03-06 08:59:30,2026-03-06 09:08:48,2026-03-06 09:09:50,2026-03-06 09:26:32,9.3,16.7,11.7,283.44,20.0,226.75,5.0,0
FUL_002562,BK_002562,DRV_0209,VEH_0209,2026-03-05 16:07:29,2026-03-05 16:17:47,2026-03-05 16:21:27,2026-03-05 17:20:27,10.3,59.0,30.5,862.4,20.0,689.92,5.0,20
FUL_002564,BK_002564,DRV_0260,VEH_0260,2026-02-27 02:50:24,2026-02-27 02:54:18,2026-02-27 02:58:10,2026-02-27 03:04:52,3.9,6.7,3.1,95.8,20.0,76.64,5.0,30
FUL_002565,BK_002565,DRV_0114,VEH_0114,2026-02-08 00:47:13,2026-02-08 00:59:01,2026-02-08 01:00:49,2026-02-08 01:24:43,11.8,23.9,13.1,270.4,20.0,216.32,4.0,20
FUL_002566,BK_002566,DRV_0090,VEH_0090,2026-03-12 11:30:48,2026-03-12 11:41:42,2026-03-12 11:43:48,2026-03-12 11:47:24,10.9,3.6,2.5,178.5,20.0,142.8,5.0,0
FUL_002567,BK_002567,DRV_0061,VEH_0061,2026-03-11 23:07:28,2026-03-11 23:16:58,2026-03-11 23:20:30,2026-03-11 23:37:36,9.5,17.1,8.6,145.2,20.0,116.16,5.0,30
FUL_002568,BK_002568,DRV_0241,VEH_0241,2026-02-17 06:10:27,2026-02-17 06:22:57,2026-02-17 06:24:31,2026-02-17 06:33:55,12.5,9.4,6.5,99.4,20.0,79.52,4.0,0
FUL_002569,BK_002569,DRV_0060,VEH_0060,2026-02-18 19:07:42,2026-02-18 19:17:42,2026-02-18 19:20:24,2026-02-18 20:01:36,10.0,41.2,28.2,544.96,20.0,435.97,5.0,10
FUL_002570,BK_002570,DRV_0198,VEH_0198,2026-03-07 04:41:46,2026-03-07 04:47:28,2026-03-07 04:51:21,2026-03-07 05:37:09,5.7,45.8,24.8,484.6,20.0,387.68,5.0,10
FUL_002571,BK_002571,DRV_0318,VEH_0318,2026-02-17 07:26:10,2026-02-17 07:35:28,2026-02-17 07:37:35,2026-02-17 07:47:35,9.3,10.0,5.6,255.84,20.0,204.67,5.0,30
FUL_002572,BK_002572,DRV_0258,VEH_0258,2026-02-07 13:40:37,2026-02-07 13:48:13,2026-02-07 13:49:54,2026-02-07 14:26:24,7.6,36.5,16.9,494.0,20.0,395.2,5.0,20
FUL_002574,BK_002574,DRV_0224,VEH_0224,2026-02-26 22:05:04,2026-02-26 22:14:58,2026-02-26 22:17:40,2026-02-26 23:12:46,9.9,55.1,24.8,717.6,20.0,574.08,5.0,0
FUL_002575,BK_002575,DRV_0112,VEH_0112,2026-02-02 15:28:30,2026-02-02 15:40:24,2026-02-02 15:42:41,2026-02-02 16:28:59,11.9,46.3,27.5,529.6,20.0,423.68,5.0,0
FUL_002576,BK_002576,DRV_0081,VEH_0081,2026-02-22 16:07:27,2026-02-22 16:10:27,2026-02-22 16:14:04,2026-02-22 17:01:22,3.0,47.3,22.6,754.6,20.0,603.68,5.0,0
FUL_002577,BK_002577,DRV_0275,VEH_0275,2026-02-02 01:29:59,2026-02-02 01:39:41,2026-02-02 01:41:14,2026-02-02 02:02:56,9.7,21.7,15.8,481.6,20.0,385.28,5.0,20
FUL_002578,BK_002578,DRV_0223,VEH_0223,2026-02-13 06:01:12,2026-02-13 06:12:24,2026-02-13 06:14:46,2026-02-13 07:11:22,11.2,56.6,25.8,331.0,20.0,264.8,5.0,0
FUL_002579,BK_002579,DRV_0063,VEH_0063,2026-02-09 17:55:54,2026-02-09 18:03:06,2026-02-09 18:04:12,2026-02-09 18:48:36,7.2,44.4,26.3,984.48,20.0,787.58,5.0,30
FUL_002580,BK_002580,DRV_0107,VEH_0107,2026-03-12 23:44:51,2026-03-12 23:52:21,2026-03-12 23:56:03,2026-03-13 00:37:03,7.5,41.0,25.2,464.8,20.0,371.84,4.0,0
FUL_002581,BK_002581,DRV_0038,VEH_0038,2026-03-07 12:16:46,2026-03-07 12:26:58,2026-03-07 12:28:29,2026-03-07 13:21:23,10.2,52.9,24.8,797.94,20.0,638.35,5.0,0
FUL_002582,BK_002582,DRV_0295,VEH_0295,2026-02-04 22:43:11,2026-02-04 22:52:53,2026-02-04 22:55:27,2026-02-04 23:23:51,9.7,28.4,18.3,628.32,20.0,502.66,4.0,30
FUL_002583,BK_002583,DRV_0199,VEH_0199,2026-03-12 19:58:56,2026-03-12 20:12:38,2026-03-12 20:15:23,2026-03-12 20:46:17,13.7,30.9,18.0,521.22,20.0,416.98,5.0,20
FUL_002584,BK_002584,DRV_0055,VEH_0055,2026-03-16 23:56:18,2026-03-17 00:04:06,2026-03-17 00:06:22,2026-03-17 00:43:34,7.8,37.2,18.3,248.2,20.0,198.56,3.0,30
FUL_002585,BK_002585,DRV_0054,VEH_0054,2026-03-04 03:36:34,2026-03-04 03:48:16,2026-03-04 03:51:38,2026-03-04 04:47:38,11.7,56.0,21.4,303.38,20.0,242.7,5.0,0
FUL_002586,BK_002586,DRV_0259,VEH_0259,2026-02-24 05:10:55,2026-02-24 05:13:55,2026-02-24 05:16:22,2026-02-24 05:48:22,3.0,32.0,17.5,586.3,20.0,469.04,4.0,0
FUL_002587,BK_002587,DRV_0318,VEH_0318,2026-03-02 00:50:00,2026-03-02 00:58:12,2026-03-02 01:00:39,2026-03-02 01:06:57,8.2,6.3,2.6,135.2,20.0,108.16,5.0,10
FUL_002588,BK_002588,DRV_0183,VEH_0183,2026-02-17 03:49:20,2026-02-17 04:02:44,2026-02-17 04:04:46,2026-02-17 04:50:28,13.4,45.7,24.4,466.6,20.0,373.28,5.0,20
FUL_002589,BK_002589,DRV_0200,VEH_0200,2026-03-07 18:54:02,2026-03-07 19:04:08,2026-03-07 19:07:10,2026-03-07 19:23:10,10.1,16.0,8.4,431.2,20.0,344.96,3.0,0
FUL_002590,BK_002590,DRV_0123,VEH_0123,2026-02-15 22:27:30,2026-02-15 22:34:48,2026-02-15 22:36:04,2026-02-15 23:30:04,7.3,54.0,21.2,396.4,20.0,317.12,5.0,0
FUL_002591,BK_002591,DRV_0023,VEH_0023,2026-03-16 01:09:05,2026-03-16 01:15:47,2026-03-16 01:18:54,2026-03-16 01:48:42,6.7,29.8,15.8,372.0,20.0,297.6,4.0,10
FUL_002592,BK_002592,DRV_0177,VEH_0177,2026-03-07 09:58:09,2026-03-07 10:06:09,2026-03-07 10:09:34,2026-03-07 10:45:28,8.0,35.9,23.6,623.0,20.0,498.4,5.0,20
FUL_002593,BK_002593,DRV_0199,VEH_0199,2026-03-13 11:07:03,2026-03-13 11:14:57,2026-03-13 11:16:54,2026-03-13 12:00:54,7.9,44.0,17.5,352.96,20.0,282.37,4.0,0
FUL_002595,BK_002595,DRV_0057,VEH_0057,2026-03-04 04:35:41,2026-03-04 04:45:35,2026-03-04 04:48:35,2026-03-04 05:09:29,9.9,20.9,9.8,337.48,20.0,269.98,5.0,50
FUL_002596,BK_002596,DRV_0196,VEH_0196,2026-02-27 15:37:58,2026-02-27 15:44:40,2026-02-27 15:48:38,2026-02-27 15:58:14,6.7,9.6,4.0,174.2,20.0,139.36,5.0,0
FUL_002597,BK_002597,DRV_0243,VEH_0243,2026-03-04 03:28:14,2026-03-04 03:40:38,2026-03-04 03:44:31,2026-03-04 03:59:01,12.4,14.5,9.8,135.4,20.0,108.32,5.0,10
FUL_002598,BK_002598,DRV_0117,VEH_0117,2026-02-10 13:21:15,2026-02-10 13:32:15,2026-02-10 13:36:13,2026-02-10 14:19:55,11.0,43.7,26.0,775.6,20.0,620.48,5.0,0
FUL_002599,BK_002599,DRV_0293,VEH_0293,2026-02-21 07:19:53,2026-02-21 07:28:05,2026-02-21 07:30:50,2026-02-21 08:03:50,8.2,33.0,20.9,660.66,20.0,528.53,1.0,30
FUL_002601,BK_002601,DRV_0127,VEH_0127,2026-03-08 13:32:28,2026-03-08 13:36:46,2026-03-08 13:40:12,2026-03-08 14:35:24,4.3,55.2,27.4,361.0,20.0,288.8,5.0,10
FUL_002602,BK_002602,DRV_0044,VEH_0044,2026-03-04 19:09:02,2026-03-04 19:11:50,2026-03-04 19:14:36,2026-03-04 19:40:12,2.8,25.6,17.0,307.16,20.0,245.73,5.0,20
FUL_002603,BK_002603,DRV_0224,VEH_0224,2026-02-11 06:25:56,2026-02-11 06:34:38,2026-02-11 06:37:38,2026-02-11 07:16:26,8.7,38.8,27.2,728.0,20.0,582.4,5.0,0
FUL_002604,BK_002604,DRV_0221,VEH_0221,2026-03-09 12:57:11,2026-03-09 13:05:29,2026-03-09 13:07:58,2026-03-09 14:03:16,8.3,55.3,29.0,351.4,20.0,281.12,5.0,30
FUL_002605,BK_002605,DRV_0310,VEH_0310,2026-03-03 11:29:01,2026-03-03 11:34:55,2026-03-03 11:37:16,2026-03-03 11:59:46,5.9,22.5,9.6,495.04,20.0,396.03,5.0,0
FUL_002606,BK_002606,DRV_0034,VEH_0034,2026-03-06 06:58:06,2026-03-06 07:09:00,2026-03-06 07:12:27,2026-03-06 07:51:51,10.9,39.4,28.1,346.6,20.0,277.28,4.0,20
FUL_002607,BK_002607,DRV_0001,VEH_0001,2026-02-01 17:31:08,2026-02-01 17:38:56,2026-02-01 17:41:24,2026-02-01 18:06:12,7.8,24.8,16.9,611.52,20.0,489.22,5.0,0
FUL_002608,BK_002608,DRV_0181,VEH_0181,2026-02-10 01:44:43,2026-02-10 01:49:31,2026-02-10 01:52:58,2026-02-10 02:17:28,4.8,24.5,13.2,293.48,20.0,234.78,5.0,0
FUL_002609,BK_002609,DRV_0266,VEH_0266,2026-03-09 08:24:29,2026-03-09 08:33:53,2026-03-09 08:35:06,2026-03-09 09:47:06,9.4,72.0,26.0,820.32,20.0,656.26,5.0,50
FUL_002610,BK_002610,DRV_0071,VEH_0071,2026-03-17 02:32:15,2026-03-17 02:37:15,2026-03-17 02:38:38,2026-03-17 03:14:26,5.0,35.8,18.7,576.8,20.0,461.44,4.0,30
FUL_002612,BK_002612,DRV_0195,VEH_0195,2026-02-27 06:55:26,2026-02-27 07:02:44,2026-02-27 07:04:37,2026-02-27 07:30:01,7.3,25.4,17.4,675.36,20.0,540.29,5.0,0
FUL_002613,BK_002613,DRV_0184,VEH_0184,2026-02-25 02:19:59,2026-02-25 02:32:47,2026-02-25 02:36:23,2026-02-25 03:06:41,12.8,30.3,15.5,354.86,20.0,283.89,4.0,10
FUL_002614,BK_002614,DRV_0147,VEH_0147,2026-03-15 01:35:58,2026-03-15 01:43:40,2026-03-15 01:46:05,2026-03-15 02:32:29,7.7,46.4,24.2,350.9,20.0,280.72,5.0,0
FUL_002616,BK_002616,DRV_0306,VEH_0306,2026-02-16 08:45:43,2026-02-16 08:49:13,2026-02-16 08:50:46,2026-02-16 09:22:28,3.5,31.7,18.6,579.52,20.0,463.62,5.0,0
FUL_002617,BK_002617,DRV_0271,VEH_0271,2026-02-17 05:03:01,2026-02-17 05:08:25,2026-02-17 05:10:23,2026-02-17 05:25:41,5.4,15.3,8.7,193.0,20.0,154.4,5.0,0
FUL_002618,BK_002618,DRV_0113,VEH_0113,2026-03-17 21:09:22,2026-03-17 21:20:40,2026-03-17 21:23:57,2026-03-17 22:02:21,11.3,38.4,18.1,819.28,20.0,655.42,4.0,0
FUL_002622,BK_002622,DRV_0284,VEH_0284,2026-02-28 00:15:20,2026-02-28 00:26:02,2026-02-28 00:29:38,2026-02-28 00:42:14,10.7,12.6,8.3,306.02,20.0,244.82,5.0,50
FUL_002623,BK_002623,DRV_0178,VEH_0178,2026-03-09 05:56:20,2026-03-09 06:03:38,2026-03-09 06:05:03,2026-03-09 06:24:27,7.3,19.4,10.4,317.2,20.0,253.76,4.0,0
FUL_002624,BK_002624,DRV_0089,VEH_0089,2026-03-05 14:15:21,2026-03-05 14:19:15,2026-03-05 14:21:07,2026-03-05 14:50:19,3.9,29.2,13.0,403.0,20.0,322.4,5.0,0
FUL_002625,BK_002625,DRV_0273,VEH_0273,2026-02-04 07:56:11,2026-02-04 08:00:11,2026-02-04 08:03:35,2026-02-04 08:26:29,4.0,22.9,10.5,170.06,20.0,136.05,4.0,50
FUL_002627,BK_002627,DRV_0298,VEH_0298,2026-03-01 09:40:02,2026-03-01 09:42:26,2026-03-01 09:44:47,2026-03-01 09:55:05,2.4,10.3,6.0,238.56,20.0,190.85,5.0,0
FUL_002628,BK_002628,DRV_0077,VEH_0077,2026-02-09 12:27:25,2026-02-09 12:32:19,2026-02-09 12:34:39,2026-02-09 13:18:15,4.9,43.6,17.6,335.2,20.0,268.16,5.0,20
FUL_002629,BK_002629,DRV_0104,VEH_0104,2026-02-06 07:56:28,2026-02-06 08:04:16,2026-02-06 08:05:16,2026-02-06 08:21:16,7.8,16.0,11.1,366.8,20.0,293.44,5.0,20
FUL_002630,BK_002630,DRV_0121,VEH_0121,2026-03-04 08:32:21,2026-03-04 08:45:27,2026-03-04 08:47:43,2026-03-04 09:54:01,13.1,66.3,28.6,1787.52,20.0,1430.02,5.0,30
FUL_002631,BK_002631,DRV_0221,VEH_0221,2026-02-18 03:39:56,2026-02-18 03:45:26,2026-02-18 03:48:51,2026-02-18 04:18:51,5.5,30.0,14.9,195.4,20.0,156.32,5.0,50
FUL_002633,BK_002633,DRV_0091,VEH_0091,2026-02-25 07:22:52,2026-02-25 07:33:58,2026-02-25 07:37:19,2026-02-25 07:51:13,11.1,13.9,7.7,133.1,20.0,106.48,5.0,10
FUL_002636,BK_002636,DRV_0174,VEH_0174,2026-02-05 07:35:00,2026-02-05 07:37:30,2026-02-05 07:38:37,2026-02-05 07:43:07,2.5,4.5,2.9,59.8,20.0,47.84,5.0,0
FUL_002637,BK_002637,DRV_0024,VEH_0024,2026-03-13 00:47:54,2026-03-13 00:57:24,2026-03-13 00:59:23,2026-03-13 01:44:59,9.5,45.6,27.9,622.56,20.0,498.05,4.0,0
FUL_002638,BK_002638,DRV_0250,VEH_0250,2026-02-26 20:18:36,2026-02-26 20:24:18,2026-02-26 20:26:16,2026-02-26 20:45:04,5.7,18.8,10.6,493.92,20.0,395.14,5.0,0
FUL_002639,BK_002639,DRV_0252,VEH_0252,2026-02-13 02:40:19,2026-02-13 02:51:31,2026-02-13 02:54:42,2026-02-13 03:23:12,11.2,28.5,12.7,272.2,20.0,217.76,3.0,0
FUL_002640,BK_002640,DRV_0101,VEH_0101,2026-02-23 19:33:16,2026-02-23 19:43:28,2026-02-23 19:45:35,2026-02-23 20:25:23,10.2,39.8,23.6,1678.56,20.0,1342.85,5.0,50
FUL_002642,BK_002642,DRV_0067,VEH_0067,2026-02-18 12:46:01,2026-02-18 12:48:43,2026-02-18 12:50:51,2026-02-18 13:33:21,2.7,42.5,21.6,320.88,20.0,256.7,5.0,0
FUL_002643,BK_002643,DRV_0134,VEH_0134,2026-03-12 16:00:06,2026-03-12 16:09:12,2026-03-12 16:11:33,2026-03-12 16:43:21,9.1,31.8,14.4,283.0,20.0,226.4,4.0,20
FUL_002644,BK_002644,DRV_0024,VEH_0024,2026-02-13 23:57:19,2026-02-14 00:06:43,2026-02-14 00:09:04,2026-02-14 00:41:28,9.4,32.4,16.7,344.2,20.0,275.36,5.0,20
FUL_002646,BK_002646,DRV_0204,VEH_0204,2026-03-14 01:23:28,2026-03-14 01:29:52,2026-03-14 01:32:09,2026-03-14 01:39:45,6.4,7.6,3.5,171.6,20.0,137.28,5.0,0
FUL_002648,BK_002648,DRV_0081,VEH_0081,2026-03-10 22:56:25,2026-03-10 23:08:07,2026-03-10 23:10:26,2026-03-10 23:15:44,11.7,5.3,3.2,169.4,20.0,135.52,4.0,10
FUL_002649,BK_002649,DRV_0173,VEH_0173,2026-03-05 08:06:10,2026-03-05 08:11:16,2026-03-05 08:14:33,2026-03-05 08:57:39,5.1,43.1,20.8,710.28,20.0,568.22,5.0,0
FUL_002650,BK_002650,DRV_0209,VEH_0209,2026-02-16 01:35:33,2026-02-16 01:47:21,2026-02-16 01:49:38,2026-02-16 02:19:32,11.8,29.9,12.1,420.0,20.0,336.0,5.0,0
FUL_002651,BK_002651,DRV_0218,VEH_0218,2026-03-11 14:12:01,2026-03-11 14:23:19,2026-03-11 14:26:54,2026-03-11 14:46:54,11.3,20.0,9.6,314.6,20.0,251.68,3.0,0
FUL_002652,BK_002652,DRV_0271,VEH_0271,2026-03-04 23:27:05,2026-03-04 23:31:23,2026-03-04 23:33:18,2026-03-04 23:44:18,4.3,11.0,6.5,158.8,20.0,127.04,5.0,50
FUL_002653,BK_002653,DRV_0096,VEH_0096,2026-02-19 18:15:07,2026-02-19 18:18:37,2026-02-19 18:20:57,2026-02-19 18:44:21,3.5,23.4,14.4,351.72,20.0,281.38,5.0,20
FUL_002654,BK_002654,DRV_0275,VEH_0275,2026-03-07 22:39:52,2026-03-07 22:48:52,2026-03-07 22:50:19,2026-03-07 23:24:31,9.0,34.2,19.0,665.28,20.0,532.22,5.0,0
FUL_002655,BK_002655,DRV_0250,VEH_0250,2026-02-08 09:28:15,2026-02-08 09:41:09,2026-02-08 09:43:08,2026-02-08 10:09:14,12.9,26.1,13.2,1048.32,20.0,838.66,5.0,0
FUL_002656,BK_002656,DRV_0123,VEH_0123,2026-02-19 07:26:16,2026-02-19 07:32:22,2026-02-19 07:34:16,2026-02-19 08:11:46,6.1,37.5,25.9,493.6,20.0,394.88,5.0,0
FUL_002657,BK_002657,DRV_0247,VEH_0247,2026-02-01 23:10:16,2026-02-01 23:14:10,2026-02-01 23:16:26,2026-02-01 23:40:14,3.9,23.8,13.8,434.0,20.0,347.2,4.0,0
FUL_002658,BK_002658,DRV_0170,VEH_0170,2026-02-06 06:31:45,2026-02-06 06:40:33,2026-02-06 06:43:10,2026-02-06 07:39:58,8.8,56.8,23.0,446.8,20.0,357.44,5.0,0
FUL_002659,BK_002659,DRV_0264,VEH_0264,2026-03-03 21:54:38,2026-03-03 21:59:26,2026-03-03 22:01:34,2026-03-03 22:08:46,4.8,7.2,2.8,267.12,20.0,213.7,2.0,30
FUL_002664,BK_002664,DRV_0246,VEH_0246,2026-03-12 17:17:23,2026-03-12 17:21:59,2026-03-12 17:24:38,2026-03-12 17:46:14,4.6,21.6,13.8,334.44,20.0,267.55,4.0,0
FUL_002666,BK_002666,DRV_0116,VEH_0116,2026-02-27 13:56:34,2026-02-27 13:58:52,2026-02-27 14:00:01,2026-02-27 14:28:43,2.3,28.7,19.5,374.8,20.0,299.84,5.0,30
FUL_002668,BK_002668,DRV_0042,VEH_0042,2026-03-01 06:54:23,2026-03-01 06:57:47,2026-03-01 06:59:46,2026-03-01 07:19:46,3.4,20.0,8.8,286.0,20.0,228.8,4.0,0
FUL_002669,BK_002669,DRV_0069,VEH_0069,2026-02-12 21:32:46,2026-02-12 21:41:22,2026-02-12 21:45:13,2026-02-12 22:00:37,8.6,15.4,10.4,268.32,20.0,214.66,4.0,10
FUL_002670,BK_002670,DRV_0223,VEH_0223,2026-03-09 02:03:21,2026-03-09 02:06:03,2026-03-09 02:09:29,2026-03-09 02:37:35,2.7,28.1,18.6,242.2,20.0,193.76,4.0,10
FUL_002671,BK_002671,DRV_0146,VEH_0146,2026-03-18 04:04:01,2026-03-18 04:13:49,2026-03-18 04:15:39,2026-03-18 04:37:45,9.8,22.1,15.3,584.64,20.0,467.71,5.0,20
FUL_002672,BK_002672,DRV_0037,VEH_0037,2026-03-01 08:00:33,2026-03-01 08:03:39,2026-03-01 08:07:17,2026-03-01 08:41:23,3.1,34.1,22.6,1411.2,20.0,1128.96,1.0,0
FUL_002673,BK_002673,DRV_0261,VEH_0261,2026-03-09 22:34:29,2026-03-09 22:37:05,2026-03-09 22:39:01,2026-03-09 23:25:43,2.6,46.7,18.8,562.8,20.0,450.24,5.0,0
FUL_002674,BK_002674,DRV_0239,VEH_0239,2026-03-18 03:12:24,2026-03-18 03:26:18,2026-03-18 03:29:31,2026-03-18 03:39:01,13.9,9.5,3.9,110.2,20.0,88.16,4.0,0
FUL_002675,BK_002675,DRV_0093,VEH_0093,2026-02-03 15:20:15,2026-02-03 15:23:15,2026-02-03 15:25:35,2026-02-03 15:38:35,3.0,13.0,7.6,332.64,20.0,266.11,5.0,10
FUL_002677,BK_002677,DRV_0137,VEH_0137,2026-02-08 09:49:15,2026-02-08 10:00:51,2026-02-08 10:02:33,2026-02-08 10:30:39,11.6,28.1,11.7,460.8,20.0,368.64,5.0,0
FUL_002678,BK_002678,DRV_0037,VEH_0037,2026-02-23 01:08:09,2026-02-23 01:10:27,2026-02-23 01:12:20,2026-02-23 01:42:38,2.3,30.3,12.6,428.4,20.0,342.72,4.0,50
FUL_002679,BK_002679,DRV_0054,VEH_0054,2026-02-17 23:05:31,2026-02-17 23:16:07,2026-02-17 23:19:42,2026-02-17 23:46:42,10.6,27.0,16.0,232.1,20.0,185.68,4.0,20
FUL_002681,BK_002681,DRV_0059,VEH_0059,2026-03-12 15:39:48,2026-03-12 15:43:12,2026-03-12 15:45:04,2026-03-12 15:51:40,3.4,6.6,4.2,75.4,20.0,60.32,5.0,10
FUL_002684,BK_002684,DRV_0058,VEH_0058,2026-02-01 14:07:26,2026-02-01 14:14:56,2026-02-01 14:17:05,2026-02-01 15:18:35,7.5,61.5,28.5,761.8,20.0,609.44,5.0,0
FUL_002685,BK_002685,DRV_0055,VEH_0055,2026-03-03 11:59:46,2026-03-03 12:13:22,2026-03-03 12:15:46,2026-03-03 12:44:46,13.6,29.0,15.4,412.86,20.0,330.29,5.0,0
FUL_002686,BK_002686,DRV_0248,VEH_0248,2026-02-14 11:36:11,2026-02-14 11:44:47,2026-02-14 11:48:39,2026-02-14 12:21:21,8.6,32.7,20.6,592.76,20.0,474.21,5.0,10
FUL_002687,BK_002687,DRV_0153,VEH_0153,2026-03-11 07:22:52,2026-03-11 07:32:46,2026-03-11 07:36:35,2026-03-11 08:37:35,9.9,61.0,27.0,328.6,20.0,262.88,5.0,0
FUL_002688,BK_002688,DRV_0051,VEH_0051,2026-02-06 23:57:06,2026-02-06 23:59:48,2026-02-07 00:02:21,2026-02-07 00:22:09,2.7,19.8,13.9,283.0,20.0,226.4,5.0,20
FUL_002689,BK_002689,DRV_0089,VEH_0089,2026-02-19 00:58:51,2026-02-19 01:05:57,2026-02-19 01:07:55,2026-02-19 01:14:43,7.1,6.8,4.1,174.2,20.0,139.36,3.0,10
FUL_002690,BK_002690,DRV_0176,VEH_0176,2026-02-02 18:50:42,2026-02-02 18:58:24,2026-02-02 19:02:23,2026-02-02 19:11:17,7.7,8.9,5.6,213.76,20.0,171.01,5.0,10
FUL_002691,BK_002691,DRV_0030,VEH_0030,2026-03-16 07:49:28,2026-03-16 08:01:28,2026-03-16 08:04:42,2026-03-16 08:41:36,12.0,36.9,19.2,279.62,20.0,223.7,5.0,0
FUL_002693,BK_002693,DRV_0293,VEH_0293,2026-03-18 02:41:16,2026-03-18 02:43:40,2026-03-18 02:46:39,2026-03-18 03:03:33,2.4,16.9,9.0,358.8,20.0,287.04,4.0,20
FUL_002694,BK_002694,DRV_0003,VEH_0003,2026-02-03 11:16:17,2026-02-03 11:19:17,2026-02-03 11:22:31,2026-02-03 12:05:31,3.0,43.0,24.0,1069.12,20.0,855.3,5.0,50
FUL_002695,BK_002695,DRV_0200,VEH_0200,2026-02-26 22:46:00,2026-02-26 22:48:24,2026-02-26 22:50:27,2026-02-26 23:22:03,2.4,31.6,20.8,666.4,20.0,533.12,5.0,10
FUL_002696,BK_002696,DRV_0247,VEH_0247,2026-02-24 05:57:37,2026-02-24 06:03:07,2026-02-24 06:05:23,2026-02-24 06:52:11,5.5,46.8,26.3,828.8,20.0,663.04,5.0,10
FUL_002697,BK_002697,DRV_0016,VEH_0016,2026-02-24 14:06:21,2026-02-24 14:13:03,2026-02-24 14:16:26,2026-02-24 14:56:20,6.7,39.9,15.4,389.28,20.0,311.42,2.0,0
FUL_002699,BK_002699,DRV_0310,VEH_0310,2026-02-19 00:10:42,2026-02-19 00:18:54,2026-02-19 00:20:55,2026-02-19 00:30:49,8.2,9.9,6.2,245.96,20.0,196.77,5.0,50
FUL_002700,BK_002700,DRV_0308,VEH_0308,2026-02-13 23:02:33,2026-02-13 23:06:57,2026-02-13 23:09:54,2026-02-13 23:53:48,4.4,43.9,19.9,616.0,20.0,492.8,5.0,0
FUL_002701,BK_002701,DRV_0111,VEH_0111,2026-02-28 23:25:16,2026-02-28 23:30:22,2026-02-28 23:32:28,2026-02-28 23:38:46,5.1,6.3,3.3,153.4,20.0,122.72,5.0,10
FUL_002704,BK_002704,DRV_0135,VEH_0135,2026-02-21 21:43:09,2026-02-21 21:56:39,2026-02-21 22:00:00,2026-02-21 22:41:00,13.5,41.0,16.5,303.8,20.0,243.04,5.0,20
FUL_002705,BK_002705,DRV_0019,VEH_0019,2026-02-03 13:24:20,2026-02-03 13:28:26,2026-02-03 13:30:12,2026-02-03 13:51:42,4.1,21.5,14.8,452.4,20.0,361.92,5.0,10
FUL_002706,BK_002706,DRV_0109,VEH_0109,2026-02-07 14:17:19,2026-02-07 14:26:01,2026-02-07 14:29:22,2026-02-07 14:44:52,8.7,15.5,8.4,283.4,20.0,226.72,5.0,50
FUL_002708,BK_002708,DRV_0123,VEH_0123,2026-03-16 21:15:43,2026-03-16 21:29:07,2026-03-16 21:30:27,2026-03-16 21:53:57,13.4,23.5,15.7,651.0,20.0,520.8,5.0,30
FUL_002709,BK_002709,DRV_0233,VEH_0233,2026-02-21 13:34:12,2026-02-21 13:46:18,2026-02-21 13:48:12,2026-02-21 13:57:00,12.1,8.8,5.4,202.8,20.0,162.24,4.0,0
FUL_002710,BK_002710,DRV_0140,VEH_0140,2026-03-18 01:27:41,2026-03-18 01:34:59,2026-03-18 01:37:59,2026-03-18 02:07:41,7.3,29.7,16.7,546.26,20.0,437.01,5.0,20
FUL_002711,BK_002711,DRV_0008,VEH_0008,2026-03-13 09:45:00,2026-03-13 09:50:54,2026-03-13 09:54:43,2026-03-13 10:14:43,5.9,20.0,11.5,281.28,20.0,225.02,3.0,0
FUL_002713,BK_002713,DRV_0320,VEH_0320,2026-03-17 00:15:14,2026-03-17 00:18:02,2026-03-17 00:20:08,2026-03-17 00:44:20,2.8,24.2,14.7,457.6,20.0,366.08,4.0,0
FUL_002714,BK_002714,DRV_0259,VEH_0259,2026-02-18 14:31:06,2026-02-18 14:35:42,2026-02-18 14:39:24,2026-02-18 15:30:18,4.6,50.9,20.8,649.22,20.0,519.38,1.0,30
FUL_002715,BK_002715,DRV_0016,VEH_0016,2026-03-07 02:10:29,2026-03-07 02:22:35,2026-03-07 02:24:21,2026-03-07 03:11:03,12.1,46.7,18.3,364.0,20.0,291.2,5.0,50
FUL_002716,BK_002716,DRV_0061,VEH_0061,2026-02-02 12:01:21,2026-02-02 12:14:09,2026-02-02 12:16:00,2026-02-02 12:51:06,12.8,35.1,24.1,339.02,20.0,271.22,5.0,0
FUL_002717,BK_002717,DRV_0077,VEH_0077,2026-02-21 16:11:16,2026-02-21 16:16:10,2026-02-21 16:18:14,2026-02-21 16:34:38,4.9,16.4,10.3,225.4,20.0,180.32,4.0,20
FUL_002720,BK_002720,DRV_0062,VEH_0062,2026-03-15 03:19:08,2026-03-15 03:27:38,2026-03-15 03:31:02,2026-03-15 03:56:32,8.5,25.5,17.2,617.76,20.0,494.21,5.0,20
FUL_002723,BK_002723,DRV_0005,VEH_0005,2026-02-23 07:02:29,2026-02-23 07:13:17,2026-02-23 07:16:13,2026-02-23 07:43:25,10.8,27.2,17.8,512.2,20.0,409.76,5.0,0
FUL_002724,BK_002724,DRV_0051,VEH_0051,2026-03-13 11:52:23,2026-03-13 11:54:59,2026-03-13 11:57:52,2026-03-13 12:25:46,2.6,27.9,10.1,363.52,20.0,290.82,5.0,10
FUL_002726,BK_002726,DRV_0152,VEH_0152,2026-03-11 21:36:42,2026-03-11 21:42:12,2026-03-11 21:46:06,2026-03-11 22:15:30,5.5,29.4,18.7,602.56,20.0,482.05,5.0,0
FUL_002727,BK_002727,DRV_0080,VEH_0080,2026-02-19 06:52:25,2026-02-19 07:06:01,2026-02-19 07:08:36,2026-02-19 07:26:30,13.6,17.9,11.0,255.86,20.0,204.69,4.0,0
FUL_002728,BK_002728,DRV_0218,VEH_0218,2026-03-09 07:45:22,2026-03-09 07:54:04,2026-03-09 07:55:25,2026-03-09 08:08:13,8.7,12.8,7.3,274.56,20.0,219.65,5.0,0
FUL_002729,BK_002729,DRV_0155,VEH_0155,2026-03-08 13:28:50,2026-03-08 13:36:38,2026-03-08 13:40:02,2026-03-08 13:46:44,7.8,6.7,4.7,197.34,20.0,157.87,5.0,0
FUL_002730,BK_002730,DRV_0150,VEH_0150,2026-03-08 14:35:15,2026-03-08 14:37:57,2026-03-08 14:40:02,2026-03-08 14:48:20,2.7,8.3,5.5,213.2,20.0,170.56,5.0,10
FUL_002733,BK_002733,DRV_0094,VEH_0094,2026-03-08 04:13:56,2026-03-08 04:27:38,2026-03-08 04:28:54,2026-03-08 05:03:48,13.7,34.9,24.4,495.44,20.0,396.35,5.0,10
FUL_002734,BK_002734,DRV_0154,VEH_0154,2026-02-16 17:07:29,2026-02-16 17:11:23,2026-02-16 17:14:37,2026-02-16 18:01:13,3.9,46.6,27.4,1059.24,20.0,847.39,5.0,0
FUL_002736,BK_002736,DRV_0168,VEH_0168,2026-02-15 21:19:27,2026-02-15 21:22:39,2026-02-15 21:25:15,2026-02-15 22:26:09,3.2,60.9,24.2,993.72,20.0,794.98,5.0,50
FUL_002737,BK_002737,DRV_0039,VEH_0039,2026-02-20 14:19:30,2026-02-20 14:28:42,2026-02-20 14:32:22,2026-02-20 15:21:04,9.2,48.7,21.7,657.8,20.0,526.24,5.0,0
FUL_002738,BK_002738,DRV_0261,VEH_0261,2026-02-25 09:57:28,2026-02-25 10:00:52,2026-02-25 10:03:45,2026-02-25 10:37:51,3.4,34.1,22.4,1102.08,20.0,881.66,4.0,30
FUL_002739,BK_002739,DRV_0068,VEH_0068,2026-02-22 23:32:12,2026-02-22 23:44:24,2026-02-22 23:46:48,2026-02-23 00:01:00,12.2,14.2,9.4,346.06,20.0,276.85,5.0,0
FUL_002742,BK_002742,DRV_0126,VEH_0126,2026-02-19 00:23:49,2026-02-19 00:37:31,2026-02-19 00:38:31,2026-02-19 00:51:43,13.7,13.2,8.8,143.66,20.0,114.93,1.0,20
FUL_002743,BK_002743,DRV_0078,VEH_0078,2026-02-22 15:49:33,2026-02-22 15:57:15,2026-02-22 15:59:57,2026-02-22 16:27:21,7.7,27.4,17.3,534.82,20.0,427.86,5.0,10
FUL_002745,BK_002745,DRV_0161,VEH_0161,2026-03-04 06:12:51,2026-03-04 06:17:15,2026-03-04 06:19:19,2026-03-04 07:02:25,4.4,43.1,16.9,496.6,20.0,397.28,4.0,0
FUL_002746,BK_002746,DRV_0155,VEH_0155,2026-03-12 21:01:08,2026-03-12 21:15:02,2026-03-12 21:17:43,2026-03-12 21:33:25,13.9,15.7,5.9,402.48,20.0,321.98,5.0,30
FUL_002747,BK_002747,DRV_0107,VEH_0107,2026-02-16 20:45:24,2026-02-16 20:51:36,2026-02-16 20:54:26,2026-02-16 21:15:38,6.2,21.2,11.7,518.7,20.0,414.96,5.0,0
FUL_002748,BK_002748,DRV_0130,VEH_0130,2026-02-04 03:10:29,2026-02-04 03:12:41,2026-02-04 03:14:18,2026-02-04 03:49:42,2.2,35.4,22.0,639.6,20.0,511.68,5.0,30
FUL_002749,BK_002749,DRV_0002,VEH_0002,2026-02-05 16:41:28,2026-02-05 16:51:10,2026-02-05 16:54:53,2026-02-05 17:03:17,9.7,8.4,4.7,245.28,20.0,196.22,5.0,10
FUL_002751,BK_002751,DRV_0214,VEH_0214,2026-03-14 21:15:33,2026-03-14 21:17:51,2026-03-14 21:19:24,2026-03-14 21:30:42,2.3,11.3,5.3,136.0,20.0,108.8,4.0,0
FUL_002752,BK_002752,DRV_0153,VEH_0153,2026-03-04 04:42:52,2026-03-04 04:54:46,2026-03-04 04:57:26,2026-03-04 05:12:20,11.9,14.9,6.6,113.3,20.0,90.64,4.0,10
FUL_002753,BK_002753,DRV_0295,VEH_0295,2026-02-18 18:26:25,2026-02-18 18:36:01,2026-02-18 18:37:59,2026-02-18 19:12:41,9.6,34.7,20.4,929.04,20.0,743.23,1.0,0
FUL_002754,BK_002754,DRV_0121,VEH_0121,2026-02-21 21:50:00,2026-02-21 21:52:36,2026-02-21 21:56:07,2026-02-21 22:45:07,2.6,49.0,23.2,1540.56,20.0,1232.45,5.0,0
FUL_002755,BK_002755,DRV_0086,VEH_0086,2026-03-04 16:44:14,2026-03-04 16:55:20,2026-03-04 16:57:47,2026-03-04 17:17:05,11.1,19.3,13.4,297.44,20.0,237.95,4.0,10
FUL_002756,BK_002756,DRV_0273,VEH_0273,2026-03-17 06:47:47,2026-03-17 06:55:47,2026-03-17 06:58:23,2026-03-17 07:08:29,8.0,10.1,6.6,117.26,20.0,93.81,5.0,50
FUL_002757,BK_002757,DRV_0173,VEH_0173,2026-02-15 12:25:43,2026-02-15 12:28:37,2026-02-15 12:31:09,2026-02-15 12:43:27,2.9,12.3,5.1,131.8,20.0,105.44,5.0,0
FUL_002758,BK_002758,DRV_0151,VEH_0151,2026-02-28 08:03:22,2026-02-28 08:17:16,2026-02-28 08:18:48,2026-02-28 09:05:54,13.9,47.1,23.5,481.6,20.0,385.28,5.0,30
FUL_002760,BK_002760,DRV_0246,VEH_0246,2026-02-15 00:01:26,2026-02-15 00:13:14,2026-02-15 00:15:39,2026-02-15 00:39:03,11.8,23.4,14.7,193.0,20.0,154.4,5.0,50
FUL_002762,BK_002762,DRV_0274,VEH_0274,2026-03-05 08:46:16,2026-03-05 08:57:58,2026-03-05 09:00:56,2026-03-05 09:21:14,11.7,20.3,8.5,655.2,20.0,524.16,5.0,10
FUL_002763,BK_002763,DRV_0094,VEH_0094,2026-03-10 21:23:48,2026-03-10 21:26:00,2026-03-10 21:27:00,2026-03-10 22:34:18,2.2,67.3,27.0,1081.92,20.0,865.54,5.0,30
FUL_002764,BK_002764,DRV_0165,VEH_0165,2026-03-12 04:04:20,2026-03-12 04:16:20,2026-03-12 04:19:49,2026-03-12 04:42:37,12.0,22.8,9.5,299.0,20.0,239.2,5.0,0
FUL_002766,BK_002766,DRV_0114,VEH_0114,2026-02-23 04:23:50,2026-02-23 04:35:26,2026-02-23 04:39:22,2026-02-23 05:23:10,11.6,43.8,23.7,505.34,20.0,404.27,5.0,0
FUL_002767,BK_002767,DRV_0195,VEH_0195,2026-02-18 08:43:49,2026-02-18 08:47:49,2026-02-18 08:49:44,2026-02-18 09:12:20,4.0,22.6,15.6,678.16,20.0,542.53,5.0,10
FUL_002768,BK_002768,DRV_0305,VEH_0305,2026-03-08 18:21:28,2026-03-08 18:32:22,2026-03-08 18:33:50,2026-03-08 18:51:56,10.9,18.1,11.0,927.36,20.0,741.89,5.0,0
FUL_002770,BK_002770,DRV_0238,VEH_0238,2026-02-19 12:32:20,2026-02-19 12:37:32,2026-02-19 12:40:44,2026-02-19 13:42:38,5.2,61.9,24.5,775.06,20.0,620.05,1.0,0
FUL_002771,BK_002771,DRV_0010,VEH_0010,2026-02-23 17:14:59,2026-02-23 17:27:11,2026-02-23 17:28:22,2026-02-23 17:53:52,12.2,25.5,16.1,800.16,20.0,640.13,5.0,30
FUL_002772,BK_002772,DRV_0274,VEH_0274,2026-02-12 17:19:23,2026-02-12 17:26:17,2026-02-12 17:28:58,2026-02-12 17:35:40,6.9,6.7,3.6,333.06,20.0,266.45,4.0,0
FUL_002773,BK_002773,DRV_0028,VEH_0028,2026-02-21 05:39:48,2026-02-21 05:44:24,2026-02-21 05:46:28,2026-02-21 06:12:34,4.6,26.1,14.3,189.4,20.0,151.52,5.0,50
FUL_002774,BK_002774,DRV_0287,VEH_0287,2026-02-12 16:47:18,2026-02-12 16:58:54,2026-02-12 17:01:11,2026-02-12 17:59:23,11.6,58.2,24.3,452.2,20.0,361.76,5.0,0
FUL_002775,BK_002775,DRV_0295,VEH_0295,2026-03-14 04:04:51,2026-03-14 04:18:33,2026-03-14 04:20:38,2026-03-14 04:53:38,13.7,33.0,17.3,597.52,20.0,478.02,5.0,50
FUL_002776,BK_002776,DRV_0059,VEH_0059,2026-02-23 11:08:37,2026-02-23 11:17:13,2026-02-23 11:18:54,2026-02-23 11:51:18,8.6,32.4,17.7,340.76,20.0,272.61,5.0,0
FUL_002777,BK_002777,DRV_0302,VEH_0302,2026-03-07 04:06:14,2026-03-07 04:19:08,2026-03-07 04:20:58,2026-03-07 04:48:28,12.9,27.5,17.5,491.4,20.0,393.12,5.0,0
FUL_002779,BK_002779,DRV_0078,VEH_0078,2026-03-07 15:02:27,2026-03-07 15:13:21,2026-03-07 15:16:55,2026-03-07 15:24:25,10.9,7.5,4.0,188.76,20.0,151.01,5.0,0
FUL_002780,BK_002780,DRV_0247,VEH_0247,2026-03-06 17:03:43,2026-03-06 17:16:31,2026-03-06 17:20:17,2026-03-06 17:57:17,12.8,37.0,22.6,1592.64,20.0,1274.11,5.0,20
FUL_002781,BK_002781,DRV_0091,VEH_0091,2026-02-21 01:47:59,2026-02-21 01:56:29,2026-02-21 01:58:40,2026-02-21 02:41:16,8.5,42.6,27.5,397.1,20.0,317.68,4.0,0
FUL_002783,BK_002783,DRV_0012,VEH_0012,2026-02-03 08:15:11,2026-02-03 08:23:53,2026-02-03 08:27:40,2026-02-03 08:47:22,8.7,19.7,13.3,370.02,20.0,296.02,3.0,50
FUL_002784,BK_002784,DRV_0038,VEH_0038,2026-03-13 20:21:10,2026-03-13 20:27:52,2026-03-13 20:30:29,2026-03-13 21:22:29,6.7,52.0,30.2,951.6,20.0,761.28,2.0,0
FUL_002785,BK_002785,DRV_0170,VEH_0170,2026-03-07 16:15:55,2026-03-07 16:27:55,2026-03-07 16:31:03,2026-03-07 17:08:21,12.0,37.3,14.0,286.6,20.0,229.28,5.0,50
FUL_002786,BK_002786,DRV_0003,VEH_0003,2026-02-22 15:42:21,2026-02-22 15:51:57,2026-02-22 15:55:47,2026-02-22 16:11:53,9.6,16.1,10.5,322.4,20.0,257.92,5.0,50
FUL_002787,BK_002787,DRV_0263,VEH_0263,2026-02-08 12:33:39,2026-02-08 12:35:45,2026-02-08 12:39:34,2026-02-08 13:03:52,2.1,24.3,10.0,150.26,20.0,120.21,4.0,0
FUL_002788,BK_002788,DRV_0300,VEH_0300,2026-02-16 04:42:15,2026-02-16 04:50:45,2026-02-16 04:52:17,2026-02-16 05:09:23,8.5,17.1,8.0,184.0,20.0,147.2,5.0,20
FUL_002789,BK_002789,DRV_0111,VEH_0111,2026-02-15 13:47:23,2026-02-15 13:53:41,2026-02-15 13:55:38,2026-02-15 14:01:20,6.3,5.7,2.7,137.8,20.0,110.24,5.0,0
FUL_002791,BK_002791,DRV_0073,VEH_0073,2026-02-06 19:20:26,2026-02-06 19:28:38,2026-02-06 19:30:42,2026-02-06 20:34:18,8.2,63.6,25.2,1089.76,20.0,871.81,5.0,0
FUL_002793,BK_002793,DRV_0087,VEH_0087,2026-03-05 02:46:28,2026-03-05 02:59:10,2026-03-05 03:01:55,2026-03-05 03:46:19,12.7,44.4,23.4,359.76,20.0,287.81,4.0,0
FUL_002794,BK_002794,DRV_0031,VEH_0031,2026-03-11 23:17:07,2026-03-11 23:21:31,2026-03-11 23:24:57,2026-03-11 23:48:57,4.4,24.0,12.0,172.6,20.0,138.08,4.0,0
FUL_002796,BK_002796,DRV_0125,VEH_0125,2026-02-20 20:24:39,2026-02-20 20:27:39,2026-02-20 20:29:34,2026-02-20 21:14:46,3.0,45.2,27.6,1352.96,20.0,1082.37,2.0,10
FUL_002799,BK_002799,DRV_0093,VEH_0093,2026-02-01 14:33:43,2026-02-01 14:44:01,2026-02-01 14:46:35,2026-02-01 15:24:41,10.3,38.1,22.9,730.8,20.0,584.64,5.0,0
FUL_002801,BK_002801,DRV_0291,VEH_0291,2026-02-24 16:37:34,2026-02-24 16:44:16,2026-02-24 16:47:28,2026-02-24 16:54:10,6.7,6.7,3.6,103.0,20.0,82.4,5.0,30
FUL_002802,BK_002802,DRV_0123,VEH_0123,2026-02-02 13:37:22,2026-02-02 13:40:04,2026-02-02 13:42:43,2026-02-02 14:33:49,2.7,51.1,29.8,538.6,20.0,430.88,5.0,0
FUL_002803,BK_002803,DRV_0310,VEH_0310,2026-02-14 15:48:01,2026-02-14 15:51:13,2026-02-14 15:54:17,2026-02-14 16:01:53,3.2,7.6,3.7,180.18,20.0,144.14,5.0,30
FUL_002805,BK_002805,DRV_0248,VEH_0248,2026-02-01 21:03:22,2026-02-01 21:06:10,2026-02-01 21:09:53,2026-02-01 21:56:35,2.8,46.7,23.9,872.28,20.0,697.82,4.0,0
FUL_002807,BK_002807,DRV_0284,VEH_0284,2026-02-05 20:10:42,2026-02-05 20:14:12,2026-02-05 20:16:52,2026-02-05 21:08:52,3.5,52.0,28.1,1921.92,20.0,1537.54,4.0,20
FUL_002809,BK_002809,DRV_0236,VEH_0236,2026-02-20 04:54:32,2026-02-20 05:01:08,2026-02-20 05:02:40,2026-02-20 06:02:52,6.6,60.2,27.5,809.2,20.0,647.36,5.0,0
FUL_002810,BK_002810,DRV_0296,VEH_0296,2026-02-03 19:17:18,2026-02-03 19:25:42,2026-02-03 19:28:52,2026-02-03 20:20:16,8.4,51.4,19.8,404.8,20.0,323.84,5.0,0
FUL_002812,BK_002812,DRV_0303,VEH_0303,2026-03-09 01:05:45,2026-03-09 01:15:21,2026-03-09 01:17:40,2026-03-09 01:45:04,9.6,27.4,16.5,496.6,20.0,397.28,5.0,0
FUL_002813,BK_002813,DRV_0170,VEH_0170,2026-02-13 13:01:40,2026-02-13 13:13:40,2026-02-13 13:16:09,2026-02-13 14:06:27,12.0,50.3,28.0,590.48,20.0,472.38,4.0,0
FUL_002815,BK_002815,DRV_0204,VEH_0204,2026-03-08 00:28:04,2026-03-08 00:31:46,2026-03-08 00:34:33,2026-03-08 00:57:57,3.7,23.4,14.3,429.0,20.0,343.2,5.0,30
FUL_002816,BK_002816,DRV_0090,VEH_0090,2026-03-03 11:16:09,2026-03-03 11:22:57,2026-03-03 11:24:28,2026-03-03 11:46:16,6.8,21.8,9.6,331.84,20.0,265.47,1.0,0
FUL_002819,BK_002819,DRV_0243,VEH_0243,2026-03-09 19:37:47,2026-03-09 19:44:53,2026-03-09 19:47:23,2026-03-09 19:59:23,7.1,12.0,6.3,137.48,20.0,109.98,4.0,0
FUL_002820,BK_002820,DRV_0035,VEH_0035,2026-02-23 21:07:17,2026-02-23 21:17:05,2026-02-23 21:18:19,2026-02-23 21:54:37,9.8,36.3,17.9,553.6,20.0,442.88,5.0,0
FUL_002821,BK_002821,DRV_0050,VEH_0050,2026-02-02 16:21:51,2026-02-02 16:34:09,2026-02-02 16:37:03,2026-02-02 16:53:57,12.3,16.9,6.8,231.4,20.0,185.12,5.0,0
FUL_002823,BK_002823,DRV_0061,VEH_0061,2026-02-03 00:19:49,2026-02-03 00:32:07,2026-02-03 00:33:30,2026-02-03 00:57:42,12.3,24.2,15.1,202.6,20.0,162.08,5.0,0
FUL_002824,BK_002824,DRV_0209,VEH_0209,2026-03-10 15:08:19,2026-03-10 15:21:31,2026-03-10 15:23:53,2026-03-10 15:53:11,13.2,29.3,19.5,624.4,20.0,499.52,5.0,0
FUL_002825,BK_002825,DRV_0066,VEH_0066,2026-03-10 14:43:23,2026-03-10 14:53:29,2026-03-10 14:55:41,2026-03-10 15:01:11,10.1,5.5,3.9,76.34,20.0,61.07,4.0,0
FUL_002826,BK_002826,DRV_0013,VEH_0013,2026-02-17 12:36:13,2026-02-17 12:50:07,2026-02-17 12:53:50,2026-02-17 13:22:50,13.9,29.0,13.1,275.8,20.0,220.64,5.0,10
FUL_002827,BK_002827,DRV_0221,VEH_0221,2026-03-15 00:16:39,2026-03-15 00:22:03,2026-03-15 00:25:42,2026-03-15 00:32:36,5.4,6.9,4.1,81.62,20.0,65.3,5.0,30
FUL_002828,BK_002828,DRV_0310,VEH_0310,2026-02-10 00:00:26,2026-02-10 00:08:20,2026-02-10 00:10:16,2026-02-10 00:27:04,7.9,16.8,11.2,433.68,20.0,346.94,5.0,0
FUL_002830,BK_002830,DRV_0307,VEH_0307,2026-03-01 19:02:51,2026-03-01 19:07:33,2026-03-01 19:10:52,2026-03-01 19:31:40,4.7,20.8,14.8,615.16,20.0,492.13,5.0,50
FUL_002831,BK_002831,DRV_0282,VEH_0282,2026-02-14 16:09:05,2026-02-14 16:19:41,2026-02-14 16:23:25,2026-02-14 16:34:37,10.6,11.2,6.2,160.82,20.0,128.66,4.0,0
FUL_002832,BK_002832,DRV_0049,VEH_0049,2026-02-19 21:55:11,2026-02-19 22:03:53,2026-02-19 22:05:45,2026-02-19 22:13:03,8.7,7.3,3.2,282.24,20.0,225.79,5.0,0
FUL_002833,BK_002833,DRV_0076,VEH_0076,2026-02-07 02:33:15,2026-02-07 02:46:51,2026-02-07 02:48:00,2026-02-07 03:08:06,13.6,20.1,14.2,339.6,20.0,271.68,5.0,0
FUL_002835,BK_002835,DRV_0175,VEH_0175,2026-03-08 07:40:22,2026-03-08 07:50:58,2026-03-08 07:53:22,2026-03-08 08:14:10,10.6,20.8,8.2,288.4,20.0,230.72,5.0,0
FUL_002836,BK_002836,DRV_0145,VEH_0145,2026-03-01 00:39:49,2026-03-01 00:52:07,2026-03-01 00:54:58,2026-03-01 01:12:40,12.3,17.7,10.7,236.2,20.0,188.96,5.0,0
FUL_002837,BK_002837,DRV_0047,VEH_0047,2026-02-04 14:05:34,2026-02-04 14:08:40,2026-02-04 14:11:38,2026-02-04 14:29:56,3.1,18.3,7.1,252.2,20.0,201.76,4.0,0
FUL_002838,BK_002838,DRV_0232,VEH_0232,2026-02-23 10:35:02,2026-02-23 10:48:26,2026-02-23 10:51:35,2026-02-23 11:34:11,13.4,42.6,26.5,848.64,20.0,678.91,5.0,0
FUL_002839,BK_002839,DRV_0120,VEH_0120,2026-02-09 09:50:34,2026-02-09 09:52:34,2026-02-09 09:55:52,2026-02-09 10:06:16,2.0,10.4,5.7,233.92,20.0,187.14,4.0,0
FUL_002840,BK_002840,DRV_0310,VEH_0310,2026-02-21 07:36:39,2026-02-21 07:46:03,2026-02-21 07:48:54,2026-02-21 08:12:48,9.4,23.9,15.1,558.48,20.0,446.78,5.0,0
FUL_002842,BK_002842,DRV_0248,VEH_0248,2026-02-25 05:57:17,2026-02-25 06:00:29,2026-02-25 06:03:53,2026-02-25 06:52:29,3.2,48.6,23.5,463.0,20.0,370.4,4.0,20
FUL_002843,BK_002843,DRV_0306,VEH_0306,2026-02-21 13:30:57,2026-02-21 13:41:45,2026-02-21 13:43:19,2026-02-21 14:46:19,10.8,63.0,29.5,639.84,20.0,511.87,5.0,0
FUL_002845,BK_002845,DRV_0085,VEH_0085,2026-03-01 22:37:17,2026-03-01 22:48:41,2026-03-01 22:50:11,2026-03-01 23:00:05,11.4,9.9,5.4,221.2,20.0,176.96,5.0,20
FUL_002846,BK_002846,DRV_0216,VEH_0216,2026-03-08 05:21:56,2026-03-08 05:26:38,2026-03-08 05:30:19,2026-03-08 05:44:55,4.7,14.6,5.8,210.6,20.0,168.48,5.0,0
FUL_002847,BK_002847,DRV_0239,VEH_0239,2026-03-13 14:59:26,2026-03-13 15:07:02,2026-03-13 15:09:45,2026-03-13 15:53:27,7.6,43.7,27.5,600.38,20.0,480.3,4.0,50
FUL_002848,BK_002848,DRV_0320,VEH_0320,2026-02-09 09:30:39,2026-02-09 09:33:45,2026-02-09 09:36:59,2026-02-09 10:18:35,3.1,41.6,20.9,1057.68,20.0,846.14,4.0,0
FUL_002849,BK_002849,DRV_0016,VEH_0016,2026-03-12 08:31:39,2026-03-12 08:42:27,2026-03-12 08:44:22,2026-03-12 09:08:34,10.8,24.2,14.0,705.12,20.0,564.1,5.0,0
FUL_002850,BK_002850,DRV_0239,VEH_0239,2026-02-15 14:41:40,2026-02-15 14:50:16,2026-02-15 14:51:17,2026-02-15 15:03:59,8.6,12.7,7.6,201.36,20.0,161.09,4.0,50
FUL_002851,BK_002851,DRV_0255,VEH_0255,2026-02-21 18:02:11,2026-02-21 18:04:53,2026-02-21 18:07:54,2026-02-21 18:32:18,2.7,24.4,15.9,307.16,20.0,245.73,5.0,0
FUL_002854,BK_002854,DRV_0059,VEH_0059,2026-03-09 11:39:49,2026-03-09 11:44:37,2026-03-09 11:48:36,2026-03-09 12:22:36,4.8,34.0,20.4,335.28,20.0,268.22,5.0,20
FUL_002856,BK_002856,DRV_0299,VEH_0299,2026-02-28 00:11:22,2026-02-28 00:17:28,2026-02-28 00:19:45,2026-02-28 01:18:15,6.1,58.5,26.8,933.24,20.0,746.59,4.0,0
FUL_002857,BK_002857,DRV_0264,VEH_0264,2026-03-01 02:25:54,2026-03-01 02:36:18,2026-03-01 02:39:12,2026-03-01 03:13:18,10.4,34.1,23.7,694.4,20.0,555.52,4.0,20
FUL_002862,BK_002862,DRV_0287,VEH_0287,2026-02-06 15:21:15,2026-02-06 15:28:33,2026-02-06 15:30:50,2026-02-06 16:15:56,7.3,45.1,20.2,392.8,20.0,314.24,2.0,30
FUL_002863,BK_002863,DRV_0288,VEH_0288,2026-03-03 21:12:23,2026-03-03 21:24:47,2026-03-03 21:26:13,2026-03-03 21:40:43,12.4,14.5,9.7,253.2,20.0,202.56,5.0,50
FUL_002864,BK_002864,DRV_0281,VEH_0281,2026-03-05 15:52:19,2026-03-05 15:56:07,2026-03-05 15:59:26,2026-03-05 16:46:56,3.8,47.5,25.5,834.68,20.0,667.74,1.0,30
FUL_002865,BK_002865,DRV_0313,VEH_0313,2026-02-21 14:14:16,2026-02-21 14:26:46,2026-02-21 14:30:36,2026-02-21 14:43:54,12.5,13.3,7.5,257.4,20.0,205.92,4.0,10
FUL_002867,BK_002867,DRV_0238,VEH_0238,2026-02-04 05:41:23,2026-02-04 05:46:41,2026-02-04 05:49:17,2026-02-04 06:10:23,5.3,21.1,13.8,431.6,20.0,345.28,5.0,30
FUL_002868,BK_002868,DRV_0261,VEH_0261,2026-02-21 16:50:50,2026-02-21 17:00:50,2026-02-21 17:02:20,2026-02-21 17:38:38,10.0,36.3,22.8,716.8,20.0,573.44,5.0,30
FUL_002871,BK_002871,DRV_0173,VEH_0173,2026-02-20 22:05:59,2026-02-20 22:16:11,2026-02-20 22:18:49,2026-02-20 22:56:49,10.2,38.0,18.7,365.8,20.0,292.64,5.0,10
FUL_002874,BK_002874,DRV_0298,VEH_0298,2026-02-05 14:52:50,2026-02-05 14:56:50,2026-02-05 14:57:50,2026-02-05 15:31:20,4.0,33.5,22.6,291.4,20.0,233.12,5.0,0
FUL_002875,BK_002875,DRV_0172,VEH_0172,2026-02-26 11:32:16,2026-02-26 11:40:04,2026-02-26 11:43:07,2026-02-26 12:24:19,7.8,41.2,28.5,774.2,20.0,619.36,5.0,10
FUL_002876,BK_002876,DRV_0053,VEH_0053,2026-02-03 22:09:21,2026-02-03 22:21:45,2026-02-03 22:23:01,2026-02-03 22:47:55,12.4,24.9,12.3,169.0,20.0,135.2,5.0,0
FUL_002877,BK_002877,DRV_0063,VEH_0063,2026-02-20 08:02:59,2026-02-20 08:15:23,2026-02-20 08:19:10,2026-02-20 09:02:16,12.4,43.1,18.5,936.32,20.0,749.06,5.0,0
FUL_002880,BK_002880,DRV_0232,VEH_0232,2026-03-01 07:55:47,2026-03-01 08:04:17,2026-03-01 08:05:49,2026-03-01 08:26:49,8.5,21.0,9.7,309.4,20.0,247.52,5.0,20
FUL_002881,BK_002881,DRV_0063,VEH_0063,2026-02-28 15:34:28,2026-02-28 15:38:58,2026-02-28 15:41:36,2026-02-28 16:11:42,4.5,30.1,21.6,630.0,20.0,504.0,4.0,0
FUL_002882,BK_002882,DRV_0314,VEH_0314,2026-02-17 16:58:46,2026-02-17 17:02:10,2026-02-17 17:04:07,2026-02-17 17:56:43,3.4,52.6,22.2,642.2,20.0,513.76,5.0,0
FUL_002883,BK_002883,DRV_0061,VEH_0061,2026-02-12 16:18:16,2026-02-12 16:29:46,2026-02-12 16:33:25,2026-02-12 17:19:07,11.5,45.7,22.0,285.4,20.0,228.32,5.0,50
FUL_002885,BK_002885,DRV_0104,VEH_0104,2026-03-08 20:05:15,2026-03-08 20:17:33,2026-03-08 20:20:10,2026-03-08 20:54:16,12.3,34.1,18.1,1228.92,20.0,983.14,4.0,50
FUL_002886,BK_002886,DRV_0094,VEH_0094,2026-02-02 07:27:19,2026-02-02 07:40:43,2026-02-02 07:43:53,2026-02-02 08:22:11,13.4,38.3,19.3,418.22,20.0,334.58,5.0,0
FUL_002888,BK_002888,DRV_0118,VEH_0118,2026-02-05 02:09:12,2026-02-05 02:20:12,2026-02-05 02:24:09,2026-02-05 03:20:15,11.0,56.1,24.5,758.8,20.0,607.04,5.0,10
FUL_002889,BK_002889,DRV_0317,VEH_0317,2026-03-07 16:59:17,2026-03-07 17:02:23,2026-03-07 17:06:20,2026-03-07 17:35:56,3.1,29.6,21.2,660.66,20.0,528.53,5.0,0
FUL_002890,BK_002890,DRV_0049,VEH_0049,2026-02-09 15:19:43,2026-02-09 15:33:31,2026-02-09 15:37:07,2026-02-09 16:24:01,13.8,46.9,24.7,866.88,20.0,693.5,5.0,20
FUL_002891,BK_002891,DRV_0204,VEH_0204,2026-02-13 12:44:04,2026-02-13 12:47:58,2026-02-13 12:49:28,2026-02-13 13:04:16,3.9,14.8,5.9,208.0,20.0,166.4,5.0,10
FUL_002892,BK_002892,DRV_0241,VEH_0241,2026-03-09 15:48:12,2026-03-09 15:51:06,2026-03-09 15:54:07,2026-03-09 16:02:31,2.9,8.4,5.5,93.4,20.0,74.72,4.0,0
FUL_002893,BK_002893,DRV_0239,VEH_0239,2026-02-04 15:06:21,2026-02-04 15:16:57,2026-02-04 15:19:47,2026-02-04 16:09:59,10.6,50.2,19.2,392.8,20.0,314.24,5.0,30
FUL_002895,BK_002895,DRV_0223,VEH_0223,2026-03-02 02:29:08,2026-03-02 02:42:08,2026-03-02 02:44:04,2026-03-02 03:16:34,13.0,32.5,12.7,172.6,20.0,138.08,5.0,0
FUL_002897,BK_002897,DRV_0287,VEH_0287,2026-03-13 11:59:37,2026-03-13 12:12:37,2026-03-13 12:14:13,2026-03-13 12:24:25,13.0,10.2,5.0,158.16,20.0,126.53,2.0,0
FUL_002900,BK_002900,DRV_0038,VEH_0038,2026-03-04 09:03:53,2026-03-04 09:14:17,2026-03-04 09:15:25,2026-03-04 09:56:43,10.4,41.3,23.7,1408.68,20.0,1126.94,2.0,20
FUL_002903,BK_002903,DRV_0272,VEH_0272,2026-02-17 11:43:22,2026-02-17 11:46:58,2026-02-17 11:48:36,2026-02-17 12:14:06,3.6,25.5,10.7,480.9,20.0,384.72,5.0,0
FUL_002904,BK_002904,DRV_0306,VEH_0306,2026-03-12 18:49:25,2026-03-12 18:52:31,2026-03-12 18:53:45,2026-03-12 19:46:15,3.1,52.5,26.2,680.96,20.0,544.77,5.0,0
FUL_002905,BK_002905,DRV_0078,VEH_0078,2026-02-18 14:13:05,2026-02-18 14:16:11,2026-02-18 14:19:50,2026-02-18 15:22:08,3.1,62.3,25.7,715.0,20.0,572.0,5.0,0
FUL_002906,BK_002906,DRV_0198,VEH_0198,2026-02-28 15:30:36,2026-02-28 15:34:30,2026-02-28 15:37:07,2026-02-28 15:48:25,3.9,11.3,4.1,115.6,20.0,92.48,5.0,0
FUL_002908,BK_002908,DRV_0023,VEH_0023,2026-03-10 09:15:17,2026-03-10 09:19:11,2026-03-10 09:22:04,2026-03-10 10:20:16,3.9,58.2,25.9,940.32,20.0,752.26,5.0,0
FUL_002909,BK_002909,DRV_0123,VEH_0123,2026-02-11 15:48:06,2026-02-11 15:58:36,2026-02-11 16:00:51,2026-02-11 16:25:51,10.5,25.0,11.5,254.2,20.0,203.36,5.0,10
FUL_002911,BK_002911,DRV_0246,VEH_0246,2026-02-02 14:02:30,2026-02-02 14:14:30,2026-02-02 14:17:58,2026-02-02 14:51:34,12.0,33.6,15.1,231.6,20.0,185.28,5.0,0
FUL_002912,BK_002912,DRV_0145,VEH_0145,2026-02-20 03:10:04,2026-02-20 03:14:46,2026-02-20 03:18:42,2026-02-20 03:31:12,4.7,12.5,8.6,194.8,20.0,155.84,5.0,0
FUL_002913,BK_002913,DRV_0010,VEH_0010,2026-03-13 00:12:25,2026-03-13 00:18:01,2026-03-13 00:20:11,2026-03-13 00:55:11,5.6,35.0,21.2,497.28,20.0,397.82,5.0,10
FUL_002914,BK_002914,DRV_0164,VEH_0164,2026-03-02 18:12:17,2026-03-02 18:16:59,2026-03-02 18:18:45,2026-03-02 18:40:45,4.7,22.0,13.7,510.72,20.0,408.58,4.0,20
FUL_002915,BK_002915,DRV_0176,VEH_0176,2026-03-12 09:44:19,2026-03-12 09:47:37,2026-03-12 09:50:33,2026-03-12 10:24:27,3.3,33.9,18.8,925.44,20.0,740.35,5.0,0
FUL_002916,BK_002916,DRV_0004,VEH_0004,2026-02-28 13:24:29,2026-02-28 13:36:41,2026-02-28 13:39:58,2026-02-28 14:14:40,12.2,34.7,14.1,486.72,20.0,389.38,5.0,0
FUL_002917,BK_002917,DRV_0012,VEH_0012,2026-03-02 02:30:05,2026-03-02 02:39:53,2026-03-02 02:42:52,2026-03-02 02:59:28,9.8,16.6,10.5,142.6,20.0,114.08,5.0,10
FUL_002918,BK_002918,DRV_0310,VEH_0310,2026-02-20 14:11:33,2026-02-20 14:24:15,2026-02-20 14:26:01,2026-02-20 14:59:13,12.7,33.2,23.5,792.48,20.0,633.98,5.0,0
FUL_002919,BK_002919,DRV_0303,VEH_0303,2026-02-11 14:28:47,2026-02-11 14:34:17,2026-02-11 14:35:42,2026-02-11 14:53:36,5.5,17.9,13.1,384.8,20.0,307.84,5.0,50
FUL_002920,BK_002920,DRV_0225,VEH_0225,2026-02-04 04:23:26,2026-02-04 04:36:56,2026-02-04 04:38:04,2026-02-04 05:08:40,13.5,30.6,18.8,356.8,20.0,285.44,1.0,20
FUL_002921,BK_002921,DRV_0263,VEH_0263,2026-03-17 13:45:12,2026-03-17 13:55:30,2026-03-17 13:58:16,2026-03-17 14:58:34,10.3,60.3,27.1,339.4,20.0,271.52,5.0,0
FUL_002922,BK_002922,DRV_0039,VEH_0039,2026-02-13 03:10:10,2026-02-13 03:20:10,2026-02-13 03:22:29,2026-02-13 04:08:47,10.0,46.3,19.0,566.8,20.0,453.44,5.0,10
FUL_002923,BK_002923,DRV_0007,VEH_0007,2026-03-08 22:43:57,2026-03-08 22:49:51,2026-03-08 22:53:35,2026-03-08 23:05:23,5.9,11.8,6.7,268.84,20.0,215.07,5.0,0
FUL_002924,BK_002924,DRV_0017,VEH_0017,2026-02-09 17:56:23,2026-02-09 18:04:17,2026-02-09 18:06:04,2026-02-09 19:15:16,7.9,69.2,26.3,1681.68,20.0,1345.34,2.0,50
FUL_002925,BK_002925,DRV_0070,VEH_0070,2026-02-26 11:37:42,2026-02-26 11:48:48,2026-02-26 11:51:37,2026-02-26 12:19:43,11.1,28.1,14.6,650.72,20.0,520.58,5.0,0
FUL_002927,BK_002927,DRV_0235,VEH_0235,2026-03-11 07:56:00,2026-03-11 08:02:36,2026-03-11 08:04:35,2026-03-11 08:28:53,6.6,24.3,9.2,228.14,20.0,182.51,5.0,0
FUL_002928,BK_002928,DRV_0008,VEH_0008,2026-02-17 11:02:36,2026-02-17 11:10:48,2026-02-17 11:12:09,2026-02-17 12:13:21,8.2,61.2,25.4,894.96,20.0,715.97,5.0,0
FUL_002929,BK_002929,DRV_0198,VEH_0198,2026-03-04 00:34:46,2026-03-04 00:38:58,2026-03-04 00:42:44,2026-03-04 01:13:38,4.2,30.9,20.8,405.4,20.0,324.32,5.0,0
FUL_002930,BK_002930,DRV_0112,VEH_0112,2026-02-02 20:34:20,2026-02-02 20:46:32,2026-02-02 20:48:32,2026-02-02 21:32:26,12.2,43.9,16.5,533.44,20.0,426.75,5.0,0
FUL_002931,BK_002931,DRV_0177,VEH_0177,2026-02-11 13:57:15,2026-02-11 14:04:51,2026-02-11 14:07:03,2026-02-11 14:14:15,7.6,7.2,3.1,112.8,20.0,90.24,5.0,0
FUL_002932,BK_002932,DRV_0063,VEH_0063,2026-03-11 16:32:00,2026-03-11 16:45:42,2026-03-11 16:47:34,2026-03-11 17:13:40,13.7,26.1,17.4,616.0,20.0,492.8,3.0,10
FUL_002934,BK_002934,DRV_0233,VEH_0233,2026-02-06 13:11:55,2026-02-06 13:21:07,2026-02-06 13:23:30,2026-02-06 13:54:48,9.2,31.3,13.3,408.2,20.0,326.56,4.0,0
FUL_002935,BK_002935,DRV_0138,VEH_0138,2026-02-08 20:50:25,2026-02-08 20:59:19,2026-02-08 21:03:16,2026-02-08 21:35:16,8.9,32.0,15.3,501.76,20.0,401.41,5.0,0
FUL_002936,BK_002936,DRV_0012,VEH_0012,2026-02-15 06:37:44,2026-02-15 06:41:32,2026-02-15 06:44:15,2026-02-15 07:32:15,3.8,48.0,25.9,333.4,20.0,266.72,5.0,0
FUL_002937,BK_002937,DRV_0064,VEH_0064,2026-03-10 03:07:49,2026-03-10 03:12:01,2026-03-10 03:13:43,2026-03-10 03:37:31,4.2,23.8,14.9,201.4,20.0,161.12,4.0,0
FUL_002938,BK_002938,DRV_0049,VEH_0049,2026-02-04 07:35:51,2026-02-04 07:38:45,2026-02-04 07:40:47,2026-02-04 08:08:11,2.9,27.4,16.9,523.6,20.0,418.88,4.0,0
FUL_002940,BK_002940,DRV_0139,VEH_0139,2026-02-25 18:22:50,2026-02-25 18:34:44,2026-02-25 18:36:42,2026-02-25 19:21:24,11.9,44.7,23.2,1214.64,20.0,971.71,4.0,50
FUL_002941,BK_002941,DRV_0319,VEH_0319,2026-03-08 16:16:06,2026-03-08 16:22:54,2026-03-08 16:25:19,2026-03-08 16:52:13,6.8,26.9,15.8,540.54,20.0,432.43,4.0,10
FUL_002942,BK_002942,DRV_0183,VEH_0183,2026-02-03 07:32:19,2026-02-03 07:43:07,2026-02-03 07:46:47,2026-02-03 08:20:05,10.8,33.3,17.8,340.6,20.0,272.48,5.0,0
FUL_002944,BK_002944,DRV_0267,VEH_0267,2026-03-08 19:53:03,2026-03-08 19:55:27,2026-03-08 19:59:16,2026-03-08 20:06:58,2.4,7.7,4.1,243.88,20.0,195.1,4.0,0
FUL_002947,BK_002947,DRV_0304,VEH_0304,2026-02-19 12:56:16,2026-02-19 13:00:40,2026-02-19 13:03:44,2026-02-19 13:30:02,4.4,26.3,14.0,439.6,20.0,351.68,5.0,0
FUL_002948,BK_002948,DRV_0064,VEH_0064,2026-03-02 04:17:41,2026-03-02 04:27:35,2026-03-02 04:29:08,2026-03-02 04:57:38,9.9,28.5,17.4,251.9,20.0,201.52,5.0,0
FUL_002949,BK_002949,DRV_0252,VEH_0252,2026-02-23 09:36:19,2026-02-23 09:42:01,2026-02-23 09:45:45,2026-02-23 09:52:57,5.7,7.2,3.9,130.08,20.0,104.06,5.0,0
FUL_002951,BK_002951,DRV_0057,VEH_0057,2026-02-12 13:04:37,2026-02-12 13:13:01,2026-02-12 13:16:01,2026-02-12 13:42:01,8.4,26.0,13.9,496.08,20.0,396.86,5.0,20
FUL_002953,BK_002953,DRV_0214,VEH_0214,2026-02-20 14:59:08,2026-02-20 15:08:14,2026-02-20 15:11:25,2026-02-20 15:31:31,9.1,20.1,9.7,159.6,20.0,127.68,5.0,50
FUL_002955,BK_002955,DRV_0043,VEH_0043,2026-02-26 09:32:17,2026-02-26 09:34:41,2026-02-26 09:35:56,2026-02-26 10:09:32,2.4,33.6,19.6,320.88,20.0,256.7,5.0,0
FUL_002956,BK_002956,DRV_0024,VEH_0024,2026-02-06 00:54:08,2026-02-06 00:57:38,2026-02-06 01:00:16,2026-02-06 02:00:22,3.5,60.1,28.2,547.6,20.0,438.08,5.0,50
FUL_002958,BK_002958,DRV_0113,VEH_0113,2026-03-05 06:24:57,2026-03-05 06:34:39,2026-03-05 06:37:46,2026-03-05 07:14:22,9.7,36.6,18.9,643.72,20.0,514.98,5.0,30
FUL_002961,BK_002961,DRV_0307,VEH_0307,2026-02-21 20:40:32,2026-02-21 20:50:50,2026-02-21 20:52:39,2026-02-21 21:46:03,10.3,53.4,25.3,1315.08,20.0,1052.06,5.0,0
FUL_002962,BK_002962,DRV_0102,VEH_0102,2026-02-25 21:17:03,2026-02-25 21:19:33,2026-02-25 21:20:56,2026-02-25 21:37:08,2.5,16.2,7.1,582.12,20.0,465.7,5.0,30
FUL_002964,BK_002964,DRV_0125,VEH_0125,2026-02-21 04:35:15,2026-02-21 04:39:57,2026-02-21 04:43:19,2026-02-21 05:15:25,4.7,32.1,23.5,766.92,20.0,613.54,5.0,0
FUL_002968,BK_002968,DRV_0294,VEH_0294,2026-02-08 19:49:38,2026-02-08 19:55:56,2026-02-08 19:57:03,2026-02-08 20:32:03,6.3,35.0,23.4,1098.24,20.0,878.59,5.0,20
FUL_002969,BK_002969,DRV_0127,VEH_0127,2026-02-24 23:32:16,2026-02-24 23:42:28,2026-02-24 23:45:27,2026-02-25 00:17:39,10.2,32.2,20.0,278.3,20.0,222.64,4.0,30
FUL_002970,BK_002970,DRV_0174,VEH_0174,2026-02-23 01:01:15,2026-02-23 01:12:33,2026-02-23 01:15:47,2026-02-23 01:23:53,11.3,8.1,5.8,91.0,20.0,72.8,5.0,0
FUL_002971,BK_002971,DRV_0251,VEH_0251,2026-02-21 07:08:52,2026-02-21 07:14:22,2026-02-21 07:16:29,2026-02-21 07:21:47,5.5,5.3,3.1,157.3,20.0,125.84,5.0,0
FUL_002973,BK_002973,DRV_0160,VEH_0160,2026-03-11 19:07:26,2026-03-11 19:11:44,2026-03-11 19:15:03,2026-03-11 19:44:51,4.3,29.8,12.2,680.96,20.0,544.77,5.0,0
FUL_002975,BK_002975,DRV_0176,VEH_0176,2026-02-26 13:16:39,2026-02-26 13:23:39,2026-02-26 13:25:19,2026-02-26 13:36:37,7.0,11.3,5.4,135.4,20.0,108.32,5.0,0
FUL_002976,BK_002976,DRV_0038,VEH_0038,2026-03-12 16:32:41,2026-03-12 16:45:17,2026-03-12 16:48:05,2026-03-12 17:29:59,12.6,41.9,24.9,786.5,20.0,629.2,3.0,0
FUL_002977,BK_002977,DRV_0198,VEH_0198,2026-02-13 18:01:18,2026-02-13 18:14:18,2026-02-13 18:16:43,2026-02-13 18:39:49,13.0,23.1,11.2,575.52,20.0,460.42,4.0,50
FUL_002979,BK_002979,DRV_0174,VEH_0174,2026-03-17 03:57:13,2026-03-17 04:05:01,2026-03-17 04:07:09,2026-03-17 04:16:45,7.8,9.6,5.1,86.2,20.0,68.96,5.0,0
FUL_002980,BK_002980,DRV_0239,VEH_0239,2026-03-12 20:35:30,2026-03-12 20:42:36,2026-03-12 20:44:32,2026-03-12 21:08:26,7.1,23.9,15.4,651.0,20.0,520.8,5.0,0
FUL_002981,BK_002981,DRV_0100,VEH_0100,2026-02-13 06:19:50,2026-02-13 06:32:38,2026-02-13 06:34:14,2026-02-13 06:58:38,12.8,24.4,16.9,532.0,20.0,425.6,5.0,50
FUL_002984,BK_002984,DRV_0175,VEH_0175,2026-02-27 19:58:52,2026-02-27 20:03:58,2026-02-27 20:05:48,2026-02-27 20:41:12,5.1,35.4,18.7,702.24,20.0,561.79,5.0,10
FUL_002985,BK_002985,DRV_0042,VEH_0042,2026-02-26 18:28:13,2026-02-26 18:40:07,2026-02-26 18:41:36,2026-02-26 18:49:24,11.9,7.8,4.4,308.88,20.0,247.1,5.0,0
FUL_002986,BK_002986,DRV_0145,VEH_0145,2026-02-18 15:04:26,2026-02-18 15:17:44,2026-02-18 15:18:49,2026-02-18 15:48:55,13.3,30.1,14.5,295.6,20.0,236.48,5.0,0
FUL_002988,BK_002988,DRV_0130,VEH_0130,2026-02-27 10:50:37,2026-02-27 11:04:25,2026-02-27 11:06:35,2026-02-27 11:42:11,13.8,35.6,25.8,1672.32,20.0,1337.86,3.0,50
FUL_002989,BK_002989,DRV_0300,VEH_0300,2026-02-05 10:29:07,2026-02-05 10:36:01,2026-02-05 10:38:20,2026-02-05 10:45:08,6.9,6.8,4.3,208.08,20.0,166.46,5.0,0
FUL_002991,BK_002991,DRV_0016,VEH_0016,2026-02-20 10:16:01,2026-02-20 10:27:43,2026-02-20 10:29:32,2026-02-20 11:04:20,11.7,34.8,17.7,593.92,20.0,475.14,5.0,30
FUL_002992,BK_002992,DRV_0206,VEH_0206,2026-03-10 10:32:14,2026-03-10 10:38:50,2026-03-10 10:39:58,2026-03-10 10:58:16,6.6,18.3,9.6,232.0,20.0,185.6,5.0,0
FUL_002994,BK_002994,DRV_0176,VEH_0176,2026-02-15 21:00:09,2026-02-15 21:09:33,2026-02-15 21:12:20,2026-02-15 22:02:26,9.4,50.1,18.4,458.4,20.0,366.72,5.0,0
FUL_002996,BK_002996,DRV_0087,VEH_0087,2026-03-04 15:07:26,2026-03-04 15:17:14,2026-03-04 15:18:45,2026-03-04 15:46:51,9.8,28.1,15.5,199.0,20.0,159.2,2.0,0
FUL_002997,BK_002997,DRV_0270,VEH_0270,2026-03-10 23:27:34,2026-03-10 23:29:46,2026-03-10 23:32:25,2026-03-11 00:31:55,2.2,59.5,26.9,347.8,20.0,278.24,5.0,30
FUL_002998,BK_002998,DRV_0225,VEH_0225,2026-03-13 11:49:23,2026-03-13 11:51:35,2026-03-13 11:52:49,2026-03-13 12:01:07,2.2,8.3,4.0,231.42,20.0,185.14,3.0,50
FUL_003001,BK_003001,DRV_0270,VEH_0270,2026-02-21 22:56:24,2026-02-21 23:08:54,2026-02-21 23:12:43,2026-02-21 23:27:49,12.5,15.1,9.6,136.6,20.0,109.28,5.0,0
FUL_003002,BK_003002,DRV_0208,VEH_0208,2026-03-17 22:41:38,2026-03-17 22:47:44,2026-03-17 22:50:52,2026-03-17 23:30:28,6.1,39.6,24.7,778.4,20.0,622.72,1.0,30
FUL_003003,BK_003003,DRV_0316,VEH_0316,2026-02-05 02:28:57,2026-02-05 02:41:09,2026-02-05 02:42:53,2026-02-05 02:58:47,12.2,15.9,10.4,218.2,20.0,174.56,5.0,10
FUL_003004,BK_003004,DRV_0082,VEH_0082,2026-02-02 02:09:59,2026-02-02 02:20:05,2026-02-02 02:22:01,2026-02-02 03:05:37,10.1,43.6,20.8,398.2,20.0,318.56,5.0,0
FUL_003005,BK_003005,DRV_0214,VEH_0214,2026-02-06 04:41:11,2026-02-06 04:45:05,2026-02-06 04:46:47,2026-02-06 05:48:23,3.9,61.6,22.0,296.2,20.0,236.96,5.0,30
FUL_003006,BK_003006,DRV_0009,VEH_0009,2026-02-13 14:30:17,2026-02-13 14:32:59,2026-02-13 14:36:57,2026-02-13 15:09:33,2.7,32.6,21.4,407.2,20.0,325.76,5.0,20
FUL_003007,BK_003007,DRV_0210,VEH_0210,2026-02-12 07:21:19,2026-02-12 07:26:13,2026-02-12 07:28:01,2026-02-12 08:01:19,4.9,33.3,21.0,638.4,20.0,510.72,3.0,0
FUL_003008,BK_003008,DRV_0225,VEH_0225,2026-03-13 22:03:59,2026-03-13 22:17:17,2026-03-13 22:20:27,2026-03-13 23:05:57,13.3,45.5,22.0,445.0,20.0,356.0,5.0,50
FUL_003010,BK_003010,DRV_0216,VEH_0216,2026-02-04 12:16:20,2026-02-04 12:22:32,2026-02-04 12:24:52,2026-02-04 12:33:52,6.2,9.0,4.9,184.6,20.0,147.68,4.0,0
FUL_003011,BK_003011,DRV_0317,VEH_0317,2026-02-09 10:43:40,2026-02-09 10:45:46,2026-02-09 10:49:19,2026-02-09 11:05:13,2.1,15.9,9.0,705.12,20.0,564.1,4.0,10
FUL_003012,BK_003012,DRV_0209,VEH_0209,2026-03-07 13:13:55,2026-03-07 13:24:01,2026-03-07 13:26:08,2026-03-07 14:14:08,10.1,48.0,26.8,772.8,20.0,618.24,3.0,50
FUL_003013,BK_003013,DRV_0281,VEH_0281,2026-02-21 14:32:29,2026-02-21 14:41:05,2026-02-21 14:42:10,2026-02-21 15:40:22,8.6,58.2,24.3,739.2,20.0,591.36,4.0,0
FUL_003015,BK_003015,DRV_0152,VEH_0152,2026-03-10 20:05:36,2026-03-10 20:08:06,2026-03-10 20:09:59,2026-03-10 20:33:47,2.5,23.8,15.9,496.0,20.0,396.8,4.0,0
FUL_003017,BK_003017,DRV_0247,VEH_0247,2026-03-07 17:09:24,2026-03-07 17:20:12,2026-03-07 17:23:03,2026-03-07 17:49:27,10.8,26.4,16.3,693.84,20.0,555.07,4.0,0
FUL_003018,BK_003018,DRV_0043,VEH_0043,2026-02-13 17:56:28,2026-02-13 18:01:04,2026-02-13 18:02:36,2026-02-13 19:01:30,4.6,58.9,28.4,656.28,20.0,525.02,1.0,0
FUL_003019,BK_003019,DRV_0006,VEH_0006,2026-03-16 15:42:04,2026-03-16 15:45:04,2026-03-16 15:48:39,2026-03-16 16:32:45,3.0,44.1,18.8,257.8,20.0,206.24,5.0,0
FUL_003021,BK_003021,DRV_0089,VEH_0089,2026-02-02 08:26:27,2026-02-02 08:33:15,2026-02-02 08:34:40,2026-02-02 09:16:04,6.8,41.4,18.3,811.2,20.0,648.96,5.0,10
FUL_003022,BK_003022,DRV_0031,VEH_0031,2026-02-02 23:40:13,2026-02-02 23:53:43,2026-02-02 23:55:25,2026-02-03 00:29:55,13.5,34.5,23.6,332.42,20.0,265.94,4.0,0
FUL_003023,BK_003023,DRV_0025,VEH_0025,2026-02-25 23:31:18,2026-02-25 23:39:18,2026-02-25 23:41:04,2026-02-25 23:48:10,8.0,7.1,4.4,74.2,20.0,59.36,5.0,0
FUL_003024,BK_003024,DRV_0244,VEH_0244,2026-02-04 00:35:09,2026-02-04 00:46:03,2026-02-04 00:48:40,2026-02-04 01:08:16,10.9,19.6,10.1,338.8,20.0,271.04,5.0,0
FUL_003028,BK_003028,DRV_0106,VEH_0106,2026-03-01 02:19:19,2026-03-01 02:21:19,2026-03-01 02:22:46,2026-03-01 02:27:28,2.0,4.7,3.3,117.12,20.0,93.7,5.0,50
FUL_003029,BK_003029,DRV_0057,VEH_0057,2026-03-09 21:12:32,2026-03-09 21:18:38,2026-03-09 21:19:56,2026-03-09 22:01:44,6.1,41.8,26.6,1235.52,20.0,988.42,1.0,0
FUL_003033,BK_003033,DRV_0289,VEH_0289,2026-02-19 08:30:27,2026-02-19 08:34:03,2026-02-19 08:35:22,2026-02-19 09:28:10,3.6,52.8,25.8,827.2,20.0,661.76,5.0,0
FUL_003034,BK_003034,DRV_0229,VEH_0229,2026-03-17 14:04:08,2026-03-17 14:11:56,2026-03-17 14:15:25,2026-03-17 14:26:37,7.8,11.2,5.6,232.4,20.0,185.92,5.0,0
FUL_003035,BK_003035,DRV_0168,VEH_0168,2026-02-25 04:30:54,2026-02-25 04:34:06,2026-02-25 04:36:31,2026-02-25 05:06:37,3.2,30.1,14.3,454.74,20.0,363.79,4.0,30
FUL_003036,BK_003036,DRV_0178,VEH_0178,2026-03-02 04:27:55,2026-03-02 04:35:25,2026-03-02 04:39:11,2026-03-02 05:30:17,7.5,51.1,29.6,869.44,20.0,695.55,5.0,50
FUL_003037,BK_003037,DRV_0241,VEH_0241,2026-02-05 06:35:46,2026-02-05 06:45:40,2026-02-05 06:48:53,2026-02-05 06:57:53,9.9,9.0,3.4,72.38,20.0,57.9,4.0,20
FUL_003038,BK_003038,DRV_0237,VEH_0237,2026-02-17 05:32:43,2026-02-17 05:36:25,2026-02-17 05:37:35,2026-02-17 06:23:11,3.7,45.6,22.9,669.2,20.0,535.36,5.0,30
FUL_003039,BK_003039,DRV_0211,VEH_0211,2026-03-02 07:33:44,2026-03-02 07:38:32,2026-03-02 07:41:51,2026-03-02 08:14:33,4.8,32.7,19.8,714.48,20.0,571.58,5.0,0
FUL_003040,BK_003040,DRV_0253,VEH_0253,2026-02-05 05:07:39,2026-02-05 05:09:57,2026-02-05 05:13:44,2026-02-05 05:37:14,2.3,23.5,12.8,397.8,20.0,318.24,5.0,0
FUL_003041,BK_003041,DRV_0121,VEH_0121,2026-03-10 08:57:22,2026-03-10 09:00:04,2026-03-10 09:04:03,2026-03-10 09:28:15,2.7,24.2,13.3,917.28,20.0,733.82,5.0,0
FUL_003042,BK_003042,DRV_0060,VEH_0060,2026-02-14 15:59:33,2026-02-14 16:02:39,2026-02-14 16:05:15,2026-02-14 16:39:03,3.1,33.8,20.6,274.6,20.0,219.68,5.0,10
FUL_003043,BK_003043,DRV_0084,VEH_0084,2026-02-28 16:18:53,2026-02-28 16:27:11,2026-02-28 16:28:15,2026-02-28 16:49:09,8.3,20.9,13.2,395.2,20.0,316.16,5.0,20
FUL_003044,BK_003044,DRV_0025,VEH_0025,2026-02-26 17:51:22,2026-02-26 18:02:52,2026-02-26 18:04:59,2026-02-26 18:38:11,11.5,33.2,18.2,549.6,20.0,439.68,5.0,0
FUL_003045,BK_003045,DRV_0290,VEH_0290,2026-02-07 04:41:49,2026-02-07 04:43:55,2026-02-07 04:47:18,2026-02-07 05:09:24,2.1,22.1,13.7,474.24,20.0,379.39,4.0,10
FUL_003047,BK_003047,DRV_0044,VEH_0044,2026-02-28 05:24:28,2026-02-28 05:29:28,2026-02-28 05:32:31,2026-02-28 06:08:25,5.0,35.9,15.3,203.8,20.0,163.04,5.0,50
FUL_003048,BK_003048,DRV_0219,VEH_0219,2026-03-01 17:20:57,2026-03-01 17:31:27,2026-03-01 17:35:18,2026-03-01 18:19:36,10.5,44.3,23.6,366.96,20.0,293.57,5.0,10
FUL_003049,BK_003049,DRV_0284,VEH_0284,2026-02-06 15:55:45,2026-02-06 16:00:09,2026-02-06 16:02:58,2026-02-06 16:28:10,4.4,25.2,14.3,423.8,20.0,339.04,4.0,0
FUL_003050,BK_003050,DRV_0072,VEH_0072,2026-02-14 07:24:39,2026-02-14 07:37:15,2026-02-14 07:40:40,2026-02-14 08:07:28,12.6,26.8,12.8,507.36,20.0,405.89,5.0,20
FUL_003053,BK_003053,DRV_0005,VEH_0005,2026-02-26 17:44:15,2026-02-26 17:47:09,2026-02-26 17:50:48,2026-02-26 18:19:42,2.9,28.9,20.9,1404.0,20.0,1123.2,3.0,30
FUL_003054,BK_003054,DRV_0003,VEH_0003,2026-03-10 21:57:12,2026-03-10 22:02:36,2026-03-10 22:05:03,2026-03-10 22:41:09,5.4,36.1,24.0,1457.82,20.0,1166.26,3.0,0
FUL_003055,BK_003055,DRV_0028,VEH_0028,2026-02-08 19:56:27,2026-02-08 20:05:45,2026-02-08 20:09:02,2026-02-08 21:01:26,9.3,52.4,26.1,679.98,20.0,543.98,5.0,0
FUL_003056,BK_003056,DRV_0258,VEH_0258,2026-02-15 21:39:31,2026-02-15 21:47:49,2026-02-15 21:51:36,2026-02-15 22:34:24,8.3,42.8,20.3,786.24,20.0,628.99,5.0,0
FUL_003057,BK_003057,DRV_0225,VEH_0225,2026-02-26 11:34:30,2026-02-26 11:46:54,2026-02-26 11:50:12,2026-02-26 12:23:00,12.4,32.8,16.9,428.16,20.0,342.53,5.0,0
FUL_003058,BK_003058,DRV_0247,VEH_0247,2026-02-25 17:43:35,2026-02-25 17:54:59,2026-02-25 17:57:57,2026-02-25 18:41:21,11.4,43.4,24.2,1078.0,20.0,862.4,4.0,0
FUL_003059,BK_003059,DRV_0042,VEH_0042,2026-02-04 01:04:36,2026-02-04 01:17:54,2026-02-04 01:19:30,2026-02-04 02:02:30,13.3,43.0,26.3,886.08,20.0,708.86,3.0,30
FUL_003060,BK_003060,DRV_0214,VEH_0214,2026-02-13 11:57:29,2026-02-13 12:11:23,2026-02-13 12:12:33,2026-02-13 13:19:27,13.9,66.9,25.9,384.24,20.0,307.39,4.0,50
FUL_003061,BK_003061,DRV_0253,VEH_0253,2026-03-11 21:12:45,2026-03-11 21:18:27,2026-03-11 21:19:57,2026-03-11 21:32:15,5.7,12.3,8.0,385.84,20.0,308.67,5.0,50
FUL_003063,BK_003063,DRV_0284,VEH_0284,2026-02-24 04:41:20,2026-02-24 04:51:08,2026-02-24 04:52:55,2026-02-24 05:34:49,9.8,41.9,25.4,702.0,20.0,561.6,4.0,0
FUL_003064,BK_003064,DRV_0303,VEH_0303,2026-02-17 04:27:34,2026-02-17 04:36:34,2026-02-17 04:37:49,2026-02-17 04:57:37,9.0,19.8,12.4,377.0,20.0,301.6,4.0,10
FUL_003065,BK_003065,DRV_0094,VEH_0094,2026-02-27 00:34:20,2026-02-27 00:43:44,2026-02-27 00:46:55,2026-02-27 01:35:49,9.4,48.9,19.5,391.0,20.0,312.8,5.0,0
FUL_003066,BK_003066,DRV_0097,VEH_0097,2026-02-22 18:53:21,2026-02-22 18:58:57,2026-02-22 19:02:09,2026-02-22 19:36:45,5.6,34.6,15.7,1229.76,20.0,983.81,4.0,0
FUL_003070,BK_003070,DRV_0164,VEH_0164,2026-02-02 08:45:16,2026-02-02 08:47:16,2026-02-02 08:49:17,2026-02-02 09:12:23,2.0,23.1,13.1,1075.2,20.0,860.16,4.0,30
FUL_003071,BK_003071,DRV_0175,VEH_0175,2026-02-14 14:28:15,2026-02-14 14:31:51,2026-02-14 14:35:35,2026-02-14 15:32:05,3.6,56.5,23.9,853.44,20.0,682.75,5.0,50
FUL_003072,BK_003072,DRV_0034,VEH_0034,2026-03-08 19:11:15,2026-03-08 19:21:33,2026-03-08 19:25:14,2026-03-08 19:54:14,10.3,29.0,19.1,448.92,20.0,359.14,5.0,50
FUL_003073,BK_003073,DRV_0127,VEH_0127,2026-03-16 05:02:23,2026-03-16 05:11:35,2026-03-16 05:15:25,2026-03-16 05:43:31,9.2,28.1,11.8,191.28,20.0,153.02,5.0,30
FUL_003074,BK_003074,DRV_0314,VEH_0314,2026-02-15 05:45:32,2026-02-15 05:48:02,2026-02-15 05:49:29,2026-02-15 05:56:11,2.5,6.7,2.9,140.4,20.0,112.32,4.0,50
FUL_003076,BK_003076,DRV_0202,VEH_0202,2026-02-17 01:04:04,2026-02-17 01:16:34,2026-02-17 01:18:38,2026-02-17 01:44:26,12.5,25.8,15.9,473.2,20.0,378.56,5.0,50
FUL_003077,BK_003077,DRV_0295,VEH_0295,2026-02-15 08:28:21,2026-02-15 08:32:27,2026-02-15 08:34:30,2026-02-15 08:45:18,4.1,10.8,5.4,464.52,20.0,371.62,4.0,0
FUL_003079,BK_003079,DRV_0072,VEH_0072,2026-02-01 12:36:19,2026-02-01 12:42:13,2026-02-01 12:45:27,2026-02-01 13:32:03,5.9,46.6,20.1,641.2,20.0,512.96,5.0,20
FUL_003080,BK_003080,DRV_0245,VEH_0245,2026-02-06 00:06:11,2026-02-06 00:18:29,2026-02-06 00:20:34,2026-02-06 00:54:28,12.3,33.9,19.4,309.36,20.0,247.49,5.0,0
FUL_003081,BK_003081,DRV_0150,VEH_0150,2026-03-03 12:32:51,2026-03-03 12:35:45,2026-03-03 12:38:45,2026-03-03 13:27:45,2.9,49.0,27.4,728.0,20.0,582.4,5.0,0
FUL_003083,BK_003083,DRV_0002,VEH_0002,2026-02-26 01:50:34,2026-02-26 01:57:52,2026-02-26 02:01:51,2026-02-26 02:58:33,7.3,56.7,25.2,924.0,20.0,739.2,4.0,50
FUL_003084,BK_003084,DRV_0243,VEH_0243,2026-03-08 13:07:29,2026-03-08 13:11:59,2026-03-08 13:14:30,2026-03-08 14:06:48,4.5,52.3,21.3,299.42,20.0,239.54,5.0,50
FUL_003085,BK_003085,DRV_0038,VEH_0038,2026-03-17 06:52:08,2026-03-17 07:01:44,2026-03-17 07:03:13,2026-03-17 07:45:37,9.6,42.4,17.2,494.0,20.0,395.2,4.0,0
FUL_003086,BK_003086,DRV_0080,VEH_0080,2026-03-03 10:26:55,2026-03-03 10:37:19,2026-03-03 10:39:47,2026-03-03 11:52:53,10.4,73.1,30.2,659.28,20.0,527.42,1.0,10
FUL_003088,BK_003088,DRV_0022,VEH_0022,2026-02-05 08:48:41,2026-02-05 08:51:59,2026-02-05 08:54:32,2026-02-05 09:20:20,3.3,25.8,15.4,651.56,20.0,521.25,3.0,0
FUL_003091,BK_003091,DRV_0173,VEH_0173,2026-02-16 09:40:07,2026-02-16 09:44:31,2026-02-16 09:47:00,2026-02-16 10:33:48,4.4,46.8,17.7,436.8,20.0,349.44,5.0,0
FUL_003093,BK_003093,DRV_0258,VEH_0258,2026-02-10 16:48:03,2026-02-10 17:01:39,2026-02-10 17:03:16,2026-02-10 17:07:34,13.6,4.3,2.6,132.6,20.0,106.08,5.0,30
FUL_003094,BK_003094,DRV_0202,VEH_0202,2026-02-02 23:12:26,2026-02-02 23:17:38,2026-02-02 23:20:33,2026-02-02 23:31:03,5.2,10.5,6.9,231.4,20.0,185.12,4.0,0
FUL_003095,BK_003095,DRV_0316,VEH_0316,2026-03-03 16:14:54,2026-03-03 16:23:18,2026-03-03 16:24:48,2026-03-03 16:56:06,8.4,31.3,12.8,281.6,20.0,225.28,5.0,0
FUL_003096,BK_003096,DRV_0155,VEH_0155,2026-02-08 05:58:01,2026-02-08 06:09:37,2026-02-08 06:13:18,2026-02-08 06:22:12,11.6,8.9,3.4,153.4,20.0,122.72,5.0,0
FUL_003099,BK_003099,DRV_0317,VEH_0317,2026-02-19 12:56:22,2026-02-19 13:07:34,2026-02-19 13:10:14,2026-02-19 13:28:32,11.2,18.3,12.5,379.6,20.0,303.68,4.0,10
FUL_003101,BK_003101,DRV_0176,VEH_0176,2026-02-01 07:04:02,2026-02-01 07:06:20,2026-02-01 07:08:41,2026-02-01 07:14:35,2.3,5.9,2.8,108.48,20.0,86.78,5.0,30
FUL_003102,BK_003102,DRV_0024,VEH_0024,2026-02-28 08:11:05,2026-02-28 08:23:29,2026-02-28 08:25:58,2026-02-28 08:56:34,12.4,30.6,20.2,813.54,20.0,650.83,5.0,0
FUL_003103,BK_003103,DRV_0145,VEH_0145,2026-02-03 04:01:23,2026-02-03 04:10:17,2026-02-03 04:13:53,2026-02-03 04:18:35,8.9,4.7,3.2,94.0,20.0,75.2,5.0,0
FUL_003105,BK_003105,DRV_0067,VEH_0067,2026-02-26 04:06:35,2026-02-26 04:15:11,2026-02-26 04:18:13,2026-02-26 04:27:07,8.6,8.9,6.3,106.7,20.0,85.36,5.0,0
FUL_003106,BK_003106,DRV_0157,VEH_0157,2026-02-07 10:56:51,2026-02-07 11:01:45,2026-02-07 11:03:11,2026-02-07 11:39:29,4.9,36.3,22.8,880.88,20.0,704.7,5.0,0
FUL_003107,BK_003107,DRV_0104,VEH_0104,2026-02-21 14:53:48,2026-02-21 15:03:42,2026-02-21 15:05:41,2026-02-21 15:34:29,9.9,28.8,17.7,645.12,20.0,516.1,5.0,0
FUL_003109,BK_003109,DRV_0303,VEH_0303,2026-02-13 18:10:23,2026-02-13 18:21:23,2026-02-13 18:25:04,2026-02-13 19:06:16,11.0,41.2,23.6,1207.44,20.0,965.95,5.0,20
FUL_003110,BK_003110,DRV_0002,VEH_0002,2026-03-14 10:37:14,2026-03-14 10:39:44,2026-03-14 10:40:53,2026-03-14 11:18:17,2.5,37.4,18.0,864.64,20.0,691.71,5.0,0
FUL_003111,BK_003111,DRV_0262,VEH_0262,2026-03-06 01:53:08,2026-03-06 01:55:56,2026-03-06 01:59:10,2026-03-06 02:21:04,2.8,21.9,14.5,481.6,20.0,385.28,5.0,0
FUL_003113,BK_003113,DRV_0172,VEH_0172,2026-02-08 08:36:36,2026-02-08 08:40:48,2026-02-08 08:42:16,2026-02-08 09:07:28,4.2,25.2,13.5,343.92,20.0,275.14,5.0,0
FUL_003116,BK_003116,DRV_0191,VEH_0191,2026-02-04 15:17:30,2026-02-04 15:31:18,2026-02-04 15:33:03,2026-02-04 15:56:09,13.8,23.1,11.4,386.4,20.0,309.12,5.0,0
FUL_003117,BK_003117,DRV_0258,VEH_0258,2026-02-02 19:47:39,2026-02-02 19:52:03,2026-02-02 19:55:54,2026-02-02 20:52:42,4.4,56.8,26.2,1189.76,20.0,951.81,5.0,20
FUL_003119,BK_003119,DRV_0164,VEH_0164,2026-02-12 06:40:28,2026-02-12 06:46:34,2026-02-12 06:49:05,2026-02-12 07:05:17,6.1,16.2,11.3,386.4,20.0,309.12,3.0,0
FUL_003120,BK_003120,DRV_0300,VEH_0300,2026-02-01 21:18:23,2026-02-01 21:27:05,2026-02-01 21:29:53,2026-02-01 21:35:29,8.7,5.6,2.8,104.16,20.0,83.33,5.0,50
FUL_003121,BK_003121,DRV_0062,VEH_0062,2026-02-08 21:43:01,2026-02-08 21:56:25,2026-02-08 21:58:33,2026-02-08 22:18:03,13.4,19.5,9.8,748.8,20.0,599.04,4.0,0
FUL_003122,BK_003122,DRV_0204,VEH_0204,2026-03-07 05:09:02,2026-03-07 05:20:38,2026-03-07 05:23:32,2026-03-07 06:03:02,11.6,39.5,25.4,683.8,20.0,547.04,5.0,0
FUL_003124,BK_003124,DRV_0316,VEH_0316,2026-02-21 12:50:27,2026-02-21 13:02:21,2026-02-21 13:06:11,2026-02-21 13:11:23,11.9,5.2,3.3,107.36,20.0,85.89,5.0,0
FUL_003126,BK_003126,DRV_0137,VEH_0137,2026-02-15 19:42:23,2026-02-15 19:47:53,2026-02-15 19:49:32,2026-02-15 19:58:50,5.5,9.3,6.4,239.68,20.0,191.74,3.0,0
FUL_003127,BK_003127,DRV_0114,VEH_0114,2026-02-08 01:08:23,2026-02-08 01:14:23,2026-02-08 01:17:54,2026-02-08 02:04:00,6.0,46.1,23.0,457.6,20.0,366.08,3.0,20
FUL_003129,BK_003129,DRV_0041,VEH_0041,2026-02-26 05:41:03,2026-02-26 05:46:33,2026-02-26 05:48:02,2026-02-26 06:15:26,5.5,27.4,14.8,466.18,20.0,372.94,5.0,50
FUL_003131,BK_003131,DRV_0233,VEH_0233,2026-03-08 08:32:31,2026-03-08 08:35:49,2026-03-08 08:39:02,2026-03-08 09:03:08,3.3,24.1,13.3,474.24,20.0,379.39,5.0,0
FUL_003132,BK_003132,DRV_0041,VEH_0041,2026-03-10 20:53:24,2026-03-10 21:04:12,2026-03-10 21:07:37,2026-03-10 21:28:19,10.8,20.7,13.6,511.68,20.0,409.34,5.0,0
FUL_003133,BK_003133,DRV_0054,VEH_0054,2026-02-03 19:49:20,2026-02-03 19:59:26,2026-02-03 20:01:15,2026-02-03 20:09:51,10.1,8.6,5.7,153.28,20.0,122.62,4.0,20
FUL_003134,BK_003134,DRV_0319,VEH_0319,2026-02-17 20:04:04,2026-02-17 20:11:04,2026-02-17 20:14:22,2026-02-17 20:42:10,7.0,27.8,15.1,1048.32,20.0,838.66,5.0,10
FUL_003135,BK_003135,DRV_0047,VEH_0047,2026-02-11 14:58:59,2026-02-11 15:02:23,2026-02-11 15:05:32,2026-02-11 15:21:56,3.4,16.4,11.3,353.6,20.0,282.88,5.0,0
FUL_003136,BK_003136,DRV_0205,VEH_0205,2026-02-06 11:28:10,2026-02-06 11:32:16,2026-02-06 11:35:26,2026-02-06 11:44:14,4.1,8.8,5.6,255.84,20.0,204.67,4.0,0
FUL_003137,BK_003137,DRV_0261,VEH_0261,2026-02-19 03:08:47,2026-02-19 03:22:11,2026-02-19 03:25:48,2026-02-19 04:30:06,13.4,64.3,27.5,842.8,20.0,674.24,5.0,0
FUL_003138,BK_003138,DRV_0112,VEH_0112,2026-03-14 01:25:56,2026-03-14 01:36:44,2026-03-14 01:39:22,2026-03-14 01:48:22,10.8,9.0,6.3,153.4,20.0,122.72,4.0,0
FUL_003139,BK_003139,DRV_0265,VEH_0265,2026-02-21 03:16:44,2026-02-21 03:28:32,2026-02-21 03:30:45,2026-02-21 04:20:45,11.8,50.0,19.2,265.0,20.0,212.0,3.0,0
FUL_003140,BK_003140,DRV_0016,VEH_0016,2026-03-08 09:53:19,2026-03-08 09:56:43,2026-03-08 10:00:13,2026-03-08 10:36:19,3.4,36.1,23.9,557.76,20.0,446.21,5.0,0
FUL_003141,BK_003141,DRV_0050,VEH_0050,2026-02-21 14:45:47,2026-02-21 14:55:17,2026-02-21 14:58:41,2026-02-21 15:23:17,9.5,24.6,11.0,356.2,20.0,284.96,5.0,0
FUL_003143,BK_003143,DRV_0053,VEH_0053,2026-02-26 05:19:36,2026-02-26 05:28:24,2026-02-26 05:31:35,2026-02-26 05:37:23,8.8,5.8,3.6,67.0,20.0,53.6,4.0,0
FUL_003144,BK_003144,DRV_0142,VEH_0142,2026-02-22 16:11:19,2026-02-22 16:14:07,2026-02-22 16:16:35,2026-02-22 16:53:17,2.8,36.7,21.0,287.54,20.0,230.03,5.0,0
FUL_003145,BK_003145,DRV_0114,VEH_0114,2026-02-05 00:56:00,2026-02-05 01:03:30,2026-02-05 01:05:02,2026-02-05 01:44:26,7.5,39.4,22.7,432.4,20.0,345.92,4.0,30
FUL_003147,BK_003147,DRV_0260,VEH_0260,2026-02-03 21:17:29,2026-02-03 21:31:11,2026-02-03 21:34:44,2026-02-03 22:47:38,13.7,72.9,27.0,1271.04,20.0,1016.83,5.0,0
FUL_003148,BK_003148,DRV_0130,VEH_0130,2026-02-19 01:10:22,2026-02-19 01:17:22,2026-02-19 01:21:01,2026-02-19 02:12:01,7.0,51.0,23.5,706.42,20.0,565.14,5.0,20
FUL_003150,BK_003150,DRV_0208,VEH_0208,2026-03-02 18:27:21,2026-03-02 18:35:57,2026-03-02 18:37:04,2026-03-02 19:18:58,8.6,41.9,23.7,893.76,20.0,715.01,5.0,0
FUL_003151,BK_003151,DRV_0191,VEH_0191,2026-03-15 11:45:51,2026-03-15 11:57:09,2026-03-15 12:00:40,2026-03-15 12:51:58,11.3,51.3,23.5,1155.84,20.0,924.67,5.0,20
FUL_003153,BK_003153,DRV_0160,VEH_0160,2026-02-20 01:10:26,2026-02-20 01:17:50,2026-02-20 01:19:40,2026-02-20 01:48:10,7.4,28.5,19.2,643.72,20.0,514.98,2.0,50
FUL_003155,BK_003155,DRV_0219,VEH_0219,2026-03-10 12:02:31,2026-03-10 12:15:13,2026-03-10 12:18:04,2026-03-10 13:08:16,12.7,50.2,19.8,282.26,20.0,225.81,4.0,30
FUL_003156,BK_003156,DRV_0307,VEH_0307,2026-02-10 22:34:01,2026-02-10 22:46:37,2026-02-10 22:49:01,2026-02-10 23:09:43,12.6,20.7,9.9,360.36,20.0,288.29,4.0,0
FUL_003157,BK_003157,DRV_0306,VEH_0306,2026-03-03 08:25:32,2026-03-03 08:33:32,2026-03-03 08:36:05,2026-03-03 08:59:29,8.0,23.4,10.0,523.68,20.0,418.94,5.0,0
FUL_003158,BK_003158,DRV_0071,VEH_0071,2026-03-12 05:14:15,2026-03-12 05:22:15,2026-03-12 05:25:47,2026-03-12 05:31:29,8.0,5.7,2.5,142.8,20.0,114.24,4.0,0
FUL_003159,BK_003159,DRV_0219,VEH_0219,2026-02-17 01:33:25,2026-02-17 01:42:13,2026-02-17 01:44:42,2026-02-17 01:55:42,8.8,11.0,5.5,100.1,20.0,80.08,4.0,0
FUL_003160,BK_003160,DRV_0049,VEH_0049,2026-03-07 03:34:31,2026-03-07 03:44:49,2026-03-07 03:48:46,2026-03-07 04:11:52,10.3,23.1,14.7,502.04,20.0,401.63,5.0,0
FUL_003161,BK_003161,DRV_0024,VEH_0024,2026-03-08 18:32:38,2026-03-08 18:40:56,2026-03-08 18:42:50,2026-03-08 18:53:44,8.3,10.9,6.9,394.08,20.0,315.26,5.0,0
FUL_003163,BK_003163,DRV_0042,VEH_0042,2026-02-17 06:47:24,2026-02-17 06:52:54,2026-02-17 06:55:13,2026-02-17 07:36:31,5.5,41.3,16.9,488.8,20.0,391.04,5.0,0
FUL_003165,BK_003165,DRV_0273,VEH_0273,2026-02-28 16:29:22,2026-02-28 16:39:58,2026-02-28 16:42:55,2026-02-28 17:12:43,10.6,29.8,13.1,177.4,20.0,141.92,5.0,10
FUL_003166,BK_003166,DRV_0094,VEH_0094,2026-02-25 16:47:25,2026-02-25 16:53:13,2026-02-25 16:56:35,2026-02-25 17:33:23,5.8,36.8,24.0,481.0,20.0,384.8,4.0,30
FUL_003167,BK_003167,DRV_0253,VEH_0253,2026-03-10 14:20:09,2026-03-10 14:32:39,2026-03-10 14:35:10,2026-03-10 14:41:28,12.5,6.3,3.7,190.32,20.0,152.26,5.0,10
FUL_003168,BK_003168,DRV_0078,VEH_0078,2026-02-17 15:47:57,2026-02-17 15:52:57,2026-02-17 15:55:51,2026-02-17 16:53:57,5.0,58.1,23.0,767.52,20.0,614.02,4.0,20
FUL_003169,BK_003169,DRV_0118,VEH_0118,2026-02-10 01:31:04,2026-02-10 01:40:16,2026-02-10 01:41:20,2026-02-10 02:35:14,9.2,53.9,21.7,819.84,20.0,655.87,5.0,30
FUL_003170,BK_003170,DRV_0137,VEH_0137,2026-03-09 08:53:43,2026-03-09 09:06:07,2026-03-09 09:08:09,2026-03-09 09:18:57,12.4,10.8,7.0,274.24,20.0,219.39,5.0,0
FUL_003171,BK_003171,DRV_0263,VEH_0263,2026-03-04 22:14:22,2026-03-04 22:22:34,2026-03-04 22:25:51,2026-03-04 23:08:27,8.2,42.6,28.9,383.9,20.0,307.12,5.0,10
FUL_003172,BK_003172,DRV_0090,VEH_0090,2026-02-28 20:06:47,2026-02-28 20:12:59,2026-02-28 20:16:14,2026-02-28 20:50:14,6.2,34.0,17.9,771.96,20.0,617.57,5.0,0
FUL_003176,BK_003176,DRV_0134,VEH_0134,2026-03-05 16:45:42,2026-03-05 16:59:42,2026-03-05 17:00:54,2026-03-05 17:30:36,14.0,29.7,12.6,268.6,20.0,214.88,5.0,20
FUL_003177,BK_003177,DRV_0194,VEH_0194,2026-02-08 01:39:50,2026-02-08 01:47:56,2026-02-08 01:51:14,2026-02-08 02:13:14,8.1,22.0,13.6,348.24,20.0,278.59,5.0,0
FUL_003178,BK_003178,DRV_0097,VEH_0097,2026-02-04 16:08:18,2026-02-04 16:16:00,2026-02-04 16:17:10,2026-02-04 16:58:46,7.7,41.6,20.4,711.48,20.0,569.18,3.0,0
FUL_003180,BK_003180,DRV_0120,VEH_0120,2026-02-20 00:22:09,2026-02-20 00:34:03,2026-02-20 00:36:23,2026-02-20 01:34:11,11.9,57.8,27.5,609.6,20.0,487.68,5.0,50
FUL_003183,BK_003183,DRV_0210,VEH_0210,2026-03-09 13:14:03,2026-03-09 13:21:45,2026-03-09 13:23:54,2026-03-09 13:37:48,7.7,13.9,7.6,298.76,20.0,239.01,5.0,10
FUL_003185,BK_003185,DRV_0201,VEH_0201,2026-03-01 11:23:36,2026-03-01 11:27:48,2026-03-01 11:28:56,2026-03-01 11:44:32,4.2,15.6,8.8,314.56,20.0,251.65,5.0,10
FUL_003186,BK_003186,DRV_0006,VEH_0006,2026-02-24 04:52:14,2026-02-24 04:58:50,2026-02-24 05:01:54,2026-02-24 05:09:30,6.6,7.6,4.6,76.6,20.0,61.28,5.0,0
FUL_003187,BK_003187,DRV_0089,VEH_0089,2026-03-14 10:10:23,2026-03-14 10:22:35,2026-03-14 10:24:38,2026-03-14 11:06:32,12.2,41.9,24.7,1716.0,20.0,1372.8,5.0,10
FUL_003188,BK_003188,DRV_0290,VEH_0290,2026-03-10 16:54:55,2026-03-10 17:00:37,2026-03-10 17:04:14,2026-03-10 18:05:08,5.7,60.9,25.7,886.08,20.0,708.86,5.0,10
FUL_003189,BK_003189,DRV_0320,VEH_0320,2026-03-05 01:22:26,2026-03-05 01:32:02,2026-03-05 01:33:10,2026-03-05 01:59:58,9.6,26.8,16.3,534.82,20.0,427.86,4.0,10
FUL_003190,BK_003190,DRV_0290,VEH_0290,2026-02-15 05:42:25,2026-02-15 05:49:55,2026-02-15 05:52:21,2026-02-15 05:59:57,7.5,7.6,5.0,220.22,20.0,176.18,4.0,0
FUL_003191,BK_003191,DRV_0127,VEH_0127,2026-03-06 22:52:25,2026-03-06 22:57:13,2026-03-06 22:59:47,2026-03-06 23:22:53,4.8,23.1,11.9,189.86,20.0,151.89,5.0,0
FUL_003192,BK_003192,DRV_0073,VEH_0073,2026-02-20 14:24:05,2026-02-20 14:33:29,2026-02-20 14:36:07,2026-02-20 14:58:19,9.4,22.2,14.0,492.8,20.0,394.24,5.0,30
FUL_003195,BK_003195,DRV_0059,VEH_0059,2026-03-11 13:49:28,2026-03-11 13:55:46,2026-03-11 13:58:35,2026-03-11 14:38:35,6.3,40.0,19.6,279.62,20.0,223.7,5.0,0
FUL_003196,BK_003196,DRV_0113,VEH_0113,2026-02-03 18:16:11,2026-02-03 18:21:05,2026-02-03 18:23:06,2026-02-03 18:47:48,4.9,24.7,10.0,423.36,20.0,338.69,4.0,0
FUL_003197,BK_003197,DRV_0109,VEH_0109,2026-02-24 19:41:27,2026-02-24 19:47:27,2026-02-24 19:49:47,2026-02-24 20:33:11,6.0,43.4,29.3,1081.08,20.0,864.86,5.0,0
FUL_003198,BK_003198,DRV_0118,VEH_0118,2026-03-02 23:25:27,2026-03-02 23:36:57,2026-03-02 23:39:07,2026-03-03 00:15:49,11.5,36.7,23.9,816.2,20.0,652.96,5.0,0
FUL_003200,BK_003200,DRV_0206,VEH_0206,2026-02-05 19:29:12,2026-02-05 19:35:06,2026-02-05 19:38:40,2026-02-05 20:48:10,5.9,69.5,27.9,490.28,20.0,392.22,5.0,20
FUL_003201,BK_003201,DRV_0060,VEH_0060,2026-02-03 04:11:01,2026-02-03 04:18:07,2026-02-03 04:21:05,2026-02-03 05:11:59,7.1,50.9,21.3,274.6,20.0,219.68,5.0,0
FUL_003203,BK_003203,DRV_0267,VEH_0267,2026-02-21 03:15:53,2026-02-21 03:29:41,2026-02-21 03:31:37,2026-02-21 03:49:55,13.8,18.3,8.9,346.32,20.0,277.06,4.0,0
FUL_003204,BK_003204,DRV_0276,VEH_0276,2026-03-08 22:19:18,2026-03-08 22:25:48,2026-03-08 22:28:55,2026-03-08 23:28:31,6.5,59.6,21.8,763.84,20.0,611.07,1.0,10
FUL_003205,BK_003205,DRV_0106,VEH_0106,2026-02-05 07:50:42,2026-02-05 08:00:24,2026-02-05 08:03:46,2026-02-05 08:23:22,9.7,19.6,9.5,251.04,20.0,200.83,5.0,0
FUL_003211,BK_003211,DRV_0306,VEH_0306,2026-03-14 22:12:28,2026-03-14 22:15:52,2026-03-14 22:19:49,2026-03-14 22:40:13,3.4,20.4,9.3,207.4,20.0,165.92,5.0,0
FUL_003213,BK_003213,DRV_0259,VEH_0259,2026-02-04 05:49:31,2026-02-04 05:51:43,2026-02-04 05:55:14,2026-02-04 06:17:08,2.2,21.9,11.0,377.52,20.0,302.02,5.0,0
FUL_003214,BK_003214,DRV_0261,VEH_0261,2026-03-13 17:57:25,2026-03-13 18:03:31,2026-03-13 18:07:27,2026-03-13 18:48:09,6.1,40.7,25.8,887.04,20.0,709.63,5.0,30
FUL_003216,BK_003216,DRV_0255,VEH_0255,2026-03-11 22:42:40,2026-03-11 22:48:40,2026-03-11 22:52:04,2026-03-11 22:56:58,6.0,4.9,3.6,78.96,20.0,63.17,5.0,0
FUL_003217,BK_003217,DRV_0009,VEH_0009,2026-03-15 10:37:18,2026-03-15 10:39:48,2026-03-15 10:42:02,2026-03-15 11:27:26,2.5,45.4,26.1,784.0,20.0,627.2,5.0,0
FUL_003219,BK_003219,DRV_0121,VEH_0121,2026-03-14 17:46:15,2026-03-14 17:51:03,2026-03-14 17:53:58,2026-03-14 18:15:34,4.8,21.6,12.6,981.12,20.0,784.9,4.0,30
FUL_003220,BK_003220,DRV_0093,VEH_0093,2026-03-01 16:05:57,2026-03-01 16:16:03,2026-03-01 16:19:36,2026-03-01 16:28:30,10.1,8.9,4.7,193.2,20.0,154.56,5.0,0
FUL_003221,BK_003221,DRV_0020,VEH_0020,2026-02-28 02:21:22,2026-02-28 02:30:22,2026-02-28 02:31:47,2026-02-28 03:17:17,9.0,45.5,29.9,865.2,20.0,692.16,4.0,20
FUL_003222,BK_003222,DRV_0030,VEH_0030,2026-02-28 22:55:12,2026-02-28 23:02:54,2026-02-28 23:06:09,2026-02-28 23:24:09,7.7,18.0,7.5,138.0,20.0,110.4,5.0,30
FUL_003223,BK_003223,DRV_0041,VEH_0041,2026-02-17 09:31:25,2026-02-17 09:34:19,2026-02-17 09:35:52,2026-02-17 09:56:40,2.9,20.8,15.1,615.16,20.0,492.13,5.0,0
FUL_003224,BK_003224,DRV_0047,VEH_0047,2026-02-03 20:35:04,2026-02-03 20:37:58,2026-02-03 20:41:36,2026-02-03 21:27:36,2.9,46.0,18.2,1210.56,20.0,968.45,5.0,20
FUL_003225,BK_003225,DRV_0152,VEH_0152,2026-03-04 06:57:29,2026-03-04 07:02:53,2026-03-04 07:04:51,2026-03-04 07:38:03,5.4,33.2,16.7,322.6,20.0,258.08,5.0,30
FUL_003227,BK_003227,DRV_0074,VEH_0074,2026-03-03 08:21:28,2026-03-03 08:29:28,2026-03-03 08:31:45,2026-03-03 08:59:33,8.0,27.8,11.9,498.68,20.0,398.94,5.0,0
FUL_003228,BK_003228,DRV_0210,VEH_0210,2026-02-28 12:11:07,2026-02-28 12:22:55,2026-02-28 12:24:18,2026-02-28 13:17:54,11.8,53.6,28.1,896.28,20.0,717.02,1.0,10
FUL_003229,BK_003229,DRV_0042,VEH_0042,2026-02-01 08:00:17,2026-02-01 08:03:47,2026-02-01 08:06:08,2026-02-01 08:16:44,3.5,10.6,6.8,290.16,20.0,232.13,5.0,30
FUL_003230,BK_003230,DRV_0115,VEH_0115,2026-02-11 07:49:52,2026-02-11 07:54:46,2026-02-11 07:56:36,2026-02-11 08:15:36,4.9,19.0,12.4,320.16,20.0,256.13,5.0,50
FUL_003232,BK_003232,DRV_0046,VEH_0046,2026-02-08 14:44:34,2026-02-08 14:50:34,2026-02-08 14:52:54,2026-02-08 15:25:18,6.0,32.4,13.3,346.08,20.0,276.86,5.0,0
FUL_003234,BK_003234,DRV_0206,VEH_0206,2026-02-18 05:34:00,2026-02-18 05:44:36,2026-02-18 05:47:58,2026-02-18 05:59:34,10.6,11.6,5.0,83.8,20.0,67.04,5.0,20
FUL_003235,BK_003235,DRV_0077,VEH_0077,2026-02-23 06:34:22,2026-02-23 06:42:10,2026-02-23 06:45:05,2026-02-23 07:24:41,7.8,39.6,17.2,342.4,20.0,273.92,5.0,0
FUL_003236,BK_003236,DRV_0193,VEH_0193,2026-02-09 02:14:46,2026-02-09 02:25:22,2026-02-09 02:26:48,2026-02-09 03:14:48,10.6,48.0,22.6,325.82,20.0,260.66,5.0,0
FUL_003237,BK_003237,DRV_0082,VEH_0082,2026-02-17 18:22:42,2026-02-17 18:25:24,2026-02-17 18:26:48,2026-02-17 18:59:36,2.7,32.8,21.0,762.12,20.0,609.7,5.0,0
FUL_003238,BK_003238,DRV_0189,VEH_0189,2026-02-20 13:27:14,2026-02-20 13:36:56,2026-02-20 13:39:26,2026-02-20 13:50:32,9.7,11.1,7.0,171.4,20.0,137.12,4.0,20
FUL_003239,BK_003239,DRV_0015,VEH_0015,2026-03-17 04:53:21,2026-03-17 05:04:15,2026-03-17 05:06:56,2026-03-17 06:00:56,10.9,54.0,28.9,843.7,20.0,674.96,5.0,50
FUL_003240,BK_003240,DRV_0270,VEH_0270,2026-03-03 19:50:23,2026-03-03 19:54:53,2026-03-03 19:55:55,2026-03-03 20:33:19,4.5,37.4,19.5,538.86,20.0,431.09,5.0,30
FUL_003241,BK_003241,DRV_0114,VEH_0114,2026-03-05 09:44:18,2026-03-05 09:57:36,2026-03-05 09:59:55,2026-03-05 10:12:07,13.3,12.2,8.5,337.68,20.0,270.14,5.0,20
FUL_003244,BK_003244,DRV_0140,VEH_0140,2026-03-10 00:45:24,2026-03-10 00:52:36,2026-03-10 00:54:49,2026-03-10 01:07:01,7.2,12.2,8.5,273.0,20.0,218.4,5.0,10
FUL_003245,BK_003245,DRV_0069,VEH_0069,2026-02-23 10:45:29,2026-02-23 10:51:29,2026-02-23 10:52:41,2026-02-23 11:37:47,6.0,45.1,18.3,441.12,20.0,352.9,5.0,50
FUL_003246,BK_003246,DRV_0307,VEH_0307,2026-03-14 19:48:21,2026-03-14 19:55:09,2026-03-14 19:56:41,2026-03-14 20:08:41,6.8,12.0,5.5,294.84,20.0,235.87,4.0,10
FUL_003248,BK_003248,DRV_0013,VEH_0013,2026-03-12 14:03:23,2026-03-12 14:06:11,2026-03-12 14:10:06,2026-03-12 14:28:18,2.8,18.2,12.1,252.4,20.0,201.92,5.0,10
FUL_003249,BK_003249,DRV_0157,VEH_0157,2026-03-06 14:57:36,2026-03-06 15:02:54,2026-03-06 15:06:42,2026-03-06 15:50:42,5.3,44.0,23.9,717.86,20.0,574.29,5.0,30
FUL_003250,BK_003250,DRV_0286,VEH_0286,2026-02-25 18:26:24,2026-02-25 18:33:18,2026-02-25 18:35:52,2026-02-25 18:44:52,6.9,9.0,5.8,250.2,20.0,200.16,5.0,10
FUL_003251,BK_003251,DRV_0271,VEH_0271,2026-02-28 00:24:02,2026-02-28 00:34:26,2026-02-28 00:36:49,2026-02-28 01:39:19,10.4,62.5,30.0,594.44,20.0,475.55,5.0,0
FUL_003252,BK_003252,DRV_0307,VEH_0307,2026-02-15 16:57:42,2026-02-15 17:09:12,2026-02-15 17:11:01,2026-02-15 17:28:43,11.5,17.7,11.4,386.1,20.0,308.88,5.0,50
FUL_003253,BK_003253,DRV_0041,VEH_0041,2026-03-06 04:40:22,2026-03-06 04:52:22,2026-03-06 04:55:15,2026-03-06 05:25:33,12.0,30.3,16.0,497.64,20.0,398.11,5.0,0
FUL_003254,BK_003254,DRV_0065,VEH_0065,2026-02-05 23:27:59,2026-02-05 23:37:05,2026-02-05 23:38:24,2026-02-05 23:53:24,9.1,15.0,6.6,101.8,20.0,81.44,5.0,50
FUL_003256,BK_003256,DRV_0219,VEH_0219,2026-02-14 09:22:06,2026-02-14 09:27:48,2026-02-14 09:29:16,2026-02-14 09:50:04,5.7,20.8,13.6,454.56,20.0,363.65,5.0,0
FUL_003257,BK_003257,DRV_0077,VEH_0077,2026-02-02 07:52:08,2026-02-02 07:57:38,2026-02-02 08:00:20,2026-02-02 08:10:20,5.5,10.0,3.7,108.4,20.0,86.72,5.0,0
FUL_003258,BK_003258,DRV_0031,VEH_0031,2026-02-22 05:53:44,2026-02-22 06:01:02,2026-02-22 06:03:09,2026-02-22 06:51:45,7.3,48.6,18.5,274.34,20.0,219.47,5.0,0
FUL_003259,BK_003259,DRV_0116,VEH_0116,2026-03-06 01:09:15,2026-03-06 01:16:21,2026-03-06 01:18:23,2026-03-06 02:04:29,7.1,46.1,23.6,544.8,20.0,435.84,3.0,0
FUL_003260,BK_003260,DRV_0216,VEH_0216,2026-02-12 18:49:29,2026-02-12 19:02:23,2026-02-12 19:03:35,2026-02-12 19:12:17,12.9,8.7,5.6,345.28,20.0,276.22,5.0,0
FUL_003263,BK_003263,DRV_0252,VEH_0252,2026-02-28 02:43:00,2026-02-28 02:47:48,2026-02-28 02:51:38,2026-02-28 02:57:02,4.8,5.4,3.2,97.6,20.0,78.08,4.0,0
FUL_003264,BK_003264,DRV_0132,VEH_0132,2026-03-14 07:19:13,2026-03-14 07:26:43,2026-03-14 07:28:12,2026-03-14 07:36:18,7.5,8.1,4.5,196.0,20.0,156.8,3.0,20
FUL_003265,BK_003265,DRV_0101,VEH_0101,2026-02-23 09:32:25,2026-02-23 09:40:13,2026-02-23 09:42:23,2026-02-23 10:07:29,7.8,25.1,17.2,794.56,20.0,635.65,5.0,50
FUL_003266,BK_003266,DRV_0065,VEH_0065,2026-02-03 20:38:59,2026-02-03 20:43:05,2026-02-03 20:46:53,2026-02-03 20:56:59,4.1,10.1,4.1,90.48,20.0,72.38,5.0,0
FUL_003268,BK_003268,DRV_0248,VEH_0248,2026-02-13 22:22:50,2026-02-13 22:34:56,2026-02-13 22:38:42,2026-02-13 23:06:30,12.1,27.8,17.0,410.88,20.0,328.7,5.0,20
FUL_003269,BK_003269,DRV_0150,VEH_0150,2026-02-22 12:11:15,2026-02-22 12:13:57,2026-02-22 12:15:18,2026-02-22 12:26:48,2.7,11.5,7.9,315.12,20.0,252.1,5.0,30
FUL_003271,BK_003271,DRV_0028,VEH_0028,2026-02-14 14:52:17,2026-02-14 14:59:53,2026-02-14 15:00:58,2026-02-14 15:39:46,7.6,38.8,22.4,291.4,20.0,233.12,3.0,0
FUL_003272,BK_003272,DRV_0103,VEH_0103,2026-02-15 21:02:38,2026-02-15 21:16:26,2026-02-15 21:18:15,2026-02-15 21:33:03,13.8,14.8,9.2,353.88,20.0,283.1,1.0,30
FUL_003273,BK_003273,DRV_0054,VEH_0054,2026-03-12 22:49:06,2026-03-12 22:54:54,2026-03-12 22:57:04,2026-03-12 23:36:52,5.8,39.8,18.8,237.4,20.0,189.92,5.0,50
FUL_003274,BK_003274,DRV_0317,VEH_0317,2026-02-04 18:02:36,2026-02-04 18:12:48,2026-02-04 18:14:20,2026-02-04 18:30:44,10.2,16.4,11.0,645.84,20.0,516.67,5.0,0
FUL_003275,BK_003275,DRV_0150,VEH_0150,2026-03-15 07:19:11,2026-03-15 07:25:11,2026-03-15 07:28:45,2026-03-15 07:52:57,6.0,24.2,16.8,499.2,20.0,399.36,5.0,20
FUL_003278,BK_003278,DRV_0244,VEH_0244,2026-02-24 12:25:28,2026-02-24 12:29:40,2026-02-24 12:31:50,2026-02-24 13:17:20,4.2,45.5,24.7,758.8,20.0,607.04,5.0,0
FUL_003279,BK_003279,DRV_0035,VEH_0035,2026-02-16 12:53:33,2026-02-16 13:01:21,2026-02-16 13:03:26,2026-02-16 13:09:02,7.8,5.6,3.3,97.6,20.0,78.08,5.0,0
FUL_003280,BK_003280,DRV_0023,VEH_0023,2026-03-01 09:53:26,2026-03-01 09:58:38,2026-03-01 10:01:40,2026-03-01 10:21:16,5.2,19.6,8.7,272.72,20.0,218.18,5.0,0
FUL_003281,BK_003281,DRV_0252,VEH_0252,2026-03-01 23:04:50,2026-03-01 23:17:20,2026-03-01 23:19:18,2026-03-02 00:26:36,12.5,67.3,29.9,547.6,20.0,438.08,4.0,0
FUL_003282,BK_003282,DRV_0318,VEH_0318,2026-03-06 12:24:18,2026-03-06 12:34:24,2026-03-06 12:35:55,2026-03-06 12:48:01,10.1,12.1,7.9,330.72,20.0,264.58,1.0,20
FUL_003284,BK_003284,DRV_0125,VEH_0125,2026-02-13 05:02:11,2026-02-13 05:05:59,2026-02-13 05:07:47,2026-02-13 05:25:59,3.8,18.2,9.0,308.0,20.0,246.4,5.0,20
FUL_003285,BK_003285,DRV_0142,VEH_0142,2026-02-18 23:40:16,2026-02-18 23:44:28,2026-02-18 23:48:09,2026-02-19 00:46:03,4.2,57.9,23.2,333.74,20.0,266.99,5.0,0
FUL_003286,BK_003286,DRV_0113,VEH_0113,2026-02-19 02:34:11,2026-02-19 02:39:11,2026-02-19 02:40:28,2026-02-19 03:18:10,5.0,37.7,22.9,846.72,20.0,677.38,4.0,0
FUL_003287,BK_003287,DRV_0199,VEH_0199,2026-02-09 03:30:29,2026-02-09 03:37:35,2026-02-09 03:41:01,2026-02-09 04:49:43,7.1,68.7,26.5,328.6,20.0,262.88,5.0,50
FUL_003288,BK_003288,DRV_0299,VEH_0299,2026-02-19 05:35:20,2026-02-19 05:38:20,2026-02-19 05:42:04,2026-02-19 05:52:16,3.0,10.2,4.0,187.6,20.0,150.08,5.0,0
FUL_003290,BK_003290,DRV_0236,VEH_0236,2026-03-14 11:18:08,2026-03-14 11:27:56,2026-03-14 11:30:00,2026-03-14 11:55:06,9.8,25.1,15.4,567.84,20.0,454.27,5.0,30
FUL_003291,BK_003291,DRV_0082,VEH_0082,2026-02-04 01:06:54,2026-02-04 01:15:48,2026-02-04 01:18:31,2026-02-04 01:30:31,8.9,12.0,7.9,176.8,20.0,141.44,4.0,0
FUL_003292,BK_003292,DRV_0093,VEH_0093,2026-02-10 05:18:08,2026-02-10 05:22:02,2026-02-10 05:23:37,2026-02-10 05:42:49,3.9,19.2,10.4,355.6,20.0,284.48,5.0,10
FUL_003293,BK_003293,DRV_0185,VEH_0185,2026-02-05 17:53:30,2026-02-05 18:05:36,2026-02-05 18:07:10,2026-02-05 18:18:10,12.1,11.0,6.1,204.68,20.0,163.74,4.0,0
FUL_003294,BK_003294,DRV_0282,VEH_0282,2026-02-10 12:49:37,2026-02-10 12:58:43,2026-02-10 13:00:48,2026-02-10 13:25:30,9.1,24.7,11.3,238.0,20.0,190.4,5.0,0
FUL_003295,BK_003295,DRV_0183,VEH_0183,2026-02-05 20:27:56,2026-02-05 20:31:02,2026-02-05 20:32:41,2026-02-05 20:50:59,3.1,18.3,11.2,279.12,20.0,223.3,1.0,10
FUL_003296,BK_003296,DRV_0043,VEH_0043,2026-03-17 01:53:40,2026-03-17 02:04:46,2026-03-17 02:06:33,2026-03-17 02:51:09,11.1,44.6,26.8,333.4,20.0,266.72,4.0,0
FUL_003297,BK_003297,DRV_0067,VEH_0067,2026-02-15 23:31:28,2026-02-15 23:45:04,2026-02-15 23:48:08,2026-02-16 00:24:26,13.6,36.3,15.2,206.2,20.0,164.96,5.0,10
FUL_003298,BK_003298,DRV_0186,VEH_0186,2026-02-09 03:46:26,2026-02-09 03:53:26,2026-02-09 03:57:17,2026-02-09 04:13:53,7.0,16.6,12.1,470.4,20.0,376.32,5.0,0
FUL_003299,BK_003299,DRV_0117,VEH_0117,2026-03-16 02:17:46,2026-03-16 02:28:34,2026-03-16 02:30:34,2026-03-16 02:42:46,10.8,12.2,5.7,218.4,20.0,174.72,2.0,0
FUL_003300,BK_003300,DRV_0241,VEH_0241,2026-03-04 18:12:16,2026-03-04 18:18:04,2026-03-04 18:19:47,2026-03-04 18:28:41,5.8,8.9,4.4,128.32,20.0,102.66,4.0,0
FUL_003301,BK_003301,DRV_0156,VEH_0156,2026-02-07 00:47:02,2026-02-07 01:00:38,2026-02-07 01:04:02,2026-02-07 01:39:38,13.6,35.6,15.3,503.36,20.0,402.69,5.0,10
FUL_003302,BK_003302,DRV_0264,VEH_0264,2026-02-07 15:23:21,2026-02-07 15:28:39,2026-02-07 15:31:18,2026-02-07 16:04:36,5.3,33.3,13.9,557.76,20.0,446.21,5.0,0
FUL_003303,BK_003303,DRV_0241,VEH_0241,2026-02-15 12:26:48,2026-02-15 12:29:00,2026-02-15 12:32:20,2026-02-15 13:22:38,2.2,50.3,21.6,323.76,20.0,259.01,5.0,20
FUL_003304,BK_003304,DRV_0200,VEH_0200,2026-03-17 14:24:28,2026-03-17 14:31:40,2026-03-17 14:33:33,2026-03-17 15:25:57,7.2,52.4,24.7,722.4,20.0,577.92,3.0,10
FUL_003305,BK_003305,DRV_0298,VEH_0298,2026-02-06 23:18:08,2026-02-06 23:29:56,2026-02-06 23:32:49,2026-02-06 23:52:49,11.8,20.0,10.9,175.34,20.0,140.27,5.0,0
FUL_003306,BK_003306,DRV_0038,VEH_0038,2026-02-19 20:23:56,2026-02-19 20:27:50,2026-02-19 20:31:06,2026-02-19 20:50:12,3.9,19.1,8.0,667.68,20.0,534.14,5.0,30
FUL_003307,BK_003307,DRV_0120,VEH_0120,2026-03-13 22:32:01,2026-03-13 22:41:25,2026-03-13 22:42:44,2026-03-13 23:29:50,9.4,47.1,28.6,522.4,20.0,417.92,5.0,0
FUL_003308,BK_003308,DRV_0089,VEH_0089,2026-03-15 15:05:49,2026-03-15 15:10:31,2026-03-15 15:13:35,2026-03-15 15:27:59,4.7,14.4,6.3,248.82,20.0,199.06,5.0,0
FUL_003310,BK_003310,DRV_0031,VEH_0031,2026-03-15 08:36:58,2026-03-15 08:44:58,2026-03-15 08:47:56,2026-03-15 09:11:38,8.0,23.7,13.8,299.2,20.0,239.36,5.0,0
FUL_003311,BK_003311,DRV_0199,VEH_0199,2026-02-24 22:33:12,2026-02-24 22:42:12,2026-02-24 22:45:18,2026-02-24 23:18:24,9.0,33.1,20.5,272.2,20.0,217.76,5.0,10
FUL_003312,BK_003312,DRV_0221,VEH_0221,2026-02-08 11:32:19,2026-02-08 11:41:19,2026-02-08 11:43:42,2026-02-08 12:02:00,9.0,18.3,9.1,161.04,20.0,128.83,5.0,20
FUL_003313,BK_003313,DRV_0232,VEH_0232,2026-02-15 07:47:17,2026-02-15 07:56:53,2026-02-15 07:59:16,2026-02-15 08:09:04,9.6,9.8,6.4,236.6,20.0,189.28,5.0,50
FUL_003314,BK_003314,DRV_0273,VEH_0273,2026-02-03 12:36:56,2026-02-03 12:39:50,2026-02-03 12:42:46,2026-02-03 13:13:34,2.9,30.8,17.4,255.86,20.0,204.69,5.0,0
FUL_003315,BK_003315,DRV_0172,VEH_0172,2026-02-08 23:14:01,2026-02-08 23:24:43,2026-02-08 23:26:31,2026-02-09 00:11:31,10.7,45.0,26.3,529.6,20.0,423.68,5.0,0
FUL_003316,BK_003316,DRV_0086,VEH_0086,2026-02-03 15:30:41,2026-02-03 15:40:05,2026-02-03 15:41:05,2026-02-03 16:23:35,9.4,42.5,24.0,564.24,20.0,451.39,5.0,0
FUL_003317,BK_003317,DRV_0275,VEH_0275,2026-03-14 08:10:59,2026-03-14 08:24:59,2026-03-14 08:26:56,2026-03-14 08:42:50,14.0,15.9,7.2,645.12,20.0,516.1,5.0,0
FUL_003318,BK_003318,DRV_0193,VEH_0193,2026-02-23 02:23:51,2026-02-23 02:27:27,2026-02-23 02:29:35,2026-02-23 02:58:05,3.6,28.5,13.0,172.6,20.0,138.08,5.0,10
FUL_003319,BK_003319,DRV_0125,VEH_0125,2026-02-27 05:23:21,2026-02-27 05:32:03,2026-02-27 05:33:56,2026-02-27 06:22:02,8.7,48.1,20.5,658.0,20.0,526.4,4.0,30
FUL_003320,BK_003320,DRV_0147,VEH_0147,2026-02-10 09:55:30,2026-02-10 10:09:06,2026-02-10 10:12:08,2026-02-10 10:53:14,13.6,41.1,26.1,523.84,20.0,419.07,5.0,10
FUL_003321,BK_003321,DRV_0091,VEH_0091,2026-02-06 07:17:23,2026-02-06 07:21:17,2026-02-06 07:24:41,2026-02-06 08:05:29,3.9,40.8,25.7,377.04,20.0,301.63,5.0,0
FUL_003322,BK_003322,DRV_0288,VEH_0288,2026-03-15 12:17:29,2026-03-15 12:27:35,2026-03-15 12:30:34,2026-03-15 13:14:40,10.1,44.1,29.0,604.34,20.0,483.47,3.0,0
FUL_003324,BK_003324,DRV_0262,VEH_0262,2026-02-12 03:53:23,2026-02-12 04:02:41,2026-02-12 04:05:43,2026-02-12 04:27:25,9.3,21.7,11.2,364.0,20.0,291.2,5.0,0
FUL_003326,BK_003326,DRV_0047,VEH_0047,2026-02-03 20:53:24,2026-02-03 20:58:30,2026-02-03 20:59:31,2026-02-03 21:38:19,5.1,38.8,15.3,629.72,20.0,503.78,5.0,20
FUL_003327,BK_003327,DRV_0146,VEH_0146,2026-03-13 23:33:26,2026-03-13 23:35:44,2026-03-13 23:39:17,2026-03-14 00:14:23,2.3,35.1,18.2,646.8,20.0,517.44,3.0,0
FUL_003328,BK_003328,DRV_0181,VEH_0181,2026-03-10 13:41:37,2026-03-10 13:51:55,2026-03-10 13:54:38,2026-03-10 14:27:50,10.3,33.2,17.1,337.0,20.0,269.6,5.0,0
FUL_003329,BK_003329,DRV_0110,VEH_0110,2026-03-06 05:24:29,2026-03-06 05:38:17,2026-03-06 05:41:22,2026-03-06 05:46:10,13.8,4.8,3.4,97.6,20.0,78.08,5.0,10
FUL_003330,BK_003330,DRV_0085,VEH_0085,2026-02-23 14:38:01,2026-02-23 14:41:19,2026-02-23 14:44:30,2026-02-23 14:48:54,3.3,4.4,2.8,171.36,20.0,137.09,5.0,0
FUL_003331,BK_003331,DRV_0284,VEH_0284,2026-03-06 03:14:32,2026-03-06 03:20:38,2026-03-06 03:22:23,2026-03-06 03:38:53,6.1,16.5,11.3,386.1,20.0,308.88,1.0,0
FUL_003332,BK_003332,DRV_0107,VEH_0107,2026-03-16 23:50:21,2026-03-16 23:55:09,2026-03-16 23:57:36,2026-03-17 00:02:36,4.8,5.0,2.6,88.6,20.0,70.88,1.0,50
FUL_003333,BK_003333,DRV_0070,VEH_0070,2026-02-16 02:52:22,2026-02-16 03:02:04,2026-02-16 03:04:32,2026-02-16 03:15:56,9.7,11.4,6.8,252.0,20.0,201.6,3.0,0
FUL_003334,BK_003334,DRV_0064,VEH_0064,2026-02-08 10:59:23,2026-02-08 11:08:53,2026-02-08 11:10:24,2026-02-08 11:32:12,9.5,21.8,14.9,320.32,20.0,256.26,5.0,0
FUL_003335,BK_003335,DRV_0212,VEH_0212,2026-02-17 20:03:02,2026-02-17 20:16:32,2026-02-17 20:20:20,2026-02-17 20:54:38,13.5,34.3,16.5,730.38,20.0,584.3,2.0,20
FUL_003336,BK_003336,DRV_0049,VEH_0049,2026-03-13 01:31:41,2026-03-13 01:42:47,2026-03-13 01:45:03,2026-03-13 02:35:57,11.1,50.9,22.3,686.0,20.0,548.8,5.0,0
FUL_003338,BK_003338,DRV_0302,VEH_0302,2026-03-04 01:27:26,2026-03-04 01:34:20,2026-03-04 01:36:25,2026-03-04 02:09:31,6.9,33.1,21.5,680.68,20.0,544.54,5.0,30
FUL_003339,BK_003339,DRV_0003,VEH_0003,2026-02-05 18:36:57,2026-02-05 18:43:57,2026-02-05 18:46:19,2026-02-05 19:08:49,7.0,22.5,10.4,544.96,20.0,435.97,5.0,50
FUL_003340,BK_003340,DRV_0247,VEH_0247,2026-03-08 23:37:04,2026-03-08 23:41:40,2026-03-08 23:44:46,2026-03-09 00:05:16,4.6,20.5,12.9,436.8,20.0,349.44,5.0,10
FUL_003343,BK_003343,DRV_0080,VEH_0080,2026-03-05 02:31:56,2026-03-05 02:45:26,2026-03-05 02:46:43,2026-03-05 03:26:01,13.5,39.3,26.4,554.84,20.0,443.87,5.0,50
FUL_003344,BK_003344,DRV_0201,VEH_0201,2026-02-07 05:42:26,2026-02-07 05:51:38,2026-02-07 05:54:49,2026-02-07 06:12:31,9.2,17.7,9.6,257.52,20.0,206.02,5.0,0
FUL_003345,BK_003345,DRV_0044,VEH_0044,2026-02-27 05:07:59,2026-02-27 05:21:05,2026-02-27 05:24:01,2026-02-27 05:48:25,13.1,24.4,13.8,228.72,20.0,182.98,5.0,50
FUL_003346,BK_003346,DRV_0028,VEH_0028,2026-02-01 13:39:53,2026-02-01 13:50:53,2026-02-01 13:53:15,2026-02-01 14:00:03,11.0,6.8,4.1,90.48,20.0,72.38,5.0,30
FUL_003347,BK_003347,DRV_0061,VEH_0061,2026-03-11 23:05:15,2026-03-11 23:10:39,2026-03-11 23:14:38,2026-03-12 00:10:56,5.4,56.3,28.0,345.4,20.0,276.32,5.0,0
FUL_003348,BK_003348,DRV_0305,VEH_0305,2026-02-02 12:34:48,2026-02-02 12:47:42,2026-02-02 12:51:40,2026-02-02 13:16:22,12.9,24.7,12.6,406.0,20.0,324.8,5.0,0
FUL_003350,BK_003350,DRV_0290,VEH_0290,2026-02-27 04:53:57,2026-02-27 04:56:21,2026-02-27 04:58:28,2026-02-27 05:39:34,2.4,41.1,18.0,499.2,20.0,399.36,5.0,0
FUL_003352,BK_003352,DRV_0059,VEH_0059,2026-03-18 04:00:50,2026-03-18 04:04:14,2026-03-18 04:07:30,2026-03-18 04:48:24,3.4,40.9,25.6,372.02,20.0,297.62,5.0,0
FUL_003353,BK_003353,DRV_0096,VEH_0096,2026-02-28 00:14:07,2026-02-28 00:23:07,2026-02-28 00:26:39,2026-02-28 00:49:27,9.0,22.8,15.2,206.2,20.0,164.96,4.0,0
FUL_003355,BK_003355,DRV_0137,VEH_0137,2026-02-01 17:45:32,2026-02-01 17:47:50,2026-02-01 17:50:42,2026-02-01 18:08:30,2.3,17.8,11.7,350.84,20.0,280.67,5.0,30
FUL_003356,BK_003356,DRV_0123,VEH_0123,2026-03-16 13:16:39,2026-03-16 13:25:21,2026-03-16 13:29:07,2026-03-16 14:04:31,8.7,35.4,20.5,455.84,20.0,364.67,5.0,10
FUL_003357,BK_003357,DRV_0295,VEH_0295,2026-03-06 13:57:15,2026-03-06 14:00:39,2026-03-06 14:03:11,2026-03-06 14:47:47,3.4,44.6,26.7,947.52,20.0,758.02,4.0,0
FUL_003359,BK_003359,DRV_0052,VEH_0052,2026-02-08 19:47:14,2026-02-08 19:59:44,2026-02-08 20:03:01,2026-02-08 20:48:37,12.5,45.6,19.3,402.88,20.0,322.3,4.0,30
FUL_003361,BK_003361,DRV_0085,VEH_0085,2026-03-11 01:10:51,2026-03-11 01:19:03,2026-03-11 01:22:01,2026-03-11 01:33:55,8.2,11.9,7.7,325.92,20.0,260.74,5.0,50
FUL_003363,BK_003363,DRV_0318,VEH_0318,2026-02-01 22:13:27,2026-02-01 22:21:27,2026-02-01 22:24:34,2026-02-01 22:43:16,8.0,18.7,10.7,330.2,20.0,264.16,4.0,0
FUL_003364,BK_003364,DRV_0126,VEH_0126,2026-02-23 15:36:22,2026-02-23 15:48:28,2026-02-23 15:51:40,2026-02-23 16:09:10,12.1,17.5,9.0,135.4,20.0,108.32,5.0,0
FUL_003365,BK_003365,DRV_0070,VEH_0070,2026-02-12 10:37:35,2026-02-12 10:40:11,2026-02-12 10:43:04,2026-02-12 11:00:52,2.6,17.8,8.3,492.8,20.0,394.24,2.0,50
FUL_003366,BK_003366,DRV_0106,VEH_0106,2026-02-14 08:19:12,2026-02-14 08:21:18,2026-02-14 08:22:27,2026-02-14 08:33:21,2.1,10.9,4.7,221.04,20.0,176.83,3.0,0
FUL_003368,BK_003368,DRV_0077,VEH_0077,2026-03-10 22:32:57,2026-03-10 22:35:27,2026-03-10 22:39:00,2026-03-10 22:52:42,2.5,13.7,5.5,166.8,20.0,133.44,3.0,30
FUL_003369,BK_003369,DRV_0053,VEH_0053,2026-02-28 02:20:20,2026-02-28 02:33:38,2026-02-28 02:37:25,2026-02-28 03:31:25,13.3,54.0,24.2,317.8,20.0,254.24,3.0,10
FUL_003370,BK_003370,DRV_0290,VEH_0290,2026-02-17 06:15:22,2026-02-17 06:20:52,2026-02-17 06:22:37,2026-02-17 07:00:25,5.5,37.8,26.3,699.4,20.0,559.52,5.0,50
FUL_003372,BK_003372,DRV_0224,VEH_0224,2026-02-15 03:19:52,2026-02-15 03:30:46,2026-02-15 03:32:14,2026-02-15 04:08:56,10.9,36.7,16.1,503.36,20.0,402.69,4.0,30
FUL_003373,BK_003373,DRV_0139,VEH_0139,2026-03-12 14:21:25,2026-03-12 14:29:07,2026-03-12 14:31:47,2026-03-12 15:33:29,7.7,61.7,25.5,792.4,20.0,633.92,5.0,0
FUL_003374,BK_003374,DRV_0134,VEH_0134,2026-02-13 02:41:16,2026-02-13 02:53:58,2026-02-13 02:55:21,2026-02-13 03:24:57,12.7,29.6,18.7,447.6,20.0,358.08,5.0,20
FUL_003376,BK_003376,DRV_0168,VEH_0168,2026-03-04 01:55:15,2026-03-04 01:58:51,2026-03-04 02:00:32,2026-03-04 02:34:26,3.6,33.9,22.5,642.2,20.0,513.76,5.0,50
FUL_003377,BK_003377,DRV_0298,VEH_0298,2026-02-16 23:26:09,2026-02-16 23:30:57,2026-02-16 23:32:39,2026-02-16 23:38:21,4.8,5.7,3.9,70.6,20.0,56.48,5.0,50
FUL_003378,BK_003378,DRV_0096,VEH_0096,2026-03-16 18:15:58,2026-03-16 18:28:58,2026-03-16 18:30:32,2026-03-16 18:39:08,13.0,8.6,5.0,136.0,20.0,108.8,5.0,0
FUL_003383,BK_003383,DRV_0274,VEH_0274,2026-03-08 05:34:21,2026-03-08 05:46:15,2026-03-08 05:49:51,2026-03-08 05:59:39,11.9,9.8,5.7,258.96,20.0,207.17,5.0,10
FUL_003384,BK_003384,DRV_0287,VEH_0287,2026-03-01 03:27:43,2026-03-01 03:31:19,2026-03-01 03:34:15,2026-03-01 03:56:51,3.6,22.6,8.5,189.4,20.0,151.52,4.0,50
FUL_003385,BK_003385,DRV_0145,VEH_0145,2026-02-23 02:26:17,2026-02-23 02:29:41,2026-02-23 02:31:05,2026-02-23 03:07:23,3.4,36.3,23.8,572.88,20.0,458.3,5.0,30
FUL_003386,BK_003386,DRV_0069,VEH_0069,2026-02-07 22:00:37,2026-02-07 22:08:13,2026-02-07 22:09:42,2026-02-07 22:47:18,7.6,37.6,18.0,351.4,20.0,281.12,5.0,0
FUL_003388,BK_003388,DRV_0222,VEH_0222,2026-02-20 15:33:28,2026-02-20 15:46:04,2026-02-20 15:47:12,2026-02-20 16:37:30,12.6,50.3,24.6,777.92,20.0,622.34,5.0,0
FUL_003389,BK_003389,DRV_0076,VEH_0076,2026-02-03 22:32:58,2026-02-03 22:45:04,2026-02-03 22:47:10,2026-02-03 23:09:16,12.1,22.1,8.0,189.4,20.0,151.52,5.0,30
FUL_003391,BK_003391,DRV_0164,VEH_0164,2026-03-07 03:50:24,2026-03-07 04:02:48,2026-03-07 04:04:28,2026-03-07 05:05:40,12.4,61.2,23.0,870.24,20.0,696.19,5.0,0
FUL_003392,BK_003392,DRV_0295,VEH_0295,2026-02-19 18:36:29,2026-02-19 18:39:35,2026-02-19 18:42:22,2026-02-19 19:33:46,3.1,51.4,26.8,1187.76,20.0,950.21,4.0,0
FUL_003393,BK_003393,DRV_0272,VEH_0272,2026-02-08 05:00:13,2026-02-08 05:10:19,2026-02-08 05:12:59,2026-02-08 05:17:35,10.1,4.6,3.2,95.8,20.0,76.64,5.0,0
FUL_003394,BK_003394,DRV_0206,VEH_0206,2026-02-14 01:18:50,2026-02-14 01:26:44,2026-02-14 01:28:24,2026-02-14 02:38:00,7.9,69.6,28.2,387.86,20.0,310.29,5.0,20
FUL_003395,BK_003395,DRV_0137,VEH_0137,2026-02-18 18:23:51,2026-02-18 18:27:45,2026-02-18 18:31:32,2026-02-18 18:54:20,3.9,22.8,12.6,400.96,20.0,320.77,5.0,30
FUL_003396,BK_003396,DRV_0300,VEH_0300,2026-02-08 20:49:11,2026-02-08 20:58:17,2026-02-08 21:00:06,2026-02-08 21:26:06,9.1,26.0,13.2,480.24,20.0,384.19,3.0,0
FUL_003398,BK_003398,DRV_0235,VEH_0235,2026-02-25 11:32:05,2026-02-25 11:34:35,2026-02-25 11:37:31,2026-02-25 11:58:13,2.5,20.7,10.1,255.36,20.0,204.29,5.0,50
FUL_003400,BK_003400,DRV_0061,VEH_0061,2026-03-15 10:30:55,2026-03-15 10:36:19,2026-03-15 10:37:52,2026-03-15 11:39:16,5.4,61.4,22.6,355.44,20.0,284.35,5.0,10
FUL_003401,BK_003401,DRV_0258,VEH_0258,2026-03-05 06:41:20,2026-03-05 06:46:14,2026-03-05 06:48:48,2026-03-05 07:28:12,4.9,39.4,25.9,836.16,20.0,668.93,1.0,0
FUL_003402,BK_003402,DRV_0276,VEH_0276,2026-02-13 05:11:28,2026-02-13 05:20:16,2026-02-13 05:23:33,2026-02-13 05:46:39,8.8,23.1,11.9,493.92,20.0,395.14,4.0,0
FUL_003403,BK_003403,DRV_0102,VEH_0102,2026-02-10 22:39:20,2026-02-10 22:44:26,2026-02-10 22:48:22,2026-02-10 23:23:22,5.1,35.0,23.7,791.56,20.0,633.25,5.0,50
FUL_003404,BK_003404,DRV_0195,VEH_0195,2026-03-15 09:53:28,2026-03-15 09:59:28,2026-03-15 10:00:29,2026-03-15 10:13:29,6.0,13.0,9.1,431.2,20.0,344.96,5.0,10
FUL_003407,BK_003407,DRV_0048,VEH_0048,2026-02-09 22:07:17,2026-02-09 22:13:29,2026-02-09 22:14:39,2026-02-09 23:08:15,6.2,53.6,22.9,670.8,20.0,536.64,5.0,0
FUL_003408,BK_003408,DRV_0012,VEH_0012,2026-03-04 09:07:07,2026-03-04 09:12:25,2026-03-04 09:16:18,2026-03-04 09:23:36,5.3,7.3,4.3,180.96,20.0,144.77,5.0,10
FUL_003409,BK_003409,DRV_0200,VEH_0200,2026-02-20 16:49:27,2026-02-20 17:00:51,2026-02-20 17:02:30,2026-02-20 17:29:30,11.4,27.0,17.2,579.04,20.0,463.23,4.0,10
FUL_003410,BK_003410,DRV_0114,VEH_0114,2026-02-22 00:09:17,2026-02-22 00:11:35,2026-02-22 00:13:57,2026-02-22 01:00:57,2.3,47.0,25.7,499.0,20.0,399.2,5.0,0
FUL_003411,BK_003411,DRV_0296,VEH_0296,2026-03-09 15:29:08,2026-03-09 15:40:44,2026-03-09 15:44:07,2026-03-09 15:59:49,11.6,15.7,8.4,122.2,20.0,97.76,5.0,30
FUL_003412,BK_003412,DRV_0273,VEH_0273,2026-02-01 23:44:14,2026-02-01 23:46:56,2026-02-01 23:49:28,2026-02-02 00:25:16,2.7,35.8,15.2,221.54,20.0,177.23,5.0,30
FUL_003413,BK_003413,DRV_0002,VEH_0002,2026-02-18 10:47:46,2026-02-18 10:59:28,2026-02-18 11:00:35,2026-02-18 11:30:59,11.7,30.4,17.2,628.32,20.0,502.66,5.0,0
FUL_003415,BK_003415,DRV_0044,VEH_0044,2026-03-15 05:50:49,2026-03-15 06:01:31,2026-03-15 06:02:51,2026-03-15 06:37:15,10.7,34.4,23.1,284.2,20.0,227.36,5.0,50
FUL_003417,BK_003417,DRV_0224,VEH_0224,2026-03-07 02:18:32,2026-03-07 02:31:26,2026-03-07 02:35:11,2026-03-07 02:43:11,12.9,8.0,5.5,205.4,20.0,164.32,5.0,30
FUL_003418,BK_003418,DRV_0012,VEH_0012,2026-02-04 02:43:56,2026-02-04 02:48:56,2026-02-04 02:50:50,2026-02-04 03:30:08,5.0,39.3,25.3,358.82,20.0,287.06,5.0,0
FUL_003421,BK_003421,DRV_0082,VEH_0082,2026-02-07 16:44:02,2026-02-07 16:48:14,2026-02-07 16:49:34,2026-02-07 17:15:16,4.2,25.7,13.4,281.2,20.0,224.96,5.0,50
FUL_003422,BK_003422,DRV_0009,VEH_0009,2026-02-01 08:36:31,2026-02-01 08:38:43,2026-02-01 08:40:02,2026-02-01 09:03:50,2.2,23.8,13.1,381.08,20.0,304.86,4.0,50
FUL_003423,BK_003423,DRV_0108,VEH_0108,2026-03-13 12:01:16,2026-03-13 12:09:16,2026-03-13 12:10:51,2026-03-13 12:51:39,8.0,40.8,16.9,512.4,20.0,409.92,4.0,30
FUL_003424,BK_003424,DRV_0276,VEH_0276,2026-02-20 05:56:27,2026-02-20 06:02:57,2026-02-20 06:05:50,2026-02-20 06:38:20,6.5,32.5,23.2,760.76,20.0,608.61,4.0,10
FUL_003425,BK_003425,DRV_0074,VEH_0074,2026-02-12 22:43:56,2026-02-12 22:56:20,2026-02-12 23:00:17,2026-02-12 23:40:59,12.4,40.7,29.1,875.16,20.0,700.13,4.0,10
FUL_003427,BK_003427,DRV_0313,VEH_0313,2026-02-08 20:44:37,2026-02-08 20:52:55,2026-02-08 20:56:27,2026-02-08 21:31:33,8.3,35.1,21.4,1141.92,20.0,913.54,4.0,0
FUL_003428,BK_003428,DRV_0155,VEH_0155,2026-03-16 23:31:52,2026-03-16 23:35:22,2026-03-16 23:38:57,2026-03-17 00:14:33,3.5,35.6,23.4,642.2,20.0,513.76,5.0,30
FUL_003429,BK_003429,DRV_0113,VEH_0113,2026-03-02 17:23:18,2026-03-02 17:27:12,2026-03-02 17:28:30,2026-03-02 18:23:36,3.9,55.1,25.9,947.52,20.0,758.02,5.0,10
FUL_003430,BK_003430,DRV_0081,VEH_0081,2026-03-17 23:57:57,2026-03-18 00:08:39,2026-03-18 00:10:18,2026-03-18 01:06:48,10.7,56.5,28.6,854.0,20.0,683.2,5.0,0
FUL_003432,BK_003432,DRV_0142,VEH_0142,2026-02-06 09:29:05,2026-02-06 09:31:59,2026-02-06 09:34:49,2026-02-06 10:10:01,2.9,35.2,24.5,429.8,20.0,343.84,5.0,0
FUL_003433,BK_003433,DRV_0221,VEH_0221,2026-02-06 11:50:03,2026-02-06 12:02:09,2026-02-06 12:03:47,2026-02-06 12:49:11,12.1,45.4,22.7,346.8,20.0,277.44,5.0,0
FUL_003435,BK_003435,DRV_0271,VEH_0271,2026-02-02 06:46:32,2026-02-02 06:49:56,2026-02-02 06:53:20,2026-02-02 07:54:38,3.4,61.3,24.7,468.4,20.0,374.72,5.0,0
FUL_003436,BK_003436,DRV_0008,VEH_0008,2026-02-14 16:06:43,2026-02-14 16:10:25,2026-02-14 16:11:27,2026-02-14 16:18:21,3.7,6.9,3.4,101.2,20.0,80.96,5.0,50
FUL_003437,BK_003437,DRV_0105,VEH_0105,2026-03-11 05:10:36,2026-03-11 05:23:06,2026-03-11 05:26:31,2026-03-11 05:51:01,12.5,24.5,12.2,315.84,20.0,252.67,5.0,0
FUL_003439,BK_003439,DRV_0267,VEH_0267,2026-03-11 23:01:30,2026-03-11 23:06:06,2026-03-11 23:09:28,2026-03-11 23:45:34,4.6,36.1,22.5,618.8,20.0,495.04,4.0,0
FUL_003440,BK_003440,DRV_0316,VEH_0316,2026-03-06 15:24:18,2026-03-06 15:29:54,2026-03-06 15:33:04,2026-03-06 16:15:16,5.6,42.2,26.4,493.6,20.0,394.88,4.0,10
FUL_003442,BK_003442,DRV_0301,VEH_0301,2026-03-16 10:10:54,2026-03-16 10:16:54,2026-03-16 10:19:43,2026-03-16 10:54:25,6.0,34.7,23.9,964.74,20.0,771.79,5.0,0
FUL_003445,BK_003445,DRV_0020,VEH_0020,2026-02-18 04:04:24,2026-02-18 04:11:00,2026-02-18 04:14:48,2026-02-18 04:45:36,6.6,30.8,21.5,666.4,20.0,533.12,5.0,0
FUL_003447,BK_003447,DRV_0110,VEH_0110,2026-02-28 07:43:41,2026-02-28 07:51:11,2026-02-28 07:54:39,2026-02-28 08:37:03,7.5,42.4,24.7,490.0,20.0,392.0,5.0,20
FUL_003448,BK_003448,DRV_0304,VEH_0304,2026-02-25 09:48:27,2026-02-25 09:59:21,2026-02-25 10:00:42,2026-02-25 10:46:18,10.9,45.6,22.9,1747.2,20.0,1397.76,5.0,0
FUL_003449,BK_003449,DRV_0180,VEH_0180,2026-02-19 23:12:30,2026-02-19 23:18:30,2026-02-19 23:20:31,2026-02-20 00:03:37,6.0,43.1,24.0,314.2,20.0,251.36,5.0,50
FUL_003450,BK_003450,DRV_0130,VEH_0130,2026-02-11 18:18:20,2026-02-11 18:28:32,2026-02-11 18:29:47,2026-02-11 18:59:53,10.2,30.1,11.6,586.56,20.0,469.25,4.0,0
FUL_003452,BK_003452,DRV_0001,VEH_0001,2026-02-05 00:04:25,2026-02-05 00:11:25,2026-02-05 00:14:01,2026-02-05 00:45:37,7.0,31.6,19.5,564.2,20.0,451.36,5.0,50
FUL_003454,BK_003454,DRV_0235,VEH_0235,2026-02-02 21:27:31,2026-02-02 21:41:31,2026-02-02 21:44:09,2026-02-02 22:11:03,14.0,26.9,19.4,671.4,20.0,537.12,5.0,10
FUL_003457,BK_003457,DRV_0253,VEH_0253,2026-03-05 19:49:02,2026-03-05 19:59:56,2026-03-05 20:02:34,2026-03-05 20:16:16,10.9,13.7,8.8,418.6,20.0,334.88,5.0,30
FUL_003458,BK_003458,DRV_0272,VEH_0272,2026-02-10 07:40:20,2026-02-10 07:53:50,2026-02-10 07:55:04,2026-02-10 08:31:40,13.5,36.6,22.1,428.8,20.0,343.04,5.0,10
FUL_003460,BK_003460,DRV_0212,VEH_0212,2026-03-14 03:37:27,2026-03-14 03:44:15,2026-03-14 03:45:51,2026-03-14 04:44:57,6.8,59.1,25.2,540.98,20.0,432.78,4.0,0
FUL_003461,BK_003461,DRV_0218,VEH_0218,2026-02-16 09:12:03,2026-02-16 09:18:51,2026-02-16 09:20:01,2026-02-16 09:40:43,6.8,20.7,14.2,795.6,20.0,636.48,3.0,20
FUL_003462,BK_003462,DRV_0028,VEH_0028,2026-02-20 17:09:00,2026-02-20 17:11:12,2026-02-20 17:15:00,2026-02-20 17:59:24,2.2,44.4,27.1,623.88,20.0,499.1,3.0,30
FUL_003465,BK_003465,DRV_0320,VEH_0320,2026-02-24 22:25:04,2026-02-24 22:27:40,2026-02-24 22:28:40,2026-02-24 23:31:22,2.6,62.7,25.4,699.4,20.0,559.52,5.0,50
FUL_003469,BK_003469,DRV_0266,VEH_0266,2026-02-24 12:36:55,2026-02-24 12:47:55,2026-02-24 12:49:17,2026-02-24 13:40:29,11.0,51.2,21.7,277.0,20.0,221.6,5.0,0
FUL_003470,BK_003470,DRV_0250,VEH_0250,2026-02-24 11:27:25,2026-02-24 11:35:13,2026-02-24 11:37:41,2026-02-24 12:41:53,7.8,64.2,24.4,930.72,20.0,744.58,5.0,50
FUL_003472,BK_003472,DRV_0150,VEH_0150,2026-02-16 20:19:02,2026-02-16 20:21:50,2026-02-16 20:25:25,2026-02-16 21:06:49,2.8,41.4,27.3,1627.08,20.0,1301.66,4.0,30
FUL_003473,BK_003473,DRV_0068,VEH_0068,2026-02-11 00:17:57,2026-02-11 00:22:57,2026-02-11 00:26:01,2026-02-11 00:54:19,5.0,28.3,14.6,524.16,20.0,419.33,4.0,0
FUL_003474,BK_003474,DRV_0015,VEH_0015,2026-03-08 22:34:16,2026-03-08 22:44:52,2026-03-08 22:46:48,2026-03-08 22:59:54,10.6,13.1,7.9,257.4,20.0,205.92,2.0,50
FUL_003475,BK_003475,DRV_0265,VEH_0265,2026-03-02 15:18:47,2026-03-02 15:27:17,2026-03-02 15:28:37,2026-03-02 16:00:31,8.5,31.9,22.0,273.4,20.0,218.72,5.0,0
FUL_003476,BK_003476,DRV_0318,VEH_0318,2026-03-14 11:03:15,2026-03-14 11:08:39,2026-03-14 11:09:46,2026-03-14 11:36:16,5.4,26.5,16.1,794.56,20.0,635.65,4.0,20
FUL_003477,BK_003477,DRV_0234,VEH_0234,2026-03-08 00:40:08,2026-03-08 00:46:02,2026-03-08 00:48:17,2026-03-08 00:55:17,5.9,7.0,3.9,197.12,20.0,157.7,4.0,50
FUL_003478,BK_003478,DRV_0051,VEH_0051,2026-03-13 12:12:58,2026-03-13 12:23:52,2026-03-13 12:26:47,2026-03-13 12:42:23,10.9,15.6,8.8,210.32,20.0,168.26,3.0,0
FUL_003479,BK_003479,DRV_0286,VEH_0286,2026-02-20 13:03:12,2026-02-20 13:10:18,2026-02-20 13:12:26,2026-02-20 13:59:44,7.1,47.3,23.5,472.0,20.0,377.6,5.0,0
FUL_003480,BK_003480,DRV_0142,VEH_0142,2026-03-12 17:01:17,2026-03-12 17:08:41,2026-03-12 17:10:37,2026-03-12 17:30:55,7.4,20.3,8.6,171.08,20.0,136.86,4.0,10
FUL_003481,BK_003481,DRV_0112,VEH_0112,2026-03-07 08:29:16,2026-03-07 08:33:52,2026-03-07 08:37:37,2026-03-07 09:38:55,4.6,61.3,29.1,654.96,20.0,523.97,5.0,0
FUL_003482,BK_003482,DRV_0037,VEH_0037,2026-02-10 06:23:10,2026-02-10 06:29:58,2026-02-10 06:31:48,2026-02-10 06:47:24,6.8,15.6,8.0,294.0,20.0,235.2,4.0,10
FUL_003483,BK_003483,DRV_0291,VEH_0291,2026-02-23 22:21:53,2026-02-23 22:28:05,2026-02-23 22:30:35,2026-02-23 22:57:29,6.2,26.9,16.5,397.92,20.0,318.34,4.0,20
FUL_003485,BK_003485,DRV_0137,VEH_0137,2026-02-28 01:15:00,2026-02-28 01:18:12,2026-02-28 01:20:49,2026-02-28 01:53:37,3.2,32.8,20.3,383.8,20.0,307.04,4.0,0
FUL_003486,BK_003486,DRV_0244,VEH_0244,2026-03-17 00:57:28,2026-03-17 01:05:46,2026-03-17 01:07:12,2026-03-17 01:50:00,8.3,42.8,15.7,569.8,20.0,455.84,5.0,20
FUL_003487,BK_003487,DRV_0084,VEH_0084,2026-03-13 05:15:36,2026-03-13 05:18:06,2026-03-13 05:20:25,2026-03-13 05:38:55,2.5,18.5,9.9,306.8,20.0,245.44,1.0,0
FUL_003488,BK_003488,DRV_0173,VEH_0173,2026-03-11 10:34:21,2026-03-11 10:39:21,2026-03-11 10:43:19,2026-03-11 11:12:37,5.0,29.3,18.3,768.18,20.0,614.54,5.0,0
FUL_003490,BK_003490,DRV_0086,VEH_0086,2026-02-19 09:12:07,2026-02-19 09:20:01,2026-02-19 09:21:28,2026-02-19 09:51:34,7.9,30.1,22.1,492.96,20.0,394.37,5.0,10
FUL_003491,BK_003491,DRV_0073,VEH_0073,2026-02-14 00:39:20,2026-02-14 00:48:50,2026-02-14 00:51:53,2026-02-14 01:16:29,9.5,24.6,12.2,392.0,20.0,313.6,5.0,20
FUL_003492,BK_003492,DRV_0020,VEH_0020,2026-03-12 20:25:20,2026-03-12 20:31:02,2026-03-12 20:34:57,2026-03-12 21:17:27,5.7,42.5,15.7,621.6,20.0,497.28,5.0,50
FUL_003494,BK_003494,DRV_0090,VEH_0090,2026-03-10 10:40:11,2026-03-10 10:43:41,2026-03-10 10:46:13,2026-03-10 11:02:07,3.5,15.9,11.3,553.92,20.0,443.14,5.0,0
FUL_003497,BK_003497,DRV_0086,VEH_0086,2026-02-04 21:34:50,2026-02-04 21:43:50,2026-02-04 21:47:16,2026-02-04 22:03:58,9.0,16.7,9.7,297.92,20.0,238.34,5.0,20
FUL_003498,BK_003498,DRV_0059,VEH_0059,2026-02-09 01:33:09,2026-02-09 01:38:57,2026-02-09 01:42:01,2026-02-09 01:56:31,5.8,14.5,9.8,155.54,20.0,124.43,5.0,0
FUL_003500,BK_003500,DRV_0055,VEH_0055,2026-03-12 03:06:16,2026-03-12 03:08:16,2026-03-12 03:11:51,2026-03-12 03:33:57,2.0,22.1,15.9,250.32,20.0,200.26,5.0,0
FUL_003501,BK_003501,DRV_0187,VEH_0187,2026-03-06 18:31:52,2026-03-06 18:45:16,2026-03-06 18:46:16,2026-03-06 19:02:40,13.4,16.4,11.1,618.24,20.0,494.59,5.0,0
FUL_003502,BK_003502,DRV_0189,VEH_0189,2026-03-14 02:57:24,2026-03-14 03:04:24,2026-03-14 03:07:20,2026-03-14 03:41:08,7.0,33.8,21.6,430.6,20.0,344.48,5.0,50
FUL_003503,BK_003503,DRV_0085,VEH_0085,2026-02-01 14:26:06,2026-02-01 14:34:06,2026-02-01 14:35:10,2026-02-01 14:46:34,8.0,11.4,6.9,260.4,20.0,208.32,5.0,50
FUL_003504,BK_003504,DRV_0241,VEH_0241,2026-02-16 03:55:29,2026-02-16 03:59:11,2026-02-16 04:02:25,2026-02-16 04:53:01,3.7,50.6,25.2,365.42,20.0,292.34,3.0,0
FUL_003505,BK_003505,DRV_0287,VEH_0287,2026-02-09 03:17:32,2026-02-09 03:21:32,2026-02-09 03:23:42,2026-02-09 03:43:18,4.0,19.6,12.6,257.8,20.0,206.24,5.0,0
FUL_003507,BK_003507,DRV_0153,VEH_0153,2026-02-07 20:54:40,2026-02-07 21:08:28,2026-02-07 21:09:55,2026-02-07 21:35:43,13.8,25.8,15.6,500.64,20.0,400.51,5.0,0
FUL_003508,BK_003508,DRV_0265,VEH_0265,2026-02-12 20:37:30,2026-02-12 20:42:24,2026-02-12 20:45:12,2026-02-12 21:04:30,4.9,19.3,9.8,224.32,20.0,179.46,5.0,0
FUL_003509,BK_003509,DRV_0275,VEH_0275,2026-02-10 03:44:41,2026-02-10 03:53:17,2026-02-10 03:56:40,2026-02-10 04:40:40,8.6,44.0,25.1,736.4,20.0,589.12,5.0,0
FUL_003510,BK_003510,DRV_0064,VEH_0064,2026-03-17 05:57:38,2026-03-17 06:08:32,2026-03-17 06:10:16,2026-03-17 07:19:22,10.9,69.1,27.7,407.28,20.0,325.82,5.0,0
FUL_003511,BK_003511,DRV_0223,VEH_0223,2026-02-11 20:20:21,2026-02-11 20:22:39,2026-02-11 20:26:28,2026-02-11 20:39:46,2.3,13.3,6.4,232.8,20.0,186.24,5.0,0
FUL_003512,BK_003512,DRV_0216,VEH_0216,2026-02-28 07:05:34,2026-02-28 07:19:34,2026-02-28 07:21:01,2026-02-28 07:27:49,14.0,6.8,4.0,202.8,20.0,162.24,5.0,0
FUL_003513,BK_003513,DRV_0255,VEH_0255,2026-02-22 01:03:44,2026-02-22 01:14:08,2026-02-22 01:16:34,2026-02-22 02:07:04,10.4,50.5,26.6,390.5,20.0,312.4,5.0,20
FUL_003514,BK_003514,DRV_0311,VEH_0311,2026-03-14 13:07:27,2026-03-14 13:12:09,2026-03-14 13:13:14,2026-03-14 14:15:14,4.7,62.0,27.7,582.56,20.0,466.05,5.0,30
FUL_003515,BK_003515,DRV_0038,VEH_0038,2026-02-18 21:42:50,2026-02-18 21:56:38,2026-02-18 21:59:42,2026-02-18 22:38:54,13.8,39.2,21.0,730.08,20.0,584.06,5.0,10
FUL_003516,BK_003516,DRV_0052,VEH_0052,2026-03-07 13:53:17,2026-03-07 14:00:05,2026-03-07 14:03:54,2026-03-07 14:15:30,6.8,11.6,7.9,133.1,20.0,106.48,5.0,0
FUL_003517,BK_003517,DRV_0247,VEH_0247,2026-02-22 21:42:19,2026-02-22 21:44:25,2026-02-22 21:45:50,2026-02-22 22:14:56,2.1,29.1,20.6,870.24,20.0,696.19,4.0,20
FUL_003519,BK_003519,DRV_0017,VEH_0017,2026-02-04 04:46:43,2026-02-04 04:52:49,2026-02-04 04:55:38,2026-02-04 05:17:14,6.1,21.6,10.5,366.8,20.0,293.44,5.0,20
FUL_003520,BK_003520,DRV_0244,VEH_0244,2026-03-01 09:43:18,2026-03-01 09:54:00,2026-03-01 09:56:43,2026-03-01 10:05:31,10.7,8.8,5.2,446.88,20.0,357.5,5.0,0
FUL_003521,BK_003521,DRV_0054,VEH_0054,2026-03-06 11:51:45,2026-03-06 11:56:33,2026-03-06 11:57:39,2026-03-06 12:51:03,4.8,53.4,21.3,699.36,20.0,559.49,5.0,20
FUL_003523,BK_003523,DRV_0146,VEH_0146,2026-02-12 17:24:16,2026-02-12 17:27:40,2026-02-12 17:29:58,2026-02-12 18:07:46,3.4,37.8,24.3,1236.48,20.0,989.18,4.0,0
FUL_003526,BK_003526,DRV_0208,VEH_0208,2026-02-17 10:45:27,2026-02-17 10:51:03,2026-02-17 10:54:58,2026-02-17 11:05:28,5.6,10.5,7.3,493.92,20.0,395.14,4.0,0
FUL_003527,BK_003527,DRV_0249,VEH_0249,2026-03-14 15:53:21,2026-03-14 15:58:15,2026-03-14 15:59:29,2026-03-14 16:33:05,4.9,33.6,17.2,563.42,20.0,450.74,3.0,50
FUL_003528,BK_003528,DRV_0043,VEH_0043,2026-02-28 10:53:41,2026-02-28 11:00:35,2026-02-28 11:01:55,2026-02-28 11:06:25,6.9,4.5,3.0,93.76,20.0,75.01,5.0,50
FUL_003529,BK_003529,DRV_0042,VEH_0042,2026-03-02 17:55:18,2026-03-02 18:05:30,2026-03-02 18:08:14,2026-03-02 18:33:26,10.2,25.2,15.2,524.16,20.0,419.33,5.0,10
FUL_003530,BK_003530,DRV_0247,VEH_0247,2026-03-13 17:12:45,2026-03-13 17:14:51,2026-03-13 17:17:46,2026-03-13 17:28:40,2.1,10.9,5.8,499.8,20.0,399.84,5.0,20
FUL_003531,BK_003531,DRV_0114,VEH_0114,2026-03-12 14:07:34,2026-03-12 14:17:22,2026-03-12 14:18:31,2026-03-12 14:54:49,9.8,36.3,22.4,432.4,20.0,345.92,4.0,30
FUL_003532,BK_003532,DRV_0167,VEH_0167,2026-02-26 04:29:45,2026-02-26 04:38:15,2026-02-26 04:42:04,2026-02-26 05:36:04,8.5,54.0,29.7,535.0,20.0,428.0,5.0,0
FUL_003533,BK_003533,DRV_0286,VEH_0286,2026-02-12 18:52:58,2026-02-12 18:59:46,2026-02-12 19:01:13,2026-02-12 19:29:07,6.8,27.9,11.1,480.9,20.0,384.72,4.0,20
FUL_003535,BK_003535,DRV_0234,VEH_0234,2026-02-20 05:31:22,2026-02-20 05:43:34,2026-02-20 05:47:03,2026-02-20 06:53:15,12.2,66.2,24.9,843.92,20.0,675.14,5.0,20
FUL_003536,BK_003536,DRV_0127,VEH_0127,2026-02-16 06:15:46,2026-02-16 06:24:46,2026-02-16 06:28:32,2026-02-16 07:19:38,9.0,51.1,23.8,344.3,20.0,275.44,5.0,0
FUL_003537,BK_003537,DRV_0242,VEH_0242,2026-02-05 00:16:30,2026-02-05 00:18:48,2026-02-05 00:21:10,2026-02-05 00:56:16,2.3,35.1,23.3,555.6,20.0,444.48,5.0,10
FUL_003538,BK_003538,DRV_0063,VEH_0063,2026-02-08 21:52:21,2026-02-08 21:55:57,2026-02-08 21:58:53,2026-02-08 22:05:59,3.6,7.1,4.3,231.84,20.0,185.47,5.0,0
FUL_003541,BK_003541,DRV_0109,VEH_0109,2026-03-09 16:02:34,2026-03-09 16:14:10,2026-03-09 16:16:25,2026-03-09 16:48:07,11.6,31.7,17.0,478.4,20.0,382.72,5.0,30
FUL_003542,BK_003542,DRV_0025,VEH_0025,2026-03-15 03:04:26,2026-03-15 03:13:20,2026-03-15 03:15:22,2026-03-15 03:20:22,8.9,5.0,3.5,77.52,20.0,62.02,5.0,20
FUL_003543,BK_003543,DRV_0193,VEH_0193,2026-03-14 19:05:57,2026-03-14 19:13:21,2026-03-14 19:14:40,2026-03-14 19:31:04,7.4,16.4,10.2,166.8,20.0,133.44,5.0,10
FUL_003545,BK_003545,DRV_0209,VEH_0209,2026-02-05 11:12:19,2026-02-05 11:14:19,2026-02-05 11:17:49,2026-02-05 11:31:19,2.0,13.5,9.2,682.08,20.0,545.66,5.0,30
FUL_003547,BK_003547,DRV_0218,VEH_0218,2026-02-20 23:33:44,2026-02-20 23:39:02,2026-02-20 23:42:48,2026-02-21 00:12:12,5.3,29.4,18.4,548.6,20.0,438.88,4.0,0
FUL_003548,BK_003548,DRV_0164,VEH_0164,2026-02-18 14:22:28,2026-02-18 14:30:46,2026-02-18 14:32:56,2026-02-18 15:06:32,8.3,33.6,16.8,563.64,20.0,450.91,5.0,0
FUL_003549,BK_003549,DRV_0234,VEH_0234,2026-02-25 17:06:01,2026-02-25 17:09:01,2026-02-25 17:10:36,2026-02-25 17:47:42,3.0,37.1,21.6,823.2,20.0,658.56,5.0,0
FUL_003550,BK_003550,DRV_0177,VEH_0177,2026-02-23 07:55:13,2026-02-23 08:08:55,2026-02-23 08:11:38,2026-02-23 08:46:02,13.7,34.4,14.5,367.68,20.0,294.14,5.0,0
FUL_003551,BK_003551,DRV_0097,VEH_0097,2026-03-01 00:27:24,2026-03-01 00:33:30,2026-03-01 00:37:20,2026-03-01 01:13:50,6.1,36.5,27.2,859.32,20.0,687.46,5.0,0
FUL_003552,BK_003552,DRV_0186,VEH_0186,2026-03-04 22:28:12,2026-03-04 22:33:30,2026-03-04 22:37:05,2026-03-04 22:43:47,5.3,6.7,2.9,166.32,20.0,133.06,5.0,30
FUL_003553,BK_003553,DRV_0271,VEH_0271,2026-02-19 18:54:22,2026-02-19 19:00:58,2026-02-19 19:03:29,2026-02-19 19:37:11,6.6,33.7,15.0,498.88,20.0,399.1,5.0,0
FUL_003554,BK_003554,DRV_0157,VEH_0157,2026-02-28 10:25:31,2026-02-28 10:31:01,2026-02-28 10:33:07,2026-02-28 11:00:25,5.5,27.3,12.0,569.92,20.0,455.94,5.0,10
FUL_003556,BK_003556,DRV_0127,VEH_0127,2026-02-15 04:09:59,2026-02-15 04:22:05,2026-02-15 04:23:08,2026-02-15 05:07:44,12.1,44.6,28.7,367.0,20.0,293.6,5.0,30
FUL_003557,BK_003557,DRV_0295,VEH_0295,2026-02-04 17:40:21,2026-02-04 17:45:33,2026-02-04 17:48:43,2026-02-04 18:09:55,5.2,21.2,8.3,488.32,20.0,390.66,5.0,0
FUL_003558,BK_003558,DRV_0234,VEH_0234,2026-02-06 07:32:53,2026-02-06 07:45:41,2026-02-06 07:46:59,2026-02-06 08:13:41,12.8,26.7,14.6,588.0,20.0,470.4,5.0,20
FUL_003559,BK_003559,DRV_0127,VEH_0127,2026-02-25 22:43:14,2026-02-25 22:47:20,2026-02-25 22:49:30,2026-02-25 23:10:00,4.1,20.5,13.3,192.5,20.0,154.0,5.0,10
FUL_003560,BK_003560,DRV_0238,VEH_0238,2026-03-13 12:33:32,2026-03-13 12:45:50,2026-03-13 12:48:58,2026-03-13 13:23:34,12.3,34.6,24.9,689.0,20.0,551.2,5.0,0
FUL_003561,BK_003561,DRV_0170,VEH_0170,2026-03-06 04:12:17,2026-03-06 04:22:17,2026-03-06 04:24:24,2026-03-06 04:48:54,10.0,24.5,9.0,222.2,20.0,177.76,4.0,0
FUL_003562,BK_003562,DRV_0127,VEH_0127,2026-02-23 01:39:03,2026-02-23 01:43:57,2026-02-23 01:47:56,2026-02-23 01:54:02,4.9,6.1,4.0,71.8,20.0,57.44,5.0,50
FUL_003563,BK_003563,DRV_0125,VEH_0125,2026-02-03 22:43:20,2026-02-03 22:49:20,2026-02-03 22:50:28,2026-02-03 23:02:34,6.0,12.1,6.3,246.4,20.0,197.12,5.0,0
FUL_003565,BK_003565,DRV_0232,VEH_0232,2026-03-08 05:48:59,2026-03-08 06:00:41,2026-03-08 06:03:26,2026-03-08 06:14:08,11.7,10.7,5.1,195.0,20.0,156.0,5.0,0
FUL_003569,BK_003569,DRV_0110,VEH_0110,2026-02-07 00:53:41,2026-02-07 00:59:59,2026-02-07 01:02:22,2026-02-07 01:12:28,6.3,10.1,6.7,194.88,20.0,155.9,5.0,20
FUL_003570,BK_003570,DRV_0102,VEH_0102,2026-03-13 02:51:16,2026-03-13 02:56:34,2026-03-13 02:59:01,2026-03-13 03:14:19,5.3,15.3,6.5,302.4,20.0,241.92,5.0,20
FUL_003573,BK_003573,DRV_0047,VEH_0047,2026-02-08 21:08:21,2026-02-08 21:16:15,2026-02-08 21:19:36,2026-02-08 21:34:54,7.9,15.3,9.3,414.96,20.0,331.97,5.0,0
FUL_003574,BK_003574,DRV_0176,VEH_0176,2026-02-11 00:17:13,2026-02-11 00:22:43,2026-02-11 00:25:14,2026-02-11 00:58:32,5.5,33.3,19.9,401.8,20.0,321.44,5.0,0
FUL_003575,BK_003575,DRV_0175,VEH_0175,2026-02-08 02:35:39,2026-02-08 02:48:57,2026-02-08 02:52:01,2026-02-08 03:04:01,13.3,12.0,8.1,296.8,20.0,237.44,2.0,20
FUL_003577,BK_003577,DRV_0222,VEH_0222,2026-02-22 15:36:28,2026-02-22 15:38:40,2026-02-22 15:39:48,2026-02-22 16:02:00,2.2,22.2,14.4,452.4,20.0,361.92,5.0,0
FUL_003579,BK_003579,DRV_0114,VEH_0114,2026-02-11 11:10:48,2026-02-11 11:14:00,2026-02-11 11:17:55,2026-02-11 11:27:31,3.2,9.6,6.6,219.8,20.0,175.84,5.0,0
FUL_003580,BK_003580,DRV_0196,VEH_0196,2026-02-14 16:11:58,2026-02-14 16:21:46,2026-02-14 16:23:34,2026-02-14 16:42:40,9.8,19.1,8.1,267.8,20.0,214.24,5.0,50
FUL_003581,BK_003581,DRV_0051,VEH_0051,2026-03-10 02:31:27,2026-03-10 02:35:57,2026-03-10 02:38:13,2026-03-10 03:21:31,4.5,43.3,19.9,403.6,20.0,322.88,5.0,30
FUL_003582,BK_003582,DRV_0258,VEH_0258,2026-03-09 08:16:39,2026-03-09 08:27:15,2026-03-09 08:30:43,2026-03-09 09:03:55,10.6,33.2,18.1,869.44,20.0,695.55,5.0,20
FUL_003583,BK_003583,DRV_0119,VEH_0119,2026-02-12 12:09:52,2026-02-12 12:15:58,2026-02-12 12:17:22,2026-02-12 12:47:34,6.1,30.2,22.3,605.8,20.0,484.64,4.0,30
FUL_003584,BK_003584,DRV_0130,VEH_0130,2026-03-13 06:38:29,2026-03-13 06:43:17,2026-03-13 06:46:09,2026-03-13 07:04:03,4.8,17.9,11.4,353.6,20.0,282.88,5.0,0
FUL_003585,BK_003585,DRV_0270,VEH_0270,2026-02-23 04:09:05,2026-02-23 04:17:53,2026-02-23 04:20:42,2026-02-23 04:55:48,8.8,35.1,15.8,251.76,20.0,201.41,5.0,0
FUL_003587,BK_003587,DRV_0224,VEH_0224,2026-02-14 09:44:56,2026-02-14 09:53:08,2026-02-14 09:55:19,2026-02-14 10:21:01,8.2,25.7,12.1,430.56,20.0,344.45,5.0,20
FUL_003590,BK_003590,DRV_0040,VEH_0040,2026-02-08 14:29:00,2026-02-08 14:41:24,2026-02-08 14:44:39,2026-02-08 15:29:27,12.4,44.8,21.7,418.0,20.0,334.4,4.0,0
FUL_003591,BK_003591,DRV_0051,VEH_0051,2026-03-07 08:10:18,2026-03-07 08:13:06,2026-03-07 08:14:14,2026-03-07 08:21:08,2.8,6.9,2.9,131.6,20.0,105.28,5.0,0
FUL_003592,BK_003592,DRV_0202,VEH_0202,2026-02-03 03:19:39,2026-02-03 03:33:33,2026-02-03 03:37:09,2026-02-03 04:12:57,13.9,35.8,16.5,599.04,20.0,479.23,5.0,0
FUL_003594,BK_003594,DRV_0319,VEH_0319,2026-03-07 16:24:49,2026-03-07 16:27:25,2026-03-07 16:30:08,2026-03-07 16:38:14,2.6,8.1,5.6,243.36,20.0,194.69,4.0,0
FUL_003596,BK_003596,DRV_0097,VEH_0097,2026-02-23 01:24:43,2026-02-23 01:36:07,2026-02-23 01:37:52,2026-02-23 02:19:40,11.4,41.8,27.2,845.6,20.0,676.48,5.0,50
FUL_003597,BK_003597,DRV_0108,VEH_0108,2026-03-04 14:56:05,2026-03-04 14:58:17,2026-03-04 15:00:09,2026-03-04 15:22:03,2.2,21.9,10.1,347.2,20.0,277.76,5.0,10
FUL_003598,BK_003598,DRV_0248,VEH_0248,2026-03-03 20:45:38,2026-03-03 20:53:02,2026-03-03 20:56:28,2026-03-03 21:19:40,7.4,23.2,16.5,464.24,20.0,371.39,5.0,0
FUL_003600,BK_003600,DRV_0001,VEH_0001,2026-02-28 19:19:14,2026-02-28 19:28:14,2026-02-28 19:29:16,2026-02-28 19:42:22,9.0,13.1,6.6,430.56,20.0,344.45,4.0,0
FUL_003601,BK_003601,DRV_0129,VEH_0129,2026-02-22 14:28:32,2026-02-22 14:38:32,2026-02-22 14:40:35,2026-02-22 15:00:23,10.0,19.8,8.8,128.2,20.0,102.56,5.0,30
FUL_003602,BK_003602,DRV_0211,VEH_0211,2026-02-22 12:52:02,2026-02-22 12:56:26,2026-02-22 12:57:41,2026-02-22 13:38:23,4.4,40.7,17.5,551.98,20.0,441.58,5.0,0
FUL_003603,BK_003603,DRV_0206,VEH_0206,2026-02-10 08:08:08,2026-02-10 08:13:26,2026-02-10 08:16:43,2026-02-10 08:57:13,5.3,40.5,26.3,491.96,20.0,393.57,3.0,0
FUL_003604,BK_003604,DRV_0258,VEH_0258,2026-02-05 09:53:24,2026-02-05 10:04:24,2026-02-05 10:07:28,2026-02-05 10:44:40,11.0,37.2,15.7,988.26,20.0,790.61,5.0,0
FUL_003605,BK_003605,DRV_0019,VEH_0019,2026-02-02 01:14:54,2026-02-02 01:25:12,2026-02-02 01:26:33,2026-02-02 02:38:57,10.3,72.4,30.1,964.08,20.0,771.26,5.0,0
FUL_003607,BK_003607,DRV_0320,VEH_0320,2026-02-08 22:20:32,2026-02-08 22:33:08,2026-02-08 22:36:11,2026-02-08 23:10:29,12.6,34.3,22.6,639.6,20.0,511.68,5.0,0
FUL_003608,BK_003608,DRV_0252,VEH_0252,2026-03-05 15:43:55,2026-03-05 15:52:31,2026-03-05 15:56:30,2026-03-05 16:23:06,8.6,26.6,11.5,250.6,20.0,200.48,5.0,50
FUL_003609,BK_003609,DRV_0176,VEH_0176,2026-02-01 13:07:24,2026-02-01 13:13:18,2026-02-01 13:14:25,2026-02-01 13:24:37,5.9,10.2,5.2,139.04,20.0,111.23,5.0,0
FUL_003610,BK_003610,DRV_0117,VEH_0117,2026-02-06 02:55:39,2026-02-06 03:05:27,2026-02-06 03:08:09,2026-02-06 03:21:57,9.8,13.8,6.6,267.96,20.0,214.37,5.0,0
FUL_003612,BK_003612,DRV_0120,VEH_0120,2026-03-16 01:59:16,2026-03-16 02:08:34,2026-03-16 02:10:52,2026-03-16 02:32:22,9.3,21.5,12.7,266.8,20.0,213.44,5.0,0
FUL_003613,BK_003613,DRV_0003,VEH_0003,2026-03-05 12:41:44,2026-03-05 12:46:14,2026-03-05 12:47:37,2026-03-05 13:32:37,4.5,45.0,26.4,733.2,20.0,586.56,4.0,0
FUL_003614,BK_003614,DRV_0301,VEH_0301,2026-02-09 00:47:24,2026-02-09 00:53:00,2026-02-09 00:55:48,2026-02-09 01:05:30,5.6,9.7,6.0,154.88,20.0,123.9,5.0,10
FUL_003617,BK_003617,DRV_0006,VEH_0006,2026-02-15 05:09:23,2026-02-15 05:19:29,2026-02-15 05:21:35,2026-02-15 06:02:11,10.1,40.6,18.3,231.4,20.0,185.12,5.0,20
FUL_003620,BK_003620,DRV_0015,VEH_0015,2026-02-22 14:00:44,2026-02-22 14:13:14,2026-02-22 14:16:06,2026-02-22 14:51:12,12.5,35.1,25.0,691.6,20.0,553.28,4.0,0
FUL_003623,BK_003623,DRV_0286,VEH_0286,2026-03-15 02:11:14,2026-03-15 02:17:56,2026-03-15 02:20:14,2026-03-15 02:53:26,6.7,33.2,17.7,365.8,20.0,292.64,5.0,10
FUL_003624,BK_003624,DRV_0201,VEH_0201,2026-03-10 02:31:48,2026-03-10 02:43:24,2026-03-10 02:45:31,2026-03-10 02:55:31,11.6,10.0,5.1,146.96,20.0,117.57,4.0,0
FUL_003625,BK_003625,DRV_0183,VEH_0183,2026-02-04 04:32:30,2026-02-04 04:41:36,2026-02-04 04:44:42,2026-02-04 05:41:30,9.1,56.8,23.0,463.0,20.0,370.4,5.0,0
FUL_003626,BK_003626,DRV_0167,VEH_0167,2026-03-07 19:16:29,2026-03-07 19:19:53,2026-03-07 19:21:45,2026-03-07 19:43:45,3.4,22.0,9.1,235.92,20.0,188.74,5.0,0
FUL_003629,BK_003629,DRV_0172,VEH_0172,2026-02-07 17:11:29,2026-02-07 17:23:05,2026-02-07 17:25:18,2026-02-07 18:12:30,11.6,47.2,28.8,1301.28,20.0,1041.02,2.0,30
FUL_003630,BK_003630,DRV_0202,VEH_0202,2026-02-24 21:35:09,2026-02-24 21:39:57,2026-02-24 21:41:40,2026-02-24 22:51:28,4.8,69.8,28.5,1903.2,20.0,1522.56,2.0,20
FUL_003631,BK_003631,DRV_0296,VEH_0296,2026-02-02 23:09:08,2026-02-02 23:21:20,2026-02-02 23:23:20,2026-02-02 23:52:20,12.2,29.0,13.8,183.4,20.0,146.72,5.0,0
FUL_003632,BK_003632,DRV_0142,VEH_0142,2026-03-09 18:30:30,2026-03-09 18:37:24,2026-03-09 18:40:45,2026-03-09 19:04:03,6.9,23.3,10.8,276.12,20.0,220.9,4.0,10
FUL_003633,BK_003633,DRV_0040,VEH_0040,2026-02-09 00:20:22,2026-02-09 00:32:58,2026-02-09 00:36:27,2026-02-09 01:16:03,12.6,39.6,24.8,546.96,20.0,437.57,5.0,20
FUL_003634,BK_003634,DRV_0073,VEH_0073,2026-02-25 04:09:51,2026-02-25 04:16:27,2026-02-25 04:17:50,2026-02-25 04:56:26,6.6,38.6,24.1,742.0,20.0,593.6,4.0,30
FUL_003636,BK_003636,DRV_0248,VEH_0248,2026-02-11 14:49:21,2026-02-11 14:53:03,2026-02-11 14:54:20,2026-02-11 15:22:08,3.7,27.8,15.1,317.2,20.0,253.76,5.0,10
FUL_003637,BK_003637,DRV_0050,VEH_0050,2026-03-16 20:45:23,2026-03-16 20:50:11,2026-03-16 20:52:40,2026-03-16 21:29:46,4.8,37.1,25.9,848.64,20.0,678.91,5.0,0
FUL_003638,BK_003638,DRV_0019,VEH_0019,2026-02-11 20:03:27,2026-02-11 20:08:03,2026-02-11 20:11:09,2026-02-11 20:23:21,4.6,12.2,7.7,305.76,20.0,244.61,5.0,0
FUL_003639,BK_003639,DRV_0190,VEH_0190,2026-02-13 17:19:30,2026-02-13 17:25:06,2026-02-13 17:28:29,2026-02-13 17:50:53,5.6,22.4,12.2,667.52,20.0,534.02,5.0,0
FUL_003640,BK_003640,DRV_0137,VEH_0137,2026-02-20 08:31:22,2026-02-20 08:36:28,2026-02-20 08:39:19,2026-02-20 09:01:49,5.1,22.5,8.6,420.42,20.0,336.34,5.0,0
FUL_003641,BK_003641,DRV_0047,VEH_0047,2026-03-12 08:10:28,2026-03-12 08:17:10,2026-03-12 08:20:20,2026-03-12 08:47:20,6.7,27.0,14.8,814.32,20.0,651.46,5.0,0
FUL_003643,BK_003643,DRV_0154,VEH_0154,2026-02-11 13:13:02,2026-02-11 13:20:20,2026-02-11 13:23:53,2026-02-11 14:18:47,7.3,54.9,27.1,504.4,20.0,403.52,5.0,0
FUL_003645,BK_003645,DRV_0180,VEH_0180,2026-03-16 12:01:35,2026-03-16 12:13:59,2026-03-16 12:15:11,2026-03-16 13:02:41,12.4,47.5,26.4,352.6,20.0,282.08,5.0,30
FUL_003646,BK_003646,DRV_0080,VEH_0080,2026-02-12 07:12:01,2026-02-12 07:23:25,2026-02-12 07:26:08,2026-02-12 07:34:02,11.4,7.9,5.2,144.98,20.0,115.98,5.0,0
FUL_003648,BK_003648,DRV_0171,VEH_0171,2026-02-18 17:33:05,2026-02-18 17:39:47,2026-02-18 17:42:09,2026-02-18 17:52:51,6.7,10.7,5.4,206.88,20.0,165.5,3.0,0
FUL_003650,BK_003650,DRV_0262,VEH_0262,2026-03-08 01:48:38,2026-03-08 02:00:14,2026-03-08 02:03:53,2026-03-08 02:39:41,11.6,35.8,16.0,498.4,20.0,398.72,5.0,20
FUL_003652,BK_003652,DRV_0266,VEH_0266,2026-02-04 05:38:21,2026-02-04 05:49:15,2026-02-04 05:50:49,2026-02-04 06:44:55,10.9,54.1,19.8,318.0,20.0,254.4,5.0,0
FUL_003653,BK_003653,DRV_0075,VEH_0075,2026-02-11 02:54:45,2026-02-11 02:59:21,2026-02-11 03:02:05,2026-02-11 03:38:59,4.6,36.9,20.2,409.0,20.0,327.2,5.0,10
FUL_003655,BK_003655,DRV_0001,VEH_0001,2026-02-20 22:35:25,2026-02-20 22:43:19,2026-02-20 22:46:20,2026-02-20 22:56:14,7.9,9.9,6.5,228.8,20.0,183.04,5.0,0
FUL_003657,BK_003657,DRV_0113,VEH_0113,2026-03-13 08:11:08,2026-03-13 08:14:08,2026-03-13 08:17:14,2026-03-13 08:42:14,3.0,25.0,12.6,667.52,20.0,534.02,2.0,0
FUL_003658,BK_003658,DRV_0254,VEH_0254,2026-02-09 16:18:53,2026-02-09 16:32:05,2026-02-09 16:35:26,2026-02-09 17:10:50,13.2,35.4,21.8,333.84,20.0,267.07,5.0,10
FUL_003659,BK_003659,DRV_0161,VEH_0161,2026-03-03 19:34:56,2026-03-03 19:46:56,2026-03-03 19:50:19,2026-03-03 19:58:25,12.0,8.1,5.1,468.0,20.0,374.4,5.0,50
FUL_003661,BK_003661,DRV_0229,VEH_0229,2026-02-21 08:41:28,2026-02-21 08:44:52,2026-02-21 08:47:35,2026-02-21 09:33:41,3.4,46.1,24.2,1617.0,20.0,1293.6,3.0,0
FUL_003663,BK_003663,DRV_0009,VEH_0009,2026-03-15 19:57:15,2026-03-15 20:05:39,2026-03-15 20:08:42,2026-03-15 20:32:06,8.4,23.4,10.1,354.88,20.0,283.9,5.0,0
FUL_003664,BK_003664,DRV_0142,VEH_0142,2026-02-23 03:57:16,2026-02-23 04:02:10,2026-02-23 04:04:07,2026-02-23 04:12:01,4.9,7.9,3.7,69.4,20.0,55.52,5.0,0
FUL_003665,BK_003665,DRV_0197,VEH_0197,2026-03-12 15:07:26,2026-03-12 15:14:26,2026-03-12 15:16:53,2026-03-12 15:32:59,7.0,16.1,10.6,396.24,20.0,316.99,5.0,50
FUL_003667,BK_003667,DRV_0233,VEH_0233,2026-02-22 10:18:42,2026-02-22 10:29:18,2026-02-22 10:31:21,2026-02-22 10:40:33,10.6,9.2,5.5,252.72,20.0,202.18,5.0,30
FUL_003668,BK_003668,DRV_0022,VEH_0022,2026-03-17 19:40:13,2026-03-17 19:51:19,2026-03-17 19:54:53,2026-03-17 20:03:53,11.1,9.0,6.2,542.88,20.0,434.3,5.0,0
FUL_003670,BK_003670,DRV_0094,VEH_0094,2026-03-06 08:09:38,2026-03-06 08:11:56,2026-03-06 08:13:16,2026-03-06 08:45:52,2.3,32.6,15.8,570.96,20.0,456.77,4.0,0
FUL_003671,BK_003671,DRV_0017,VEH_0017,2026-02-10 01:47:16,2026-02-10 01:57:46,2026-02-10 02:00:52,2026-02-10 02:15:46,10.5,14.9,6.0,249.48,20.0,199.58,5.0,0
FUL_003672,BK_003672,DRV_0115,VEH_0115,2026-02-24 21:21:14,2026-02-24 21:33:56,2026-02-24 21:36:22,2026-02-24 22:25:40,12.7,49.3,24.6,994.98,20.0,795.98,5.0,10
FUL_003674,BK_003674,DRV_0023,VEH_0023,2026-03-17 12:18:15,2026-03-17 12:30:39,2026-03-17 12:34:27,2026-03-17 13:24:27,12.4,50.0,25.6,600.96,20.0,480.77,5.0,50
FUL_003675,BK_003675,DRV_0227,VEH_0227,2026-03-10 15:23:37,2026-03-10 15:28:55,2026-03-10 15:31:15,2026-03-10 15:41:57,5.3,10.7,4.8,82.6,20.0,66.08,5.0,20
FUL_003676,BK_003676,DRV_0305,VEH_0305,2026-02-07 19:42:28,2026-02-07 19:45:28,2026-02-07 19:47:52,2026-02-07 20:39:10,3.0,51.3,27.6,1191.68,20.0,953.34,1.0,0
FUL_003681,BK_003681,DRV_0252,VEH_0252,2026-02-10 18:33:06,2026-02-10 18:45:24,2026-02-10 18:48:42,2026-02-10 19:11:42,12.3,23.0,10.8,383.68,20.0,306.94,5.0,0
FUL_003682,BK_003682,DRV_0311,VEH_0311,2026-03-01 20:37:21,2026-03-01 20:45:45,2026-03-01 20:49:14,2026-03-01 21:26:50,8.4,37.6,19.6,809.76,20.0,647.81,5.0,0
FUL_003685,BK_003685,DRV_0234,VEH_0234,2026-02-13 05:14:01,2026-02-13 05:24:37,2026-02-13 05:27:18,2026-02-13 05:43:36,10.6,16.3,12.1,421.96,20.0,337.57,5.0,20
FUL_003687,BK_003687,DRV_0086,VEH_0086,2026-02-03 12:50:21,2026-02-03 12:52:57,2026-02-03 12:56:06,2026-02-03 13:02:42,2.6,6.6,4.6,122.8,20.0,98.24,2.0,20
FUL_003688,BK_003688,DRV_0150,VEH_0150,2026-03-04 09:35:34,2026-03-04 09:44:16,2026-03-04 09:45:57,2026-03-04 10:03:33,8.7,17.6,9.8,585.0,20.0,468.0,1.0,0
FUL_003689,BK_003689,DRV_0160,VEH_0160,2026-02-19 00:14:30,2026-02-19 00:22:42,2026-02-19 00:23:43,2026-02-19 01:04:37,8.2,40.9,19.3,712.32,20.0,569.86,4.0,50
FUL_003690,BK_003690,DRV_0318,VEH_0318,2026-03-13 20:54:33,2026-03-13 21:02:15,2026-03-13 21:05:57,2026-03-13 21:28:15,7.7,22.3,9.3,503.36,20.0,402.69,5.0,10
FUL_003691,BK_003691,DRV_0017,VEH_0017,2026-02-17 01:46:18,2026-02-17 01:55:12,2026-02-17 01:57:36,2026-02-17 02:39:24,8.9,41.8,17.5,692.16,20.0,553.73,5.0,30
FUL_003692,BK_003692,DRV_0310,VEH_0310,2026-02-24 02:21:53,2026-02-24 02:28:35,2026-02-24 02:32:27,2026-02-24 02:48:21,6.7,15.9,6.9,299.52,20.0,239.62,5.0,10
FUL_003694,BK_003694,DRV_0048,VEH_0048,2026-02-02 23:34:32,2026-02-02 23:44:14,2026-02-02 23:46:45,2026-02-03 00:15:45,9.7,29.0,11.5,361.4,20.0,289.12,5.0,20
FUL_003695,BK_003695,DRV_0101,VEH_0101,2026-03-03 16:57:15,2026-03-03 17:08:27,2026-03-03 17:12:01,2026-03-03 18:06:55,11.2,54.9,28.9,803.4,20.0,642.72,5.0,0
FUL_003696,BK_003696,DRV_0266,VEH_0266,2026-02-08 11:03:14,2026-02-08 11:11:20,2026-02-08 11:13:11,2026-02-08 11:20:47,8.1,7.6,3.3,152.16,20.0,121.73,5.0,10
FUL_003698,BK_003698,DRV_0269,VEH_0269,2026-02-12 07:05:22,2026-02-12 07:16:22,2026-02-12 07:19:00,2026-02-12 08:09:12,11.0,50.2,26.6,586.52,20.0,469.22,5.0,10
FUL_003699,BK_003699,DRV_0123,VEH_0123,2026-02-07 13:23:25,2026-02-07 13:27:13,2026-02-07 13:31:04,2026-02-07 13:41:04,3.8,10.0,5.0,128.2,20.0,102.56,5.0,0
FUL_003700,BK_003700,DRV_0073,VEH_0073,2026-02-22 23:12:57,2026-02-22 23:20:33,2026-02-22 23:23:32,2026-02-22 23:41:44,7.6,18.2,9.1,399.84,20.0,319.87,5.0,0
FUL_003702,BK_003702,DRV_0303,VEH_0303,2026-03-10 00:50:31,2026-03-10 00:56:07,2026-03-10 00:58:16,2026-03-10 01:15:28,5.6,17.2,8.3,300.3,20.0,240.24,4.0,0
FUL_003703,BK_003703,DRV_0233,VEH_0233,2026-02-25 07:04:16,2026-02-25 07:15:52,2026-02-25 07:16:54,2026-02-25 07:41:18,11.6,24.4,16.3,478.4,20.0,382.72,5.0,50
FUL_003705,BK_003705,DRV_0068,VEH_0068,2026-02-15 03:55:25,2026-02-15 04:06:49,2026-02-15 04:10:15,2026-02-15 04:42:39,11.4,32.4,22.4,634.4,20.0,507.52,4.0,0
FUL_003706,BK_003706,DRV_0189,VEH_0189,2026-03-17 15:54:03,2026-03-17 16:03:51,2026-03-17 16:07:19,2026-03-17 16:38:13,9.8,30.9,17.9,386.54,20.0,309.23,4.0,0
FUL_003707,BK_003707,DRV_0211,VEH_0211,2026-02-11 06:59:57,2026-02-11 07:11:27,2026-02-11 07:12:57,2026-02-11 07:33:03,11.5,20.1,14.1,410.8,20.0,328.64,4.0,50
FUL_003709,BK_003709,DRV_0027,VEH_0027,2026-03-07 08:59:00,2026-03-07 09:05:36,2026-03-07 09:08:53,2026-03-07 09:39:29,6.6,30.6,17.0,313.88,20.0,251.1,5.0,30
FUL_003711,BK_003711,DRV_0303,VEH_0303,2026-03-08 05:56:05,2026-03-08 06:03:05,2026-03-08 06:04:15,2026-03-08 06:19:15,7.0,15.0,7.7,260.0,20.0,208.0,4.0,20
FUL_003712,BK_003712,DRV_0117,VEH_0117,2026-02-09 13:40:59,2026-02-09 13:43:35,2026-02-09 13:46:38,2026-02-09 13:55:02,2.6,8.4,5.6,249.48,20.0,199.58,5.0,0
FUL_003714,BK_003714,DRV_0238,VEH_0238,2026-02-20 21:04:05,2026-02-20 21:15:23,2026-02-20 21:19:10,2026-02-20 21:46:10,11.3,27.0,16.3,790.4,20.0,632.32,5.0,0
FUL_003716,BK_003716,DRV_0165,VEH_0165,2026-02-21 14:38:15,2026-02-21 14:43:09,2026-02-21 14:46:35,2026-02-21 15:21:53,4.9,35.3,14.9,552.24,20.0,441.79,5.0,0
FUL_003717,BK_003717,DRV_0085,VEH_0085,2026-03-08 18:23:45,2026-03-08 18:28:57,2026-03-08 18:30:04,2026-03-08 19:22:16,5.2,52.2,24.5,1081.92,20.0,865.54,5.0,20
FUL_003718,BK_003718,DRV_0051,VEH_0051,2026-03-10 07:49:19,2026-03-10 07:51:31,2026-03-10 07:53:34,2026-03-10 08:02:40,2.2,9.1,3.9,115.28,20.0,92.22,5.0,30
FUL_003719,BK_003719,DRV_0130,VEH_0130,2026-02-28 22:31:53,2026-02-28 22:39:59,2026-02-28 22:42:43,2026-02-28 23:23:25,8.1,40.7,18.3,553.8,20.0,443.04,2.0,30
FUL_003721,BK_003721,DRV_0208,VEH_0208,2026-02-18 02:43:42,2026-02-18 02:47:00,2026-02-18 02:50:47,2026-02-18 03:23:41,3.3,32.9,15.2,523.6,20.0,418.88,5.0,0
FUL_003722,BK_003722,DRV_0242,VEH_0242,2026-02-13 17:57:17,2026-02-13 18:00:35,2026-02-13 18:02:10,2026-02-13 18:32:10,3.3,30.0,16.2,536.32,20.0,429.06,5.0,10
FUL_003723,BK_003723,DRV_0137,VEH_0137,2026-02-09 07:17:50,2026-02-09 07:31:44,2026-02-09 07:34:05,2026-02-09 07:51:17,13.9,17.2,7.1,192.72,20.0,154.18,2.0,50
FUL_003724,BK_003724,DRV_0044,VEH_0044,2026-03-03 08:07:06,2026-03-03 08:09:36,2026-03-03 08:11:29,2026-03-03 08:17:35,2.5,6.1,3.8,83.28,20.0,66.62,5.0,50
FUL_003725,BK_003725,DRV_0093,VEH_0093,2026-03-01 18:53:16,2026-03-01 19:00:52,2026-03-01 19:03:07,2026-03-01 19:43:37,7.6,40.5,26.5,934.08,20.0,747.26,5.0,0
FUL_003726,BK_003726,DRV_0269,VEH_0269,2026-02-06 12:31:01,2026-02-06 12:37:37,2026-02-06 12:41:12,2026-02-06 13:27:24,6.6,46.2,19.6,447.6,20.0,358.08,4.0,0
FUL_003727,BK_003727,DRV_0300,VEH_0300,2026-03-05 09:17:43,2026-03-05 09:24:01,2026-03-05 09:27:26,2026-03-05 09:55:44,6.3,28.3,10.8,276.96,20.0,221.57,5.0,0
FUL_003728,BK_003728,DRV_0080,VEH_0080,2026-03-16 20:09:29,2026-03-16 20:12:35,2026-03-16 20:15:38,2026-03-16 20:53:44,3.1,38.1,15.8,510.4,20.0,408.32,5.0,30
FUL_003729,BK_003729,DRV_0238,VEH_0238,2026-03-03 06:26:36,2026-03-03 06:30:42,2026-03-03 06:32:56,2026-03-03 07:14:38,4.1,41.7,27.6,761.8,20.0,609.44,4.0,0
FUL_003731,BK_003731,DRV_0149,VEH_0149,2026-02-18 00:12:27,2026-02-18 00:23:03,2026-02-18 00:26:38,2026-02-18 00:43:38,10.6,17.0,9.1,357.28,20.0,285.82,5.0,0
FUL_003734,BK_003734,DRV_0060,VEH_0060,2026-02-21 19:36:20,2026-02-21 19:40:26,2026-02-21 19:44:19,2026-02-21 19:54:55,4.1,10.6,5.5,221.28,20.0,177.02,5.0,10
FUL_003735,BK_003735,DRV_0043,VEH_0043,2026-02-06 01:13:15,2026-02-06 01:15:27,2026-02-06 01:16:38,2026-02-06 01:41:56,2.2,25.3,16.6,233.42,20.0,186.74,5.0,0
FUL_003736,BK_003736,DRV_0010,VEH_0010,2026-02-13 19:46:26,2026-02-13 19:57:08,2026-02-13 20:00:49,2026-02-13 20:14:55,10.7,14.1,9.6,427.98,20.0,342.38,5.0,0
FUL_003738,BK_003738,DRV_0198,VEH_0198,2026-03-16 12:16:54,2026-03-16 12:24:00,2026-03-16 12:26:43,2026-03-16 12:57:31,7.1,30.8,13.1,261.4,20.0,209.12,5.0,0
FUL_003739,BK_003739,DRV_0190,VEH_0190,2026-03-01 12:21:30,2026-03-01 12:24:48,2026-03-01 12:27:20,2026-03-01 12:52:08,3.3,24.8,15.8,545.16,20.0,436.13,5.0,0
FUL_003740,BK_003740,DRV_0079,VEH_0079,2026-03-16 04:08:09,2026-03-16 04:11:39,2026-03-16 04:14:03,2026-03-16 04:56:15,3.5,42.2,25.7,839.28,20.0,671.42,5.0,0
FUL_003742,BK_003742,DRV_0263,VEH_0263,2026-03-03 23:22:13,2026-03-03 23:35:13,2026-03-03 23:38:35,2026-03-04 00:09:05,13.0,30.5,21.6,326.64,20.0,261.31,5.0,50
FUL_003743,BK_003743,DRV_0300,VEH_0300,2026-02-23 13:42:19,2026-02-23 13:44:31,2026-02-23 13:48:13,2026-02-23 14:05:19,2.2,17.1,8.5,204.38,20.0,163.5,5.0,0
FUL_003745,BK_003745,DRV_0251,VEH_0251,2026-02-26 20:17:12,2026-02-26 20:22:12,2026-02-26 20:25:39,2026-02-26 21:01:09,5.0,35.5,23.8,1430.52,20.0,1144.42,4.0,0
FUL_003746,BK_003746,DRV_0126,VEH_0126,2026-03-17 12:49:15,2026-03-17 12:58:57,2026-03-17 13:01:29,2026-03-17 13:13:11,9.7,11.7,6.2,106.7,20.0,85.36,5.0,0
FUL_003747,BK_003747,DRV_0247,VEH_0247,2026-02-16 10:28:20,2026-02-16 10:36:38,2026-02-16 10:38:16,2026-02-16 11:07:28,8.3,29.2,17.9,1063.44,20.0,850.75,5.0,0
FUL_003748,BK_003748,DRV_0053,VEH_0053,2026-02-07 01:09:54,2026-02-07 01:15:24,2026-02-07 01:16:38,2026-02-07 01:34:32,5.5,17.9,11.5,163.0,20.0,130.4,4.0,0
FUL_003749,BK_003749,DRV_0069,VEH_0069,2026-02-23 11:00:35,2026-02-23 11:06:05,2026-02-23 11:08:40,2026-02-23 11:52:46,5.5,44.1,21.4,497.28,20.0,397.82,5.0,0
FUL_003751,BK_003751,DRV_0237,VEH_0237,2026-02-24 06:05:22,2026-02-24 06:08:22,2026-02-24 06:11:30,2026-02-24 06:27:54,3.0,16.4,6.6,312.48,20.0,249.98,4.0,30
FUL_003752,BK_003752,DRV_0050,VEH_0050,2026-02-04 02:50:29,2026-02-04 02:52:35,2026-02-04 02:55:56,2026-02-04 03:22:02,2.1,26.1,16.3,570.96,20.0,456.77,5.0,0
FUL_003753,BK_003753,DRV_0013,VEH_0013,2026-03-12 16:21:28,2026-03-12 16:35:22,2026-03-12 16:38:06,2026-03-12 16:50:54,13.9,12.8,6.4,186.24,20.0,148.99,5.0,10
FUL_003755,BK_003755,DRV_0225,VEH_0225,2026-02-19 19:19:38,2026-02-19 19:33:08,2026-02-19 19:36:42,2026-02-19 19:51:54,13.5,15.2,10.3,360.64,20.0,288.51,5.0,30
FUL_003756,BK_003756,DRV_0251,VEH_0251,2026-03-03 02:24:03,2026-03-03 02:28:27,2026-03-03 02:30:59,2026-03-03 02:43:23,4.4,12.4,7.7,286.0,20.0,228.8,5.0,0
FUL_003757,BK_003757,DRV_0108,VEH_0108,2026-02-10 18:03:15,2026-02-10 18:06:03,2026-02-10 18:08:44,2026-02-10 19:00:02,2.8,51.3,25.6,1272.32,20.0,1017.86,5.0,0
FUL_003758,BK_003758,DRV_0302,VEH_0302,2026-03-11 16:03:41,2026-03-11 16:08:53,2026-03-11 16:10:48,2026-03-11 16:43:30,5.2,32.7,15.6,520.52,20.0,416.42,4.0,30
FUL_003759,BK_003759,DRV_0015,VEH_0015,2026-02-11 02:00:40,2026-02-11 02:14:16,2026-02-11 02:17:28,2026-02-11 03:01:34,13.6,44.1,17.7,514.8,20.0,411.84,5.0,30
FUL_003761,BK_003761,DRV_0065,VEH_0065,2026-02-14 20:50:50,2026-02-14 21:04:38,2026-02-14 21:06:20,2026-02-14 21:52:44,13.8,46.4,26.3,682.5,20.0,546.0,5.0,0
FUL_003763,BK_003763,DRV_0134,VEH_0134,2026-02-07 00:49:01,2026-02-07 00:56:55,2026-02-07 01:00:16,2026-02-07 01:15:10,7.9,14.9,6.3,148.0,20.0,118.4,3.0,0
FUL_003764,BK_003764,DRV_0127,VEH_0127,2026-02-24 11:59:37,2026-02-24 12:12:07,2026-02-24 12:15:23,2026-02-24 12:21:47,12.5,6.4,2.6,134.88,20.0,107.9,3.0,0
FUL_003765,BK_003765,DRV_0057,VEH_0057,2026-02-20 02:41:28,2026-02-20 02:48:40,2026-02-20 02:51:08,2026-02-20 03:15:08,7.2,24.0,14.9,509.08,20.0,407.26,5.0,0
FUL_003766,BK_003766,DRV_0151,VEH_0151,2026-02-26 23:07:25,2026-02-26 23:20:19,2026-02-26 23:22:03,2026-02-27 00:04:09,12.9,42.1,22.5,283.0,20.0,226.4,5.0,50
FUL_003769,BK_003769,DRV_0177,VEH_0177,2026-02-25 15:37:27,2026-02-25 15:44:15,2026-02-25 15:46:22,2026-02-25 16:03:52,6.8,17.5,9.5,218.2,20.0,174.56,5.0,10
FUL_003770,BK_003770,DRV_0100,VEH_0100,2026-03-17 10:32:32,2026-03-17 10:37:32,2026-03-17 10:41:06,2026-03-17 11:00:00,5.0,18.9,8.8,719.04,20.0,575.23,5.0,0
FUL_003771,BK_003771,DRV_0152,VEH_0152,2026-02-08 11:11:32,2026-02-08 11:24:44,2026-02-08 11:28:04,2026-02-08 11:35:40,13.2,7.6,5.3,213.76,20.0,171.01,5.0,0
FUL_003772,BK_003772,DRV_0273,VEH_0273,2026-02-14 03:08:49,2026-02-14 03:11:43,2026-02-14 03:13:44,2026-02-14 03:37:44,2.9,24.0,14.0,187.0,20.0,149.6,5.0,20
FUL_003773,BK_003773,DRV_0150,VEH_0150,2026-02-09 06:53:49,2026-02-09 07:03:49,2026-02-09 07:07:04,2026-02-09 07:48:16,10.0,41.2,19.0,667.68,20.0,534.14,5.0,20
FUL_003774,BK_003774,DRV_0161,VEH_0161,2026-02-23 05:22:30,2026-02-23 05:33:24,2026-02-23 05:36:24,2026-02-23 06:17:06,10.9,40.7,15.5,462.8,20.0,370.24,5.0,0
FUL_003776,BK_003776,DRV_0152,VEH_0152,2026-02-08 18:14:29,2026-02-08 18:20:41,2026-02-08 18:24:27,2026-02-08 18:51:21,6.2,26.9,18.4,573.76,20.0,459.01,5.0,0
FUL_003777,BK_003777,DRV_0031,VEH_0031,2026-03-06 09:20:15,2026-03-06 09:29:57,2026-03-06 09:33:30,2026-03-06 10:01:18,9.7,27.8,16.0,256.08,20.0,204.86,5.0,0
FUL_003779,BK_003779,DRV_0052,VEH_0052,2026-02-23 14:26:17,2026-02-23 14:38:41,2026-02-23 14:41:25,2026-02-23 14:55:37,12.4,14.2,8.6,145.2,20.0,116.16,5.0,20
FUL_003780,BK_003780,DRV_0102,VEH_0102,2026-03-09 10:38:32,2026-03-09 10:50:38,2026-03-09 10:54:08,2026-03-09 11:06:32,12.1,12.4,7.3,631.68,20.0,505.34,4.0,0
FUL_003782,BK_003782,DRV_0020,VEH_0020,2026-02-22 19:19:23,2026-02-22 19:22:35,2026-02-22 19:23:54,2026-02-22 19:29:42,3.2,5.8,3.0,356.16,20.0,284.93,5.0,0
FUL_003783,BK_003783,DRV_0232,VEH_0232,2026-02-24 06:57:21,2026-02-24 07:05:51,2026-02-24 07:07:12,2026-02-24 07:56:24,8.5,49.2,25.2,823.68,20.0,658.94,5.0,30
FUL_003784,BK_003784,DRV_0284,VEH_0284,2026-03-17 02:38:50,2026-03-17 02:51:50,2026-03-17 02:53:08,2026-03-17 03:46:50,13.0,53.7,27.7,939.12,20.0,751.3,5.0,0
FUL_003785,BK_003785,DRV_0304,VEH_0304,2026-03-11 03:39:59,2026-03-11 03:49:23,2026-03-11 03:52:47,2026-03-11 04:07:11,9.4,14.4,9.5,386.4,20.0,309.12,5.0,30
FUL_003786,BK_003786,DRV_0164,VEH_0164,2026-03-04 15:13:27,2026-03-04 15:26:39,2026-03-04 15:29:42,2026-03-04 16:10:30,13.2,40.8,23.2,694.4,20.0,555.52,5.0,0
FUL_003788,BK_003788,DRV_0308,VEH_0308,2026-03-03 19:27:26,2026-03-03 19:36:38,2026-03-03 19:37:53,2026-03-03 19:44:23,9.2,6.5,4.0,423.36,20.0,338.69,5.0,20
FUL_003789,BK_003789,DRV_0214,VEH_0214,2026-03-10 07:57:15,2026-03-10 08:01:27,2026-03-10 08:03:14,2026-03-10 08:30:32,4.2,27.3,19.6,249.4,20.0,199.52,5.0,20
FUL_003790,BK_003790,DRV_0068,VEH_0068,2026-02-20 09:15:43,2026-02-20 09:24:13,2026-02-20 09:25:23,2026-02-20 10:35:05,8.5,69.7,28.1,1113.84,20.0,891.07,5.0,0
FUL_003792,BK_003792,DRV_0142,VEH_0142,2026-02-22 21:46:54,2026-02-22 21:55:30,2026-02-22 21:57:20,2026-02-22 22:29:26,8.6,32.1,13.4,248.36,20.0,198.69,3.0,0
FUL_003793,BK_003793,DRV_0067,VEH_0067,2026-03-13 18:46:26,2026-03-13 18:50:26,2026-03-13 18:52:15,2026-03-13 18:57:57,4.0,5.7,2.5,67.44,20.0,53.95,5.0,10
FUL_003794,BK_003794,DRV_0311,VEH_0311,2026-03-03 13:29:19,2026-03-03 13:39:07,2026-03-03 13:41:06,2026-03-03 13:52:54,9.8,11.8,6.0,168.96,20.0,135.17,5.0,20
FUL_003796,BK_003796,DRV_0167,VEH_0167,2026-02-02 13:15:23,2026-02-02 13:17:47,2026-02-02 13:18:48,2026-02-02 13:25:36,2.4,6.8,3.8,108.4,20.0,86.72,5.0,0
FUL_003797,BK_003797,DRV_0103,VEH_0103,2026-02-19 08:14:17,2026-02-19 08:25:23,2026-02-19 08:28:53,2026-02-19 08:57:11,11.1,28.3,12.2,480.24,20.0,384.19,5.0,20
FUL_003798,BK_003798,DRV_0071,VEH_0071,2026-02-13 21:44:22,2026-02-13 21:53:16,2026-02-13 21:55:35,2026-02-13 22:03:53,8.9,8.3,4.0,221.76,20.0,177.41,4.0,20
FUL_003799,BK_003799,DRV_0201,VEH_0201,2026-02-25 20:10:29,2026-02-25 20:15:47,2026-02-25 20:18:51,2026-02-25 20:32:15,5.3,13.4,8.0,334.44,20.0,267.55,5.0,20
FUL_003800,BK_003800,DRV_0149,VEH_0149,2026-02-12 21:43:20,2026-02-12 21:46:38,2026-02-12 21:48:04,2026-02-12 22:01:10,3.3,13.1,9.3,682.08,20.0,545.66,5.0,0
FUL_003801,BK_003801,DRV_0145,VEH_0145,2026-03-05 08:06:14,2026-03-05 08:08:44,2026-03-05 08:12:10,2026-03-05 08:31:10,2.5,19.0,7.4,402.72,20.0,322.18,5.0,50
FUL_003802,BK_003802,DRV_0200,VEH_0200,2026-03-17 03:50:29,2026-03-17 03:53:29,2026-03-17 03:56:42,2026-03-17 04:14:06,3.0,17.4,11.6,383.6,20.0,306.88,5.0,50
FUL_003803,BK_003803,DRV_0060,VEH_0060,2026-03-13 10:09:19,2026-03-13 10:21:37,2026-03-13 10:23:32,2026-03-13 11:00:20,12.3,36.8,17.0,360.64,20.0,288.51,4.0,0
FUL_003804,BK_003804,DRV_0274,VEH_0274,2026-03-09 20:42:26,2026-03-09 20:46:38,2026-03-09 20:48:24,2026-03-09 21:27:00,4.2,38.6,26.0,1160.64,20.0,928.51,4.0,50
FUL_003806,BK_003806,DRV_0184,VEH_0184,2026-02-16 11:36:36,2026-02-16 11:46:24,2026-02-16 11:50:10,2026-02-16 12:15:40,9.8,25.5,10.3,369.28,20.0,295.42,5.0,50
FUL_003807,BK_003807,DRV_0243,VEH_0243,2026-03-14 05:46:34,2026-03-14 05:58:46,2026-03-14 06:01:41,2026-03-14 06:52:41,12.2,51.0,23.5,315.26,20.0,252.21,5.0,20
FUL_003808,BK_003808,DRV_0043,VEH_0043,2026-02-19 15:42:02,2026-02-19 15:53:08,2026-02-19 15:56:31,2026-02-19 16:06:37,11.1,10.1,5.1,87.4,20.0,69.92,5.0,0
FUL_003809,BK_003809,DRV_0084,VEH_0084,2026-03-13 01:05:08,2026-03-13 01:12:08,2026-03-13 01:13:45,2026-03-13 01:56:03,7.0,42.3,29.4,800.8,20.0,640.64,5.0,30
FUL_003810,BK_003810,DRV_0105,VEH_0105,2026-03-01 21:18:19,2026-03-01 21:21:07,2026-03-01 21:24:48,2026-03-01 22:25:24,2.8,60.6,26.7,875.52,20.0,700.42,5.0,20
FUL_003813,BK_003813,DRV_0248,VEH_0248,2026-02-13 18:50:13,2026-02-13 18:53:19,2026-02-13 18:57:05,2026-02-13 19:18:11,3.1,21.1,15.5,731.04,20.0,584.83,5.0,0
FUL_003814,BK_003814,DRV_0134,VEH_0134,2026-02-14 16:15:26,2026-02-14 16:28:02,2026-02-14 16:30:03,2026-02-14 16:48:21,12.6,18.3,11.5,283.44,20.0,226.75,5.0,0
FUL_003816,BK_003816,DRV_0236,VEH_0236,2026-03-07 11:01:41,2026-03-07 11:12:17,2026-03-07 11:13:54,2026-03-07 11:44:18,10.6,30.4,12.1,504.0,20.0,403.2,4.0,0
FUL_003818,BK_003818,DRV_0229,VEH_0229,2026-03-14 02:32:24,2026-03-14 02:36:42,2026-03-14 02:40:21,2026-03-14 02:52:09,4.3,11.8,4.9,212.8,20.0,170.24,5.0,50
FUL_003820,BK_003820,DRV_0254,VEH_0254,2026-02-16 21:33:17,2026-02-16 21:36:47,2026-02-16 21:38:11,2026-02-16 22:10:17,3.5,32.1,15.3,273.56,20.0,218.85,5.0,50
FUL_003824,BK_003824,DRV_0043,VEH_0043,2026-03-15 00:31:35,2026-03-15 00:38:53,2026-03-15 00:42:25,2026-03-15 00:49:07,7.3,6.7,4.6,76.6,20.0,61.28,3.0,0
FUL_003825,BK_003825,DRV_0155,VEH_0155,2026-02-20 18:32:29,2026-02-20 18:43:11,2026-02-20 18:44:27,2026-02-20 18:53:03,10.7,8.6,6.1,517.92,20.0,414.34,4.0,0
FUL_003826,BK_003826,DRV_0070,VEH_0070,2026-02-03 01:49:48,2026-02-03 01:56:30,2026-02-03 01:57:38,2026-02-03 02:04:32,6.7,6.9,3.4,194.88,20.0,155.9,5.0,20
FUL_003827,BK_003827,DRV_0057,VEH_0057,2026-03-05 13:35:00,2026-03-05 13:39:30,2026-03-05 13:42:33,2026-03-05 13:49:33,4.5,7.0,3.0,143.0,20.0,114.4,5.0,0
FUL_003828,BK_003828,DRV_0129,VEH_0129,2026-02-08 19:54:24,2026-02-08 20:02:54,2026-02-08 20:06:41,2026-02-08 20:20:17,8.5,13.6,7.8,178.24,20.0,142.59,5.0,30
FUL_003829,BK_003829,DRV_0194,VEH_0194,2026-03-09 09:38:36,2026-03-09 09:47:12,2026-03-09 09:48:30,2026-03-09 10:09:24,8.6,20.9,11.1,415.44,20.0,332.35,5.0,10
FUL_003830,BK_003830,DRV_0043,VEH_0043,2026-02-21 21:26:20,2026-02-21 21:31:32,2026-02-21 21:34:57,2026-02-21 22:24:33,5.2,49.6,29.2,562.24,20.0,449.79,5.0,0
FUL_003832,BK_003832,DRV_0190,VEH_0190,2026-03-08 23:36:48,2026-03-08 23:40:54,2026-03-08 23:43:47,2026-03-09 00:03:35,4.1,19.8,10.7,394.24,20.0,315.39,5.0,10
FUL_003833,BK_003833,DRV_0134,VEH_0134,2026-02-23 01:54:49,2026-02-23 01:59:37,2026-02-23 02:02:13,2026-02-23 02:17:25,4.8,15.2,8.2,180.4,20.0,144.32,5.0,0
FUL_003836,BK_003836,DRV_0146,VEH_0146,2026-02-26 19:27:42,2026-02-26 19:32:48,2026-02-26 19:35:28,2026-02-26 20:34:16,5.1,58.8,25.8,913.92,20.0,731.14,5.0,0
FUL_003837,BK_003837,DRV_0114,VEH_0114,2026-03-07 20:58:27,2026-03-07 21:10:21,2026-03-07 21:12:52,2026-03-07 21:40:34,11.9,27.7,17.9,821.76,20.0,657.41,4.0,0
FUL_003838,BK_003838,DRV_0197,VEH_0197,2026-02-15 01:23:05,2026-02-15 01:31:11,2026-02-15 01:33:13,2026-02-15 01:52:13,8.1,19.0,11.2,430.56,20.0,344.45,5.0,20
FUL_003840,BK_003840,DRV_0164,VEH_0164,2026-03-16 20:48:59,2026-03-16 20:51:59,2026-03-16 20:55:31,2026-03-16 21:50:43,3.0,55.2,26.0,1240.96,20.0,992.77,5.0,0
FUL_003841,BK_003841,DRV_0127,VEH_0127,2026-02-18 18:26:56,2026-02-18 18:32:20,2026-02-18 18:35:43,2026-02-18 18:57:55,5.4,22.2,9.1,313.44,20.0,250.75,5.0,10
FUL_003843,BK_003843,DRV_0091,VEH_0091,2026-02-02 07:59:20,2026-02-02 08:03:20,2026-02-02 08:07:11,2026-02-02 08:48:41,4.0,41.5,18.9,310.8,20.0,248.64,5.0,30
FUL_003844,BK_003844,DRV_0120,VEH_0120,2026-03-10 13:46:36,2026-03-10 13:53:06,2026-03-10 13:55:19,2026-03-10 14:39:49,6.5,44.5,21.5,451.88,20.0,361.5,5.0,0
FUL_003845,BK_003845,DRV_0180,VEH_0180,2026-02-11 07:49:01,2026-02-11 07:59:01,2026-02-11 08:01:48,2026-02-11 08:33:00,10.0,31.2,18.4,236.2,20.0,188.96,5.0,0
FUL_003846,BK_003846,DRV_0097,VEH_0097,2026-02-03 14:34:40,2026-02-03 14:41:52,2026-02-03 14:43:38,2026-02-03 15:05:50,7.2,22.2,11.1,386.4,20.0,309.12,5.0,50
FUL_003847,BK_003847,DRV_0126,VEH_0126,2026-02-14 11:16:37,2026-02-14 11:20:49,2026-02-14 11:22:02,2026-02-14 11:53:02,4.2,31.0,20.2,302.16,20.0,241.73,5.0,50
FUL_003848,BK_003848,DRV_0138,VEH_0138,2026-02-18 07:35:25,2026-02-18 07:47:31,2026-02-18 07:51:09,2026-02-18 08:04:57,12.1,13.8,6.4,160.6,20.0,128.48,5.0,10
FUL_003849,BK_003849,DRV_0125,VEH_0125,2026-03-17 06:13:35,2026-03-17 06:17:23,2026-03-17 06:20:03,2026-03-17 07:06:33,3.8,46.5,22.0,803.04,20.0,642.43,5.0,0
FUL_003850,BK_003850,DRV_0314,VEH_0314,2026-03-13 03:21:18,2026-03-13 03:28:06,2026-03-13 03:31:08,2026-03-13 03:56:50,6.8,25.7,18.7,572.0,20.0,457.6,4.0,20
FUL_003851,BK_003851,DRV_0106,VEH_0106,2026-02-02 16:57:09,2026-02-02 17:00:21,2026-02-02 17:02:06,2026-02-02 17:31:00,3.2,28.9,19.1,394.6,20.0,315.68,4.0,0
FUL_003852,BK_003852,DRV_0308,VEH_0308,2026-03-02 06:50:18,2026-03-02 06:52:48,2026-03-02 06:56:44,2026-03-02 07:36:20,2.5,39.6,27.2,803.6,20.0,642.88,5.0,0
FUL_003853,BK_003853,DRV_0138,VEH_0138,2026-02-27 04:44:26,2026-02-27 04:52:38,2026-02-27 04:53:52,2026-02-27 05:20:46,8.2,26.9,18.6,441.12,20.0,352.9,5.0,20
FUL_003854,BK_003854,DRV_0104,VEH_0104,2026-03-12 14:02:12,2026-03-12 14:10:30,2026-03-12 14:13:23,2026-03-12 15:07:29,8.3,54.1,26.7,781.2,20.0,624.96,5.0,0
FUL_003855,BK_003855,DRV_0289,VEH_0289,2026-03-12 08:50:59,2026-03-12 09:03:11,2026-03-12 09:04:24,2026-03-12 09:29:48,12.2,25.4,15.3,658.56,20.0,526.85,5.0,0
FUL_003856,BK_003856,DRV_0022,VEH_0022,2026-02-22 00:12:22,2026-02-22 00:17:46,2026-02-22 00:18:48,2026-02-22 00:50:12,5.4,31.4,20.0,664.56,20.0,531.65,5.0,0
FUL_003858,BK_003858,DRV_0171,VEH_0171,2026-03-10 15:13:11,2026-03-10 15:18:35,2026-03-10 15:20:48,2026-03-10 15:31:24,5.4,10.6,5.6,96.14,20.0,76.91,5.0,30
FUL_003859,BK_003859,DRV_0144,VEH_0144,2026-02-18 10:46:29,2026-02-18 10:49:35,2026-02-18 10:51:47,2026-02-18 11:15:29,3.1,23.7,13.2,636.48,20.0,509.18,5.0,0
FUL_003860,BK_003860,DRV_0306,VEH_0306,2026-02-06 14:31:55,2026-02-06 14:38:49,2026-02-06 14:40:33,2026-02-06 14:57:27,6.9,16.9,10.1,247.94,20.0,198.35,5.0,0
FUL_003862,BK_003862,DRV_0078,VEH_0078,2026-02-05 08:02:13,2026-02-05 08:13:55,2026-02-05 08:16:19,2026-02-05 08:22:31,11.7,6.2,3.6,386.88,20.0,309.5,5.0,50
FUL_003863,BK_003863,DRV_0078,VEH_0078,2026-02-28 00:17:38,2026-02-28 00:28:32,2026-02-28 00:30:03,2026-02-28 00:45:39,10.9,15.6,7.7,257.4,20.0,205.92,5.0,50
FUL_003864,BK_003864,DRV_0028,VEH_0028,2026-03-07 08:35:01,2026-03-07 08:42:25,2026-03-07 08:45:36,2026-03-07 09:20:48,7.4,35.2,17.6,427.32,20.0,341.86,5.0,0
FUL_003865,BK_003865,DRV_0241,VEH_0241,2026-03-16 08:44:55,2026-03-16 08:56:49,2026-03-16 08:59:48,2026-03-16 09:37:12,11.9,37.4,18.9,349.16,20.0,279.33,5.0,0
FUL_003866,BK_003866,DRV_0143,VEH_0143,2026-02-08 00:54:21,2026-02-08 01:04:09,2026-02-08 01:08:04,2026-02-08 01:46:40,9.8,38.6,20.9,603.2,20.0,482.56,5.0,0
FUL_003868,BK_003868,DRV_0243,VEH_0243,2026-03-05 23:39:20,2026-03-05 23:52:50,2026-03-05 23:55:30,2026-03-06 00:40:30,13.5,45.0,22.2,273.4,20.0,218.72,5.0,0
FUL_003869,BK_003869,DRV_0170,VEH_0170,2026-02-26 09:07:52,2026-02-26 09:19:34,2026-02-26 09:21:56,2026-02-26 10:10:14,11.7,48.3,18.5,899.52,20.0,719.62,5.0,20
FUL_003870,BK_003870,DRV_0010,VEH_0010,2026-02-19 11:47:24,2026-02-19 11:58:36,2026-02-19 12:02:11,2026-02-19 12:55:59,11.2,53.8,24.7,1141.44,20.0,913.15,5.0,0
FUL_003871,BK_003871,DRV_0261,VEH_0261,2026-02-25 15:50:25,2026-02-25 15:54:07,2026-02-25 15:55:55,2026-02-25 16:36:25,3.7,40.5,19.1,604.8,20.0,483.84,5.0,0
FUL_003872,BK_003872,DRV_0320,VEH_0320,2026-02-06 18:06:17,2026-02-06 18:10:47,2026-02-06 18:14:38,2026-02-06 18:40:44,4.5,26.1,17.7,698.88,20.0,559.1,4.0,0
FUL_003873,BK_003873,DRV_0137,VEH_0137,2026-02-23 18:32:24,2026-02-23 18:45:12,2026-02-23 18:48:50,2026-02-23 19:04:50,12.8,16.0,10.6,318.08,20.0,254.46,5.0,0
FUL_003874,BK_003874,DRV_0102,VEH_0102,2026-02-25 21:56:39,2026-02-25 22:00:09,2026-02-25 22:02:39,2026-02-25 22:49:09,3.5,46.5,28.6,2069.76,20.0,1655.81,4.0,30
FUL_003875,BK_003875,DRV_0060,VEH_0060,2026-02-03 07:35:33,2026-02-03 07:48:45,2026-02-03 07:52:28,2026-02-03 08:42:40,13.2,50.2,22.1,352.56,20.0,282.05,3.0,20
FUL_003876,BK_003876,DRV_0185,VEH_0185,2026-02-16 22:33:16,2026-02-16 22:35:34,2026-02-16 22:36:43,2026-02-16 22:56:55,2.3,20.2,9.4,205.6,20.0,164.48,5.0,50
FUL_003880,BK_003880,DRV_0238,VEH_0238,2026-03-16 17:02:19,2026-03-16 17:08:37,2026-03-16 17:11:10,2026-03-16 17:33:46,6.3,22.6,16.2,823.68,20.0,658.94,4.0,20
FUL_003881,BK_003881,DRV_0135,VEH_0135,2026-02-11 20:05:30,2026-02-11 20:19:06,2026-02-11 20:20:39,2026-02-11 20:49:09,13.6,28.5,16.6,337.6,20.0,270.08,4.0,10
FUL_003882,BK_003882,DRV_0286,VEH_0286,2026-02-28 06:57:36,2026-02-28 07:05:12,2026-02-28 07:08:24,2026-02-28 07:31:18,7.6,22.9,12.1,263.2,20.0,210.56,5.0,0
FUL_003885,BK_003885,DRV_0013,VEH_0013,2026-02-22 21:49:57,2026-02-22 21:55:57,2026-02-22 21:58:07,2026-02-22 22:06:13,6.0,8.1,4.2,277.44,20.0,221.95,5.0,0
FUL_003886,BK_003886,DRV_0183,VEH_0183,2026-03-05 19:30:20,2026-03-05 19:39:08,2026-03-05 19:40:15,2026-03-05 19:55:39,8.8,15.4,10.0,331.84,20.0,265.47,5.0,50
FUL_003888,BK_003888,DRV_0005,VEH_0005,2026-03-03 22:44:30,2026-03-03 22:57:18,2026-03-03 22:59:44,2026-03-03 23:24:26,12.8,24.7,18.0,509.6,20.0,407.68,5.0,0
FUL_003890,BK_003890,DRV_0272,VEH_0272,2026-03-10 21:11:28,2026-03-10 21:17:52,2026-03-10 21:20:56,2026-03-10 21:55:08,6.4,34.2,21.4,600.32,20.0,480.26,4.0,0
FUL_003891,BK_003891,DRV_0288,VEH_0288,2026-02-26 23:18:29,2026-02-26 23:22:05,2026-02-26 23:25:35,2026-02-26 23:41:05,3.6,15.5,8.7,229.44,20.0,183.55,5.0,0
FUL_003892,BK_003892,DRV_0060,VEH_0060,2026-02-10 20:06:18,2026-02-10 20:11:36,2026-02-10 20:13:53,2026-02-10 20:50:11,5.3,36.3,19.1,528.78,20.0,423.02,5.0,0
FUL_003893,BK_003893,DRV_0044,VEH_0044,2026-03-12 00:11:24,2026-03-12 00:18:06,2026-03-12 00:19:13,2026-03-12 01:04:07,6.7,44.9,27.3,373.34,20.0,298.67,3.0,30
FUL_003894,BK_003894,DRV_0073,VEH_0073,2026-02-27 22:43:28,2026-02-27 22:49:34,2026-02-27 22:52:34,2026-02-27 23:25:04,6.1,32.5,18.0,537.6,20.0,430.08,5.0,50
FUL_003895,BK_003895,DRV_0307,VEH_0307,2026-02-24 04:36:37,2026-02-24 04:48:55,2026-02-24 04:49:57,2026-02-24 05:04:15,12.3,14.3,6.3,221.0,20.0,176.8,3.0,0
FUL_003896,BK_003896,DRV_0211,VEH_0211,2026-02-06 11:12:33,2026-02-06 11:17:27,2026-02-06 11:21:02,2026-02-06 12:01:38,4.9,40.6,24.1,1678.56,20.0,1342.85,5.0,30
FUL_003898,BK_003898,DRV_0317,VEH_0317,2026-02-06 05:43:00,2026-02-06 05:47:18,2026-02-06 05:51:04,2026-02-06 06:21:22,4.3,30.3,22.2,723.84,20.0,579.07,5.0,50
FUL_003899,BK_003899,DRV_0140,VEH_0140,2026-03-09 07:31:10,2026-03-09 07:42:34,2026-03-09 07:45:21,2026-03-09 08:02:45,11.4,17.4,9.3,365.04,20.0,292.03,5.0,30
FUL_003900,BK_003900,DRV_0299,VEH_0299,2026-03-07 23:42:17,2026-03-07 23:48:11,2026-03-07 23:51:27,2026-03-08 00:30:21,5.9,38.9,23.5,754.6,20.0,603.68,1.0,0
FUL_003902,BK_003902,DRV_0121,VEH_0121,2026-03-06 14:02:30,2026-03-06 14:11:00,2026-03-06 14:14:02,2026-03-06 14:52:56,8.5,38.9,15.9,535.92,20.0,428.74,5.0,0
FUL_003905,BK_003905,DRV_0271,VEH_0271,2026-02-14 10:57:13,2026-02-14 11:10:19,2026-02-14 11:11:32,2026-02-14 12:01:56,13.1,50.4,23.9,746.56,20.0,597.25,5.0,30
FUL_003906,BK_003906,DRV_0235,VEH_0235,2026-03-12 17:20:23,2026-03-12 17:32:47,2026-03-12 17:34:21,2026-03-12 17:45:45,12.4,11.4,5.9,168.96,20.0,135.17,5.0,0
FUL_003907,BK_003907,DRV_0017,VEH_0017,2026-02-24 19:33:24,2026-02-24 19:37:30,2026-02-24 19:38:44,2026-02-24 20:21:44,4.1,43.0,18.3,1038.24,20.0,830.59,5.0,0
FUL_003908,BK_003908,DRV_0105,VEH_0105,2026-02-04 15:52:36,2026-02-04 16:03:06,2026-02-04 16:06:22,2026-02-04 16:51:16,10.5,44.9,28.4,535.0,20.0,428.0,5.0,30
FUL_003910,BK_003910,DRV_0219,VEH_0219,2026-03-12 16:57:20,2026-03-12 17:02:32,2026-03-12 17:04:05,2026-03-12 17:50:05,5.2,46.0,24.7,331.0,20.0,264.8,5.0,0
FUL_003911,BK_003911,DRV_0247,VEH_0247,2026-03-14 20:38:14,2026-03-14 20:46:26,2026-03-14 20:47:30,2026-03-14 21:15:54,8.2,28.4,20.0,1299.48,20.0,1039.58,5.0,10
FUL_003915,BK_003915,DRV_0129,VEH_0129,2026-03-07 13:20:27,2026-03-07 13:23:03,2026-03-07 13:25:26,2026-03-07 13:56:44,2.6,31.3,21.0,271.0,20.0,216.8,5.0,50
FUL_003918,BK_003918,DRV_0195,VEH_0195,2026-02-21 20:44:09,2026-02-21 20:51:45,2026-02-21 20:54:04,2026-02-21 21:31:34,7.6,37.5,16.8,1128.96,20.0,903.17,5.0,0
FUL_003919,BK_003919,DRV_0252,VEH_0252,2026-02-15 18:49:09,2026-02-15 18:53:21,2026-02-15 18:56:36,2026-02-15 19:10:00,4.2,13.4,7.7,214.32,20.0,171.46,5.0,0
FUL_003920,BK_003920,DRV_0103,VEH_0103,2026-03-06 00:43:18,2026-03-06 00:50:00,2026-03-06 00:52:35,2026-03-06 01:34:41,6.7,42.1,17.9,373.0,20.0,298.4,5.0,20
FUL_003921,BK_003921,DRV_0051,VEH_0051,2026-03-04 03:28:03,2026-03-04 03:34:03,2026-03-04 03:37:02,2026-03-04 04:32:14,6.0,55.2,26.8,511.6,20.0,409.28,5.0,0
FUL_003922,BK_003922,DRV_0200,VEH_0200,2026-02-25 17:21:32,2026-02-25 17:25:08,2026-02-25 17:27:54,2026-02-25 17:58:18,3.6,30.4,22.4,921.2,20.0,736.96,5.0,50
FUL_003924,BK_003924,DRV_0160,VEH_0160,2026-02-22 20:21:28,2026-02-22 20:29:16,2026-02-22 20:32:05,2026-02-22 20:53:41,7.8,21.6,8.3,369.6,20.0,295.68,3.0,0
FUL_003925,BK_003925,DRV_0119,VEH_0119,2026-02-16 02:44:47,2026-02-16 02:52:11,2026-02-16 02:54:57,2026-02-16 03:48:03,7.4,53.1,27.9,829.4,20.0,663.52,5.0,0
FUL_003926,BK_003926,DRV_0314,VEH_0314,2026-02-17 15:24:15,2026-02-17 15:33:21,2026-02-17 15:36:20,2026-02-17 16:10:14,9.1,33.9,25.4,681.2,20.0,544.96,4.0,30
FUL_003927,BK_003927,DRV_0201,VEH_0201,2026-03-01 15:28:19,2026-03-01 15:36:55,2026-03-01 15:38:46,2026-03-01 15:48:22,8.6,9.6,4.6,133.1,20.0,106.48,4.0,0
FUL_003928,BK_003928,DRV_0180,VEH_0180,2026-03-08 01:17:16,2026-03-08 01:30:22,2026-03-08 01:32:45,2026-03-08 01:54:21,13.1,21.6,11.0,154.6,20.0,123.68,5.0,20
FUL_003929,BK_003929,DRV_0191,VEH_0191,2026-03-03 17:39:08,2026-03-03 17:44:32,2026-03-03 17:48:21,2026-03-03 18:25:33,5.4,37.2,16.2,744.8,20.0,595.84,5.0,20
FUL_003930,BK_003930,DRV_0264,VEH_0264,2026-03-06 07:00:21,2026-03-06 07:13:21,2026-03-06 07:17:08,2026-03-06 07:42:02,13.0,24.9,12.9,406.0,20.0,324.8,5.0,30
FUL_003932,BK_003932,DRV_0199,VEH_0199,2026-02-03 07:14:28,2026-02-03 07:21:34,2026-02-03 07:24:51,2026-02-03 07:44:39,7.1,19.8,9.5,161.04,20.0,128.83,5.0,30
FUL_003933,BK_003933,DRV_0145,VEH_0145,2026-03-12 11:38:23,2026-03-12 11:42:53,2026-03-12 11:45:26,2026-03-12 12:10:14,4.5,24.8,14.9,436.52,20.0,349.22,5.0,10
FUL_003934,BK_003934,DRV_0318,VEH_0318,2026-02-17 12:39:36,2026-02-17 12:47:36,2026-02-17 12:51:24,2026-02-17 13:10:18,8.0,18.9,11.4,348.4,20.0,278.72,3.0,30
FUL_003936,BK_003936,DRV_0053,VEH_0053,2026-02-08 03:38:36,2026-02-08 03:49:36,2026-02-08 03:51:47,2026-02-08 03:55:35,11.0,3.8,2.5,66.0,20.0,52.8,5.0,30
FUL_003939,BK_003939,DRV_0094,VEH_0094,2026-02-22 00:38:30,2026-02-22 00:46:06,2026-02-22 00:48:17,2026-02-22 01:44:17,7.6,56.0,27.2,542.2,20.0,433.76,5.0,0
FUL_003940,BK_003940,DRV_0068,VEH_0068,2026-02-25 09:29:15,2026-02-25 09:41:51,2026-02-25 09:42:58,2026-02-25 10:29:22,12.6,46.4,25.0,820.56,20.0,656.45,3.0,10
FUL_003941,BK_003941,DRV_0235,VEH_0235,2026-02-14 17:19:56,2026-02-14 17:22:02,2026-02-14 17:24:40,2026-02-14 17:39:04,2.1,14.4,9.3,439.32,20.0,351.46,3.0,0
FUL_003942,BK_003942,DRV_0167,VEH_0167,2026-03-12 02:32:28,2026-03-12 02:44:28,2026-03-12 02:46:19,2026-03-12 03:17:31,12.0,31.2,19.2,365.8,20.0,292.64,2.0,0
FUL_003943,BK_003943,DRV_0237,VEH_0237,2026-02-14 19:41:07,2026-02-14 19:51:25,2026-02-14 19:54:00,2026-02-14 20:11:30,10.3,17.5,9.6,413.28,20.0,330.62,2.0,50
FUL_003944,BK_003944,DRV_0020,VEH_0020,2026-02-25 08:00:07,2026-02-25 08:04:43,2026-02-25 08:06:47,2026-02-25 08:16:35,4.6,9.8,6.9,280.28,20.0,224.22,1.0,0
FUL_003945,BK_003945,DRV_0214,VEH_0214,2026-02-13 04:46:58,2026-02-13 04:55:52,2026-02-13 04:57:34,2026-02-13 05:13:34,8.9,16.0,6.2,114.96,20.0,91.97,5.0,10
FUL_003946,BK_003946,DRV_0177,VEH_0177,2026-02-16 13:49:30,2026-02-16 13:58:18,2026-02-16 14:00:04,2026-02-16 15:06:40,8.8,66.6,29.7,646.32,20.0,517.06,5.0,0
FUL_003947,BK_003947,DRV_0048,VEH_0048,2026-02-01 07:48:09,2026-02-01 07:50:27,2026-02-01 07:52:18,2026-02-01 08:14:00,2.3,21.7,8.7,326.04,20.0,260.83,3.0,0
FUL_003948,BK_003948,DRV_0294,VEH_0294,2026-02-25 21:16:22,2026-02-25 21:24:40,2026-02-25 21:27:19,2026-02-25 21:52:07,8.3,24.8,11.5,451.08,20.0,360.86,5.0,20
FUL_003949,BK_003949,DRV_0110,VEH_0110,2026-03-10 05:44:56,2026-03-10 05:56:38,2026-03-10 05:58:28,2026-03-10 06:15:34,11.7,17.1,6.6,162.4,20.0,129.92,5.0,30
FUL_003951,BK_003951,DRV_0085,VEH_0085,2026-03-02 15:45:22,2026-03-02 15:58:58,2026-03-02 16:02:56,2026-03-02 16:37:02,13.6,34.1,20.7,726.88,20.0,581.5,5.0,20
FUL_003952,BK_003952,DRV_0037,VEH_0037,2026-03-02 04:19:20,2026-03-02 04:25:02,2026-03-02 04:26:37,2026-03-02 04:54:49,5.7,28.2,11.2,361.2,20.0,288.96,5.0,50
FUL_003953,BK_003953,DRV_0094,VEH_0094,2026-02-16 20:29:42,2026-02-16 20:38:24,2026-02-16 20:39:52,2026-02-16 21:02:34,8.7,22.7,15.2,421.4,20.0,337.12,5.0,0
FUL_003954,BK_003954,DRV_0186,VEH_0186,2026-03-12 22:29:32,2026-03-12 22:42:14,2026-03-12 22:43:55,2026-03-12 23:28:13,12.7,44.3,16.2,526.4,20.0,421.12,3.0,10
FUL_003956,BK_003956,DRV_0041,VEH_0041,2026-03-04 21:16:20,2026-03-04 21:28:08,2026-03-04 21:29:29,2026-03-04 21:41:17,11.8,11.8,7.9,382.2,20.0,305.76,5.0,0
FUL_003957,BK_003957,DRV_0037,VEH_0037,2026-02-27 19:47:45,2026-02-27 19:59:33,2026-02-27 20:00:40,2026-02-27 20:43:10,11.8,42.5,24.0,1546.44,20.0,1237.15,5.0,50
FUL_003958,BK_003958,DRV_0244,VEH_0244,2026-03-03 14:29:53,2026-03-03 14:33:47,2026-03-03 14:35:50,2026-03-03 14:54:38,3.9,18.8,12.4,493.92,20.0,395.14,5.0,50
FUL_003959,BK_003959,DRV_0191,VEH_0191,2026-03-11 13:07:18,2026-03-11 13:15:12,2026-03-11 13:16:16,2026-03-11 14:05:04,7.9,48.8,27.1,845.6,20.0,676.48,5.0,30
FUL_003960,BK_003960,DRV_0105,VEH_0105,2026-02-07 12:19:00,2026-02-07 12:23:06,2026-02-07 12:25:37,2026-02-07 12:37:37,4.1,12.0,4.8,126.4,20.0,101.12,5.0,0
FUL_003961,BK_003961,DRV_0195,VEH_0195,2026-03-06 12:37:43,2026-03-06 12:41:07,2026-03-06 12:42:52,2026-03-06 13:13:58,3.4,31.1,14.2,473.2,20.0,378.56,5.0,0
FUL_003962,BK_003962,DRV_0208,VEH_0208,2026-02-04 08:16:14,2026-02-04 08:20:38,2026-02-04 08:22:31,2026-02-04 08:58:43,4.4,36.2,19.4,1088.64,20.0,870.91,5.0,0
FUL_003963,BK_003963,DRV_0282,VEH_0282,2026-02-24 10:17:00,2026-02-24 10:22:36,2026-02-24 10:26:01,2026-02-24 11:06:13,5.6,40.2,27.0,696.08,20.0,556.86,3.0,0
FUL_003964,BK_003964,DRV_0149,VEH_0149,2026-02-11 05:18:56,2026-02-11 05:32:56,2026-02-11 05:36:43,2026-02-11 06:07:55,14.0,31.2,21.8,658.0,20.0,526.4,5.0,10
FUL_003965,BK_003965,DRV_0291,VEH_0291,2026-02-19 19:55:13,2026-02-19 20:01:01,2026-02-19 20:02:58,2026-02-19 20:36:34,5.8,33.6,14.1,582.96,20.0,466.37,5.0,20
FUL_003966,BK_003966,DRV_0074,VEH_0074,2026-02-23 17:18:03,2026-02-23 17:30:39,2026-02-23 17:31:54,2026-02-23 18:02:54,12.6,31.0,17.7,815.36,20.0,652.29,5.0,0
FUL_003967,BK_003967,DRV_0005,VEH_0005,2026-02-28 05:23:08,2026-02-28 05:31:14,2026-02-28 05:34:09,2026-02-28 06:23:21,8.1,49.2,24.1,755.04,20.0,604.03,5.0,10
FUL_003968,BK_003968,DRV_0046,VEH_0046,2026-02-03 11:03:16,2026-02-03 11:10:16,2026-02-03 11:11:17,2026-02-03 12:01:11,7.0,49.9,22.7,717.76,20.0,574.21,5.0,30
FUL_003969,BK_003969,DRV_0276,VEH_0276,2026-02-28 18:25:31,2026-02-28 18:35:31,2026-02-28 18:37:02,2026-02-28 18:44:50,10.0,7.8,4.5,322.56,20.0,258.05,4.0,50
FUL_003970,BK_003970,DRV_0227,VEH_0227,2026-03-16 11:46:38,2026-03-16 11:51:32,2026-03-16 11:52:38,2026-03-16 12:19:32,4.9,26.9,19.9,448.92,20.0,359.14,5.0,0
FUL_003972,BK_003972,DRV_0047,VEH_0047,2026-02-10 18:52:13,2026-02-10 19:04:43,2026-02-10 19:07:40,2026-02-10 19:36:52,12.5,29.2,16.5,583.44,20.0,466.75,3.0,0
FUL_003973,BK_003973,DRV_0224,VEH_0224,2026-02-14 22:40:28,2026-02-14 22:45:10,2026-02-14 22:46:27,2026-02-14 23:24:39,4.7,38.2,19.9,548.6,20.0,438.88,5.0,50
FUL_003974,BK_003974,DRV_0012,VEH_0012,2026-02-11 23:44:15,2026-02-11 23:51:39,2026-02-11 23:55:12,2026-02-12 00:54:24,7.4,59.2,28.5,345.4,20.0,276.32,5.0,30
FUL_003975,BK_003975,DRV_0068,VEH_0068,2026-02-19 20:46:57,2026-02-19 20:59:51,2026-02-19 21:03:40,2026-02-19 21:15:40,12.9,12.0,7.4,540.54,20.0,432.43,5.0,50
FUL_003976,BK_003976,DRV_0152,VEH_0152,2026-03-08 01:03:21,2026-03-08 01:08:39,2026-03-08 01:11:15,2026-03-08 02:07:09,5.3,55.9,21.0,512.4,20.0,409.92,5.0,50
FUL_003977,BK_003977,DRV_0037,VEH_0037,2026-02-05 14:39:17,2026-02-05 14:42:47,2026-02-05 14:44:18,2026-02-05 15:08:18,3.5,24.0,14.2,537.6,20.0,430.08,4.0,10
FUL_003978,BK_003978,DRV_0024,VEH_0024,2026-03-13 16:50:33,2026-03-13 16:53:21,2026-03-13 16:56:51,2026-03-13 17:16:51,2.8,20.0,14.0,274.0,20.0,219.2,5.0,30
FUL_003980,BK_003980,DRV_0139,VEH_0139,2026-02-13 12:26:41,2026-02-13 12:36:59,2026-02-13 12:39:40,2026-02-13 13:07:40,10.3,28.0,15.6,476.0,20.0,380.8,1.0,30
FUL_003982,BK_003982,DRV_0157,VEH_0157,2026-02-21 14:33:15,2026-02-21 14:37:33,2026-02-21 14:40:06,2026-02-21 15:16:42,4.3,36.6,18.9,626.34,20.0,501.07,3.0,0
FUL_003983,BK_003983,DRV_0205,VEH_0205,2026-03-13 06:57:25,2026-03-13 07:09:37,2026-03-13 07:13:16,2026-03-13 07:23:40,12.2,10.4,6.6,245.96,20.0,196.77,3.0,0
FUL_003986,BK_003986,DRV_0254,VEH_0254,2026-02-05 15:56:03,2026-02-05 16:03:03,2026-02-05 16:04:53,2026-02-05 16:18:59,7.0,14.1,8.8,129.4,20.0,103.52,5.0,30
FUL_003987,BK_003987,DRV_0070,VEH_0070,2026-02-25 22:00:54,2026-02-25 22:06:24,2026-02-25 22:08:20,2026-02-25 22:59:38,5.5,51.3,25.4,750.4,20.0,600.32,5.0,50
FUL_003988,BK_003988,DRV_0191,VEH_0191,2026-03-12 02:12:41,2026-03-12 02:15:47,2026-03-12 02:18:43,2026-03-12 03:05:13,3.1,46.5,25.4,775.6,20.0,620.48,5.0,30
FUL_003992,BK_003992,DRV_0109,VEH_0109,2026-02-17 07:58:50,2026-02-17 08:12:32,2026-02-17 08:16:12,2026-02-17 09:07:24,13.7,51.2,28.1,756.6,20.0,605.28,5.0,0
FUL_003993,BK_003993,DRV_0255,VEH_0255,2026-03-15 20:23:43,2026-03-15 20:29:19,2026-03-15 20:32:07,2026-03-15 20:45:31,5.6,13.4,6.8,170.56,20.0,136.45,5.0,0
FUL_003994,BK_003994,DRV_0303,VEH_0303,2026-02-28 06:44:09,2026-02-28 06:51:33,2026-02-28 06:55:29,2026-02-28 07:15:41,7.4,20.2,13.4,400.4,20.0,320.32,5.0,0
FUL_003995,BK_003995,DRV_0156,VEH_0156,2026-02-11 17:23:29,2026-02-11 17:35:35,2026-02-11 17:38:19,2026-02-11 17:46:31,12.1,8.2,4.9,312.0,20.0,249.6,5.0,20
FUL_003997,BK_003997,DRV_0054,VEH_0054,2026-03-15 18:36:05,2026-03-15 18:46:23,2026-03-15 18:48:55,2026-03-15 19:32:07,10.3,43.2,22.1,409.64,20.0,327.71,4.0,50
FUL_003998,BK_003998,DRV_0119,VEH_0119,2026-03-14 23:27:23,2026-03-14 23:30:23,2026-03-14 23:31:40,2026-03-14 23:41:58,3.0,10.3,5.8,240.24,20.0,192.19,5.0,0
FUL_003999,BK_003999,DRV_0039,VEH_0039,2026-02-24 04:53:28,2026-02-24 05:02:10,2026-02-24 05:04:33,2026-02-24 05:35:21,8.7,30.8,20.3,674.96,20.0,539.97,4.0,0
FUL_004000,BK_004000,DRV_0196,VEH_0196,2026-03-05 22:01:30,2026-03-05 22:14:30,2026-03-05 22:16:21,2026-03-05 22:55:51,13.0,39.5,19.5,689.52,20.0,551.62,5.0,50
FUL_004001,BK_004001,DRV_0102,VEH_0102,2026-02-17 12:53:57,2026-02-17 13:06:09,2026-02-17 13:09:41,2026-02-17 13:54:59,12.2,45.3,25.1,747.6,20.0,598.08,3.0,50
FUL_004002,BK_004002,DRV_0211,VEH_0211,2026-02-03 12:01:26,2026-02-03 12:10:08,2026-02-03 12:14:04,2026-02-03 12:51:46,8.7,37.7,14.3,436.8,20.0,349.44,4.0,0
FUL_004003,BK_004003,DRV_0091,VEH_0091,2026-03-11 05:06:27,2026-03-11 05:15:21,2026-03-11 05:18:44,2026-03-11 05:47:20,8.9,28.6,17.7,224.2,20.0,179.36,5.0,0
FUL_004004,BK_004004,DRV_0005,VEH_0005,2026-02-24 13:13:21,2026-02-24 13:18:33,2026-02-24 13:21:34,2026-02-24 14:02:46,5.2,41.2,17.4,504.4,20.0,403.52,4.0,50
FUL_004005,BK_004005,DRV_0030,VEH_0030,2026-02-15 21:55:34,2026-02-15 22:06:28,2026-02-15 22:09:03,2026-02-15 23:03:45,10.9,54.7,24.2,502.72,20.0,402.18,4.0,10
FUL_004007,BK_004007,DRV_0144,VEH_0144,2026-02-04 21:54:59,2026-02-04 22:04:11,2026-02-04 22:07:06,2026-02-04 22:22:54,9.2,15.8,9.5,447.72,20.0,358.18,5.0,50
FUL_004009,BK_004009,DRV_0295,VEH_0295,2026-03-09 10:43:28,2026-03-09 10:56:10,2026-03-09 10:58:27,2026-03-09 11:04:39,12.7,6.2,4.1,382.2,20.0,305.76,5.0,20
FUL_004010,BK_004010,DRV_0035,VEH_0035,2026-03-17 02:50:30,2026-03-17 02:55:42,2026-03-17 02:58:25,2026-03-17 03:36:01,5.2,37.6,17.1,351.4,20.0,281.12,4.0,20
FUL_004012,BK_004012,DRV_0082,VEH_0082,2026-02-11 18:06:58,2026-02-11 18:18:34,2026-02-11 18:21:24,2026-02-11 18:49:00,11.6,27.6,10.9,549.6,20.0,439.68,3.0,0
FUL_004013,BK_004013,DRV_0247,VEH_0247,2026-02-12 12:47:11,2026-02-12 12:59:41,2026-02-12 13:03:03,2026-02-12 14:03:51,12.5,60.8,27.4,1028.16,20.0,822.53,2.0,0
FUL_004014,BK_004014,DRV_0005,VEH_0005,2026-02-21 16:54:14,2026-02-21 16:57:08,2026-02-21 16:59:25,2026-02-21 17:36:01,2.9,36.6,20.5,702.0,20.0,561.6,5.0,30
FUL_004015,BK_004015,DRV_0206,VEH_0206,2026-02-12 16:32:10,2026-02-12 16:38:52,2026-02-12 16:41:56,2026-02-12 16:58:50,6.7,16.9,10.2,164.78,20.0,131.82,5.0,0
FUL_004017,BK_004017,DRV_0112,VEH_0112,2026-02-28 07:20:23,2026-02-28 07:27:47,2026-02-28 07:31:35,2026-02-28 08:14:05,7.4,42.5,26.5,609.6,20.0,487.68,5.0,0
FUL_004018,BK_004018,DRV_0132,VEH_0132,2026-02-16 12:04:59,2026-02-16 12:14:11,2026-02-16 12:15:25,2026-02-16 12:53:43,9.2,38.3,22.4,745.36,20.0,596.29,5.0,0
FUL_004019,BK_004019,DRV_0274,VEH_0274,2026-02-11 22:00:15,2026-02-11 22:12:51,2026-02-11 22:15:59,2026-02-11 22:20:53,12.6,4.9,3.1,196.56,20.0,157.25,5.0,50
FUL_004020,BK_004020,DRV_0093,VEH_0093,2026-03-17 22:35:07,2026-03-17 22:44:07,2026-03-17 22:47:21,2026-03-17 23:16:03,9.0,28.7,16.9,532.0,20.0,425.6,5.0,30
FUL_004021,BK_004021,DRV_0008,VEH_0008,2026-02-12 02:35:42,2026-02-12 02:49:00,2026-02-12 02:51:41,2026-02-12 03:23:23,13.3,31.7,21.8,488.64,20.0,390.91,4.0,0
FUL_004022,BK_004022,DRV_0174,VEH_0174,2026-03-05 23:47:51,2026-03-06 00:00:27,2026-03-06 00:04:06,2026-03-06 00:34:42,12.6,30.6,16.6,211.0,20.0,168.8,4.0,0
FUL_004023,BK_004023,DRV_0176,VEH_0176,2026-02-01 18:46:29,2026-02-01 18:50:41,2026-02-01 18:54:28,2026-02-01 19:45:16,4.2,50.8,20.4,710.28,20.0,568.22,4.0,20
FUL_004024,BK_004024,DRV_0024,VEH_0024,2026-02-03 03:47:21,2026-02-03 03:57:39,2026-02-03 04:01:24,2026-02-03 04:55:18,10.3,53.9,28.0,551.2,20.0,440.96,4.0,0
FUL_004027,BK_004027,DRV_0162,VEH_0162,2026-02-14 12:30:18,2026-02-14 12:38:18,2026-02-14 12:40:56,2026-02-14 13:15:26,8.0,34.5,18.5,535.6,20.0,428.48,5.0,0
FUL_004029,BK_004029,DRV_0106,VEH_0106,2026-03-08 06:14:54,2026-03-08 06:27:42,2026-03-08 06:28:47,2026-03-08 07:11:59,12.8,43.2,26.0,622.56,20.0,498.05,4.0,0
FUL_004030,BK_004030,DRV_0243,VEH_0243,2026-02-28 20:56:03,2026-02-28 21:07:15,2026-02-28 21:09:31,2026-02-28 21:23:37,11.2,14.1,7.8,284.64,20.0,227.71,5.0,50
FUL_004031,BK_004031,DRV_0264,VEH_0264,2026-02-05 05:28:38,2026-02-05 05:37:26,2026-02-05 05:39:41,2026-02-05 06:10:59,8.8,31.3,18.3,662.2,20.0,529.76,5.0,50
FUL_004032,BK_004032,DRV_0190,VEH_0190,2026-02-03 21:25:22,2026-02-03 21:36:04,2026-02-03 21:37:31,2026-02-03 21:43:37,10.7,6.1,4.2,221.76,20.0,177.41,5.0,30
FUL_004033,BK_004033,DRV_0097,VEH_0097,2026-02-23 00:55:30,2026-02-23 01:01:18,2026-02-23 01:02:45,2026-02-23 01:41:33,5.8,38.8,25.0,831.6,20.0,665.28,5.0,0
FUL_004034,BK_004034,DRV_0168,VEH_0168,2026-03-10 18:15:20,2026-03-10 18:23:26,2026-03-10 18:26:21,2026-03-10 18:50:09,8.1,23.8,13.4,661.44,20.0,529.15,1.0,50
FUL_004036,BK_004036,DRV_0241,VEH_0241,2026-03-15 12:20:21,2026-03-15 12:32:51,2026-03-15 12:34:44,2026-03-15 12:53:26,12.5,18.7,8.6,124.6,20.0,99.68,5.0,0
FUL_004037,BK_004037,DRV_0298,VEH_0298,2026-02-11 01:42:42,2026-02-11 01:48:30,2026-02-11 01:49:55,2026-02-11 01:56:01,5.8,6.1,3.1,65.78,20.0,52.62,5.0,0
FUL_004039,BK_004039,DRV_0237,VEH_0237,2026-02-13 06:12:50,2026-02-13 06:17:26,2026-02-13 06:20:34,2026-02-13 06:29:40,4.6,9.1,5.0,212.8,20.0,170.24,4.0,0
FUL_004040,BK_004040,DRV_0175,VEH_0175,2026-02-21 20:22:44,2026-02-21 20:27:08,2026-02-21 20:28:49,2026-02-21 21:11:13,4.4,42.4,18.7,1471.68,20.0,1177.34,3.0,0
FUL_004042,BK_004042,DRV_0076,VEH_0076,2026-03-12 03:30:23,2026-03-12 03:40:23,2026-03-12 03:43:35,2026-03-12 04:15:47,10.0,32.2,18.8,404.36,20.0,323.49,5.0,10
FUL_004044,BK_004044,DRV_0206,VEH_0206,2026-03-06 23:29:22,2026-03-06 23:41:40,2026-03-06 23:45:20,2026-03-07 00:20:26,12.3,35.1,13.3,181.0,20.0,144.8,5.0,10
FUL_004045,BK_004045,DRV_0043,VEH_0043,2026-02-28 06:51:50,2026-02-28 06:58:38,2026-02-28 06:59:51,2026-02-28 07:18:27,6.8,18.6,8.0,121.0,20.0,96.8,3.0,0
FUL_004046,BK_004046,DRV_0028,VEH_0028,2026-03-01 21:30:13,2026-03-01 21:39:19,2026-03-01 21:41:50,2026-03-01 21:54:14,9.1,12.4,5.3,127.4,20.0,101.92,5.0,50
FUL_004048,BK_004048,DRV_0266,VEH_0266,2026-03-11 03:10:01,2026-03-11 03:14:43,2026-03-11 03:18:00,2026-03-11 03:30:00,4.7,12.0,8.2,142.32,20.0,113.86,4.0,20
FUL_004050,BK_004050,DRV_0020,VEH_0020,2026-02-02 07:09:18,2026-02-02 07:21:24,2026-02-02 07:23:24,2026-02-02 07:34:24,12.1,11.0,6.1,238.0,20.0,190.4,5.0,0
FUL_004051,BK_004051,DRV_0007,VEH_0007,2026-03-16 15:05:17,2026-03-16 15:11:47,2026-03-16 15:14:43,2026-03-16 15:54:55,6.5,40.2,28.5,790.4,20.0,632.32,5.0,0
FUL_004052,BK_004052,DRV_0024,VEH_0024,2026-03-01 20:15:10,2026-03-01 20:20:52,2026-03-01 20:22:11,2026-03-01 21:06:53,5.7,44.7,20.4,874.02,20.0,699.22,5.0,10
FUL_004053,BK_004053,DRV_0175,VEH_0175,2026-03-16 00:45:38,2026-03-16 00:53:26,2026-03-16 00:56:17,2026-03-16 01:23:05,7.8,26.8,16.2,498.4,20.0,398.72,4.0,0
FUL_004054,BK_004054,DRV_0227,VEH_0227,2026-02-18 00:43:47,2026-02-18 00:55:35,2026-02-18 00:59:11,2026-02-18 01:49:53,11.8,50.7,22.9,286.6,20.0,229.28,5.0,0
FUL_004056,BK_004056,DRV_0123,VEH_0123,2026-03-03 21:07:16,2026-03-03 21:10:58,2026-03-03 21:12:01,2026-03-03 21:19:49,3.7,7.8,5.2,246.96,20.0,197.57,5.0,0
FUL_004057,BK_004057,DRV_0007,VEH_0007,2026-02-06 12:53:28,2026-02-06 13:01:04,2026-02-06 13:04:26,2026-02-06 13:40:38,7.6,36.2,16.3,462.8,20.0,370.24,3.0,10
FUL_004059,BK_004059,DRV_0087,VEH_0087,2026-02-07 23:27:27,2026-02-07 23:40:33,2026-02-07 23:41:47,2026-02-08 00:05:29,13.1,23.7,16.8,219.4,20.0,175.52,5.0,20
FUL_004060,BK_004060,DRV_0086,VEH_0086,2026-02-23 13:51:03,2026-02-23 13:55:45,2026-02-23 13:57:46,2026-02-23 15:00:46,4.7,63.0,26.0,509.8,20.0,407.84,4.0,30
FUL_004061,BK_004061,DRV_0126,VEH_0126,2026-02-09 07:34:22,2026-02-09 07:39:04,2026-02-09 07:40:31,2026-02-09 08:47:31,4.7,67.0,26.5,353.8,20.0,283.04,5.0,0
FUL_004062,BK_004062,DRV_0237,VEH_0237,2026-02-02 13:02:38,2026-02-02 13:07:44,2026-02-02 13:10:24,2026-02-02 13:40:54,5.1,30.5,11.6,397.6,20.0,318.08,4.0,0
FUL_004063,BK_004063,DRV_0172,VEH_0172,2026-02-24 04:54:56,2026-02-24 05:05:56,2026-02-24 05:09:17,2026-02-24 05:56:17,11.0,47.0,22.0,421.6,20.0,337.28,5.0,0
FUL_004064,BK_004064,DRV_0030,VEH_0030,2026-03-02 04:25:50,2026-03-02 04:33:50,2026-03-02 04:35:06,2026-03-02 05:02:06,8.0,27.0,18.9,237.4,20.0,189.92,4.0,0
FUL_004065,BK_004065,DRV_0252,VEH_0252,2026-03-07 19:43:51,2026-03-07 19:57:27,2026-03-07 19:58:44,2026-03-07 20:13:20,13.6,14.6,6.3,186.24,20.0,148.99,5.0,0
FUL_004067,BK_004067,DRV_0070,VEH_0070,2026-03-14 06:33:14,2026-03-14 06:46:56,2026-03-14 06:49:55,2026-03-14 07:25:19,13.7,35.4,23.9,761.6,20.0,609.28,5.0,10
FUL_004068,BK_004068,DRV_0113,VEH_0113,2026-03-07 10:52:01,2026-03-07 10:55:37,2026-03-07 10:58:31,2026-03-07 11:29:31,3.6,31.0,19.3,1417.92,20.0,1134.34,5.0,0
FUL_004069,BK_004069,DRV_0281,VEH_0281,2026-02-13 21:46:29,2026-02-13 21:56:17,2026-02-13 21:59:05,2026-02-13 22:12:59,9.8,13.9,9.3,546.56,20.0,437.25,5.0,0
FUL_004071,BK_004071,DRV_0037,VEH_0037,2026-02-19 04:30:22,2026-02-19 04:39:40,2026-02-19 04:41:39,2026-02-19 05:17:15,9.3,35.6,14.9,504.0,20.0,403.2,5.0,30
FUL_004072,BK_004072,DRV_0107,VEH_0107,2026-02-04 06:22:18,2026-02-04 06:27:42,2026-02-04 06:29:29,2026-02-04 06:57:29,5.4,28.0,12.8,274.0,20.0,219.2,5.0,0
FUL_004073,BK_004073,DRV_0150,VEH_0150,2026-02-19 10:58:19,2026-02-19 11:07:25,2026-02-19 11:10:49,2026-02-19 11:27:07,9.1,16.3,10.5,396.24,20.0,316.99,4.0,0
FUL_004074,BK_004074,DRV_0117,VEH_0117,2026-02-22 21:19:58,2026-02-22 21:32:22,2026-02-22 21:33:51,2026-02-22 22:03:45,12.4,29.9,12.0,852.6,20.0,682.08,5.0,30
FUL_004075,BK_004075,DRV_0094,VEH_0094,2026-03-11 17:12:22,2026-03-11 17:15:28,2026-03-11 17:17:45,2026-03-11 18:05:21,3.1,47.6,27.0,624.72,20.0,499.78,5.0,0
FUL_004077,BK_004077,DRV_0209,VEH_0209,2026-02-02 08:21:11,2026-02-02 08:31:59,2026-02-02 08:34:08,2026-02-02 08:47:32,10.8,13.4,8.5,488.32,20.0,390.66,5.0,30
FUL_004078,BK_004078,DRV_0149,VEH_0149,2026-02-08 02:14:21,2026-02-08 02:25:21,2026-02-08 02:27:00,2026-02-08 03:13:06,11.0,46.1,17.8,560.0,20.0,448.0,5.0,0
FUL_004080,BK_004080,DRV_0282,VEH_0282,2026-02-06 04:28:04,2026-02-06 04:31:46,2026-02-06 04:34:41,2026-02-06 05:00:35,3.7,25.9,17.3,413.04,20.0,330.43,5.0,20
FUL_004081,BK_004081,DRV_0288,VEH_0288,2026-03-11 16:48:07,2026-03-11 16:56:25,2026-03-11 16:59:50,2026-03-11 17:21:38,8.3,21.8,8.3,220.8,20.0,176.64,5.0,10
FUL_004082,BK_004082,DRV_0062,VEH_0062,2026-03-12 01:39:34,2026-03-12 01:52:28,2026-03-12 01:55:34,2026-03-12 02:17:40,12.9,22.1,12.2,431.86,20.0,345.49,5.0,0
FUL_004083,BK_004083,DRV_0264,VEH_0264,2026-02-11 19:46:09,2026-02-11 19:50:57,2026-02-11 19:53:04,2026-02-11 20:41:34,4.8,48.5,21.6,1612.8,20.0,1290.24,5.0,30
FUL_004084,BK_004084,DRV_0006,VEH_0006,2026-02-17 16:34:50,2026-02-17 16:38:14,2026-02-17 16:39:49,2026-02-17 16:56:55,3.4,17.1,9.7,135.4,20.0,108.32,5.0,0
FUL_004086,BK_004086,DRV_0313,VEH_0313,2026-02-23 05:58:06,2026-02-23 06:01:36,2026-02-23 06:04:08,2026-02-23 06:47:44,3.5,43.6,22.4,745.68,20.0,596.54,5.0,10
FUL_004088,BK_004088,DRV_0199,VEH_0199,2026-03-17 12:10:01,2026-03-17 12:18:43,2026-03-17 12:20:54,2026-03-17 12:27:54,8.7,7.0,5.2,92.18,20.0,73.74,5.0,50
FUL_004089,BK_004089,DRV_0119,VEH_0119,2026-02-26 00:43:40,2026-02-26 00:57:28,2026-02-26 01:00:29,2026-02-26 01:14:35,13.8,14.1,7.3,315.12,20.0,252.1,5.0,0
FUL_004090,BK_004090,DRV_0154,VEH_0154,2026-02-21 23:11:11,2026-02-21 23:24:53,2026-02-21 23:26:46,2026-02-22 00:00:46,13.7,34.0,18.6,390.5,20.0,312.4,5.0,10
FUL_004091,BK_004091,DRV_0184,VEH_0184,2026-03-06 03:19:32,2026-03-06 03:26:44,2026-03-06 03:30:16,2026-03-06 03:59:52,7.2,29.6,14.7,304.6,20.0,243.68,5.0,30
FUL_004092,BK_004092,DRV_0050,VEH_0050,2026-02-06 06:59:20,2026-02-06 07:07:14,2026-02-06 07:10:52,2026-02-06 08:01:58,7.9,51.1,22.2,723.84,20.0,579.07,5.0,0
FUL_004093,BK_004093,DRV_0030,VEH_0030,2026-02-19 12:47:18,2026-02-19 12:57:06,2026-02-19 12:58:50,2026-02-19 13:05:20,9.8,6.5,3.9,78.98,20.0,63.18,5.0,0
FUL_004094,BK_004094,DRV_0085,VEH_0085,2026-02-15 19:03:36,2026-02-15 19:17:30,2026-02-15 19:21:24,2026-02-15 19:27:00,13.9,5.6,3.3,227.36,20.0,181.89,5.0,0
FUL_004095,BK_004095,DRV_0016,VEH_0016,2026-02-17 16:21:39,2026-02-17 16:30:27,2026-02-17 16:32:39,2026-02-17 17:11:15,8.8,38.6,17.1,355.0,20.0,284.0,5.0,0
FUL_004099,BK_004099,DRV_0227,VEH_0227,2026-02-24 11:16:52,2026-02-24 11:24:16,2026-02-24 11:27:03,2026-02-24 12:15:09,7.4,48.1,29.2,732.9,20.0,586.32,5.0,0
FUL_004100,BK_004100,DRV_0047,VEH_0047,2026-03-09 02:53:22,2026-03-09 03:01:16,2026-03-09 03:04:14,2026-03-09 03:13:32,7.9,9.3,4.1,188.76,20.0,151.01,5.0,0
FUL_004101,BK_004101,DRV_0193,VEH_0193,2026-02-22 12:07:27,2026-02-22 12:11:09,2026-02-22 12:14:33,2026-02-22 12:40:39,3.7,26.1,16.8,267.6,20.0,214.08,4.0,20
FUL_004102,BK_004102,DRV_0316,VEH_0316,2026-02-16 09:35:42,2026-02-16 09:46:30,2026-02-16 09:48:15,2026-02-16 10:36:33,10.8,48.3,21.8,492.96,20.0,394.37,5.0,0
FUL_004103,BK_004103,DRV_0320,VEH_0320,2026-02-10 11:48:26,2026-02-10 11:53:32,2026-02-10 11:57:23,2026-02-10 12:03:23,5.1,6.0,2.7,185.64,20.0,148.51,3.0,30
FUL_004106,BK_004106,DRV_0139,VEH_0139,2026-02-25 02:12:26,2026-02-25 02:15:14,2026-02-25 02:17:05,2026-02-25 02:34:47,2.8,17.7,10.4,358.4,20.0,286.72,5.0,50
FUL_004107,BK_004107,DRV_0067,VEH_0067,2026-02-05 02:24:13,2026-02-05 02:37:25,2026-02-05 02:41:00,2026-02-05 03:07:18,13.2,26.3,11.1,159.4,20.0,127.52,5.0,50
FUL_004108,BK_004108,DRV_0248,VEH_0248,2026-03-17 21:44:21,2026-03-17 21:49:03,2026-03-17 21:51:57,2026-03-17 22:57:03,4.7,65.1,27.3,988.92,20.0,791.14,4.0,30
FUL_004109,BK_004109,DRV_0093,VEH_0093,2026-03-12 04:49:05,2026-03-12 04:57:53,2026-03-12 05:01:35,2026-03-12 05:25:29,8.8,23.9,15.1,545.16,20.0,436.13,5.0,0
FUL_004111,BK_004111,DRV_0120,VEH_0120,2026-03-01 03:55:24,2026-03-01 04:06:36,2026-03-01 04:08:13,2026-03-01 04:15:19,11.2,7.1,3.7,127.92,20.0,102.34,5.0,0
FUL_004112,BK_004112,DRV_0308,VEH_0308,2026-03-17 11:23:19,2026-03-17 11:30:13,2026-03-17 11:32:43,2026-03-17 11:48:31,6.9,15.8,6.8,312.48,20.0,249.98,5.0,20
FUL_004113,BK_004113,DRV_0204,VEH_0204,2026-02-25 16:30:45,2026-02-25 16:34:09,2026-02-25 16:37:51,2026-02-25 17:21:33,3.4,43.7,17.8,496.6,20.0,397.28,5.0,30
FUL_004116,BK_004116,DRV_0202,VEH_0202,2026-03-04 22:52:29,2026-03-04 22:58:29,2026-03-04 23:01:54,2026-03-04 23:17:12,6.0,15.3,8.2,327.6,20.0,262.08,5.0,50
FUL_004117,BK_004117,DRV_0078,VEH_0078,2026-02-04 13:22:21,2026-02-04 13:25:09,2026-02-04 13:26:57,2026-02-04 13:55:03,2.8,28.1,18.8,540.8,20.0,432.64,5.0,0
FUL_004118,BK_004118,DRV_0222,VEH_0222,2026-02-15 19:01:19,2026-02-15 19:07:13,2026-02-15 19:09:00,2026-02-15 19:27:30,5.9,18.5,10.0,780.0,20.0,624.0,5.0,0
FUL_004119,BK_004119,DRV_0296,VEH_0296,2026-02-12 04:29:29,2026-02-12 04:38:23,2026-02-12 04:41:14,2026-02-12 05:05:56,8.9,24.7,16.9,258.96,20.0,207.17,5.0,10
FUL_004120,BK_004120,DRV_0022,VEH_0022,2026-02-07 21:32:54,2026-02-07 21:35:30,2026-02-07 21:38:32,2026-02-07 22:20:38,2.6,42.1,18.6,926.64,20.0,741.31,5.0,0
FUL_004123,BK_004123,DRV_0081,VEH_0081,2026-02-26 22:25:27,2026-02-26 22:35:57,2026-02-26 22:37:22,2026-02-26 22:55:28,10.5,18.1,11.9,437.36,20.0,349.89,5.0,0
FUL_004124,BK_004124,DRV_0084,VEH_0084,2026-03-15 04:15:26,2026-03-15 04:23:32,2026-03-15 04:25:18,2026-03-15 05:01:06,8.1,35.8,22.4,605.8,20.0,484.64,5.0,0
FUL_004125,BK_004125,DRV_0082,VEH_0082,2026-02-13 18:39:29,2026-02-13 18:42:35,2026-02-13 18:46:06,2026-02-13 18:53:54,3.1,7.8,5.0,182.0,20.0,145.6,5.0,10
FUL_004128,BK_004128,DRV_0205,VEH_0205,2026-03-16 01:10:05,2026-03-16 01:12:11,2026-03-16 01:13:45,2026-03-16 02:04:21,2.1,50.6,26.0,917.28,20.0,733.82,5.0,0
FUL_004129,BK_004129,DRV_0064,VEH_0064,2026-02-15 01:23:58,2026-02-15 01:37:28,2026-02-15 01:41:21,2026-02-15 01:50:51,13.5,9.5,7.0,104.2,20.0,83.36,5.0,10
FUL_004130,BK_004130,DRV_0225,VEH_0225,2026-02-13 17:09:17,2026-02-13 17:14:17,2026-02-13 17:15:31,2026-02-13 18:12:25,5.0,56.9,25.7,752.32,20.0,601.86,5.0,30
FUL_004131,BK_004131,DRV_0180,VEH_0180,2026-02-16 23:06:19,2026-02-16 23:17:37,2026-02-16 23:19:13,2026-02-16 23:48:01,11.3,28.8,13.6,197.78,20.0,158.22,5.0,10
FUL_004132,BK_004132,DRV_0114,VEH_0114,2026-02-24 08:14:29,2026-02-24 08:24:23,2026-02-24 08:25:23,2026-02-24 08:34:05,9.9,8.7,5.0,199.36,20.0,159.49,4.0,0
FUL_004133,BK_004133,DRV_0293,VEH_0293,2026-03-15 11:39:35,2026-03-15 11:47:17,2026-03-15 11:50:44,2026-03-15 12:29:08,7.7,38.4,24.9,1528.8,20.0,1223.04,4.0,50
FUL_004135,BK_004135,DRV_0267,VEH_0267,2026-03-01 15:50:12,2026-03-01 16:00:18,2026-03-01 16:02:46,2026-03-01 16:38:46,10.1,36.0,24.4,775.06,20.0,620.05,5.0,0
FUL_004136,BK_004136,DRV_0082,VEH_0082,2026-02-12 11:45:05,2026-02-12 11:47:59,2026-02-12 11:50:11,2026-02-12 12:08:35,2.9,18.4,10.4,320.6,20.0,256.48,5.0,30
FUL_004137,BK_004137,DRV_0016,VEH_0016,2026-02-12 17:35:07,2026-02-12 17:44:31,2026-02-12 17:47:30,2026-02-12 18:50:12,9.4,62.7,25.7,827.2,20.0,661.76,4.0,30
FUL_004138,BK_004138,DRV_0047,VEH_0047,2026-02-13 20:02:21,2026-02-13 20:06:33,2026-02-13 20:10:08,2026-02-13 20:25:44,4.2,15.6,6.8,331.24,20.0,264.99,5.0,30
FUL_004139,BK_004139,DRV_0089,VEH_0089,2026-02-03 21:41:08,2026-02-03 21:46:56,2026-02-03 21:48:23,2026-02-03 22:12:29,5.8,24.1,9.5,495.04,20.0,396.03,5.0,10
FUL_004140,BK_004140,DRV_0187,VEH_0187,2026-02-21 05:10:04,2026-02-21 05:23:46,2026-02-21 05:24:47,2026-02-21 05:46:23,13.7,21.6,15.3,476.0,20.0,380.8,5.0,0
FUL_004142,BK_004142,DRV_0155,VEH_0155,2026-02-15 03:16:24,2026-02-15 03:20:30,2026-02-15 03:23:06,2026-02-15 03:36:06,4.1,13.0,7.0,244.4,20.0,195.52,3.0,0
FUL_004143,BK_004143,DRV_0096,VEH_0096,2026-02-20 16:02:25,2026-02-20 16:09:55,2026-02-20 16:12:44,2026-02-20 16:30:02,7.5,17.3,9.7,142.6,20.0,114.08,1.0,0
FUL_004144,BK_004144,DRV_0074,VEH_0074,2026-02-19 18:37:06,2026-02-19 18:50:42,2026-02-19 18:53:52,2026-02-19 19:09:10,13.6,15.3,6.8,599.04,20.0,479.23,5.0,0
FUL_004145,BK_004145,DRV_0313,VEH_0313,2026-03-15 21:12:18,2026-03-15 21:18:48,2026-03-15 21:20:16,2026-03-15 22:13:10,6.5,52.9,29.5,1404.0,20.0,1123.2,5.0,30
FUL_004146,BK_004146,DRV_0046,VEH_0046,2026-03-13 20:55:48,2026-03-13 20:59:06,2026-03-13 21:02:28,2026-03-13 21:52:28,3.3,50.0,28.0,832.96,20.0,666.37,5.0,10
FUL_004148,BK_004148,DRV_0233,VEH_0233,2026-02-02 15:06:24,2026-02-02 15:10:54,2026-02-02 15:13:19,2026-02-02 15:53:13,4.5,39.9,24.2,715.0,20.0,572.0,5.0,0
FUL_004151,BK_004151,DRV_0194,VEH_0194,2026-02-03 20:26:17,2026-02-03 20:37:05,2026-02-03 20:40:00,2026-02-03 21:17:00,10.8,37.0,22.1,726.4,20.0,581.12,5.0,0
FUL_004153,BK_004153,DRV_0234,VEH_0234,2026-02-08 16:07:29,2026-02-08 16:10:47,2026-02-08 16:13:24,2026-02-08 17:01:42,3.3,48.3,25.8,742.0,20.0,593.6,4.0,0
FUL_004154,BK_004154,DRV_0155,VEH_0155,2026-03-13 05:42:59,2026-03-13 05:55:41,2026-03-13 05:59:15,2026-03-13 06:32:09,12.7,32.9,19.7,546.0,20.0,436.8,4.0,50
FUL_004157,BK_004157,DRV_0173,VEH_0173,2026-02-22 11:21:33,2026-02-22 11:28:45,2026-02-22 11:32:34,2026-02-22 11:47:52,7.2,15.3,8.8,458.88,20.0,367.1,4.0,30
FUL_004158,BK_004158,DRV_0216,VEH_0216,2026-03-08 04:16:07,2026-03-08 04:29:07,2026-03-08 04:31:54,2026-03-08 04:58:00,13.0,26.1,13.4,400.4,20.0,320.32,5.0,50
FUL_004159,BK_004159,DRV_0294,VEH_0294,2026-03-07 22:47:03,2026-03-07 22:59:15,2026-03-07 23:02:50,2026-03-08 00:00:44,12.2,57.9,27.6,520.6,20.0,416.48,5.0,50
FUL_004160,BK_004160,DRV_0308,VEH_0308,2026-02-08 01:14:18,2026-02-08 01:18:42,2026-02-08 01:20:02,2026-02-08 01:58:14,4.4,38.2,22.2,739.2,20.0,591.36,5.0,10
FUL_004161,BK_004161,DRV_0178,VEH_0178,2026-02-06 01:26:55,2026-02-06 01:35:37,2026-02-06 01:39:20,2026-02-06 02:25:14,8.7,45.9,25.0,792.22,20.0,633.78,4.0,30
FUL_004164,BK_004164,DRV_0281,VEH_0281,2026-03-02 01:42:15,2026-03-02 01:51:57,2026-03-02 01:54:32,2026-03-02 02:30:56,9.7,36.4,17.7,616.0,20.0,492.8,5.0,0
FUL_004166,BK_004166,DRV_0278,VEH_0278,2026-03-17 11:41:04,2026-03-17 11:47:28,2026-03-17 11:51:11,2026-03-17 12:18:29,6.4,27.3,13.5,829.92,20.0,663.94,5.0,0
FUL_004167,BK_004167,DRV_0267,VEH_0267,2026-02-13 08:47:11,2026-02-13 08:58:29,2026-02-13 09:01:59,2026-02-13 09:15:05,11.3,13.1,5.6,243.36,20.0,194.69,5.0,0
FUL_004168,BK_004168,DRV_0092,VEH_0092,2026-02-20 00:31:04,2026-02-20 00:42:52,2026-02-20 00:46:27,2026-02-20 00:57:27,11.8,11.0,5.7,226.8,20.0,181.44,2.0,50
FUL_004170,BK_004170,DRV_0106,VEH_0106,2026-02-26 22:35:19,2026-02-26 22:48:37,2026-02-26 22:51:52,2026-02-26 23:07:34,13.3,15.7,10.0,249.92,20.0,199.94,5.0,50
FUL_004171,BK_004171,DRV_0262,VEH_0262,2026-02-06 17:44:14,2026-02-06 17:55:56,2026-02-06 17:56:58,2026-02-06 18:39:10,11.7,42.2,18.7,904.96,20.0,723.97,5.0,10
FUL_004172,BK_004172,DRV_0170,VEH_0170,2026-03-13 05:30:28,2026-03-13 05:36:40,2026-03-13 05:37:40,2026-03-13 05:59:22,6.2,21.7,13.1,293.48,20.0,234.78,5.0,0
FUL_004173,BK_004173,DRV_0157,VEH_0157,2026-02-03 12:42:20,2026-02-03 12:54:56,2026-02-03 12:57:32,2026-02-03 13:14:56,12.6,17.4,11.4,351.0,20.0,280.8,5.0,0
FUL_004174,BK_004174,DRV_0298,VEH_0298,2026-03-15 10:22:29,2026-03-15 10:28:05,2026-03-15 10:29:29,2026-03-15 11:19:35,5.6,50.1,19.7,410.56,20.0,328.45,3.0,0
FUL_004175,BK_004175,DRV_0291,VEH_0291,2026-03-05 21:36:18,2026-03-05 21:38:36,2026-03-05 21:42:06,2026-03-05 22:30:12,2.3,48.1,25.1,865.8,20.0,692.64,5.0,0
FUL_004178,BK_004178,DRV_0252,VEH_0252,2026-03-07 06:44:28,2026-03-07 06:56:28,2026-03-07 06:58:43,2026-03-07 07:38:19,12.0,39.6,19.5,398.2,20.0,318.56,4.0,0
FUL_004179,BK_004179,DRV_0017,VEH_0017,2026-03-12 13:19:17,2026-03-12 13:29:47,2026-03-12 13:31:52,2026-03-12 13:41:10,10.5,9.3,6.5,240.8,20.0,192.64,4.0,10
FUL_004180,BK_004180,DRV_0047,VEH_0047,2026-03-13 21:21:26,2026-03-13 21:25:08,2026-03-13 21:28:13,2026-03-13 22:12:19,3.7,44.1,22.2,960.96,20.0,768.77,5.0,10
FUL_004181,BK_004181,DRV_0291,VEH_0291,2026-02-14 05:26:04,2026-02-14 05:29:10,2026-02-14 05:33:03,2026-02-14 06:20:57,3.1,47.9,23.2,470.2,20.0,376.16,5.0,0
FUL_004182,BK_004182,DRV_0301,VEH_0301,2026-02-01 16:48:39,2026-02-01 16:52:15,2026-02-01 16:53:33,2026-02-01 17:42:45,3.6,49.2,24.9,464.8,20.0,371.84,5.0,50
FUL_004183,BK_004183,DRV_0202,VEH_0202,2026-03-04 03:16:43,2026-03-04 03:28:49,2026-03-04 03:31:25,2026-03-04 04:00:25,12.1,29.0,19.0,574.6,20.0,459.68,5.0,20
FUL_004184,BK_004184,DRV_0112,VEH_0112,2026-03-03 12:47:46,2026-03-03 12:49:52,2026-03-03 12:51:15,2026-03-03 13:17:15,2.1,26.0,17.6,402.38,20.0,321.9,5.0,0
FUL_004185,BK_004185,DRV_0051,VEH_0051,2026-02-11 14:15:05,2026-02-11 14:21:17,2026-02-11 14:23:31,2026-02-11 14:56:43,6.2,33.2,22.0,443.2,20.0,354.56,5.0,30
FUL_004186,BK_004186,DRV_0191,VEH_0191,2026-03-16 23:20:27,2026-03-16 23:26:39,2026-03-16 23:30:17,2026-03-16 23:38:29,6.2,8.2,5.9,275.52,20.0,220.42,5.0,0
FUL_004187,BK_004187,DRV_0017,VEH_0017,2026-02-12 20:18:25,2026-02-12 20:30:37,2026-02-12 20:33:20,2026-02-12 21:22:56,12.2,49.6,20.6,1057.28,20.0,845.82,5.0,50
FUL_004188,BK_004188,DRV_0113,VEH_0113,2026-02-04 05:56:59,2026-02-04 06:08:35,2026-02-04 06:10:35,2026-02-04 06:49:41,11.6,39.1,21.9,823.2,20.0,658.56,5.0,0
FUL_004191,BK_004191,DRV_0189,VEH_0189,2026-02-11 10:37:48,2026-02-11 10:41:42,2026-02-11 10:42:52,2026-02-11 11:03:58,3.9,21.1,15.1,613.2,20.0,490.56,5.0,0
FUL_004192,BK_004192,DRV_0194,VEH_0194,2026-02-27 16:00:38,2026-02-27 16:12:08,2026-02-27 16:14:34,2026-02-27 16:40:04,11.5,25.5,15.3,308.2,20.0,246.56,5.0,10
FUL_004193,BK_004193,DRV_0271,VEH_0271,2026-03-14 01:26:44,2026-03-14 01:34:32,2026-03-14 01:36:04,2026-03-14 01:48:10,7.8,12.1,6.0,151.6,20.0,121.28,5.0,30
FUL_004194,BK_004194,DRV_0087,VEH_0087,2026-02-03 16:25:36,2026-02-03 16:32:36,2026-02-03 16:33:53,2026-02-03 17:13:23,7.0,39.5,20.7,283.0,20.0,226.4,5.0,0
FUL_004195,BK_004195,DRV_0074,VEH_0074,2026-03-05 12:53:47,2026-03-05 13:05:53,2026-03-05 13:09:13,2026-03-05 13:47:31,12.1,38.3,24.1,696.8,20.0,557.44,5.0,0
FUL_004196,BK_004196,DRV_0140,VEH_0140,2026-02-03 16:39:33,2026-02-03 16:48:21,2026-02-03 16:50:54,2026-02-03 16:58:06,8.8,7.2,4.7,203.06,20.0,162.45,3.0,0
FUL_004197,BK_004197,DRV_0316,VEH_0316,2026-02-07 15:41:17,2026-02-07 15:52:11,2026-02-07 15:53:12,2026-02-07 16:17:12,10.9,24.0,15.0,304.6,20.0,243.68,5.0,50
FUL_004198,BK_004198,DRV_0284,VEH_0284,2026-03-05 22:17:14,2026-03-05 22:25:38,2026-03-05 22:27:44,2026-03-05 23:11:56,8.4,44.2,23.0,692.12,20.0,553.7,4.0,0
FUL_004202,BK_004202,DRV_0274,VEH_0274,2026-03-02 01:51:21,2026-03-02 02:01:21,2026-03-02 02:03:10,2026-03-02 02:13:40,10.0,10.5,4.8,195.0,20.0,156.0,5.0,30
FUL_004203,BK_004203,DRV_0080,VEH_0080,2026-02-26 16:43:18,2026-02-26 16:55:42,2026-02-26 16:59:37,2026-02-26 17:49:43,12.4,50.1,25.7,517.22,20.0,413.78,4.0,0
FUL_004204,BK_004204,DRV_0078,VEH_0078,2026-02-18 00:34:29,2026-02-18 00:36:35,2026-02-18 00:40:20,2026-02-18 00:54:38,2.1,14.3,10.2,317.2,20.0,253.76,5.0,50
FUL_004205,BK_004205,DRV_0058,VEH_0058,2026-02-27 16:13:59,2026-02-27 16:24:05,2026-02-27 16:25:18,2026-02-27 16:54:18,10.1,29.0,13.0,413.4,20.0,330.72,5.0,50
FUL_004206,BK_004206,DRV_0235,VEH_0235,2026-02-16 18:40:38,2026-02-16 18:45:32,2026-02-16 18:46:36,2026-02-16 19:03:18,4.9,16.7,10.1,264.0,20.0,211.2,4.0,0
FUL_004207,BK_004207,DRV_0180,VEH_0180,2026-03-08 19:53:49,2026-03-08 20:06:07,2026-03-08 20:09:38,2026-03-08 20:19:44,12.3,10.1,6.6,223.86,20.0,179.09,5.0,30
FUL_004208,BK_004208,DRV_0015,VEH_0015,2026-03-04 12:58:39,2026-03-04 13:04:45,2026-03-04 13:07:42,2026-03-04 13:48:24,6.1,40.7,22.0,780.0,20.0,624.0,5.0,0
FUL_004209,BK_004209,DRV_0137,VEH_0137,2026-02-11 23:29:07,2026-02-11 23:40:01,2026-02-11 23:42:08,2026-02-11 23:51:32,10.9,9.4,4.2,117.4,20.0,93.92,5.0,30
FUL_004210,BK_004210,DRV_0260,VEH_0260,2026-02-17 10:48:39,2026-02-17 10:58:33,2026-02-17 11:01:02,2026-02-17 11:29:50,9.9,28.8,18.8,447.6,20.0,358.08,5.0,0
FUL_004211,BK_004211,DRV_0313,VEH_0313,2026-03-12 05:08:33,2026-03-12 05:16:09,2026-03-12 05:17:29,2026-03-12 05:49:35,7.6,32.1,16.4,475.8,20.0,380.64,5.0,10
FUL_004212,BK_004212,DRV_0100,VEH_0100,2026-03-09 04:35:41,2026-03-09 04:48:59,2026-03-09 04:51:26,2026-03-09 05:15:02,13.3,23.6,16.1,621.6,20.0,497.28,4.0,10
FUL_004213,BK_004213,DRV_0184,VEH_0184,2026-02-19 03:20:20,2026-02-19 03:24:38,2026-02-19 03:27:22,2026-02-19 03:44:46,4.3,17.4,6.6,186.24,20.0,148.99,5.0,0
FUL_004214,BK_004214,DRV_0114,VEH_0114,2026-02-09 04:59:17,2026-02-09 05:12:17,2026-02-09 05:13:23,2026-02-09 05:59:23,13.0,46.0,17.3,351.4,20.0,281.12,5.0,20
FUL_004215,BK_004215,DRV_0075,VEH_0075,2026-02-25 16:28:24,2026-02-25 16:40:18,2026-02-25 16:41:30,2026-02-25 17:14:00,11.9,32.5,13.9,303.38,20.0,242.7,3.0,30
FUL_004216,BK_004216,DRV_0020,VEH_0020,2026-02-28 05:18:24,2026-02-28 05:26:30,2026-02-28 05:28:25,2026-02-28 06:17:25,8.1,49.0,23.2,708.4,20.0,566.72,5.0,20
FUL_004220,BK_004220,DRV_0106,VEH_0106,2026-02-06 14:39:46,2026-02-06 14:42:04,2026-02-06 14:45:10,2026-02-06 15:55:10,2.3,70.0,26.8,639.84,20.0,511.87,5.0,0
FUL_004221,BK_004221,DRV_0260,VEH_0260,2026-02-13 07:44:03,2026-02-13 07:47:45,2026-02-13 07:51:40,2026-02-13 08:36:58,3.7,45.3,20.5,438.02,20.0,350.42,5.0,50
FUL_004222,BK_004222,DRV_0118,VEH_0118,2026-02-16 13:49:50,2026-02-16 13:55:44,2026-02-16 13:57:12,2026-02-16 14:16:48,5.9,19.6,9.4,330.4,20.0,264.32,5.0,50
FUL_004223,BK_004223,DRV_0027,VEH_0027,2026-03-15 21:36:13,2026-03-15 21:39:25,2026-03-15 21:42:25,2026-03-15 21:55:25,3.2,13.0,8.1,149.52,20.0,119.62,5.0,0
FUL_004225,BK_004225,DRV_0081,VEH_0081,2026-02-06 04:38:17,2026-02-06 04:48:17,2026-02-06 04:50:47,2026-02-06 05:23:29,10.0,32.7,18.7,568.4,20.0,454.72,5.0,10
FUL_004226,BK_004226,DRV_0144,VEH_0144,2026-03-10 20:25:48,2026-03-10 20:37:00,2026-03-10 20:38:42,2026-03-10 21:02:54,11.2,24.2,14.0,781.56,20.0,625.25,3.0,20
FUL_004227,BK_004227,DRV_0197,VEH_0197,2026-02-18 06:13:36,2026-02-18 06:17:06,2026-02-18 06:20:08,2026-02-18 06:37:38,3.5,17.5,11.6,366.6,20.0,293.28,4.0,30
FUL_004229,BK_004229,DRV_0137,VEH_0137,2026-02-06 03:49:27,2026-02-06 03:55:03,2026-02-06 03:57:40,2026-02-06 04:16:16,5.6,18.6,12.6,311.52,20.0,249.22,3.0,0
FUL_004230,BK_004230,DRV_0205,VEH_0205,2026-02-28 19:18:04,2026-02-28 19:26:52,2026-02-28 19:28:40,2026-02-28 19:58:52,8.8,30.2,14.7,762.84,20.0,610.27,3.0,50
FUL_004231,BK_004231,DRV_0097,VEH_0097,2026-02-20 17:56:25,2026-02-20 18:07:31,2026-02-20 18:09:30,2026-02-20 18:30:24,11.1,20.9,8.6,383.04,20.0,306.43,5.0,0
FUL_004232,BK_004232,DRV_0165,VEH_0165,2026-02-20 20:10:28,2026-02-20 20:17:58,2026-02-20 20:21:17,2026-02-20 20:39:23,7.5,18.1,6.9,342.16,20.0,273.73,5.0,0
FUL_004233,BK_004233,DRV_0223,VEH_0223,2026-02-14 18:32:15,2026-02-14 18:36:45,2026-02-14 18:38:04,2026-02-14 19:02:04,4.5,24.0,15.6,238.8,20.0,191.04,5.0,0
FUL_004234,BK_004234,DRV_0127,VEH_0127,2026-02-23 16:31:11,2026-02-23 16:38:47,2026-02-23 16:41:31,2026-02-23 17:04:55,7.6,23.4,13.4,176.2,20.0,140.96,5.0,20
FUL_004235,BK_004235,DRV_0196,VEH_0196,2026-03-12 18:22:28,2026-03-12 18:28:34,2026-03-12 18:30:30,2026-03-12 18:57:36,6.1,27.1,10.8,487.76,20.0,390.21,5.0,0
FUL_004236,BK_004236,DRV_0143,VEH_0143,2026-02-07 00:53:52,2026-02-07 01:02:34,2026-02-07 01:04:46,2026-02-07 01:11:40,8.7,6.9,2.8,132.6,20.0,106.08,5.0,10
FUL_004237,BK_004237,DRV_0238,VEH_0238,2026-03-07 05:21:18,2026-03-07 05:27:18,2026-03-07 05:29:45,2026-03-07 05:59:21,6.0,29.6,17.1,522.6,20.0,418.08,2.0,0
FUL_004238,BK_004238,DRV_0120,VEH_0120,2026-03-12 18:00:57,2026-03-12 18:06:15,2026-03-12 18:07:16,2026-03-12 18:43:58,5.3,36.7,18.2,635.76,20.0,508.61,5.0,30
FUL_004239,BK_004239,DRV_0295,VEH_0295,2026-02-03 08:09:22,2026-02-03 08:18:40,2026-02-03 08:20:43,2026-02-03 08:40:55,9.3,20.2,13.5,703.36,20.0,562.69,3.0,0
FUL_004240,BK_004240,DRV_0189,VEH_0189,2026-02-12 01:04:01,2026-02-12 01:10:25,2026-02-12 01:13:19,2026-02-12 02:01:25,6.4,48.1,27.8,553.0,20.0,442.4,5.0,20
FUL_004241,BK_004241,DRV_0149,VEH_0149,2026-02-20 17:17:19,2026-02-20 17:21:13,2026-02-20 17:22:31,2026-02-20 17:55:31,3.9,33.0,12.4,876.12,20.0,700.9,4.0,0
FUL_004242,BK_004242,DRV_0113,VEH_0113,2026-02-19 05:01:42,2026-02-19 05:03:54,2026-02-19 05:06:10,2026-02-19 05:45:58,2.2,39.8,27.9,800.8,20.0,640.64,5.0,0
FUL_004243,BK_004243,DRV_0306,VEH_0306,2026-02-18 06:17:28,2026-02-18 06:19:58,2026-02-18 06:22:02,2026-02-18 06:46:32,2.5,24.5,14.0,295.6,20.0,236.48,1.0,0
FUL_004244,BK_004244,DRV_0049,VEH_0049,2026-02-04 14:37:30,2026-02-04 14:47:42,2026-02-04 14:51:41,2026-02-04 15:39:59,10.2,48.3,21.6,663.6,20.0,530.88,5.0,0
FUL_004246,BK_004246,DRV_0316,VEH_0316,2026-02-24 10:20:40,2026-02-24 10:33:58,2026-02-24 10:36:16,2026-02-24 11:03:34,13.3,27.3,10.6,540.96,20.0,432.77,5.0,0
FUL_004248,BK_004248,DRV_0161,VEH_0161,2026-02-13 23:11:51,2026-02-13 23:16:51,2026-02-13 23:18:47,2026-02-13 23:52:47,5.0,34.0,15.2,497.64,20.0,398.11,2.0,0
FUL_004249,BK_004249,DRV_0173,VEH_0173,2026-03-03 13:36:17,2026-03-03 13:38:41,2026-03-03 13:40:13,2026-03-03 14:19:25,2.4,39.2,16.9,351.4,20.0,281.12,5.0,0
FUL_004250,BK_004250,DRV_0305,VEH_0305,2026-02-04 00:08:01,2026-02-04 00:14:25,2026-02-04 00:15:33,2026-02-04 00:36:51,6.4,21.3,8.7,308.0,20.0,246.4,4.0,50
FUL_004251,BK_004251,DRV_0260,VEH_0260,2026-02-08 11:55:07,2026-02-08 12:03:01,2026-02-08 12:06:18,2026-02-08 12:22:54,7.9,16.6,6.0,269.64,20.0,215.71,4.0,0
FUL_004252,BK_004252,DRV_0108,VEH_0108,2026-02-03 01:59:50,2026-02-03 02:09:14,2026-02-03 02:10:50,2026-02-03 02:51:32,9.4,40.7,19.9,610.4,20.0,488.32,5.0,20
FUL_004253,BK_004253,DRV_0305,VEH_0305,2026-02-18 04:12:11,2026-02-18 04:20:05,2026-02-18 04:22:50,2026-02-18 04:51:50,7.9,29.0,11.3,386.4,20.0,309.12,5.0,0
FUL_004256,BK_004256,DRV_0079,VEH_0079,2026-02-02 06:13:18,2026-02-02 06:20:00,2026-02-02 06:22:11,2026-02-02 06:43:41,6.7,21.5,14.3,434.2,20.0,347.36,5.0,50
FUL_004257,BK_004257,DRV_0061,VEH_0061,2026-02-14 19:52:19,2026-02-14 19:57:43,2026-02-14 19:58:59,2026-02-14 20:07:29,5.4,8.5,5.8,114.96,20.0,91.97,4.0,10
FUL_004258,BK_004258,DRV_0176,VEH_0176,2026-02-03 18:03:27,2026-02-03 18:15:39,2026-02-03 18:18:39,2026-02-03 19:23:09,12.2,64.5,28.5,1305.6,20.0,1044.48,5.0,30
FUL_004259,BK_004259,DRV_0049,VEH_0049,2026-03-01 20:30:45,2026-03-01 20:41:03,2026-03-01 20:44:06,2026-03-01 21:30:36,10.3,46.5,20.2,1444.8,20.0,1155.84,5.0,10
FUL_004260,BK_004260,DRV_0145,VEH_0145,2026-02-28 03:01:20,2026-02-28 03:10:32,2026-02-28 03:13:05,2026-02-28 04:18:59,9.2,65.9,26.8,542.96,20.0,434.37,5.0,10
FUL_004261,BK_004261,DRV_0308,VEH_0308,2026-03-07 08:36:44,2026-03-07 08:42:02,2026-03-07 08:45:45,2026-03-07 08:51:39,5.3,5.9,4.0,254.8,20.0,203.84,5.0,10
FUL_004262,BK_004262,DRV_0267,VEH_0267,2026-02-12 23:15:46,2026-02-12 23:18:58,2026-02-12 23:20:00,2026-02-12 23:56:00,3.2,36.0,24.7,845.52,20.0,676.42,4.0,0
FUL_004263,BK_004263,DRV_0219,VEH_0219,2026-03-13 10:42:35,2026-03-13 10:46:53,2026-03-13 10:50:16,2026-03-13 11:34:22,4.3,44.1,27.5,730.38,20.0,584.3,5.0,0
FUL_004264,BK_004264,DRV_0063,VEH_0063,2026-03-15 23:21:57,2026-03-15 23:32:27,2026-03-15 23:33:58,2026-03-15 23:41:16,10.5,7.3,4.5,193.2,20.0,154.56,4.0,20
FUL_004265,BK_004265,DRV_0249,VEH_0249,2026-02-04 21:20:26,2026-02-04 21:34:20,2026-02-04 21:37:17,2026-02-04 22:03:11,13.9,25.9,16.6,898.56,20.0,718.85,5.0,50
FUL_004267,BK_004267,DRV_0234,VEH_0234,2026-03-04 05:26:11,2026-03-04 05:37:17,2026-03-04 05:38:58,2026-03-04 06:21:52,11.1,42.9,23.9,767.2,20.0,613.76,5.0,10
FUL_004268,BK_004268,DRV_0058,VEH_0058,2026-02-18 00:55:27,2026-02-18 00:58:21,2026-02-18 01:00:31,2026-02-18 01:40:13,2.9,39.7,29.2,855.14,20.0,684.11,5.0,0
FUL_004269,BK_004269,DRV_0050,VEH_0050,2026-02-12 15:40:29,2026-02-12 15:48:17,2026-02-12 15:49:33,2026-02-12 16:22:39,7.8,33.1,24.1,650.0,20.0,520.0,5.0,0
FUL_004270,BK_004270,DRV_0251,VEH_0251,2026-02-10 08:56:04,2026-02-10 09:01:28,2026-02-10 09:03:20,2026-02-10 09:35:50,5.4,32.5,21.4,730.08,20.0,584.06,5.0,20
FUL_004272,BK_004272,DRV_0247,VEH_0247,2026-02-02 02:46:30,2026-02-02 02:48:54,2026-02-02 02:51:47,2026-02-02 03:31:05,2.4,39.3,21.0,708.4,20.0,566.72,5.0,20
FUL_004274,BK_004274,DRV_0073,VEH_0073,2026-03-14 14:06:09,2026-03-14 14:18:45,2026-03-14 14:21:03,2026-03-14 14:56:15,12.6,35.2,13.9,448.0,20.0,358.4,4.0,30
FUL_004277,BK_004277,DRV_0209,VEH_0209,2026-02-19 09:46:26,2026-02-19 09:49:26,2026-02-19 09:52:28,2026-02-19 10:00:10,3.0,7.7,4.9,429.24,20.0,343.39,4.0,50
FUL_004278,BK_004278,DRV_0197,VEH_0197,2026-03-18 05:29:06,2026-03-18 05:41:30,2026-03-18 05:43:51,2026-03-18 05:54:27,12.4,10.6,5.3,208.0,20.0,166.4,2.0,20
FUL_004279,BK_004279,DRV_0119,VEH_0119,2026-02-09 23:43:38,2026-02-09 23:53:50,2026-02-09 23:56:30,2026-02-10 00:35:36,10.2,39.1,23.5,644.8,20.0,515.84,5.0,20
FUL_004280,BK_004280,DRV_0218,VEH_0218,2026-03-10 06:12:09,2026-03-10 06:20:45,2026-03-10 06:22:37,2026-03-10 07:00:13,8.6,37.6,14.3,533.52,20.0,426.82,4.0,0
FUL_004281,BK_004281,DRV_0113,VEH_0113,2026-03-07 20:23:52,2026-03-07 20:34:40,2026-03-07 20:36:50,2026-03-07 20:42:38,10.8,5.8,3.7,312.48,20.0,249.98,5.0,0
FUL_004282,BK_004282,DRV_0221,VEH_0221,2026-02-08 02:31:30,2026-02-08 02:43:48,2026-02-08 02:46:58,2026-02-08 03:01:10,12.3,14.2,7.8,118.6,20.0,94.88,5.0,50
FUL_004283,BK_004283,DRV_0267,VEH_0267,2026-03-09 12:54:50,2026-03-09 13:07:26,2026-03-09 13:10:22,2026-03-09 13:36:34,12.6,26.2,13.2,397.8,20.0,318.24,5.0,0
FUL_004284,BK_004284,DRV_0294,VEH_0294,2026-03-03 13:36:22,2026-03-03 13:49:46,2026-03-03 13:53:04,2026-03-03 14:35:10,13.4,42.1,21.8,448.6,20.0,358.88,5.0,0
FUL_004285,BK_004285,DRV_0035,VEH_0035,2026-02-06 20:23:08,2026-02-06 20:31:02,2026-02-06 20:33:47,2026-02-06 20:57:23,7.9,23.6,10.2,386.28,20.0,309.02,4.0,0
FUL_004287,BK_004287,DRV_0103,VEH_0103,2026-03-15 21:43:27,2026-03-15 21:56:27,2026-03-15 21:59:50,2026-03-15 23:16:32,13.0,76.7,29.0,1149.96,20.0,919.97,4.0,50
FUL_004289,BK_004289,DRV_0132,VEH_0132,2026-02-03 06:31:42,2026-02-03 06:45:42,2026-02-03 06:48:06,2026-02-03 07:24:18,14.0,36.2,25.0,730.8,20.0,584.64,5.0,0
FUL_004290,BK_004290,DRV_0320,VEH_0320,2026-02-23 20:46:20,2026-02-23 20:58:32,2026-02-23 21:02:21,2026-02-23 21:23:15,12.2,20.9,8.5,330.72,20.0,264.58,5.0,50
FUL_004291,BK_004291,DRV_0202,VEH_0202,2026-03-13 08:35:18,2026-03-13 08:46:48,2026-03-13 08:50:10,2026-03-13 09:43:28,11.5,53.3,22.3,761.28,20.0,609.02,5.0,30
FUL_004292,BK_004292,DRV_0172,VEH_0172,2026-02-28 07:48:53,2026-02-28 07:55:53,2026-02-28 07:58:12,2026-02-28 08:26:48,7.0,28.6,15.4,354.86,20.0,283.89,5.0,30
FUL_004293,BK_004293,DRV_0252,VEH_0252,2026-02-01 15:06:17,2026-02-01 15:11:47,2026-02-01 15:13:56,2026-02-01 15:29:08,5.5,15.2,9.9,214.6,20.0,171.68,4.0,10
FUL_004294,BK_004294,DRV_0090,VEH_0090,2026-03-09 08:52:23,2026-03-09 08:59:35,2026-03-09 09:00:41,2026-03-09 09:24:23,7.2,23.7,10.0,253.2,20.0,202.56,5.0,0
FUL_004295,BK_004295,DRV_0037,VEH_0037,2026-03-04 16:23:27,2026-03-04 16:25:45,2026-03-04 16:29:33,2026-03-04 16:58:21,2.3,28.8,14.9,520.52,20.0,416.42,4.0,30
FUL_004296,BK_004296,DRV_0293,VEH_0293,2026-02-26 18:45:21,2026-02-26 18:51:57,2026-02-26 18:53:09,2026-02-26 19:08:27,6.6,15.3,7.6,403.52,20.0,322.82,3.0,0
FUL_004299,BK_004299,DRV_0082,VEH_0082,2026-03-09 06:20:23,2026-03-09 06:28:41,2026-03-09 06:31:21,2026-03-09 07:15:27,8.3,44.1,23.7,507.32,20.0,405.86,5.0,10
FUL_004301,BK_004301,DRV_0119,VEH_0119,2026-03-04 04:28:24,2026-03-04 04:33:30,2026-03-04 04:37:21,2026-03-04 05:01:51,5.1,24.5,9.4,351.78,20.0,281.42,5.0,0
FUL_004302,BK_004302,DRV_0079,VEH_0079,2026-03-10 15:06:22,2026-03-10 15:10:40,2026-03-10 15:14:06,2026-03-10 15:51:00,4.3,36.9,23.9,689.0,20.0,551.2,5.0,0
FUL_004303,BK_004303,DRV_0259,VEH_0259,2026-02-23 12:38:27,2026-02-23 12:42:03,2026-02-23 12:45:32,2026-02-23 13:27:44,3.6,42.2,20.2,582.4,20.0,465.92,4.0,0
FUL_004306,BK_004306,DRV_0300,VEH_0300,2026-02-11 04:20:26,2026-02-11 04:24:08,2026-02-11 04:27:53,2026-02-11 04:37:11,3.7,9.3,4.5,147.36,20.0,117.89,3.0,50
FUL_004307,BK_004307,DRV_0194,VEH_0194,2026-02-28 10:46:08,2026-02-28 10:51:32,2026-02-28 10:54:30,2026-02-28 11:43:00,5.4,48.5,26.0,907.92,20.0,726.34,5.0,10
FUL_004308,BK_004308,DRV_0064,VEH_0064,2026-02-15 00:38:50,2026-02-15 00:51:44,2026-02-15 00:53:22,2026-02-15 01:20:34,12.9,27.2,12.4,212.88,20.0,170.3,5.0,10
FUL_004309,BK_004309,DRV_0175,VEH_0175,2026-03-12 22:43:54,2026-03-12 22:50:42,2026-03-12 22:51:44,2026-03-12 23:36:08,6.8,44.4,20.9,644.0,20.0,515.2,5.0,0
FUL_004310,BK_004310,DRV_0115,VEH_0115,2026-02-05 19:29:52,2026-02-05 19:36:40,2026-02-05 19:37:50,2026-02-05 20:01:44,6.8,23.9,13.1,594.3,20.0,475.44,3.0,50
FUL_004311,BK_004311,DRV_0020,VEH_0020,2026-03-01 10:36:23,2026-03-01 10:40:59,2026-03-01 10:42:44,2026-03-01 10:51:50,4.6,9.1,3.3,297.36,20.0,237.89,5.0,20
FUL_004312,BK_004312,DRV_0069,VEH_0069,2026-02-13 15:31:50,2026-02-13 15:34:14,2026-02-13 15:37:24,2026-02-13 15:51:18,2.4,13.9,7.9,182.2,20.0,145.76,2.0,0
FUL_004315,BK_004315,DRV_0271,VEH_0271,2026-02-28 21:38:56,2026-02-28 21:51:50,2026-02-28 21:53:29,2026-02-28 22:01:59,12.9,8.5,5.3,329.28,20.0,263.42,5.0,50
FUL_004316,BK_004316,DRV_0151,VEH_0151,2026-02-26 04:30:23,2026-02-26 04:34:47,2026-02-26 04:35:59,2026-02-26 04:49:47,4.4,13.8,6.9,101.8,20.0,81.44,5.0,0
FUL_004318,BK_004318,DRV_0108,VEH_0108,2026-02-26 10:03:45,2026-02-26 10:11:27,2026-02-26 10:12:58,2026-02-26 10:38:10,7.7,25.2,12.7,750.96,20.0,600.77,4.0,10
FUL_004319,BK_004319,DRV_0247,VEH_0247,2026-02-17 17:58:40,2026-02-17 18:08:40,2026-02-17 18:10:07,2026-02-17 19:11:19,10.0,61.2,28.3,1303.68,20.0,1042.94,4.0,0
FUL_004320,BK_004320,DRV_0238,VEH_0238,2026-03-05 11:47:29,2026-03-05 12:00:59,2026-03-05 12:04:44,2026-03-05 12:24:14,13.5,19.5,13.4,929.76,20.0,743.81,5.0,0
FUL_004322,BK_004322,DRV_0168,VEH_0168,2026-03-05 22:58:12,2026-03-05 23:04:42,2026-03-05 23:07:33,2026-03-05 23:42:57,6.5,35.4,17.4,639.6,20.0,511.68,5.0,0
FUL_004324,BK_004324,DRV_0002,VEH_0002,2026-02-24 01:41:02,2026-02-24 01:49:26,2026-02-24 01:51:26,2026-02-24 02:21:14,8.4,29.8,14.5,467.6,20.0,374.08,5.0,30
FUL_004325,BK_004325,DRV_0209,VEH_0209,2026-02-07 15:53:15,2026-02-07 16:06:21,2026-02-07 16:07:21,2026-02-07 16:42:27,13.1,35.1,21.6,697.2,20.0,557.76,4.0,0
FUL_004327,BK_004327,DRV_0251,VEH_0251,2026-02-05 16:51:05,2026-02-05 16:56:05,2026-02-05 16:58:43,2026-02-05 17:41:01,5.0,42.3,21.9,637.0,20.0,509.6,5.0,0
FUL_004328,BK_004328,DRV_0114,VEH_0114,2026-02-10 05:01:48,2026-02-10 05:05:42,2026-02-10 05:08:02,2026-02-10 06:08:56,3.9,60.9,27.3,504.4,20.0,403.52,4.0,0
FUL_004329,BK_004329,DRV_0238,VEH_0238,2026-03-07 01:44:26,2026-03-07 01:54:20,2026-03-07 01:56:10,2026-03-07 02:01:46,9.9,5.6,3.1,168.48,20.0,134.78,5.0,0
FUL_004330,BK_004330,DRV_0096,VEH_0096,2026-02-23 23:39:34,2026-02-23 23:44:46,2026-02-23 23:48:00,2026-02-24 00:15:30,5.2,27.5,18.4,297.84,20.0,238.27,5.0,0
FUL_004331,BK_004331,DRV_0150,VEH_0150,2026-02-15 11:06:04,2026-02-15 11:08:22,2026-02-15 11:11:27,2026-02-15 11:38:39,2.3,27.2,17.6,742.56,20.0,594.05,5.0,0
FUL_004334,BK_004334,DRV_0107,VEH_0107,2026-02-06 10:28:56,2026-02-06 10:42:38,2026-02-06 10:44:29,2026-02-06 11:12:53,13.7,28.4,19.5,886.56,20.0,709.25,5.0,0
FUL_004335,BK_004335,DRV_0160,VEH_0160,2026-03-16 13:31:06,2026-03-16 13:36:42,2026-03-16 13:39:44,2026-03-16 13:50:02,5.6,10.3,5.6,221.2,20.0,176.96,5.0,10
FUL_004336,BK_004336,DRV_0275,VEH_0275,2026-03-09 12:55:37,2026-03-09 13:09:13,2026-03-09 13:10:28,2026-03-09 13:50:52,13.6,40.4,22.9,708.4,20.0,566.72,5.0,0
FUL_004338,BK_004338,DRV_0199,VEH_0199,2026-02-13 07:02:37,2026-02-13 07:15:43,2026-02-13 07:19:19,2026-02-13 07:51:37,13.1,32.3,18.5,245.8,20.0,196.64,5.0,50
FUL_004339,BK_004339,DRV_0262,VEH_0262,2026-03-15 13:31:05,2026-03-15 13:37:11,2026-03-15 13:40:44,2026-03-15 14:30:50,6.1,50.1,23.2,686.0,20.0,548.8,5.0,50
FUL_004340,BK_004340,DRV_0075,VEH_0075,2026-03-12 13:02:17,2026-03-12 13:08:47,2026-03-12 13:11:18,2026-03-12 13:59:54,6.5,48.6,21.1,432.08,20.0,345.66,5.0,0
FUL_004341,BK_004341,DRV_0274,VEH_0274,2026-03-08 18:33:57,2026-03-08 18:36:57,2026-03-08 18:40:19,2026-03-08 19:20:31,3.0,40.2,29.3,1113.84,20.0,891.07,5.0,0
FUL_004342,BK_004342,DRV_0227,VEH_0227,2026-02-13 07:03:37,2026-02-13 07:08:25,2026-02-13 07:11:42,2026-02-13 07:32:48,4.8,21.1,12.6,167.8,20.0,134.24,5.0,20
FUL_004343,BK_004343,DRV_0271,VEH_0271,2026-02-28 13:40:01,2026-02-28 13:49:37,2026-02-28 13:52:59,2026-02-28 14:25:29,9.6,32.5,15.4,310.0,20.0,248.0,5.0,20
FUL_004346,BK_004346,DRV_0284,VEH_0284,2026-03-04 00:32:42,2026-03-04 00:36:30,2026-03-04 00:37:39,2026-03-04 00:43:15,3.8,5.6,3.2,148.2,20.0,118.56,5.0,20
FUL_004347,BK_004347,DRV_0234,VEH_0234,2026-02-09 20:22:07,2026-02-09 20:25:37,2026-02-09 20:29:14,2026-02-09 21:01:44,3.5,32.5,20.1,858.48,20.0,686.78,4.0,10
FUL_004348,BK_004348,DRV_0305,VEH_0305,2026-02-23 20:39:42,2026-02-23 20:46:42,2026-02-23 20:48:25,2026-02-23 20:54:13,7.0,5.8,3.8,282.24,20.0,225.79,5.0,0
FUL_004349,BK_004349,DRV_0284,VEH_0284,2026-03-10 22:11:17,2026-03-10 22:17:17,2026-03-10 22:21:11,2026-03-10 22:49:59,6.0,28.8,11.6,356.2,20.0,284.96,5.0,20
FUL_004350,BK_004350,DRV_0243,VEH_0243,2026-02-24 15:42:14,2026-02-24 15:47:32,2026-02-24 15:49:47,2026-02-24 16:48:11,5.3,58.4,23.0,312.62,20.0,250.1,5.0,20
FUL_004351,BK_004351,DRV_0278,VEH_0278,2026-03-09 20:26:26,2026-03-09 20:34:08,2026-03-09 20:36:53,2026-03-09 20:43:53,7.7,7.0,3.4,311.22,20.0,248.98,5.0,10
FUL_004356,BK_004356,DRV_0269,VEH_0269,2026-02-06 07:30:30,2026-02-06 07:36:42,2026-02-06 07:38:04,2026-02-06 08:06:58,6.2,28.9,20.6,383.8,20.0,307.04,5.0,20
FUL_004358,BK_004358,DRV_0041,VEH_0041,2026-03-03 03:55:21,2026-03-03 04:08:33,2026-03-03 04:11:42,2026-03-03 04:44:00,13.2,32.3,12.6,468.0,20.0,374.4,5.0,0
FUL_004361,BK_004361,DRV_0087,VEH_0087,2026-02-09 21:41:59,2026-02-09 21:54:47,2026-02-09 21:56:51,2026-02-09 22:56:39,12.8,59.8,26.0,780.0,20.0,624.0,5.0,0
FUL_004362,BK_004362,DRV_0065,VEH_0065,2026-03-13 05:33:27,2026-03-13 05:37:03,2026-03-13 05:40:30,2026-03-13 05:52:54,3.6,12.4,6.4,117.84,20.0,94.27,5.0,0
FUL_004363,BK_004363,DRV_0253,VEH_0253,2026-03-11 21:56:07,2026-03-11 21:58:25,2026-03-11 22:02:11,2026-03-11 22:35:29,2.3,33.3,24.8,1591.2,20.0,1272.96,5.0,30
FUL_004364,BK_004364,DRV_0130,VEH_0130,2026-02-03 14:25:17,2026-02-03 14:34:05,2026-02-03 14:36:51,2026-02-03 15:29:57,8.8,53.1,24.6,867.36,20.0,693.89,2.0,0
FUL_004365,BK_004365,DRV_0154,VEH_0154,2026-03-10 12:16:25,2026-03-10 12:22:07,2026-03-10 12:24:28,2026-03-10 12:53:10,5.7,28.7,18.3,447.6,20.0,358.08,5.0,0
FUL_004367,BK_004367,DRV_0050,VEH_0050,2026-02-01 20:18:23,2026-02-01 20:20:47,2026-02-01 20:22:00,2026-02-01 20:45:30,2.4,23.5,16.1,567.84,20.0,454.27,5.0,0
FUL_004368,BK_004368,DRV_0068,VEH_0068,2026-02-03 18:07:20,2026-02-03 18:17:14,2026-02-03 18:19:02,2026-02-03 18:25:02,9.9,6.0,3.6,190.32,20.0,152.26,5.0,0
FUL_004370,BK_004370,DRV_0167,VEH_0167,2026-02-01 14:16:31,2026-02-01 14:23:19,2026-02-01 14:27:00,2026-02-01 14:49:00,6.8,22.0,12.8,305.04,20.0,244.03,5.0,20
FUL_004374,BK_004374,DRV_0219,VEH_0219,2026-02-26 21:42:20,2026-02-26 21:53:02,2026-02-26 21:55:30,2026-02-26 22:19:36,10.7,24.1,10.1,203.0,20.0,162.4,3.0,0
FUL_004375,BK_004375,DRV_0281,VEH_0281,2026-02-21 14:50:36,2026-02-21 15:02:24,2026-02-21 15:04:21,2026-02-21 15:18:21,11.8,14.0,9.4,351.12,20.0,280.9,1.0,20
FUL_004378,BK_004378,DRV_0065,VEH_0065,2026-02-25 15:54:27,2026-02-25 16:05:33,2026-02-25 16:08:47,2026-02-25 16:50:53,11.1,42.1,16.2,218.2,20.0,174.56,4.0,0
FUL_004379,BK_004379,DRV_0030,VEH_0030,2026-02-25 14:48:11,2026-02-25 15:01:05,2026-02-25 15:03:18,2026-02-25 15:18:12,12.9,14.9,9.1,146.3,20.0,117.04,5.0,0
FUL_004380,BK_004380,DRV_0302,VEH_0302,2026-02-18 15:21:15,2026-02-18 15:25:51,2026-02-18 15:29:06,2026-02-18 16:12:12,4.6,43.1,22.3,660.4,20.0,528.32,5.0,20
FUL_004381,BK_004381,DRV_0270,VEH_0270,2026-02-06 12:34:04,2026-02-06 12:42:22,2026-02-06 12:45:40,2026-02-06 13:02:34,8.3,16.9,7.1,122.54,20.0,98.03,5.0,0
FUL_004383,BK_004383,DRV_0145,VEH_0145,2026-03-17 11:18:24,2026-03-17 11:28:30,2026-03-17 11:31:56,2026-03-17 12:35:20,10.1,63.4,29.5,1146.18,20.0,916.94,3.0,10
FUL_004384,BK_004384,DRV_0126,VEH_0126,2026-02-28 18:49:59,2026-02-28 18:56:59,2026-02-28 19:00:35,2026-02-28 19:17:17,7.0,16.7,10.2,237.76,20.0,190.21,5.0,10
FUL_004385,BK_004385,DRV_0251,VEH_0251,2026-03-14 03:39:04,2026-03-14 03:50:16,2026-03-14 03:52:07,2026-03-14 04:59:07,11.2,67.0,25.8,759.2,20.0,607.36,5.0,0
FUL_004386,BK_004386,DRV_0162,VEH_0162,2026-03-17 16:33:20,2026-03-17 16:40:26,2026-03-17 16:44:03,2026-03-17 17:30:39,7.1,46.6,23.3,735.02,20.0,588.02,5.0,0
FUL_004387,BK_004387,DRV_0079,VEH_0079,2026-02-28 06:15:27,2026-02-28 06:24:57,2026-02-28 06:26:06,2026-02-28 06:58:24,9.5,32.3,21.7,618.8,20.0,495.04,5.0,0
FUL_004388,BK_004388,DRV_0143,VEH_0143,2026-02-22 23:26:11,2026-02-22 23:38:41,2026-02-22 23:40:07,2026-02-22 23:46:13,12.5,6.1,3.1,143.0,20.0,114.4,4.0,30
FUL_004389,BK_004389,DRV_0270,VEH_0270,2026-03-01 10:25:56,2026-03-01 10:36:32,2026-03-01 10:37:40,2026-03-01 11:34:22,10.6,56.7,28.5,573.76,20.0,459.01,4.0,0
FUL_004390,BK_004390,DRV_0308,VEH_0308,2026-02-04 07:45:29,2026-02-04 07:49:11,2026-02-04 07:50:22,2026-02-04 08:30:52,3.7,40.5,24.4,785.4,20.0,628.32,5.0,0
FUL_004391,BK_004391,DRV_0040,VEH_0040,2026-02-20 07:36:45,2026-02-20 07:49:03,2026-02-20 07:52:11,2026-02-20 08:23:29,12.3,31.3,19.3,436.04,20.0,348.83,5.0,0
FUL_004392,BK_004392,DRV_0288,VEH_0288,2026-03-16 01:39:56,2026-03-16 01:48:32,2026-03-16 01:51:38,2026-03-16 01:59:08,8.6,7.5,4.4,121.0,20.0,96.8,5.0,0
FUL_004394,BK_004394,DRV_0145,VEH_0145,2026-02-12 10:25:25,2026-02-12 10:38:37,2026-02-12 10:41:06,2026-02-12 10:46:36,13.2,5.5,2.9,212.64,20.0,170.11,5.0,30
FUL_004395,BK_004395,DRV_0022,VEH_0022,2026-03-11 10:46:23,2026-03-11 10:55:17,2026-03-11 10:58:30,2026-03-11 11:19:42,8.9,21.2,14.6,508.56,20.0,406.85,5.0,0
FUL_004398,BK_004398,DRV_0049,VEH_0049,2026-02-18 18:17:36,2026-02-18 18:28:42,2026-02-18 18:31:40,2026-02-18 18:43:22,11.1,11.7,7.6,645.12,20.0,516.1,2.0,0
FUL_004400,BK_004400,DRV_0241,VEH_0241,2026-02-02 00:46:35,2026-02-02 00:58:23,2026-02-02 01:01:46,2026-02-02 01:07:58,11.8,6.2,3.6,67.0,20.0,53.6,2.0,20
FUL_004401,BK_004401,DRV_0229,VEH_0229,2026-03-07 01:08:52,2026-03-07 01:18:34,2026-03-07 01:19:37,2026-03-07 01:44:07,9.7,24.5,13.8,502.04,20.0,401.63,5.0,50
FUL_004402,BK_004402,DRV_0115,VEH_0115,2026-03-07 02:56:53,2026-03-07 03:07:11,2026-03-07 03:08:45,2026-03-07 03:43:21,10.3,34.6,14.8,317.2,20.0,253.76,5.0,10
FUL_004404,BK_004404,DRV_0156,VEH_0156,2026-03-12 16:42:05,2026-03-12 16:52:53,2026-03-12 16:54:19,2026-03-12 17:01:43,10.8,7.4,5.0,192.4,20.0,153.92,5.0,0
FUL_004405,BK_004405,DRV_0129,VEH_0129,2026-03-15 11:19:44,2026-03-15 11:23:02,2026-03-15 11:24:24,2026-03-15 11:29:12,3.3,4.8,2.8,140.64,20.0,112.51,5.0,0
FUL_004406,BK_004406,DRV_0075,VEH_0075,2026-02-24 12:51:02,2026-02-24 13:01:44,2026-02-24 13:03:15,2026-02-24 13:43:27,10.7,40.2,26.3,527.8,20.0,422.24,5.0,0
FUL_004407,BK_004407,DRV_0034,VEH_0034,2026-03-03 09:46:42,2026-03-03 09:59:18,2026-03-03 10:00:55,2026-03-03 10:28:37,12.6,27.7,16.6,512.16,20.0,409.73,5.0,0
FUL_004408,BK_004408,DRV_0097,VEH_0097,2026-03-10 15:47:20,2026-03-10 15:51:08,2026-03-10 15:53:49,2026-03-10 15:58:55,3.8,5.1,3.1,154.0,20.0,123.2,5.0,0
FUL_004409,BK_004409,DRV_0195,VEH_0195,2026-02-12 00:01:21,2026-02-12 00:08:27,2026-02-12 00:12:24,2026-02-12 01:11:24,7.1,59.0,28.4,812.0,20.0,649.6,5.0,0
FUL_004411,BK_004411,DRV_0108,VEH_0108,2026-02-27 03:21:49,2026-02-27 03:25:43,2026-02-27 03:27:18,2026-02-27 03:47:42,3.9,20.4,10.1,344.4,20.0,275.52,4.0,30
FUL_004412,BK_004412,DRV_0112,VEH_0112,2026-02-02 12:51:33,2026-02-02 13:00:27,2026-02-02 13:03:52,2026-02-02 13:34:10,8.9,30.3,20.1,486.48,20.0,389.18,5.0,0
FUL_004413,BK_004413,DRV_0289,VEH_0289,2026-02-05 09:00:41,2026-02-05 09:12:35,2026-02-05 09:14:09,2026-02-05 09:35:27,11.9,21.3,13.2,426.88,20.0,341.5,5.0,30
FUL_004416,BK_004416,DRV_0211,VEH_0211,2026-02-11 03:56:24,2026-02-11 03:59:18,2026-02-11 04:01:43,2026-02-11 04:30:49,2.9,29.1,21.5,590.2,20.0,472.16,5.0,0
FUL_004417,BK_004417,DRV_0164,VEH_0164,2026-02-18 22:52:59,2026-02-18 23:00:35,2026-02-18 23:01:43,2026-02-19 00:12:01,7.6,70.3,26.1,820.4,20.0,656.32,5.0,0
FUL_004420,BK_004420,DRV_0010,VEH_0010,2026-02-11 00:16:20,2026-02-11 00:28:02,2026-02-11 00:29:53,2026-02-11 01:09:41,11.7,39.8,24.4,505.34,20.0,404.27,5.0,0
FUL_004421,BK_004421,DRV_0272,VEH_0272,2026-02-14 04:27:21,2026-02-14 04:40:45,2026-02-14 04:43:02,2026-02-14 05:33:02,13.4,50.0,22.2,434.2,20.0,347.36,5.0,0
FUL_004422,BK_004422,DRV_0031,VEH_0031,2026-03-16 04:06:19,2026-03-16 04:13:55,2026-03-16 04:15:44,2026-03-16 04:31:44,7.6,16.0,8.8,123.4,20.0,98.72,5.0,10
FUL_004423,BK_004423,DRV_0206,VEH_0206,2026-02-15 20:02:40,2026-02-15 20:07:10,2026-02-15 20:10:36,2026-02-15 20:44:24,4.5,33.8,22.9,481.6,20.0,385.28,4.0,0
FUL_004424,BK_004424,DRV_0176,VEH_0176,2026-03-17 15:05:43,2026-03-17 15:08:55,2026-03-17 15:12:51,2026-03-17 15:51:21,3.2,38.5,19.6,414.26,20.0,331.41,5.0,0
FUL_004425,BK_004425,DRV_0196,VEH_0196,2026-02-06 19:38:41,2026-02-06 19:51:29,2026-02-06 19:53:06,2026-02-06 21:03:00,12.8,69.9,28.0,1252.16,20.0,1001.73,2.0,20
FUL_004427,BK_004427,DRV_0260,VEH_0260,2026-02-05 08:38:15,2026-02-05 08:42:15,2026-02-05 08:43:55,2026-02-05 09:11:01,4.0,27.1,12.3,564.06,20.0,451.25,5.0,0
FUL_004428,BK_004428,DRV_0067,VEH_0067,2026-03-06 03:40:19,2026-03-06 03:50:37,2026-03-06 03:51:59,2026-03-06 04:34:41,10.3,42.7,16.8,226.6,20.0,181.28,3.0,0
FUL_004429,BK_004429,DRV_0084,VEH_0084,2026-02-25 04:13:49,2026-02-25 04:18:19,2026-02-25 04:21:06,2026-02-25 04:49:42,4.5,28.6,14.7,444.6,20.0,355.68,4.0,30
FUL_004430,BK_004430,DRV_0140,VEH_0140,2026-02-13 23:56:13,2026-02-13 23:59:31,2026-02-14 00:03:01,2026-02-14 00:38:07,3.3,35.1,24.6,766.48,20.0,613.18,5.0,50
FUL_004431,BK_004431,DRV_0016,VEH_0016,2026-03-13 02:41:39,2026-03-13 02:48:45,2026-03-13 02:51:17,2026-03-13 03:14:47,7.1,23.5,14.7,350.4,20.0,280.32,5.0,10
FUL_004433,BK_004433,DRV_0255,VEH_0255,2026-03-14 23:57:39,2026-03-15 00:01:27,2026-03-15 00:03:33,2026-03-15 00:11:09,3.8,7.6,5.0,97.68,20.0,78.14,5.0,0
FUL_004434,BK_004434,DRV_0208,VEH_0208,2026-02-21 19:27:19,2026-02-21 19:32:43,2026-02-21 19:36:14,2026-02-21 20:34:50,5.4,58.6,26.1,1321.6,20.0,1057.28,5.0,50
FUL_004435,BK_004435,DRV_0252,VEH_0252,2026-02-16 10:36:28,2026-02-16 10:43:22,2026-02-16 10:45:37,2026-02-16 11:21:25,6.9,35.8,21.1,752.4,20.0,601.92,5.0,0
FUL_004436,BK_004436,DRV_0116,VEH_0116,2026-03-15 06:46:18,2026-03-15 06:55:18,2026-03-15 06:58:05,2026-03-15 07:18:53,9.0,20.8,13.0,320.16,20.0,256.13,4.0,0
FUL_004438,BK_004438,DRV_0114,VEH_0114,2026-02-01 11:57:34,2026-02-01 12:08:10,2026-02-01 12:11:17,2026-02-01 12:21:23,10.6,10.1,4.6,257.88,20.0,206.3,5.0,10
FUL_004439,BK_004439,DRV_0108,VEH_0108,2026-03-06 08:29:57,2026-03-06 08:32:15,2026-03-06 08:34:09,2026-03-06 08:46:57,2.3,12.8,6.6,591.36,20.0,473.09,4.0,10
FUL_004440,BK_004440,DRV_0202,VEH_0202,2026-03-07 11:25:15,2026-03-07 11:27:33,2026-03-07 11:30:08,2026-03-07 11:46:50,2.3,16.7,9.1,490.88,20.0,392.7,5.0,0
FUL_004441,BK_004441,DRV_0174,VEH_0174,2026-03-12 14:17:20,2026-03-12 14:20:02,2026-03-12 14:21:24,2026-03-12 14:32:36,2.7,11.2,7.6,115.0,20.0,92.0,3.0,10
FUL_004442,BK_004442,DRV_0250,VEH_0250,2026-03-10 21:09:17,2026-03-10 21:13:59,2026-03-10 21:17:02,2026-03-10 21:55:14,4.7,38.2,18.9,698.88,20.0,559.1,5.0,0
FUL_004443,BK_004443,DRV_0054,VEH_0054,2026-02-23 07:31:28,2026-02-23 07:41:40,2026-02-23 07:44:34,2026-02-23 08:47:04,10.2,62.5,24.0,311.8,20.0,249.44,5.0,0
FUL_004445,BK_004445,DRV_0190,VEH_0190,2026-02-03 23:03:50,2026-02-03 23:17:38,2026-02-03 23:19:04,2026-02-03 23:23:28,13.8,4.4,2.9,163.24,20.0,130.59,4.0,20
FUL_004449,BK_004449,DRV_0238,VEH_0238,2026-02-12 20:08:28,2026-02-12 20:22:04,2026-02-12 20:23:26,2026-02-12 20:46:44,13.6,23.3,9.4,377.52,20.0,302.02,5.0,0
FUL_004450,BK_004450,DRV_0077,VEH_0077,2026-02-04 19:06:35,2026-02-04 19:17:17,2026-02-04 19:20:32,2026-02-04 19:42:26,10.7,21.9,9.2,240.24,20.0,192.19,5.0,0
FUL_004451,BK_004451,DRV_0173,VEH_0173,2026-03-13 22:30:55,2026-03-13 22:33:19,2026-03-13 22:34:43,2026-03-13 23:21:01,2.4,46.3,29.5,544.0,20.0,435.2,4.0,0
FUL_004452,BK_004452,DRV_0208,VEH_0208,2026-03-04 16:07:26,2026-03-04 16:09:26,2026-03-04 16:12:15,2026-03-04 16:27:45,2.0,15.5,8.3,302.4,20.0,241.92,5.0,0
FUL_004453,BK_004453,DRV_0198,VEH_0198,2026-03-15 16:14:53,2026-03-15 16:25:11,2026-03-15 16:26:32,2026-03-15 17:03:56,10.3,37.4,24.8,479.2,20.0,383.36,5.0,0
FUL_004454,BK_004454,DRV_0064,VEH_0064,2026-02-02 05:32:41,2026-02-02 05:43:29,2026-02-02 05:46:55,2026-02-02 05:55:49,10.8,8.9,5.7,88.6,20.0,70.88,5.0,10
FUL_004455,BK_004455,DRV_0082,VEH_0082,2026-03-03 22:28:59,2026-03-03 22:35:35,2026-03-03 22:37:01,2026-03-03 23:18:13,6.6,41.2,24.5,559.92,20.0,447.94,5.0,0
FUL_004456,BK_004456,DRV_0087,VEH_0087,2026-02-20 23:23:41,2026-02-20 23:32:59,2026-02-20 23:34:22,2026-02-21 00:02:16,9.3,27.9,20.3,257.8,20.0,206.24,5.0,20
FUL_004457,BK_004457,DRV_0060,VEH_0060,2026-03-04 13:06:24,2026-03-04 13:19:06,2026-03-04 13:20:31,2026-03-04 14:00:13,12.7,39.7,27.3,362.78,20.0,290.22,5.0,10
FUL_004459,BK_004459,DRV_0286,VEH_0286,2026-03-09 22:11:26,2026-03-09 22:18:32,2026-03-09 22:21:10,2026-03-09 22:59:10,7.1,38.0,20.4,398.2,20.0,318.56,5.0,0
FUL_004460,BK_004460,DRV_0085,VEH_0085,2026-03-05 15:18:20,2026-03-05 15:23:32,2026-03-05 15:24:57,2026-03-05 15:51:51,5.2,26.9,16.8,534.8,20.0,427.84,5.0,10
FUL_004462,BK_004462,DRV_0204,VEH_0204,2026-02-01 20:22:24,2026-02-01 20:26:36,2026-02-01 20:28:54,2026-02-01 21:30:42,4.2,61.8,25.6,1102.4,20.0,881.92,2.0,20
FUL_004463,BK_004463,DRV_0301,VEH_0301,2026-03-04 01:42:06,2026-03-04 01:50:54,2026-03-04 01:52:11,2026-03-04 02:01:59,8.8,9.8,6.2,153.4,20.0,122.72,2.0,20
FUL_004464,BK_004464,DRV_0012,VEH_0012,2026-03-10 11:39:13,2026-03-10 11:47:19,2026-03-10 11:50:16,2026-03-10 12:32:28,8.1,42.2,17.8,344.12,20.0,275.3,5.0,0
FUL_004465,BK_004465,DRV_0248,VEH_0248,2026-02-03 05:16:16,2026-02-03 05:30:04,2026-02-03 05:31:50,2026-02-03 05:55:50,13.8,24.0,9.4,205.6,20.0,164.48,5.0,20
FUL_004467,BK_004467,DRV_0233,VEH_0233,2026-03-07 14:35:26,2026-03-07 14:39:38,2026-03-07 14:42:12,2026-03-07 15:07:18,4.2,25.1,9.5,319.8,20.0,255.84,5.0,10
FUL_004468,BK_004468,DRV_0111,VEH_0111,2026-03-14 15:11:28,2026-03-14 15:17:28,2026-03-14 15:19:58,2026-03-14 16:06:46,6.0,46.8,25.9,696.8,20.0,557.44,5.0,30
FUL_004472,BK_004472,DRV_0269,VEH_0269,2026-03-17 00:22:02,2026-03-17 00:28:44,2026-03-17 00:32:24,2026-03-17 01:27:12,6.7,54.8,27.5,542.2,20.0,433.76,5.0,10
FUL_004474,BK_004474,DRV_0058,VEH_0058,2026-02-27 01:16:11,2026-02-27 01:30:11,2026-02-27 01:32:12,2026-02-27 01:45:54,14.0,13.7,9.2,309.4,20.0,247.52,5.0,30
FUL_004476,BK_004476,DRV_0289,VEH_0289,2026-03-07 10:34:42,2026-03-07 10:39:36,2026-03-07 10:41:40,2026-03-07 11:05:52,4.9,24.2,12.7,438.4,20.0,350.72,5.0,0
FUL_004478,BK_004478,DRV_0262,VEH_0262,2026-02-14 03:31:55,2026-02-14 03:34:55,2026-02-14 03:37:09,2026-02-14 04:07:03,3.0,29.9,17.8,576.8,20.0,461.44,5.0,10
FUL_004479,BK_004479,DRV_0130,VEH_0130,2026-02-04 09:35:22,2026-02-04 09:38:46,2026-02-04 09:42:38,2026-02-04 09:54:50,3.4,12.2,8.9,505.44,20.0,404.35,5.0,0
FUL_004483,BK_004483,DRV_0103,VEH_0103,2026-03-13 03:21:10,2026-03-13 03:28:04,2026-03-13 03:29:29,2026-03-13 04:33:05,6.9,63.6,26.3,497.2,20.0,397.76,5.0,0
FUL_004484,BK_004484,DRV_0206,VEH_0206,2026-02-18 21:00:44,2026-02-18 21:14:44,2026-02-18 21:15:54,2026-02-18 21:57:36,14.0,41.7,29.5,866.4,20.0,693.12,5.0,50
FUL_004485,BK_004485,DRV_0116,VEH_0116,2026-03-07 17:41:07,2026-03-07 17:44:01,2026-03-07 17:45:47,2026-03-07 18:07:59,2.9,22.2,13.4,391.16,20.0,312.93,5.0,50
FUL_004487,BK_004487,DRV_0106,VEH_0106,2026-03-06 08:04:26,2026-03-06 08:11:56,2026-03-06 08:13:44,2026-03-06 08:29:14,7.5,15.5,9.2,376.56,20.0,301.25,5.0,0
FUL_004488,BK_004488,DRV_0149,VEH_0149,2026-02-24 14:08:17,2026-02-24 14:16:11,2026-02-24 14:17:13,2026-02-24 14:30:43,7.9,13.5,8.2,288.4,20.0,230.72,5.0,30
FUL_004489,BK_004489,DRV_0025,VEH_0025,2026-02-10 01:07:23,2026-02-10 01:11:47,2026-02-10 01:14:48,2026-02-10 01:57:18,4.4,42.5,16.9,221.8,20.0,177.44,5.0,10
FUL_004491,BK_004491,DRV_0129,VEH_0129,2026-02-25 06:37:18,2026-02-25 06:50:30,2026-02-25 06:51:39,2026-02-25 07:27:57,13.2,36.3,16.8,250.58,20.0,200.46,3.0,0
FUL_004492,BK_004492,DRV_0247,VEH_0247,2026-02-10 09:46:59,2026-02-10 09:51:17,2026-02-10 09:55:05,2026-02-10 10:14:29,4.3,19.4,8.1,342.72,20.0,274.18,4.0,0
FUL_004493,BK_004493,DRV_0004,VEH_0004,2026-02-24 16:30:48,2026-02-24 16:44:42,2026-02-24 16:47:44,2026-02-24 17:07:32,13.9,19.8,11.2,411.84,20.0,329.47,5.0,10
FUL_004494,BK_004494,DRV_0147,VEH_0147,2026-03-07 23:36:42,2026-03-07 23:45:12,2026-03-07 23:47:59,2026-03-08 00:25:23,8.5,37.4,15.9,253.2,20.0,202.56,5.0,10
FUL_004495,BK_004495,DRV_0013,VEH_0013,2026-03-09 02:05:40,2026-03-09 02:15:28,2026-03-09 02:19:21,2026-03-09 02:39:33,9.8,20.2,11.8,294.24,20.0,235.39,5.0,0
FUL_004496,BK_004496,DRV_0104,VEH_0104,2026-03-02 09:09:06,2026-03-02 09:16:12,2026-03-02 09:18:30,2026-03-02 10:21:30,7.1,63.0,23.5,1564.08,20.0,1251.26,5.0,0
FUL_004497,BK_004497,DRV_0269,VEH_0269,2026-03-01 08:16:13,2026-03-01 08:21:07,2026-03-01 08:24:22,2026-03-01 08:43:46,4.9,19.4,8.9,401.52,20.0,321.22,4.0,30
FUL_004498,BK_004498,DRV_0276,VEH_0276,2026-02-27 05:48:22,2026-02-27 05:59:52,2026-02-27 06:01:51,2026-02-27 06:11:09,11.5,9.3,3.7,168.0,20.0,134.4,5.0,0
FUL_004499,BK_004499,DRV_0197,VEH_0197,2026-02-10 09:43:45,2026-02-10 09:48:51,2026-02-10 09:50:25,2026-02-10 10:16:55,5.1,26.5,13.2,967.2,20.0,773.76,4.0,0
FUL_004500,BK_004500,DRV_0077,VEH_0077,2026-02-15 08:43:23,2026-02-15 08:50:29,2026-02-15 08:52:37,2026-02-15 09:48:07,7.1,55.5,24.6,983.64,20.0,786.91,4.0,50
FUL_004501,BK_004501,DRV_0190,VEH_0190,2026-02-18 02:11:44,2026-02-18 02:24:26,2026-02-18 02:27:27,2026-02-18 03:28:15,12.7,60.8,23.5,794.64,20.0,635.71,5.0,0
FUL_004502,BK_004502,DRV_0241,VEH_0241,2026-03-08 02:19:14,2026-03-08 02:24:56,2026-03-08 02:26:37,2026-03-08 02:32:01,5.7,5.4,3.9,81.84,20.0,65.47,5.0,0
FUL_004503,BK_004503,DRV_0252,VEH_0252,2026-03-15 02:58:01,2026-03-15 03:10:31,2026-03-15 03:13:26,2026-03-15 03:54:08,12.5,40.7,20.5,412.6,20.0,330.08,5.0,0
FUL_004504,BK_004504,DRV_0129,VEH_0129,2026-03-04 10:24:44,2026-03-04 10:37:26,2026-03-04 10:39:55,2026-03-04 10:48:19,12.7,8.4,4.3,107.24,20.0,85.79,5.0,0
FUL_004505,BK_004505,DRV_0118,VEH_0118,2026-02-28 07:30:49,2026-02-28 07:44:25,2026-02-28 07:45:32,2026-02-28 08:13:02,13.6,27.5,11.9,389.2,20.0,311.36,5.0,0
FUL_004507,BK_004507,DRV_0191,VEH_0191,2026-02-04 13:42:18,2026-02-04 13:50:54,2026-02-04 13:53:29,2026-02-04 14:45:11,8.6,51.7,24.8,714.0,20.0,571.2,4.0,10
FUL_004508,BK_004508,DRV_0248,VEH_0248,2026-02-20 18:01:21,2026-02-20 18:15:15,2026-02-20 18:18:28,2026-02-20 18:55:52,13.9,37.4,15.7,800.16,20.0,640.13,3.0,50
FUL_004509,BK_004509,DRV_0140,VEH_0140,2026-03-11 21:20:22,2026-03-11 21:28:34,2026-03-11 21:30:04,2026-03-11 21:56:40,8.2,26.6,15.1,757.12,20.0,605.7,5.0,20
FUL_004510,BK_004510,DRV_0229,VEH_0229,2026-02-26 15:30:16,2026-02-26 15:39:46,2026-02-26 15:41:16,2026-02-26 16:30:58,9.5,49.7,18.8,602.0,20.0,481.6,4.0,0
FUL_004511,BK_004511,DRV_0161,VEH_0161,2026-03-11 13:38:44,2026-03-11 13:40:50,2026-03-11 13:42:11,2026-03-11 14:17:29,2.1,35.3,22.1,761.28,20.0,609.02,5.0,0
FUL_004512,BK_004512,DRV_0223,VEH_0223,2026-02-27 08:25:09,2026-02-27 08:36:33,2026-02-27 08:40:25,2026-02-27 09:14:43,11.4,34.3,23.4,411.32,20.0,329.06,5.0,0
FUL_004516,BK_004516,DRV_0152,VEH_0152,2026-03-01 22:20:36,2026-03-01 22:27:00,2026-03-01 22:28:33,2026-03-01 22:53:51,6.4,25.3,11.2,247.0,20.0,197.6,5.0,50
FUL_004517,BK_004517,DRV_0120,VEH_0120,2026-02-05 15:38:59,2026-02-05 15:47:17,2026-02-05 15:49:43,2026-02-05 15:57:43,8.3,8.0,5.0,156.0,20.0,124.8,5.0,10
FUL_004518,BK_004518,DRV_0239,VEH_0239,2026-03-11 17:37:48,2026-03-11 17:41:00,2026-03-11 17:43:29,2026-03-11 18:03:17,3.2,19.8,11.1,283.44,20.0,226.75,5.0,0
FUL_004519,BK_004519,DRV_0078,VEH_0078,2026-02-19 23:19:50,2026-02-19 23:26:56,2026-02-19 23:30:43,2026-02-20 00:05:43,7.1,35.0,14.2,408.2,20.0,326.56,5.0,50
FUL_004520,BK_004520,DRV_0205,VEH_0205,2026-03-11 19:37:05,2026-03-11 19:44:35,2026-03-11 19:46:13,2026-03-11 20:09:25,7.5,23.2,14.5,637.0,20.0,509.6,3.0,0
FUL_004522,BK_004522,DRV_0214,VEH_0214,2026-03-04 14:58:20,2026-03-04 15:02:44,2026-03-04 15:04:12,2026-03-04 15:11:00,4.4,6.8,4.5,75.4,20.0,60.32,4.0,0
FUL_004523,BK_004523,DRV_0017,VEH_0017,2026-02-23 07:43:36,2026-02-23 07:48:00,2026-02-23 07:51:04,2026-02-23 08:13:46,4.4,22.7,12.1,411.6,20.0,329.28,5.0,0
FUL_004524,BK_004524,DRV_0114,VEH_0114,2026-02-07 02:47:55,2026-02-07 03:01:25,2026-02-07 03:04:38,2026-02-07 03:38:50,13.5,34.2,20.1,412.6,20.0,330.08,5.0,30
FUL_004526,BK_004526,DRV_0194,VEH_0194,2026-02-10 11:14:21,2026-02-10 11:23:27,2026-02-10 11:25:39,2026-02-10 11:57:21,9.1,31.7,19.8,447.6,20.0,358.08,5.0,30
FUL_004527,BK_004527,DRV_0043,VEH_0043,2026-03-07 06:04:50,2026-03-07 06:16:08,2026-03-07 06:19:57,2026-03-07 06:48:51,11.3,28.9,16.6,277.68,20.0,222.14,5.0,0
FUL_004528,BK_004528,DRV_0289,VEH_0289,2026-03-03 08:45:02,2026-03-03 08:54:44,2026-03-03 08:55:54,2026-03-03 09:10:24,9.7,14.5,10.3,454.44,20.0,363.55,4.0,10
FUL_004529,BK_004529,DRV_0152,VEH_0152,2026-03-01 01:22:18,2026-03-01 01:29:00,2026-03-01 01:31:24,2026-03-01 02:26:36,6.7,55.2,26.9,517.0,20.0,413.6,5.0,30
FUL_004530,BK_004530,DRV_0210,VEH_0210,2026-02-04 17:14:30,2026-02-04 17:26:24,2026-02-04 17:29:25,2026-02-04 18:14:01,11.9,44.6,30.7,1388.8,20.0,1111.04,1.0,0
FUL_004532,BK_004532,DRV_0040,VEH_0040,2026-02-26 19:54:21,2026-02-26 19:59:57,2026-02-26 20:03:20,2026-02-26 20:53:56,5.6,50.6,23.2,934.5,20.0,747.6,5.0,0
FUL_004533,BK_004533,DRV_0265,VEH_0265,2026-03-03 15:40:50,2026-03-03 15:51:20,2026-03-03 15:54:48,2026-03-03 16:51:06,10.5,56.3,25.4,371.28,20.0,297.02,5.0,0
FUL_004534,BK_004534,DRV_0276,VEH_0276,2026-03-03 23:16:21,2026-03-03 23:22:51,2026-03-03 23:26:49,2026-03-03 23:33:07,6.5,6.3,3.4,191.52,20.0,153.22,5.0,0
FUL_004535,BK_004535,DRV_0153,VEH_0153,2026-02-19 16:54:34,2026-02-19 17:06:40,2026-02-19 17:10:31,2026-02-19 17:27:07,12.1,16.6,10.8,146.2,20.0,116.96,5.0,20
FUL_004536,BK_004536,DRV_0261,VEH_0261,2026-03-13 08:47:39,2026-03-13 08:54:57,2026-03-13 08:56:05,2026-03-13 09:55:41,7.3,59.6,24.1,1700.16,20.0,1360.13,5.0,20
FUL_004538,BK_004538,DRV_0296,VEH_0296,2026-02-05 11:36:26,2026-02-05 11:42:38,2026-02-05 11:46:25,2026-02-05 12:19:37,6.2,33.2,20.0,307.92,20.0,246.34,5.0,50
FUL_004539,BK_004539,DRV_0201,VEH_0201,2026-02-26 17:56:26,2026-02-26 18:02:44,2026-02-26 18:05:30,2026-02-26 19:10:12,6.3,64.7,27.2,924.12,20.0,739.3,5.0,0
FUL_004540,BK_004540,DRV_0039,VEH_0039,2026-02-24 20:11:28,2026-02-24 20:17:52,2026-02-24 20:19:06,2026-02-24 20:43:00,6.4,23.9,16.8,752.96,20.0,602.37,4.0,0
FUL_004541,BK_004541,DRV_0046,VEH_0046,2026-02-13 00:11:20,2026-02-13 00:18:32,2026-02-13 00:20:31,2026-02-13 01:05:31,7.2,45.0,23.0,499.4,20.0,399.52,5.0,0
FUL_004543,BK_004543,DRV_0180,VEH_0180,2026-02-07 16:49:19,2026-02-07 16:53:37,2026-02-07 16:57:34,2026-02-07 17:11:22,4.3,13.8,7.5,119.9,20.0,95.92,5.0,10
FUL_004544,BK_004544,DRV_0245,VEH_0245,2026-03-17 11:13:07,2026-03-17 11:25:55,2026-03-17 11:29:01,2026-03-17 11:58:19,12.8,29.3,21.9,376.04,20.0,300.83,5.0,30
FUL_004547,BK_004547,DRV_0313,VEH_0313,2026-02-19 04:20:40,2026-02-19 04:24:04,2026-02-19 04:26:14,2026-02-19 04:36:02,3.4,9.8,5.3,202.8,20.0,162.24,5.0,0
FUL_004549,BK_004549,DRV_0183,VEH_0183,2026-03-14 06:25:30,2026-03-14 06:34:48,2026-03-14 06:37:17,2026-03-14 07:04:47,9.3,27.5,10.9,239.8,20.0,191.84,5.0,50
FUL_004550,BK_004550,DRV_0094,VEH_0094,2026-02-26 10:42:38,2026-02-26 10:53:02,2026-02-26 10:56:33,2026-02-26 11:37:09,10.4,40.6,18.6,809.76,20.0,647.81,5.0,50
FUL_004551,BK_004551,DRV_0016,VEH_0016,2026-02-14 05:57:53,2026-02-14 06:05:41,2026-02-14 06:07:44,2026-02-14 07:02:02,7.8,54.3,25.0,457.6,20.0,366.08,3.0,30
FUL_004553,BK_004553,DRV_0287,VEH_0287,2026-03-10 11:50:00,2026-03-10 12:00:54,2026-03-10 12:03:57,2026-03-10 12:27:39,10.9,23.7,15.3,685.02,20.0,548.02,4.0,20
FUL_004554,BK_004554,DRV_0084,VEH_0084,2026-02-28 20:35:14,2026-02-28 20:39:50,2026-02-28 20:41:27,2026-02-28 21:04:33,4.6,23.1,16.4,744.64,20.0,595.71,5.0,20
FUL_004555,BK_004555,DRV_0168,VEH_0168,2026-02-12 21:17:30,2026-02-12 21:21:30,2026-02-12 21:22:58,2026-02-12 21:48:46,4.0,25.8,17.3,823.68,20.0,658.94,5.0,0
FUL_004557,BK_004557,DRV_0035,VEH_0035,2026-03-12 13:18:17,2026-03-12 13:26:23,2026-03-12 13:29:06,2026-03-12 13:42:36,8.1,13.5,6.5,148.0,20.0,118.4,5.0,50
FUL_004558,BK_004558,DRV_0123,VEH_0123,2026-02-02 20:22:25,2026-02-02 20:31:19,2026-02-02 20:34:48,2026-02-02 21:25:54,8.9,51.1,27.5,657.12,20.0,525.7,4.0,50
FUL_004561,BK_004561,DRV_0204,VEH_0204,2026-03-08 22:37:07,2026-03-08 22:48:13,2026-03-08 22:49:56,2026-03-08 23:27:02,11.1,37.1,18.3,525.2,20.0,420.16,1.0,50
FUL_004564,BK_004564,DRV_0273,VEH_0273,2026-02-15 10:12:30,2026-02-15 10:18:54,2026-02-15 10:22:28,2026-02-15 10:47:46,6.4,25.3,12.9,304.2,20.0,243.36,5.0,10
FUL_004566,BK_004566,DRV_0258,VEH_0258,2026-03-11 20:45:25,2026-03-11 20:55:37,2026-03-11 20:58:44,2026-03-11 21:23:38,10.2,24.9,17.6,602.16,20.0,481.73,5.0,0
FUL_004567,BK_004567,DRV_0116,VEH_0116,2026-03-10 16:54:59,2026-03-10 17:06:59,2026-03-10 17:10:28,2026-03-10 17:18:16,12.0,7.8,4.0,110.2,20.0,88.16,5.0,10
FUL_004568,BK_004568,DRV_0121,VEH_0121,2026-02-02 22:26:07,2026-02-02 22:31:37,2026-02-02 22:33:09,2026-02-02 23:25:51,5.5,52.7,27.0,981.12,20.0,784.9,5.0,0
FUL_004569,BK_004569,DRV_0017,VEH_0017,2026-03-05 17:17:37,2026-03-05 17:26:49,2026-03-05 17:28:25,2026-03-05 17:40:07,9.2,11.7,7.5,325.92,20.0,260.74,5.0,10
FUL_004571,BK_004571,DRV_0111,VEH_0111,2026-02-22 07:27:09,2026-02-22 07:31:57,2026-02-22 07:34:11,2026-02-22 08:02:47,4.8,28.6,11.3,364.0,20.0,291.2,5.0,0
FUL_004572,BK_004572,DRV_0025,VEH_0025,2026-02-20 14:53:28,2026-02-20 15:06:10,2026-02-20 15:09:55,2026-02-20 15:19:31,12.7,9.6,4.1,76.6,20.0,61.28,5.0,0
FUL_004573,BK_004573,DRV_0161,VEH_0161,2026-02-05 05:22:08,2026-02-05 05:28:20,2026-02-05 05:29:42,2026-02-05 05:59:00,6.2,29.3,18.2,553.8,20.0,443.04,5.0,10
FUL_004575,BK_004575,DRV_0017,VEH_0017,2026-02-15 21:13:30,2026-02-15 21:16:30,2026-02-15 21:19:34,2026-02-15 21:44:04,3.0,24.5,16.8,1076.04,20.0,860.83,4.0,0
FUL_004576,BK_004576,DRV_0210,VEH_0210,2026-03-10 20:31:36,2026-03-10 20:44:30,2026-03-10 20:46:52,2026-03-10 20:53:16,12.9,6.4,4.0,254.8,20.0,203.84,1.0,0
FUL_004577,BK_004577,DRV_0038,VEH_0038,2026-02-10 03:07:16,2026-02-10 03:14:34,2026-02-10 03:17:20,2026-02-10 03:55:56,7.3,38.6,19.1,633.36,20.0,506.69,5.0,0
FUL_004578,BK_004578,DRV_0068,VEH_0068,2026-02-13 19:19:23,2026-02-13 19:27:23,2026-02-13 19:31:22,2026-02-13 19:47:52,8.0,16.5,10.4,536.64,20.0,429.31,5.0,0
FUL_004579,BK_004579,DRV_0145,VEH_0145,2026-03-09 09:00:35,2026-03-09 09:08:11,2026-03-09 09:11:48,2026-03-09 09:28:18,7.6,16.5,11.9,389.44,20.0,311.55,5.0,50
FUL_004580,BK_004580,DRV_0115,VEH_0115,2026-03-08 01:37:54,2026-03-08 01:45:36,2026-03-08 01:46:38,2026-03-08 02:29:50,7.7,43.2,28.6,526.0,20.0,420.8,4.0,50
FUL_004581,BK_004581,DRV_0115,VEH_0115,2026-03-06 12:39:49,2026-03-06 12:51:55,2026-03-06 12:55:52,2026-03-06 13:34:46,12.1,38.9,27.5,566.72,20.0,453.38,5.0,20
FUL_004582,BK_004582,DRV_0233,VEH_0233,2026-02-05 19:37:15,2026-02-05 19:51:03,2026-02-05 19:53:22,2026-02-05 20:15:46,13.8,22.4,11.8,769.86,20.0,615.89,1.0,30
FUL_004583,BK_004583,DRV_0243,VEH_0243,2026-02-03 21:43:37,2026-02-03 21:54:55,2026-02-03 21:56:00,2026-02-03 22:09:54,11.3,13.9,5.1,209.76,20.0,167.81,5.0,20
FUL_004584,BK_004584,DRV_0311,VEH_0311,2026-02-25 07:45:14,2026-02-25 07:53:38,2026-02-25 07:54:39,2026-02-25 08:02:39,8.4,8.0,4.5,115.6,20.0,92.48,4.0,30
FUL_004585,BK_004585,DRV_0195,VEH_0195,2026-02-04 01:49:56,2026-02-04 01:55:44,2026-02-04 01:58:58,2026-02-04 02:18:04,5.8,19.1,9.1,383.04,20.0,306.43,5.0,10
FUL_004586,BK_004586,DRV_0103,VEH_0103,2026-02-19 22:36:42,2026-02-19 22:45:54,2026-02-19 22:47:55,2026-02-19 23:10:55,9.2,23.0,13.5,326.64,20.0,261.31,5.0,0
FUL_004587,BK_004587,DRV_0186,VEH_0186,2026-02-13 23:04:58,2026-02-13 23:17:46,2026-02-13 23:20:29,2026-02-14 00:02:29,12.8,42.0,28.1,997.92,20.0,798.34,5.0,50
FUL_004589,BK_004589,DRV_0306,VEH_0306,2026-02-06 13:19:24,2026-02-06 13:27:06,2026-02-06 13:29:55,2026-02-06 13:59:43,7.7,29.8,16.2,319.0,20.0,255.2,5.0,0
FUL_004590,BK_004590,DRV_0278,VEH_0278,2026-02-27 09:14:55,2026-02-27 09:23:37,2026-02-27 09:24:45,2026-02-27 10:07:51,8.7,43.1,28.1,926.64,20.0,741.31,5.0,30
FUL_004591,BK_004591,DRV_0253,VEH_0253,2026-02-27 21:40:15,2026-02-27 21:46:15,2026-02-27 21:49:59,2026-02-27 22:46:35,6.0,56.6,21.3,969.28,20.0,775.42,5.0,0
FUL_004592,BK_004592,DRV_0284,VEH_0284,2026-03-12 11:09:48,2026-03-12 11:12:06,2026-03-12 11:15:04,2026-03-12 11:31:46,2.3,16.7,7.4,551.46,20.0,441.17,5.0,10
FUL_004593,BK_004593,DRV_0081,VEH_0081,2026-02-23 19:34:11,2026-02-23 19:45:17,2026-02-23 19:46:22,2026-02-23 19:57:58,11.1,11.6,7.5,504.0,20.0,403.2,5.0,0
FUL_004594,BK_004594,DRV_0264,VEH_0264,2026-02-16 06:08:22,2026-02-16 06:14:52,2026-02-16 06:18:11,2026-02-16 06:43:53,6.5,25.7,9.6,344.4,20.0,275.52,5.0,50
FUL_004595,BK_004595,DRV_0236,VEH_0236,2026-02-06 17:22:15,2026-02-06 17:25:27,2026-02-06 17:29:20,2026-02-06 17:48:56,3.2,19.6,11.4,640.64,20.0,512.51,5.0,0
FUL_004596,BK_004596,DRV_0038,VEH_0038,2026-02-25 17:32:28,2026-02-25 17:45:22,2026-02-25 17:48:47,2026-02-25 17:57:59,12.9,9.2,4.9,258.44,20.0,206.75,5.0,30
FUL_004598,BK_004598,DRV_0270,VEH_0270,2026-02-01 23:10:09,2026-02-01 23:16:15,2026-02-01 23:19:36,2026-02-02 00:07:18,6.1,47.7,25.7,320.2,20.0,256.16,5.0,10
FUL_004600,BK_004600,DRV_0286,VEH_0286,2026-02-11 15:10:30,2026-02-11 15:20:48,2026-02-11 15:23:52,2026-02-11 15:32:22,10.3,8.5,4.5,117.4,20.0,93.92,5.0,30
FUL_004603,BK_004603,DRV_0071,VEH_0071,2026-02-27 08:38:23,2026-02-27 08:42:17,2026-02-27 08:45:47,2026-02-27 09:31:59,3.9,46.2,25.1,1015.28,20.0,812.22,4.0,0
FUL_004604,BK_004604,DRV_0041,VEH_0041,2026-02-10 16:14:57,2026-02-10 16:25:15,2026-02-10 16:28:48,2026-02-10 16:41:42,10.3,12.9,7.8,254.8,20.0,203.84,5.0,50
FUL_004605,BK_004605,DRV_0236,VEH_0236,2026-02-15 12:46:17,2026-02-15 12:55:17,2026-02-15 12:58:48,2026-02-15 13:32:06,9.0,33.3,21.8,736.12,20.0,588.9,5.0,0
FUL_004606,BK_004606,DRV_0245,VEH_0245,2026-02-22 12:51:11,2026-02-22 12:53:11,2026-02-22 12:54:33,2026-02-22 13:10:39,2.0,16.1,11.7,158.2,20.0,126.56,5.0,50
FUL_004607,BK_004607,DRV_0252,VEH_0252,2026-02-27 06:52:43,2026-02-27 06:58:25,2026-02-27 07:01:01,2026-02-27 07:10:07,5.7,9.1,5.0,139.04,20.0,111.23,5.0,0
FUL_004610,BK_004610,DRV_0221,VEH_0221,2026-02-20 12:12:47,2026-02-20 12:15:11,2026-02-20 12:16:44,2026-02-20 12:57:44,2.4,41.0,26.6,354.86,20.0,283.89,5.0,0
FUL_004611,BK_004611,DRV_0116,VEH_0116,2026-02-27 18:55:18,2026-02-27 19:09:00,2026-02-27 19:10:28,2026-02-27 19:44:52,13.7,34.4,13.2,509.4,20.0,407.52,5.0,50
FUL_004613,BK_004613,DRV_0236,VEH_0236,2026-02-12 12:24:30,2026-02-12 12:37:00,2026-02-12 12:40:39,2026-02-12 13:18:57,12.5,38.3,17.1,628.32,20.0,502.66,5.0,50
FUL_004614,BK_004614,DRV_0307,VEH_0307,2026-02-09 09:11:24,2026-02-09 09:16:00,2026-02-09 09:18:05,2026-02-09 09:55:05,4.6,37.0,24.7,814.32,20.0,651.46,5.0,30
FUL_004615,BK_004615,DRV_0307,VEH_0307,2026-02-28 18:35:16,2026-02-28 18:40:34,2026-02-28 18:43:02,2026-02-28 19:23:26,5.3,40.4,17.0,713.44,20.0,570.75,5.0,20
FUL_004616,BK_004616,DRV_0296,VEH_0296,2026-02-25 19:54:06,2026-02-25 19:56:36,2026-02-25 19:57:48,2026-02-25 20:08:36,2.5,10.8,7.0,166.72,20.0,133.38,5.0,50
FUL_004617,BK_004617,DRV_0175,VEH_0175,2026-02-18 18:46:26,2026-02-18 18:50:44,2026-02-18 18:52:52,2026-02-18 19:06:58,4.3,14.1,9.4,711.48,20.0,569.18,5.0,0
FUL_004618,BK_004618,DRV_0165,VEH_0165,2026-03-17 08:00:29,2026-03-17 08:04:29,2026-03-17 08:05:35,2026-03-17 09:09:17,4.0,63.7,30.4,1281.28,20.0,1025.02,5.0,0
FUL_004619,BK_004619,DRV_0109,VEH_0109,2026-03-09 06:56:15,2026-03-09 07:05:57,2026-03-09 07:08:07,2026-03-09 07:26:07,9.7,18.0,9.5,374.4,20.0,299.52,5.0,0
FUL_004620,BK_004620,DRV_0035,VEH_0035,2026-03-05 03:57:29,2026-03-05 04:06:29,2026-03-05 04:09:25,2026-03-05 04:29:07,9.0,19.7,12.2,254.2,20.0,203.36,5.0,10
FUL_004621,BK_004621,DRV_0140,VEH_0140,2026-02-25 00:03:20,2026-02-25 00:13:44,2026-02-25 00:16:00,2026-02-25 00:50:42,10.4,34.7,22.1,621.4,20.0,497.12,5.0,10
FUL_004623,BK_004623,DRV_0077,VEH_0077,2026-02-02 21:59:46,2026-02-02 22:05:28,2026-02-02 22:07:29,2026-02-02 22:19:47,5.7,12.3,6.3,314.58,20.0,251.66,2.0,0
FUL_004625,BK_004625,DRV_0178,VEH_0178,2026-02-17 17:36:12,2026-02-17 17:44:48,2026-02-17 17:46:39,2026-02-17 18:29:33,8.6,42.9,18.2,636.48,20.0,509.18,5.0,0
FUL_004626,BK_004626,DRV_0307,VEH_0307,2026-03-16 21:43:23,2026-03-16 21:48:17,2026-03-16 21:51:02,2026-03-16 22:22:56,4.9,31.9,19.2,1119.3,20.0,895.44,4.0,0
FUL_004627,BK_004627,DRV_0030,VEH_0030,2026-02-13 21:37:43,2026-02-13 21:48:43,2026-02-13 21:50:52,2026-02-13 21:57:58,11.0,7.1,4.1,172.32,20.0,137.86,5.0,0
FUL_004629,BK_004629,DRV_0094,VEH_0094,2026-02-09 02:08:16,2026-02-09 02:12:04,2026-02-09 02:15:39,2026-02-09 03:00:27,3.8,44.8,25.6,508.0,20.0,406.4,4.0,0
FUL_004630,BK_004630,DRV_0090,VEH_0090,2026-02-09 10:51:27,2026-02-09 10:59:27,2026-02-09 11:03:07,2026-02-09 11:31:07,8.0,28.0,19.6,549.92,20.0,439.94,5.0,10
FUL_004633,BK_004633,DRV_0319,VEH_0319,2026-02-08 13:47:18,2026-02-08 13:58:24,2026-02-08 14:00:03,2026-02-08 14:38:57,11.1,38.9,20.4,600.6,20.0,480.48,5.0,0
FUL_004636,BK_004636,DRV_0113,VEH_0113,2026-02-07 22:22:47,2026-02-07 22:31:11,2026-02-07 22:32:47,2026-02-07 22:44:17,8.4,11.5,6.8,286.44,20.0,229.15,5.0,0
FUL_004637,BK_004637,DRV_0117,VEH_0117,2026-02-05 10:54:04,2026-02-05 11:00:04,2026-02-05 11:01:24,2026-02-05 11:44:06,6.0,42.7,28.2,1191.68,20.0,953.34,5.0,30
FUL_004638,BK_004638,DRV_0022,VEH_0022,2026-03-11 10:42:16,2026-03-11 10:45:22,2026-03-11 10:48:13,2026-03-11 11:17:49,3.1,29.6,12.0,664.56,20.0,531.65,3.0,0
FUL_004639,BK_004639,DRV_0233,VEH_0233,2026-02-08 20:17:57,2026-02-08 20:29:03,2026-02-08 20:30:57,2026-02-08 20:49:09,11.1,18.2,10.9,861.12,20.0,688.9,4.0,10
FUL_004640,BK_004640,DRV_0084,VEH_0084,2026-02-21 07:48:31,2026-02-21 07:52:07,2026-02-21 07:53:21,2026-02-21 07:57:57,3.6,4.6,3.1,145.6,20.0,116.48,4.0,0
FUL_004642,BK_004642,DRV_0255,VEH_0255,2026-02-02 00:01:24,2026-02-02 00:08:18,2026-02-02 00:09:59,2026-02-02 00:51:35,6.9,41.6,24.3,368.4,20.0,294.72,4.0,20
FUL_004644,BK_004644,DRV_0125,VEH_0125,2026-02-27 17:32:16,2026-02-27 17:44:04,2026-02-27 17:45:48,2026-02-27 18:09:42,11.8,23.9,16.3,1256.64,20.0,1005.31,5.0,30
FUL_004645,BK_004645,DRV_0114,VEH_0114,2026-03-07 02:59:22,2026-03-07 03:09:46,2026-03-07 03:11:00,2026-03-07 04:07:18,10.4,56.3,27.0,542.96,20.0,434.37,5.0,30
FUL_004648,BK_004648,DRV_0204,VEH_0204,2026-03-15 07:40:08,2026-03-15 07:51:26,2026-03-15 07:55:12,2026-03-15 08:27:24,11.3,32.2,18.7,592.02,20.0,473.62,5.0,0
FUL_004649,BK_004649,DRV_0284,VEH_0284,2026-02-01 09:54:08,2026-02-01 09:56:38,2026-02-01 09:57:40,2026-02-01 10:02:28,2.5,4.8,2.7,212.16,20.0,169.73,5.0,0
FUL_004651,BK_004651,DRV_0135,VEH_0135,2026-02-25 07:46:16,2026-02-25 07:51:58,2026-02-25 07:55:36,2026-02-25 08:06:42,5.7,11.1,5.2,103.44,20.0,82.75,4.0,0
FUL_004654,BK_004654,DRV_0185,VEH_0185,2026-03-10 00:23:51,2026-03-10 00:37:09,2026-03-10 00:40:04,2026-03-10 01:08:34,13.3,28.5,17.6,417.36,20.0,333.89,5.0,50
FUL_004655,BK_004655,DRV_0034,VEH_0034,2026-02-05 22:01:40,2026-02-05 22:04:34,2026-02-05 22:07:44,2026-02-05 22:36:38,2.9,28.9,19.0,243.4,20.0,194.72,5.0,0
FUL_004656,BK_004656,DRV_0101,VEH_0101,2026-03-07 02:08:16,2026-03-07 02:19:34,2026-03-07 02:21:06,2026-03-07 02:46:06,11.3,25.0,14.2,449.8,20.0,359.84,3.0,0
FUL_004657,BK_004657,DRV_0233,VEH_0233,2026-03-17 15:58:54,2026-03-17 16:10:42,2026-03-17 16:14:27,2026-03-17 16:20:57,11.8,6.5,3.4,171.6,20.0,137.28,3.0,10
FUL_004658,BK_004658,DRV_0247,VEH_0247,2026-02-01 15:56:15,2026-02-01 16:09:39,2026-02-01 16:13:00,2026-02-01 16:20:36,13.4,7.6,4.5,198.8,20.0,159.04,5.0,50
FUL_004659,BK_004659,DRV_0300,VEH_0300,2026-02-08 04:01:45,2026-02-08 04:08:33,2026-02-08 04:11:20,2026-02-08 04:35:02,6.8,23.7,11.8,259.6,20.0,207.68,4.0,0
FUL_004661,BK_004661,DRV_0168,VEH_0168,2026-02-07 10:51:31,2026-02-07 10:56:13,2026-02-07 10:58:05,2026-02-07 11:43:11,4.7,45.1,27.4,1110.2,20.0,888.16,5.0,0
FUL_004662,BK_004662,DRV_0115,VEH_0115,2026-03-16 14:58:04,2026-03-16 15:09:28,2026-03-16 15:12:43,2026-03-16 16:02:25,11.4,49.7,24.7,502.6,20.0,402.08,4.0,0
FUL_004663,BK_004663,DRV_0144,VEH_0144,2026-02-23 08:49:24,2026-02-23 08:55:06,2026-02-23 08:59:05,2026-02-23 09:17:59,5.7,18.9,10.5,532.48,20.0,425.98,5.0,0
FUL_004664,BK_004664,DRV_0269,VEH_0269,2026-03-05 08:06:10,2026-03-05 08:19:34,2026-03-05 08:20:35,2026-03-05 08:47:11,13.4,26.6,19.3,441.12,20.0,352.9,5.0,50
FUL_004665,BK_004665,DRV_0275,VEH_0275,2026-02-06 07:11:09,2026-02-06 07:14:33,2026-02-06 07:16:23,2026-02-06 07:51:23,3.4,35.0,25.3,742.0,20.0,593.6,5.0,20
FUL_004668,BK_004668,DRV_0177,VEH_0177,2026-02-16 08:41:46,2026-02-16 08:47:16,2026-02-16 08:50:42,2026-02-16 09:30:24,5.5,39.7,25.3,1106.88,20.0,885.5,5.0,0
FUL_004670,BK_004670,DRV_0176,VEH_0176,2026-02-09 02:48:55,2026-02-09 02:52:49,2026-02-09 02:55:46,2026-02-09 03:18:58,3.9,23.2,14.4,281.2,20.0,224.96,4.0,50
FUL_004673,BK_004673,DRV_0223,VEH_0223,2026-02-07 04:11:19,2026-02-07 04:19:49,2026-02-07 04:21:00,2026-02-07 05:06:36,8.5,45.6,25.4,329.8,20.0,263.84,5.0,30
FUL_004674,BK_004674,DRV_0035,VEH_0035,2026-02-26 14:35:23,2026-02-26 14:41:47,2026-02-26 14:43:36,2026-02-26 15:06:24,6.4,22.8,12.6,265.0,20.0,212.0,5.0,30
FUL_004676,BK_004676,DRV_0054,VEH_0054,2026-02-19 09:50:47,2026-02-19 10:03:47,2026-02-19 10:07:18,2026-02-19 10:18:30,13.0,11.2,5.9,153.28,20.0,122.62,4.0,0
FUL_004678,BK_004678,DRV_0212,VEH_0212,2026-02-16 18:34:41,2026-02-16 18:46:23,2026-02-16 18:49:15,2026-02-16 18:57:15,11.7,8.0,4.2,179.2,20.0,143.36,5.0,0
FUL_004679,BK_004679,DRV_0116,VEH_0116,2026-03-11 02:03:10,2026-03-11 02:05:46,2026-03-11 02:07:56,2026-03-11 03:23:08,2.6,75.2,28.2,538.6,20.0,430.88,5.0,0
FUL_004680,BK_004680,DRV_0293,VEH_0293,2026-02-21 12:48:23,2026-02-21 12:50:53,2026-02-21 12:52:09,2026-02-21 13:05:39,2.5,13.5,9.0,291.2,20.0,232.96,5.0,50
FUL_004681,BK_004681,DRV_0266,VEH_0266,2026-03-14 01:15:30,2026-03-14 01:26:36,2026-03-14 01:29:49,2026-03-14 01:35:19,11.1,5.5,3.1,68.42,20.0,54.74,1.0,10
FUL_004682,BK_004682,DRV_0028,VEH_0028,2026-02-05 03:19:26,2026-02-05 03:32:02,2026-02-05 03:34:16,2026-02-05 03:51:40,12.6,17.4,7.9,113.8,20.0,91.04,5.0,20
FUL_004684,BK_004684,DRV_0258,VEH_0258,2026-02-02 09:20:26,2026-02-02 09:30:56,2026-02-02 09:33:04,2026-02-02 09:45:28,10.5,12.4,9.2,404.04,20.0,323.23,5.0,0
FUL_004687,BK_004687,DRV_0201,VEH_0201,2026-03-14 16:30:07,2026-03-14 16:38:43,2026-03-14 16:40:42,2026-03-14 17:18:00,8.6,37.3,24.6,495.4,20.0,396.32,5.0,10
FUL_004689,BK_004689,DRV_0272,VEH_0272,2026-02-07 14:00:34,2026-02-07 14:10:58,2026-02-07 14:13:33,2026-02-07 15:12:21,10.4,58.8,24.2,486.4,20.0,389.12,3.0,50
FUL_004690,BK_004690,DRV_0303,VEH_0303,2026-02-03 14:10:57,2026-02-03 14:13:21,2026-02-03 14:16:41,2026-02-03 14:47:47,2.4,31.1,12.1,403.26,20.0,322.61,5.0,0
FUL_004691,BK_004691,DRV_0186,VEH_0186,2026-03-15 00:58:54,2026-03-15 01:09:12,2026-03-15 01:11:25,2026-03-15 02:13:07,10.3,61.7,23.4,791.56,20.0,633.25,5.0,0
FUL_004692,BK_004692,DRV_0255,VEH_0255,2026-02-07 08:55:33,2026-02-07 09:07:45,2026-02-07 09:08:56,2026-02-07 09:53:56,12.2,45.0,30.2,585.28,20.0,468.22,5.0,0
FUL_004695,BK_004695,DRV_0235,VEH_0235,2026-02-13 09:11:25,2026-02-13 09:24:55,2026-02-13 09:28:22,2026-02-13 09:42:10,13.5,13.8,8.8,463.2,20.0,370.56,3.0,50
FUL_004696,BK_004696,DRV_0075,VEH_0075,2026-02-05 21:11:38,2026-02-05 21:20:56,2026-02-05 21:24:52,2026-02-05 21:35:40,9.3,10.8,5.3,213.76,20.0,171.01,4.0,10
FUL_004698,BK_004698,DRV_0290,VEH_0290,2026-02-20 13:08:35,2026-02-20 13:18:05,2026-02-20 13:21:54,2026-02-20 13:45:18,9.5,23.4,15.4,475.8,20.0,380.64,5.0,0
FUL_004699,BK_004699,DRV_0132,VEH_0132,2026-02-07 08:17:38,2026-02-07 08:29:50,2026-02-07 08:31:04,2026-02-07 08:42:46,12.2,11.7,6.1,321.44,20.0,257.15,5.0,50
FUL_004700,BK_004700,DRV_0051,VEH_0051,2026-03-16 01:52:37,2026-03-16 01:54:49,2026-03-16 01:57:47,2026-03-16 02:46:47,2.2,49.0,22.8,455.8,20.0,364.64,5.0,10
FUL_004702,BK_004702,DRV_0050,VEH_0050,2026-02-13 13:17:25,2026-02-13 13:22:37,2026-02-13 13:26:35,2026-02-13 13:31:35,5.2,5.0,2.8,132.6,20.0,106.08,5.0,0
FUL_004707,BK_004707,DRV_0263,VEH_0263,2026-03-03 11:10:50,2026-03-03 11:24:32,2026-03-03 11:28:18,2026-03-03 11:59:18,13.7,31.0,11.6,268.48,20.0,214.78,5.0,50
FUL_004708,BK_004708,DRV_0286,VEH_0286,2026-02-21 22:33:27,2026-02-21 22:46:39,2026-02-21 22:48:25,2026-02-21 23:20:43,13.2,32.3,13.7,293.8,20.0,235.04,5.0,30
FUL_004710,BK_004710,DRV_0146,VEH_0146,2026-02-27 11:43:52,2026-02-27 11:53:58,2026-02-27 11:55:47,2026-02-27 12:04:59,10.1,9.2,4.1,246.96,20.0,197.57,5.0,50
FUL_004711,BK_004711,DRV_0075,VEH_0075,2026-03-10 16:03:19,2026-03-10 16:14:19,2026-03-10 16:15:35,2026-03-10 16:30:17,11.0,14.7,5.7,152.9,20.0,122.32,5.0,50
FUL_004713,BK_004713,DRV_0027,VEH_0027,2026-02-08 18:21:44,2026-02-08 18:30:20,2026-02-08 18:33:46,2026-02-08 18:52:58,8.6,19.2,7.5,241.5,20.0,193.2,5.0,0
FUL_004714,BK_004714,DRV_0017,VEH_0017,2026-02-09 00:01:43,2026-02-09 00:05:13,2026-02-09 00:08:31,2026-02-09 00:30:01,3.5,21.5,12.5,431.2,20.0,344.96,3.0,0
FUL_004716,BK_004716,DRV_0200,VEH_0200,2026-02-01 06:07:14,2026-02-01 06:19:38,2026-02-01 06:20:53,2026-02-01 07:00:11,12.4,39.3,25.3,800.8,20.0,640.64,5.0,10
FUL_004718,BK_004718,DRV_0244,VEH_0244,2026-03-06 06:44:08,2026-03-06 06:50:44,2026-03-06 06:54:12,2026-03-06 07:19:24,6.6,25.2,17.5,537.6,20.0,430.08,5.0,0
FUL_004719,BK_004719,DRV_0211,VEH_0211,2026-02-10 04:47:19,2026-02-10 04:55:31,2026-02-10 04:57:30,2026-02-10 05:22:24,8.2,24.9,15.8,497.64,20.0,398.11,5.0,50
FUL_004720,BK_004720,DRV_0111,VEH_0111,2026-02-10 23:59:53,2026-02-11 00:06:41,2026-02-11 00:10:23,2026-02-11 00:30:53,6.8,20.5,14.2,449.02,20.0,359.22,5.0,0
FUL_004723,BK_004723,DRV_0211,VEH_0211,2026-03-04 03:59:18,2026-03-04 04:08:06,2026-03-04 04:09:55,2026-03-04 04:27:13,8.8,17.3,7.5,294.58,20.0,235.66,3.0,20
FUL_004724,BK_004724,DRV_0104,VEH_0104,2026-02-25 04:54:47,2026-02-25 05:00:47,2026-02-25 05:04:06,2026-02-25 05:25:36,6.0,21.5,13.9,464.8,20.0,371.84,4.0,0
FUL_004727,BK_004727,DRV_0038,VEH_0038,2026-03-03 10:04:20,2026-03-03 10:07:50,2026-03-03 10:11:18,2026-03-03 10:17:42,3.5,6.4,4.1,240.24,20.0,192.19,5.0,0
FUL_004729,BK_004729,DRV_0181,VEH_0181,2026-02-02 15:42:08,2026-02-02 15:51:02,2026-02-02 15:53:51,2026-02-02 16:23:27,8.9,29.6,19.6,376.6,20.0,301.28,5.0,50
FUL_004730,BK_004730,DRV_0167,VEH_0167,2026-02-28 22:09:41,2026-02-28 22:22:41,2026-02-28 22:25:46,2026-02-28 23:07:52,13.0,42.1,21.3,477.62,20.0,382.1,4.0,50
FUL_004732,BK_004732,DRV_0310,VEH_0310,2026-02-14 11:24:11,2026-02-14 11:37:23,2026-02-14 11:38:57,2026-02-14 12:18:09,13.2,39.2,27.8,1081.08,20.0,864.86,4.0,0
FUL_004733,BK_004733,DRV_0227,VEH_0227,2026-03-12 20:56:55,2026-03-12 21:05:37,2026-03-12 21:08:01,2026-03-12 21:29:07,8.7,21.1,10.6,203.0,20.0,162.4,3.0,10
FUL_004734,BK_004734,DRV_0068,VEH_0068,2026-02-08 17:08:04,2026-02-08 17:10:58,2026-02-08 17:13:13,2026-02-08 18:12:01,2.9,58.8,26.8,1512.42,20.0,1209.94,2.0,0
FUL_004736,BK_004736,DRV_0030,VEH_0030,2026-02-14 08:20:16,2026-02-14 08:29:46,2026-02-14 08:32:34,2026-02-14 09:27:58,9.5,55.4,23.8,611.94,20.0,489.55,3.0,0
FUL_004742,BK_004742,DRV_0271,VEH_0271,2026-03-09 01:35:06,2026-03-09 01:41:42,2026-03-09 01:42:59,2026-03-09 02:18:11,6.6,35.2,16.3,395.76,20.0,316.61,5.0,30
FUL_004744,BK_004744,DRV_0054,VEH_0054,2026-02-04 13:57:11,2026-02-04 14:09:53,2026-02-04 14:13:45,2026-02-04 14:55:15,12.7,41.5,23.8,308.2,20.0,246.56,5.0,0
FUL_004745,BK_004745,DRV_0090,VEH_0090,2026-02-10 12:07:10,2026-02-10 12:15:04,2026-02-10 12:17:18,2026-02-10 12:59:48,7.9,42.5,17.1,344.2,20.0,275.36,4.0,0
FUL_004746,BK_004746,DRV_0069,VEH_0069,2026-03-15 08:13:31,2026-03-15 08:24:19,2026-03-15 08:26:51,2026-03-15 08:37:51,10.8,11.0,5.7,346.56,20.0,277.25,5.0,10
FUL_004748,BK_004748,DRV_0316,VEH_0316,2026-03-04 12:50:27,2026-03-04 13:00:39,2026-03-04 13:01:52,2026-03-04 13:18:04,10.2,16.2,9.0,194.8,20.0,155.84,5.0,30
FUL_004750,BK_004750,DRV_0091,VEH_0091,2026-03-06 04:37:59,2026-03-06 04:42:17,2026-03-06 04:44:59,2026-03-06 05:12:05,4.3,27.1,14.8,205.0,20.0,164.0,5.0,50
FUL_004751,BK_004751,DRV_0097,VEH_0097,2026-03-07 13:56:12,2026-03-07 14:03:30,2026-03-07 14:04:34,2026-03-07 14:34:58,7.3,30.4,13.5,456.4,20.0,365.12,5.0,0
FUL_004752,BK_004752,DRV_0286,VEH_0286,2026-02-14 02:43:06,2026-02-14 02:46:48,2026-02-14 02:49:58,2026-02-14 02:58:46,3.7,8.8,4.4,119.2,20.0,95.36,5.0,10
FUL_004754,BK_004754,DRV_0245,VEH_0245,2026-02-19 11:49:34,2026-02-19 11:58:58,2026-02-19 12:02:32,2026-02-19 13:05:44,9.4,63.2,26.1,610.92,20.0,488.74,5.0,20
FUL_004755,BK_004755,DRV_0157,VEH_0157,2026-02-04 17:12:25,2026-02-04 17:15:19,2026-02-04 17:18:58,2026-02-04 17:59:16,2.9,40.3,24.7,1603.68,20.0,1282.94,4.0,20
FUL_004757,BK_004757,DRV_0126,VEH_0126,2026-02-16 12:17:08,2026-02-16 12:19:14,2026-02-16 12:20:42,2026-02-16 12:32:24,2.1,11.7,6.9,103.0,20.0,82.4,3.0,0
FUL_004759,BK_004759,DRV_0037,VEH_0037,2026-03-11 19:59:17,2026-03-11 20:06:59,2026-03-11 20:10:21,2026-03-11 21:11:15,7.7,60.9,23.2,1727.04,20.0,1381.63,5.0,0
FUL_004760,BK_004760,DRV_0241,VEH_0241,2026-02-06 01:45:31,2026-02-06 01:50:55,2026-02-06 01:51:59,2026-02-06 02:20:11,5.4,28.2,16.1,209.8,20.0,167.84,4.0,20
FUL_004761,BK_004761,DRV_0258,VEH_0258,2026-02-16 08:37:46,2026-02-16 08:50:10,2026-02-16 08:52:53,2026-02-16 09:15:59,12.4,23.1,9.4,547.56,20.0,438.05,5.0,30
FUL_004762,BK_004762,DRV_0173,VEH_0173,2026-03-05 19:54:52,2026-03-05 20:05:46,2026-03-05 20:07:00,2026-03-05 20:39:00,10.9,32.0,23.4,531.84,20.0,425.47,4.0,0
FUL_004763,BK_004763,DRV_0202,VEH_0202,2026-02-08 03:47:35,2026-02-08 03:54:35,2026-02-08 03:55:59,2026-02-08 04:54:53,7.0,58.9,25.9,817.96,20.0,654.37,5.0,0
FUL_004764,BK_004764,DRV_0027,VEH_0027,2026-03-11 21:30:04,2026-03-11 21:36:22,2026-03-11 21:39:33,2026-03-11 22:03:57,6.3,24.4,16.6,356.8,20.0,285.44,5.0,0
FUL_004766,BK_004766,DRV_0295,VEH_0295,2026-03-05 18:00:47,2026-03-05 18:05:59,2026-03-05 18:09:45,2026-03-05 18:31:09,5.2,21.4,13.9,946.68,20.0,757.34,5.0,0
FUL_004767,BK_004767,DRV_0035,VEH_0035,2026-02-02 22:09:21,2026-02-02 22:20:27,2026-02-02 22:23:35,2026-02-02 22:56:47,11.1,33.2,16.4,387.12,20.0,309.7,5.0,0
FUL_004768,BK_004768,DRV_0132,VEH_0132,2026-02-02 16:29:38,2026-02-02 16:42:50,2026-02-02 16:44:01,2026-02-02 17:39:25,13.2,55.4,27.5,974.4,20.0,779.52,4.0,0
FUL_004769,BK_004769,DRV_0073,VEH_0073,2026-03-05 23:56:06,2026-03-06 00:06:30,2026-03-06 00:10:22,2026-03-06 00:28:10,10.4,17.8,7.0,260.4,20.0,208.32,5.0,30
FUL_004770,BK_004770,DRV_0202,VEH_0202,2026-02-24 16:32:24,2026-02-24 16:43:00,2026-02-24 16:45:54,2026-02-24 17:47:36,10.6,61.7,23.3,801.84,20.0,641.47,5.0,30
FUL_004772,BK_004772,DRV_0081,VEH_0081,2026-02-15 10:21:07,2026-02-15 10:26:37,2026-02-15 10:28:54,2026-02-15 11:05:54,5.5,37.0,24.3,1240.96,20.0,992.77,3.0,0
FUL_004773,BK_004773,DRV_0205,VEH_0205,2026-02-18 13:48:19,2026-02-18 14:01:49,2026-02-18 14:05:18,2026-02-18 14:39:18,13.5,34.0,20.9,605.8,20.0,484.64,1.0,0
FUL_004774,BK_004774,DRV_0102,VEH_0102,2026-02-06 01:14:26,2026-02-06 01:22:50,2026-02-06 01:26:40,2026-02-06 01:42:16,8.4,15.6,8.1,291.2,20.0,232.96,5.0,20
FUL_004776,BK_004776,DRV_0212,VEH_0212,2026-03-10 17:13:52,2026-03-10 17:19:16,2026-03-10 17:23:08,2026-03-10 17:43:08,5.4,20.0,13.9,333.12,20.0,266.5,5.0,0
FUL_004777,BK_004777,DRV_0254,VEH_0254,2026-02-20 15:25:27,2026-02-20 15:36:09,2026-02-20 15:39:20,2026-02-20 15:50:02,10.7,10.7,7.4,110.2,20.0,88.16,5.0,30
FUL_004778,BK_004778,DRV_0121,VEH_0121,2026-02-01 15:13:28,2026-02-01 15:23:40,2026-02-01 15:25:02,2026-02-01 16:02:02,10.2,37.0,14.8,501.2,20.0,400.96,5.0,30
FUL_004779,BK_004779,DRV_0200,VEH_0200,2026-02-22 11:51:01,2026-02-22 12:02:25,2026-02-22 12:04:24,2026-02-22 12:38:36,11.4,34.2,14.7,1115.52,20.0,892.42,5.0,10
FUL_004781,BK_004781,DRV_0017,VEH_0017,2026-02-06 17:10:22,2026-02-06 17:16:40,2026-02-06 17:17:43,2026-02-06 17:58:07,6.3,40.4,17.3,1187.76,20.0,950.21,4.0,30
FUL_004782,BK_004782,DRV_0061,VEH_0061,2026-02-03 17:48:20,2026-02-03 17:55:56,2026-02-03 17:57:02,2026-02-03 18:24:08,7.6,27.1,12.7,236.6,20.0,189.28,5.0,30
FUL_004783,BK_004783,DRV_0261,VEH_0261,2026-03-03 11:50:12,2026-03-03 12:01:00,2026-03-03 12:03:16,2026-03-03 12:39:40,10.8,36.4,16.3,1140.72,20.0,912.58,5.0,0
FUL_004784,BK_004784,DRV_0269,VEH_0269,2026-03-14 01:39:22,2026-03-14 01:45:28,2026-03-14 01:46:48,2026-03-14 02:10:36,6.1,23.8,15.6,380.64,20.0,304.51,3.0,10
FUL_004785,BK_004785,DRV_0034,VEH_0034,2026-02-21 05:35:58,2026-02-21 05:47:46,2026-02-21 05:51:39,2026-02-21 06:01:57,11.8,10.3,4.2,71.8,20.0,57.44,5.0,0
FUL_004786,BK_004786,DRV_0174,VEH_0174,2026-03-01 17:33:41,2026-03-01 17:40:29,2026-03-01 17:43:09,2026-03-01 18:15:03,6.8,31.9,15.7,375.48,20.0,300.38,4.0,0
FUL_004788,BK_004788,DRV_0248,VEH_0248,2026-02-13 11:50:52,2026-02-13 11:55:22,2026-02-13 11:57:02,2026-02-13 12:14:02,4.5,17.0,11.7,300.72,20.0,240.58,5.0,30
FUL_004790,BK_004790,DRV_0150,VEH_0150,2026-03-07 22:50:33,2026-03-07 23:03:15,2026-03-07 23:04:42,2026-03-07 23:10:06,12.7,5.4,3.4,156.0,20.0,124.8,5.0,0
FUL_004791,BK_004791,DRV_0146,VEH_0146,2026-02-20 18:37:52,2026-02-20 18:51:16,2026-02-20 18:54:37,2026-02-20 19:08:07,13.4,13.5,5.3,398.16,20.0,318.53,4.0,0
FUL_004792,BK_004792,DRV_0307,VEH_0307,2026-02-01 13:49:02,2026-02-01 13:55:26,2026-02-01 13:57:07,2026-02-01 14:06:25,6.4,9.3,3.5,187.2,20.0,149.76,4.0,30
FUL_004793,BK_004793,DRV_0181,VEH_0181,2026-02-10 02:27:15,2026-02-10 02:39:39,2026-02-10 02:41:47,2026-02-10 02:51:41,12.4,9.9,5.1,131.8,20.0,105.44,5.0,50
FUL_004794,BK_004794,DRV_0227,VEH_0227,2026-02-08 08:00:01,2026-02-08 08:02:49,2026-02-08 08:03:54,2026-02-08 08:34:36,2.8,30.7,13.0,184.6,20.0,147.68,4.0,0
FUL_004796,BK_004796,DRV_0154,VEH_0154,2026-02-05 22:07:01,2026-02-05 22:13:25,2026-02-05 22:14:50,2026-02-05 22:48:20,6.4,33.5,13.4,288.4,20.0,230.72,5.0,0
FUL_004797,BK_004797,DRV_0066,VEH_0066,2026-02-04 19:25:35,2026-02-04 19:34:53,2026-02-04 19:37:53,2026-02-04 19:56:59,9.3,19.1,10.7,350.88,20.0,280.7,1.0,10
FUL_004798,BK_004798,DRV_0075,VEH_0075,2026-02-06 12:03:22,2026-02-06 12:15:40,2026-02-06 12:18:45,2026-02-06 12:57:57,12.3,39.2,27.8,509.8,20.0,407.84,4.0,0
FUL_004799,BK_004799,DRV_0276,VEH_0276,2026-03-06 16:31:24,2026-03-06 16:44:48,2026-03-06 16:47:52,2026-03-06 16:54:28,13.4,6.6,3.6,187.88,20.0,150.3,4.0,50
FUL_004801,BK_004801,DRV_0184,VEH_0184,2026-02-08 16:25:34,2026-02-08 16:32:52,2026-02-08 16:34:45,2026-02-08 17:12:27,7.3,37.7,18.4,394.46,20.0,315.57,5.0,0
FUL_004804,BK_004804,DRV_0154,VEH_0154,2026-02-18 13:26:51,2026-02-18 13:33:09,2026-02-18 13:35:00,2026-02-18 13:49:54,6.3,14.9,8.6,198.4,20.0,158.72,5.0,20
FUL_004805,BK_004805,DRV_0216,VEH_0216,2026-03-13 21:44:28,2026-03-13 21:53:34,2026-03-13 21:56:46,2026-03-13 22:22:22,9.1,25.6,17.0,794.56,20.0,635.65,4.0,0
FUL_004806,BK_004806,DRV_0168,VEH_0168,2026-02-22 03:36:26,2026-02-22 03:42:26,2026-02-22 03:45:32,2026-02-22 04:20:50,6.0,35.3,23.2,634.4,20.0,507.52,5.0,0
FUL_004807,BK_004807,DRV_0052,VEH_0052,2026-02-07 20:16:09,2026-02-07 20:19:21,2026-02-07 20:23:06,2026-02-07 21:04:48,3.2,41.7,27.8,805.92,20.0,644.74,4.0,30
FUL_004810,BK_004810,DRV_0299,VEH_0299,2026-02-14 03:35:47,2026-02-14 03:44:05,2026-02-14 03:45:11,2026-02-14 03:52:23,8.3,7.2,4.8,235.2,20.0,188.16,4.0,0
FUL_004813,BK_004813,DRV_0162,VEH_0162,2026-02-27 07:53:01,2026-02-27 08:03:19,2026-02-27 08:07:01,2026-02-27 08:32:55,10.3,25.9,16.9,514.8,20.0,411.84,5.0,20
FUL_004814,BK_004814,DRV_0289,VEH_0289,2026-02-08 02:08:22,2026-02-08 02:20:46,2026-02-08 02:24:27,2026-02-08 03:07:21,12.4,42.9,18.7,365.8,20.0,292.64,5.0,0
FUL_004816,BK_004816,DRV_0007,VEH_0007,2026-02-07 09:47:15,2026-02-07 09:53:39,2026-02-07 09:57:22,2026-02-07 10:43:22,6.4,46.0,24.1,848.64,20.0,678.91,5.0,10
FUL_004817,BK_004817,DRV_0307,VEH_0307,2026-03-13 09:32:15,2026-03-13 09:40:21,2026-03-13 09:43:20,2026-03-13 10:13:26,8.1,30.1,15.8,574.08,20.0,459.26,1.0,0
FUL_004818,BK_004818,DRV_0271,VEH_0271,2026-03-04 19:50:39,2026-03-04 20:03:09,2026-03-04 20:06:49,2026-03-04 20:29:13,12.5,22.4,14.5,535.32,20.0,428.26,4.0,50
FUL_004820,BK_004820,DRV_0115,VEH_0115,2026-02-05 06:20:33,2026-02-05 06:34:03,2026-02-05 06:35:38,2026-02-05 07:25:08,13.5,49.5,30.5,549.4,20.0,439.52,5.0,50
FUL_004821,BK_004821,DRV_0269,VEH_0269,2026-02-15 04:20:02,2026-02-15 04:30:08,2026-02-15 04:32:19,2026-02-15 04:45:55,10.1,13.6,6.4,155.2,20.0,124.16,4.0,50
FUL_004822,BK_004822,DRV_0170,VEH_0170,2026-02-27 04:41:03,2026-02-27 04:49:15,2026-02-27 04:52:25,2026-02-27 05:02:49,8.2,10.4,6.0,171.12,20.0,136.9,3.0,0
FUL_004823,BK_004823,DRV_0243,VEH_0243,2026-02-02 03:31:23,2026-02-02 03:39:05,2026-02-02 03:41:08,2026-02-02 03:56:32,7.7,15.4,10.6,158.18,20.0,126.54,4.0,0
FUL_004824,BK_004824,DRV_0197,VEH_0197,2026-03-08 00:35:18,2026-03-08 00:46:24,2026-03-08 00:47:58,2026-03-08 00:59:04,11.1,11.1,6.4,223.6,20.0,178.88,5.0,0
FUL_004825,BK_004825,DRV_0293,VEH_0293,2026-03-03 09:14:40,2026-03-03 09:28:10,2026-03-03 09:29:54,2026-03-03 10:11:30,13.5,41.6,26.8,1092.0,20.0,873.6,5.0,0
FUL_004826,BK_004826,DRV_0076,VEH_0076,2026-02-10 05:18:09,2026-02-10 05:25:45,2026-02-10 05:27:33,2026-02-10 05:50:33,7.6,23.0,15.9,389.28,20.0,311.42,5.0,0
FUL_004827,BK_004827,DRV_0070,VEH_0070,2026-03-06 17:38:55,2026-03-06 17:41:01,2026-03-06 17:44:49,2026-03-06 18:55:07,2.1,70.3,27.5,1716.96,20.0,1373.57,5.0,50
FUL_004828,BK_004828,DRV_0243,VEH_0243,2026-02-24 18:46:59,2026-02-24 18:49:53,2026-02-24 18:53:48,2026-02-24 19:44:30,2.9,50.7,19.5,318.0,20.0,254.4,4.0,0
FUL_004831,BK_004831,DRV_0284,VEH_0284,2026-02-09 01:38:30,2026-02-09 01:46:12,2026-02-09 01:48:10,2026-02-09 02:25:40,7.7,37.5,26.4,775.06,20.0,620.05,4.0,0
FUL_004832,BK_004832,DRV_0301,VEH_0301,2026-03-05 21:36:51,2026-03-05 21:50:21,2026-03-05 21:51:42,2026-03-05 21:56:42,13.5,5.0,3.6,141.68,20.0,113.34,5.0,0
FUL_004833,BK_004833,DRV_0144,VEH_0144,2026-02-25 10:58:29,2026-02-25 11:01:05,2026-02-25 11:02:47,2026-02-25 11:15:53,2.6,13.1,5.7,492.96,20.0,394.37,5.0,50
FUL_004834,BK_004834,DRV_0222,VEH_0222,2026-03-06 06:24:17,2026-03-06 06:29:53,2026-03-06 06:31:59,2026-03-06 07:12:53,5.6,40.9,26.8,945.36,20.0,756.29,5.0,20
FUL_004835,BK_004835,DRV_0022,VEH_0022,2026-03-14 14:31:31,2026-03-14 14:43:25,2026-03-14 14:44:52,2026-03-14 15:40:04,11.9,55.2,25.9,777.92,20.0,622.34,3.0,0
FUL_004836,BK_004836,DRV_0308,VEH_0308,2026-03-12 04:46:48,2026-03-12 04:50:36,2026-03-12 04:53:25,2026-03-12 05:00:07,3.8,6.7,4.2,187.6,20.0,150.08,5.0,20
FUL_004838,BK_004838,DRV_0250,VEH_0250,2026-03-04 03:33:26,2026-03-04 03:38:56,2026-03-04 03:39:59,2026-03-04 04:00:47,5.5,20.8,8.5,316.4,20.0,253.12,5.0,0
FUL_004839,BK_004839,DRV_0287,VEH_0287,2026-02-03 18:25:17,2026-02-03 18:33:53,2026-02-03 18:35:11,2026-02-03 19:13:11,8.6,38.0,26.2,670.88,20.0,536.7,5.0,0
FUL_004840,BK_004840,DRV_0155,VEH_0155,2026-03-15 21:52:41,2026-03-15 22:02:41,2026-03-15 22:03:56,2026-03-15 22:15:32,10.0,11.6,6.2,357.76,20.0,286.21,5.0,30
FUL_004841,BK_004841,DRV_0296,VEH_0296,2026-03-16 15:16:58,2026-03-16 15:24:16,2026-03-16 15:25:19,2026-03-16 15:51:31,7.3,26.2,12.9,184.6,20.0,147.68,5.0,0
FUL_004842,BK_004842,DRV_0084,VEH_0084,2026-02-03 18:05:17,2026-02-03 18:11:47,2026-02-03 18:13:08,2026-02-03 18:19:38,6.5,6.5,4.5,418.08,20.0,334.46,1.0,30
FUL_004844,BK_004844,DRV_0235,VEH_0235,2026-02-17 14:30:07,2026-02-17 14:36:07,2026-02-17 14:39:27,2026-02-17 14:53:03,6.0,13.6,4.9,130.0,20.0,104.0,4.0,50
FUL_004845,BK_004845,DRV_0136,VEH_0136,2026-03-09 20:07:46,2026-03-09 20:18:16,2026-03-09 20:22:11,2026-03-09 20:35:35,10.5,13.4,6.6,150.92,20.0,120.74,5.0,20
FUL_004846,BK_004846,DRV_0043,VEH_0043,2026-02-17 08:44:55,2026-02-17 08:52:55,2026-02-17 08:56:28,2026-02-17 09:22:28,8.0,26.0,15.0,503.52,20.0,402.82,5.0,20
FUL_004847,BK_004847,DRV_0314,VEH_0314,2026-03-12 10:27:28,2026-03-12 10:34:22,2026-03-12 10:37:59,2026-03-12 11:05:23,6.9,27.4,14.3,539.76,20.0,431.81,4.0,0
FUL_004848,BK_004848,DRV_0241,VEH_0241,2026-03-03 07:31:15,2026-03-03 07:38:21,2026-03-03 07:39:42,2026-03-03 07:49:12,7.1,9.5,5.6,93.4,20.0,74.72,5.0,30
FUL_004849,BK_004849,DRV_0293,VEH_0293,2026-03-12 09:29:51,2026-03-12 09:38:45,2026-03-12 09:40:19,2026-03-12 10:07:31,8.9,27.2,13.7,1023.36,20.0,818.69,5.0,0
FUL_004850,BK_004850,DRV_0273,VEH_0273,2026-02-17 22:14:58,2026-02-17 22:22:16,2026-02-17 22:26:13,2026-02-17 22:46:13,7.3,20.0,10.8,152.2,20.0,121.76,5.0,20
FUL_004851,BK_004851,DRV_0235,VEH_0235,2026-02-27 10:19:48,2026-02-27 10:31:12,2026-02-27 10:33:57,2026-02-27 10:54:27,11.4,20.5,9.6,489.12,20.0,391.3,3.0,0
FUL_004852,BK_004852,DRV_0117,VEH_0117,2026-02-01 08:07:35,2026-02-01 08:14:17,2026-02-01 08:16:02,2026-02-01 09:10:14,6.7,54.2,20.3,1370.04,20.0,1096.03,5.0,10
FUL_004853,BK_004853,DRV_0212,VEH_0212,2026-02-02 03:48:41,2026-02-02 03:57:11,2026-02-02 03:58:20,2026-02-02 04:09:02,8.5,10.7,6.7,153.4,20.0,122.72,2.0,0
FUL_004854,BK_004854,DRV_0062,VEH_0062,2026-03-09 03:58:26,2026-03-09 04:11:50,2026-03-09 04:15:47,2026-03-09 04:36:05,13.4,20.3,12.3,397.54,20.0,318.03,5.0,30
FUL_004856,BK_004856,DRV_0146,VEH_0146,2026-02-02 22:41:25,2026-02-02 22:50:19,2026-02-02 22:54:02,2026-02-02 23:30:44,8.9,36.7,23.7,788.48,20.0,630.78,5.0,0
FUL_004857,BK_004857,DRV_0288,VEH_0288,2026-03-13 05:54:15,2026-03-13 05:56:57,2026-03-13 06:00:54,2026-03-13 06:19:36,2.7,18.7,11.8,267.74,20.0,214.19,3.0,0
FUL_004859,BK_004859,DRV_0035,VEH_0035,2026-02-20 03:18:43,2026-02-20 03:24:31,2026-02-20 03:27:39,2026-02-20 03:52:27,5.8,24.8,17.9,413.04,20.0,330.43,5.0,0
FUL_004861,BK_004861,DRV_0002,VEH_0002,2026-02-18 02:24:18,2026-02-18 02:35:00,2026-02-18 02:38:24,2026-02-18 03:42:24,10.7,64.0,27.8,842.8,20.0,674.24,5.0,30
FUL_004863,BK_004863,DRV_0267,VEH_0267,2026-02-21 21:22:00,2026-02-21 21:25:36,2026-02-21 21:28:37,2026-02-21 21:39:19,3.6,10.7,6.3,274.56,20.0,219.65,5.0,50
FUL_004864,BK_004864,DRV_0320,VEH_0320,2026-03-13 18:29:15,2026-03-13 18:31:39,2026-03-13 18:33:43,2026-03-13 18:42:31,2.4,8.8,5.9,511.68,20.0,409.34,5.0,0
FUL_004865,BK_004865,DRV_0118,VEH_0118,2026-02-23 04:40:22,2026-02-23 04:47:52,2026-02-23 04:51:31,2026-02-23 05:27:55,7.5,36.4,18.1,596.4,20.0,477.12,5.0,20
FUL_004866,BK_004866,DRV_0107,VEH_0107,2026-02-17 06:27:53,2026-02-17 06:32:53,2026-02-17 06:36:35,2026-02-17 07:00:47,5.0,24.2,10.3,261.84,20.0,209.47,5.0,0
FUL_004868,BK_004868,DRV_0210,VEH_0210,2026-02-27 20:03:57,2026-02-27 20:17:15,2026-02-27 20:19:44,2026-02-27 20:57:26,13.3,37.7,22.0,1680.0,20.0,1344.0,5.0,0
FUL_004869,BK_004869,DRV_0229,VEH_0229,2026-03-07 13:46:15,2026-03-07 13:51:15,2026-03-07 13:54:05,2026-03-07 14:18:41,5.0,24.6,16.4,543.2,20.0,434.56,5.0,0
FUL_004870,BK_004870,DRV_0115,VEH_0115,2026-02-07 03:48:57,2026-02-07 03:51:33,2026-02-07 03:53:47,2026-02-07 04:20:23,2.6,26.6,11.7,238.0,20.0,190.4,5.0,0
FUL_004871,BK_004871,DRV_0126,VEH_0126,2026-02-12 07:29:41,2026-02-12 07:39:41,2026-02-12 07:41:22,2026-02-12 08:04:16,10.0,22.9,13.6,194.2,20.0,155.36,4.0,0
FUL_004872,BK_004872,DRV_0044,VEH_0044,2026-02-27 02:56:16,2026-02-27 03:02:10,2026-02-27 03:05:00,2026-02-27 03:30:30,5.9,25.5,9.9,172.56,20.0,138.05,5.0,30
FUL_004873,BK_004873,DRV_0035,VEH_0035,2026-02-22 07:17:52,2026-02-22 07:25:28,2026-02-22 07:27:18,2026-02-22 07:33:48,7.6,6.5,3.4,103.0,20.0,82.4,4.0,0
FUL_004874,BK_004874,DRV_0178,VEH_0178,2026-02-28 17:30:09,2026-02-28 17:34:45,2026-02-28 17:37:39,2026-02-28 18:27:51,4.6,50.2,27.4,1037.4,20.0,829.92,5.0,0
FUL_004876,BK_004876,DRV_0062,VEH_0062,2026-02-28 04:46:14,2026-02-28 04:48:32,2026-02-28 04:50:31,2026-02-28 05:29:19,2.3,38.8,23.0,629.2,20.0,503.36,5.0,0
FUL_004878,BK_004878,DRV_0229,VEH_0229,2026-03-14 12:12:27,2026-03-14 12:14:33,2026-03-14 12:15:59,2026-03-14 12:52:41,2.1,36.7,14.7,492.8,20.0,394.24,4.0,30
FUL_004880,BK_004880,DRV_0057,VEH_0057,2026-02-08 12:12:19,2026-02-08 12:25:49,2026-02-08 12:28:43,2026-02-08 13:23:31,13.5,54.8,28.0,754.0,20.0,603.2,4.0,0
FUL_004881,BK_004881,DRV_0005,VEH_0005,2026-03-06 11:07:51,2026-03-06 11:16:39,2026-03-06 11:20:20,2026-03-06 11:41:02,8.8,20.7,12.7,603.2,20.0,482.56,5.0,0
FUL_004883,BK_004883,DRV_0198,VEH_0198,2026-03-11 00:49:03,2026-03-11 00:52:39,2026-03-11 00:55:49,2026-03-11 01:39:13,3.6,43.4,23.7,481.0,20.0,384.8,4.0,0
FUL_004884,BK_004884,DRV_0084,VEH_0084,2026-02-15 16:36:35,2026-02-15 16:47:23,2026-02-15 16:51:06,2026-02-15 17:24:06,10.8,33.0,15.0,436.8,20.0,349.44,5.0,30
FUL_004887,BK_004887,DRV_0127,VEH_0127,2026-02-15 13:00:29,2026-02-15 13:13:41,2026-02-15 13:17:18,2026-02-15 13:35:30,13.2,18.2,12.5,185.9,20.0,148.72,5.0,50
FUL_004888,BK_004888,DRV_0181,VEH_0181,2026-03-17 00:33:29,2026-03-17 00:42:17,2026-03-17 00:45:05,2026-03-17 00:51:41,8.8,6.6,3.0,95.8,20.0,76.64,5.0,0
FUL_004889,BK_004889,DRV_0290,VEH_0290,2026-02-01 20:11:20,2026-02-01 20:18:14,2026-02-01 20:21:31,2026-02-01 20:44:49,6.9,23.3,10.2,804.96,20.0,643.97,3.0,0
FUL_004890,BK_004890,DRV_0100,VEH_0100,2026-03-09 05:40:32,2026-03-09 05:52:32,2026-03-09 05:55:27,2026-03-09 06:13:03,12.0,17.6,7.9,277.2,20.0,221.76,5.0,0
FUL_004891,BK_004891,DRV_0311,VEH_0311,2026-03-15 22:42:24,2026-03-15 22:46:48,2026-03-15 22:49:14,2026-03-15 23:49:26,4.4,60.2,26.9,544.0,20.0,435.2,5.0,0
FUL_004892,BK_004892,DRV_0273,VEH_0273,2026-02-15 16:31:27,2026-02-15 16:36:09,2026-02-15 16:38:17,2026-02-15 17:01:41,4.7,23.4,11.3,186.96,20.0,149.57,5.0,0
FUL_004893,BK_004893,DRV_0016,VEH_0016,2026-03-06 20:54:58,2026-03-06 21:07:58,2026-03-06 21:09:36,2026-03-06 21:45:00,13.0,35.4,16.7,489.44,20.0,391.55,5.0,50
FUL_004894,BK_004894,DRV_0105,VEH_0105,2026-02-01 20:02:39,2026-02-01 20:07:39,2026-02-01 20:09:17,2026-02-01 20:35:11,5.0,25.9,14.7,628.32,20.0,502.66,5.0,0
FUL_004895,BK_004895,DRV_0218,VEH_0218,2026-02-06 16:21:59,2026-02-06 16:27:17,2026-02-06 16:30:49,2026-02-06 16:41:43,5.3,10.9,4.3,188.76,20.0,151.01,1.0,0
FUL_004896,BK_004896,DRV_0191,VEH_0191,2026-02-20 16:51:08,2026-02-20 16:59:50,2026-02-20 17:01:10,2026-02-20 17:58:10,8.7,57.0,21.1,736.12,20.0,588.9,5.0,0
FUL_004898,BK_004898,DRV_0117,VEH_0117,2026-02-16 12:14:28,2026-02-16 12:18:58,2026-02-16 12:20:53,2026-02-16 13:19:47,4.5,58.9,24.7,725.2,20.0,580.16,5.0,10
FUL_004900,BK_004900,DRV_0063,VEH_0063,2026-02-07 13:38:52,2026-02-07 13:51:34,2026-02-07 13:55:30,2026-02-07 14:13:42,12.7,18.2,12.2,406.0,20.0,324.8,4.0,0
FUL_004901,BK_004901,DRV_0210,VEH_0210,2026-02-24 07:47:41,2026-02-24 07:58:05,2026-02-24 08:01:27,2026-02-24 08:40:51,10.4,39.4,22.5,697.2,20.0,557.76,5.0,50
FUL_004902,BK_004902,DRV_0139,VEH_0139,2026-03-09 03:50:59,2026-03-09 04:01:17,2026-03-09 04:03:02,2026-03-09 04:30:44,10.3,27.7,12.2,483.84,20.0,387.07,5.0,50
FUL_004903,BK_004903,DRV_0302,VEH_0302,2026-02-07 01:16:15,2026-02-07 01:20:27,2026-02-07 01:23:42,2026-02-07 02:05:42,4.2,42.0,17.0,617.76,20.0,494.21,4.0,0
FUL_004905,BK_004905,DRV_0269,VEH_0269,2026-03-04 02:40:32,2026-03-04 02:43:14,2026-03-04 02:46:46,2026-03-04 02:54:58,2.7,8.2,3.5,99.4,20.0,79.52,5.0,0
FUL_004907,BK_004907,DRV_0181,VEH_0181,2026-03-15 07:26:57,2026-03-15 07:37:33,2026-03-15 07:41:10,2026-03-15 07:51:52,10.6,10.7,6.2,168.74,20.0,134.99,5.0,0
FUL_004908,BK_004908,DRV_0271,VEH_0271,2026-02-28 15:34:38,2026-02-28 15:45:32,2026-02-28 15:48:11,2026-02-28 16:59:59,10.9,71.8,29.7,536.8,20.0,429.44,5.0,0
FUL_004909,BK_004909,DRV_0065,VEH_0065,2026-02-03 16:30:57,2026-02-03 16:41:21,2026-02-03 16:44:29,2026-02-03 17:26:17,10.4,41.8,27.1,405.84,20.0,324.67,5.0,0
FUL_004910,BK_004910,DRV_0105,VEH_0105,2026-03-14 23:27:04,2026-03-14 23:38:22,2026-03-14 23:41:03,2026-03-15 00:27:45,11.3,46.7,20.9,428.8,20.0,343.04,5.0,0
FUL_004911,BK_004911,DRV_0142,VEH_0142,2026-02-12 08:28:43,2026-02-12 08:42:07,2026-02-12 08:45:05,2026-02-12 09:14:17,13.4,29.2,20.9,559.02,20.0,447.22,5.0,0
FUL_004912,BK_004912,DRV_0304,VEH_0304,2026-02-04 16:20:24,2026-02-04 16:29:36,2026-02-04 16:30:49,2026-02-04 16:40:13,9.2,9.4,6.5,271.04,20.0,216.83,2.0,10
FUL_004915,BK_004915,DRV_0120,VEH_0120,2026-02-25 04:27:05,2026-02-25 04:30:53,2026-02-25 04:31:57,2026-02-25 04:49:57,3.8,18.0,8.7,194.8,20.0,155.84,5.0,0
FUL_004916,BK_004916,DRV_0147,VEH_0147,2026-03-14 21:18:01,2026-03-14 21:29:37,2026-03-14 21:32:56,2026-03-14 21:46:20,11.6,13.4,6.0,168.12,20.0,134.5,5.0,30
FUL_004917,BK_004917,DRV_0243,VEH_0243,2026-02-28 15:02:23,2026-02-28 15:10:17,2026-02-28 15:11:50,2026-02-28 15:29:44,7.9,17.9,8.5,122.2,20.0,97.76,5.0,0
FUL_004920,BK_004920,DRV_0137,VEH_0137,2026-02-04 10:38:36,2026-02-04 10:47:12,2026-02-04 10:51:09,2026-02-04 11:31:33,8.6,40.4,20.1,805.98,20.0,644.78,5.0,0
FUL_004921,BK_004921,DRV_0075,VEH_0075,2026-02-16 15:42:20,2026-02-16 15:44:38,2026-02-16 15:48:37,2026-02-16 15:55:07,2.3,6.5,3.0,105.38,20.0,84.3,5.0,50
FUL_004923,BK_004923,DRV_0266,VEH_0266,2026-02-17 13:22:59,2026-02-17 13:31:17,2026-02-17 13:34:21,2026-02-17 14:33:03,8.3,58.7,28.8,389.18,20.0,311.34,5.0,50
FUL_004924,BK_004924,DRV_0241,VEH_0241,2026-02-11 19:17:25,2026-02-11 19:30:13,2026-02-11 19:32:29,2026-02-11 20:03:11,12.8,30.7,14.1,327.96,20.0,262.37,4.0,20
FUL_004925,BK_004925,DRV_0039,VEH_0039,2026-02-23 04:23:18,2026-02-23 04:30:06,2026-02-23 04:33:55,2026-02-23 04:49:37,6.8,15.7,8.9,301.6,20.0,241.28,4.0,0
FUL_004926,BK_004926,DRV_0107,VEH_0107,2026-02-20 18:24:26,2026-02-20 18:27:56,2026-02-20 18:29:30,2026-02-20 19:14:06,3.5,44.6,19.3,596.8,20.0,477.44,5.0,10
FUL_004927,BK_004927,DRV_0134,VEH_0134,2026-03-15 02:06:29,2026-03-15 02:12:35,2026-03-15 02:15:46,2026-03-15 03:17:52,6.1,62.1,27.8,607.44,20.0,485.95,5.0,0
FUL_004930,BK_004930,DRV_0139,VEH_0139,2026-02-23 17:14:37,2026-02-23 17:24:43,2026-02-23 17:27:04,2026-02-23 18:07:28,10.1,40.4,27.1,1396.08,20.0,1116.86,3.0,50
FUL_004931,BK_004931,DRV_0173,VEH_0173,2026-02-16 11:05:16,2026-02-16 11:16:28,2026-02-16 11:18:59,2026-02-16 11:56:47,11.2,37.8,17.0,573.76,20.0,459.01,5.0,0
FUL_004932,BK_004932,DRV_0012,VEH_0012,2026-02-08 21:27:07,2026-02-08 21:34:55,2026-02-08 21:37:03,2026-02-08 22:08:33,7.8,31.5,20.5,420.16,20.0,336.13,5.0,30
FUL_004933,BK_004933,DRV_0119,VEH_0119,2026-02-12 07:56:20,2026-02-12 08:08:02,2026-02-12 08:11:30,2026-02-12 08:33:54,11.7,22.4,14.6,527.28,20.0,421.82,5.0,0
FUL_004934,BK_004934,DRV_0114,VEH_0114,2026-02-21 10:30:28,2026-02-21 10:37:22,2026-02-21 10:38:36,2026-02-21 11:07:30,6.9,28.9,18.7,697.32,20.0,557.86,5.0,20
FUL_004935,BK_004935,DRV_0084,VEH_0084,2026-02-09 05:34:40,2026-02-09 05:40:40,2026-02-09 05:44:22,2026-02-09 05:54:34,6.0,10.2,3.8,185.9,20.0,148.72,5.0,50
FUL_004937,BK_004937,DRV_0079,VEH_0079,2026-02-03 05:20:26,2026-02-03 05:27:56,2026-02-03 05:29:30,2026-02-03 06:27:00,7.5,57.5,24.8,663.0,20.0,530.4,5.0,0
FUL_004938,BK_004938,DRV_0005,VEH_0005,2026-02-02 20:27:02,2026-02-02 20:31:20,2026-02-02 20:34:35,2026-02-02 21:02:11,4.3,27.6,15.9,586.56,20.0,469.25,4.0,0
FUL_004939,BK_004939,DRV_0317,VEH_0317,2026-03-13 21:31:26,2026-03-13 21:44:50,2026-03-13 21:48:14,2026-03-13 22:29:44,13.4,41.5,17.6,589.68,20.0,471.74,5.0,10
FUL_004940,BK_004940,DRV_0243,VEH_0243,2026-02-21 05:02:18,2026-02-21 05:11:18,2026-02-21 05:13:02,2026-02-21 05:44:44,9.0,31.7,18.0,248.2,20.0,198.56,5.0,20
FUL_004941,BK_004941,DRV_0140,VEH_0140,2026-02-10 04:31:49,2026-02-10 04:35:13,2026-02-10 04:37:15,2026-02-10 04:51:27,3.4,14.2,7.8,308.88,20.0,247.1,5.0,0
FUL_004942,BK_004942,DRV_0227,VEH_0227,2026-02-24 20:10:27,2026-02-24 20:17:03,2026-02-24 20:20:07,2026-02-24 20:42:07,6.6,22.0,13.4,330.12,20.0,264.1,5.0,20
FUL_004943,BK_004943,DRV_0198,VEH_0198,2026-03-10 00:42:07,2026-03-10 00:49:19,2026-03-10 00:50:44,2026-03-10 01:22:44,7.2,32.0,23.1,430.6,20.0,344.48,5.0,10
FUL_004944,BK_004944,DRV_0015,VEH_0015,2026-03-07 07:55:29,2026-03-07 08:05:17,2026-03-07 08:07:48,2026-03-07 08:16:48,9.8,9.0,5.6,213.2,20.0,170.56,4.0,30
FUL_004945,BK_004945,DRV_0034,VEH_0034,2026-02-08 09:27:29,2026-02-08 09:39:35,2026-02-08 09:41:33,2026-02-08 10:04:21,12.1,22.8,12.3,236.6,20.0,189.28,5.0,0
FUL_004947,BK_004947,DRV_0023,VEH_0023,2026-03-05 13:38:15,2026-03-05 13:51:27,2026-03-05 13:52:41,2026-03-05 14:14:23,13.2,21.7,13.4,297.44,20.0,237.95,5.0,30
FUL_004950,BK_004950,DRV_0298,VEH_0298,2026-03-07 10:30:36,2026-03-07 10:32:54,2026-03-07 10:36:05,2026-03-07 10:48:23,2.3,12.3,7.9,256.62,20.0,205.3,5.0,0
FUL_004951,BK_004951,DRV_0136,VEH_0136,2026-03-03 16:39:12,2026-03-03 16:44:06,2026-03-03 16:48:03,2026-03-03 17:30:39,4.9,42.6,27.4,367.0,20.0,293.6,5.0,30
FUL_004952,BK_004952,DRV_0111,VEH_0111,2026-02-21 02:50:09,2026-02-21 02:53:51,2026-02-21 02:55:18,2026-02-21 03:10:06,3.7,14.8,9.7,358.8,20.0,287.04,4.0,30
FUL_004953,BK_004953,DRV_0241,VEH_0241,2026-02-13 20:48:25,2026-02-13 20:52:31,2026-02-13 20:55:05,2026-02-13 21:14:23,4.1,19.3,13.0,261.8,20.0,209.44,4.0,50
FUL_004954,BK_004954,DRV_0047,VEH_0047,2026-03-01 15:43:46,2026-03-01 15:54:04,2026-03-01 15:55:48,2026-03-01 16:20:18,10.3,24.5,9.8,322.4,20.0,257.92,5.0,0
FUL_004955,BK_004955,DRV_0273,VEH_0273,2026-03-01 23:54:58,2026-03-01 23:58:52,2026-03-02 00:02:11,2026-03-02 00:21:41,3.9,19.5,11.9,164.2,20.0,131.36,5.0,20
FUL_004957,BK_004957,DRV_0190,VEH_0190,2026-02-06 00:15:44,2026-02-06 00:24:56,2026-02-06 00:28:02,2026-02-06 01:24:08,9.2,56.1,28.4,817.6,20.0,654.08,5.0,20
FUL_004959,BK_004959,DRV_0135,VEH_0135,2026-02-24 05:54:22,2026-02-24 05:59:22,2026-02-24 06:02:55,2026-02-24 06:52:25,5.0,49.5,18.4,253.0,20.0,202.4,5.0,0
FUL_004960,BK_004960,DRV_0238,VEH_0238,2026-02-26 16:30:59,2026-02-26 16:37:41,2026-02-26 16:39:07,2026-02-26 17:10:55,6.7,31.8,19.2,553.8,20.0,443.04,5.0,0
FUL_004961,BK_004961,DRV_0024,VEH_0024,2026-02-10 21:21:11,2026-02-10 21:29:11,2026-02-10 21:31:37,2026-02-10 22:14:07,8.0,42.5,30.0,870.4,20.0,696.32,5.0,30
FUL_004962,BK_004962,DRV_0274,VEH_0274,2026-03-05 10:47:31,2026-03-05 10:50:43,2026-03-05 10:54:25,2026-03-05 11:15:37,3.2,21.2,8.3,324.48,20.0,259.58,5.0,0
FUL_004965,BK_004965,DRV_0218,VEH_0218,2026-02-15 16:27:24,2026-02-15 16:40:36,2026-02-15 16:42:43,2026-02-15 17:26:13,13.2,43.5,27.2,797.94,20.0,638.35,4.0,30
FUL_004967,BK_004967,DRV_0209,VEH_0209,2026-03-14 03:47:26,2026-03-14 03:58:26,2026-03-14 03:59:56,2026-03-14 04:05:38,11.0,5.7,2.6,171.36,20.0,137.09,5.0,30
FUL_004969,BK_004969,DRV_0143,VEH_0143,2026-03-06 12:36:47,2026-03-06 12:48:17,2026-03-06 12:52:15,2026-03-06 13:34:33,11.5,42.3,17.6,522.6,20.0,418.08,5.0,20
FUL_004971,BK_004971,DRV_0111,VEH_0111,2026-03-09 08:35:20,2026-03-09 08:44:26,2026-03-09 08:46:12,2026-03-09 09:21:24,9.1,35.2,19.8,789.88,20.0,631.9,5.0,10
FUL_004972,BK_004972,DRV_0221,VEH_0221,2026-02-20 20:17:19,2026-02-20 20:19:25,2026-02-20 20:22:28,2026-02-20 20:36:46,2.1,14.3,5.9,135.8,20.0,108.64,5.0,0
FUL_004973,BK_004973,DRV_0076,VEH_0076,2026-02-03 01:19:21,2026-02-03 01:28:51,2026-02-03 01:30:43,2026-02-03 02:09:13,9.5,38.5,23.4,448.6,20.0,358.88,5.0,50
FUL_004974,BK_004974,DRV_0236,VEH_0236,2026-02-12 00:19:29,2026-02-12 00:32:59,2026-02-12 00:36:37,2026-02-12 01:05:25,13.5,28.8,15.4,501.2,20.0,400.96,5.0,30
FUL_004975,BK_004975,DRV_0091,VEH_0091,2026-02-12 14:13:22,2026-02-12 14:21:46,2026-02-12 14:24:56,2026-02-12 15:14:20,8.4,49.4,27.5,347.8,20.0,278.24,5.0,0
FUL_004977,BK_004977,DRV_0186,VEH_0186,2026-03-15 07:53:26,2026-03-15 08:00:56,2026-03-15 08:04:07,2026-03-15 08:44:37,7.5,40.5,27.7,848.4,20.0,678.72,4.0,50
FUL_004978,BK_004978,DRV_0180,VEH_0180,2026-03-08 17:43:54,2026-03-08 17:53:42,2026-03-08 17:54:54,2026-03-08 18:22:12,9.8,27.3,18.6,296.4,20.0,237.12,5.0,20
FUL_004979,BK_004979,DRV_0091,VEH_0091,2026-02-04 14:55:29,2026-02-04 15:05:53,2026-02-04 15:09:17,2026-02-04 15:17:11,10.4,7.9,5.0,85.0,20.0,68.0,5.0,20
FUL_004980,BK_004980,DRV_0077,VEH_0077,2026-02-03 21:45:03,2026-02-03 21:53:09,2026-02-03 21:56:46,2026-02-03 22:31:52,8.1,35.1,14.6,515.88,20.0,412.7,5.0,0
FUL_004982,BK_004982,DRV_0300,VEH_0300,2026-02-24 02:59:48,2026-02-24 03:11:18,2026-02-24 03:14:58,2026-02-24 03:54:40,11.5,39.7,22.1,450.4,20.0,360.32,4.0,30
FUL_004983,BK_004983,DRV_0150,VEH_0150,2026-03-03 18:37:56,2026-03-03 18:45:50,2026-03-03 18:48:55,2026-03-03 19:36:25,7.9,47.5,22.6,1069.12,20.0,855.3,2.0,0
FUL_004984,BK_004984,DRV_0118,VEH_0118,2026-02-27 16:37:25,2026-02-27 16:41:37,2026-02-27 16:45:32,2026-02-27 17:00:38,4.2,15.1,8.1,362.88,20.0,290.3,5.0,30
FUL_004986,BK_004986,DRV_0020,VEH_0020,2026-02-19 18:02:28,2026-02-19 18:09:46,2026-02-19 18:13:17,2026-02-19 18:51:11,7.3,37.9,14.4,1017.24,20.0,813.79,4.0,30
FUL_004987,BK_004987,DRV_0091,VEH_0091,2026-03-03 01:49:16,2026-03-03 01:56:28,2026-03-03 01:59:18,2026-03-03 02:07:24,7.2,8.1,5.4,96.14,20.0,76.91,3.0,50
FUL_004988,BK_004988,DRV_0198,VEH_0198,2026-02-15 10:06:30,2026-02-15 10:15:30,2026-02-15 10:18:48,2026-02-15 10:55:54,9.0,37.1,19.2,634.24,20.0,507.39,5.0,0
FUL_004991,BK_004991,DRV_0245,VEH_0245,2026-03-04 22:35:13,2026-03-04 22:42:37,2026-03-04 22:44:32,2026-03-04 22:51:14,7.4,6.7,4.5,94.8,20.0,75.84,4.0,0
FUL_004992,BK_004992,DRV_0224,VEH_0224,2026-02-16 01:38:37,2026-02-16 01:42:13,2026-02-16 01:44:36,2026-02-16 01:55:18,3.6,10.7,6.1,221.0,20.0,176.8,5.0,0
FUL_004994,BK_004994,DRV_0291,VEH_0291,2026-03-01 09:03:27,2026-03-01 09:08:09,2026-03-01 09:11:16,2026-03-01 10:12:16,4.7,61.0,29.0,652.8,20.0,522.24,5.0,0
FUL_004995,BK_004995,DRV_0305,VEH_0305,2026-02-15 13:03:08,2026-02-15 13:16:14,2026-02-15 13:19:45,2026-02-15 13:26:39,13.1,6.9,3.9,176.4,20.0,141.12,5.0,0
FUL_004996,BK_004996,DRV_0253,VEH_0253,2026-02-02 09:12:05,2026-02-02 09:24:23,2026-02-02 09:25:31,2026-02-02 10:00:01,12.3,34.5,19.5,906.88,20.0,725.5,4.0,0
FUL_004998,BK_004998,DRV_0284,VEH_0284,2026-03-07 13:14:53,2026-03-07 13:17:29,2026-03-07 13:19:57,2026-03-07 14:02:39,2.6,42.7,26.7,892.32,20.0,713.86,4.0,0
FUL_005001,BK_005001,DRV_0293,VEH_0293,2026-02-23 00:18:59,2026-02-23 00:26:59,2026-02-23 00:28:13,2026-02-23 00:46:07,8.0,17.9,6.7,287.04,20.0,229.63,4.0,20
FUL_005002,BK_005002,DRV_0264,VEH_0264,2026-02-11 00:10:02,2026-02-11 00:19:20,2026-02-11 00:22:13,2026-02-11 01:08:37,9.3,46.4,26.2,784.0,20.0,627.2,3.0,20
FUL_005003,BK_005003,DRV_0109,VEH_0109,2026-02-23 05:31:03,2026-02-23 05:42:57,2026-02-23 05:45:29,2026-02-23 06:15:05,11.9,29.6,16.1,494.0,20.0,395.2,4.0,0
FUL_005006,BK_005006,DRV_0140,VEH_0140,2026-02-21 09:33:51,2026-02-21 09:39:57,2026-02-21 09:42:41,2026-02-21 10:02:41,6.1,20.0,11.9,780.78,20.0,624.62,5.0,0
FUL_005007,BK_005007,DRV_0065,VEH_0065,2026-03-07 09:53:07,2026-03-07 10:04:49,2026-03-07 10:07:18,2026-03-07 10:48:42,11.7,41.4,26.0,455.0,20.0,364.0,5.0,0
FUL_005008,BK_005008,DRV_0102,VEH_0102,2026-02-18 12:18:12,2026-02-18 12:20:18,2026-02-18 12:22:29,2026-02-18 13:06:23,2.1,43.9,26.9,798.0,20.0,638.4,3.0,50
FUL_005009,BK_005009,DRV_0191,VEH_0191,2026-02-02 18:15:19,2026-02-02 18:21:07,2026-02-02 18:22:17,2026-02-02 19:05:41,5.8,43.4,26.9,1787.52,20.0,1430.02,5.0,30
FUL_005010,BK_005010,DRV_0262,VEH_0262,2026-03-06 00:34:46,2026-03-06 00:38:28,2026-03-06 00:39:31,2026-03-06 01:14:07,3.7,34.6,22.9,711.2,20.0,568.96,5.0,0
FUL_005011,BK_005011,DRV_0058,VEH_0058,2026-03-06 12:49:23,2026-03-06 13:03:23,2026-03-06 13:06:17,2026-03-06 13:42:47,14.0,36.5,21.2,751.92,20.0,601.54,5.0,10
FUL_005012,BK_005012,DRV_0196,VEH_0196,2026-03-02 14:02:57,2026-03-02 14:13:21,2026-03-02 14:17:13,2026-03-02 15:09:37,10.4,52.4,19.8,649.22,20.0,519.38,5.0,0
FUL_005013,BK_005013,DRV_0007,VEH_0007,2026-02-05 20:52:34,2026-02-05 20:58:16,2026-02-05 21:01:06,2026-02-05 21:45:48,5.7,44.7,16.8,1235.52,20.0,988.42,4.0,10
FUL_005014,BK_005014,DRV_0007,VEH_0007,2026-03-08 22:16:07,2026-03-08 22:21:55,2026-03-08 22:23:21,2026-03-08 22:57:33,5.8,34.2,23.1,652.6,20.0,522.08,5.0,20
FUL_005016,BK_005016,DRV_0248,VEH_0248,2026-02-20 21:59:56,2026-02-20 22:05:02,2026-02-20 22:06:03,2026-02-20 22:25:27,5.1,19.4,11.8,285.6,20.0,228.48,5.0,0
FUL_005017,BK_005017,DRV_0270,VEH_0270,2026-02-09 12:42:38,2026-02-09 12:47:20,2026-02-09 12:50:21,2026-02-09 12:59:57,4.7,9.6,6.0,114.96,20.0,91.97,5.0,10
FUL_005018,BK_005018,DRV_0114,VEH_0114,2026-03-03 04:21:18,2026-03-03 04:31:12,2026-03-03 04:33:22,2026-03-03 04:43:40,9.9,10.3,6.3,164.78,20.0,131.82,5.0,10
FUL_005019,BK_005019,DRV_0184,VEH_0184,2026-03-02 03:17:09,2026-03-02 03:30:03,2026-03-02 03:32:48,2026-03-02 03:55:36,12.9,22.8,14.7,363.36,20.0,290.69,5.0,30
FUL_005020,BK_005020,DRV_0037,VEH_0037,2026-02-07 21:13:15,2026-02-07 21:19:51,2026-02-07 21:22:57,2026-02-07 21:48:27,6.6,25.5,17.7,864.64,20.0,691.71,5.0,0
FUL_005021,BK_005021,DRV_0040,VEH_0040,2026-02-06 22:32:21,2026-02-06 22:40:39,2026-02-06 22:41:51,2026-02-06 22:54:39,8.3,12.8,7.4,207.84,20.0,166.27,4.0,50
FUL_005022,BK_005022,DRV_0112,VEH_0112,2026-03-05 21:01:19,2026-03-05 21:13:49,2026-03-05 21:14:53,2026-03-05 21:38:47,12.5,23.9,12.0,421.12,20.0,336.9,5.0,50
FUL_005023,BK_005023,DRV_0284,VEH_0284,2026-03-10 06:10:18,2026-03-10 06:17:36,2026-03-10 06:19:30,2026-03-10 06:48:54,7.3,29.4,16.0,473.2,20.0,378.56,2.0,0
FUL_005024,BK_005024,DRV_0313,VEH_0313,2026-03-04 15:20:09,2026-03-04 15:32:45,2026-03-04 15:36:43,2026-03-04 16:17:07,12.6,40.4,27.6,852.28,20.0,681.82,5.0,0
FUL_005025,BK_005025,DRV_0269,VEH_0269,2026-03-14 01:12:33,2026-03-14 01:21:09,2026-03-14 01:24:38,2026-03-14 01:54:20,8.6,29.7,12.6,307.2,20.0,245.76,4.0,10
FUL_005026,BK_005026,DRV_0144,VEH_0144,2026-02-18 13:07:17,2026-02-18 13:09:59,2026-02-18 13:13:32,2026-02-18 13:47:26,2.7,33.9,15.2,473.2,20.0,378.56,5.0,50
FUL_005027,BK_005027,DRV_0075,VEH_0075,2026-02-04 13:20:47,2026-02-04 13:33:23,2026-02-04 13:36:24,2026-02-04 13:53:00,12.6,16.6,9.1,248.88,20.0,199.1,5.0,0
FUL_005028,BK_005028,DRV_0019,VEH_0019,2026-02-07 22:43:12,2026-02-07 22:52:24,2026-02-07 22:54:55,2026-02-07 23:36:07,9.2,41.2,27.5,886.08,20.0,708.86,5.0,10
FUL_005029,BK_005029,DRV_0269,VEH_0269,2026-03-15 23:25:09,2026-03-15 23:31:45,2026-03-15 23:33:47,2026-03-16 00:00:17,6.6,26.5,15.3,376.32,20.0,301.06,5.0,30
FUL_005030,BK_005030,DRV_0105,VEH_0105,2026-03-12 23:10:25,2026-03-12 23:16:01,2026-03-12 23:19:50,2026-03-12 23:53:32,5.6,33.7,16.1,372.0,20.0,297.6,5.0,0
FUL_005033,BK_005033,DRV_0181,VEH_0181,2026-03-06 23:42:45,2026-03-06 23:49:15,2026-03-06 23:51:10,2026-03-07 00:40:28,6.5,49.3,21.1,423.4,20.0,338.72,5.0,30
FUL_005034,BK_005034,DRV_0054,VEH_0054,2026-02-02 01:27:57,2026-02-02 01:41:45,2026-02-02 01:45:06,2026-02-02 02:22:54,13.8,37.8,17.7,279.12,20.0,223.3,5.0,50
FUL_005036,BK_005036,DRV_0289,VEH_0289,2026-03-02 23:21:04,2026-03-02 23:25:34,2026-03-02 23:27:59,2026-03-02 23:44:53,4.5,16.9,12.6,275.66,20.0,220.53,5.0,0
FUL_005037,BK_005037,DRV_0284,VEH_0284,2026-02-02 15:31:21,2026-02-02 15:39:39,2026-02-02 15:43:33,2026-02-02 16:33:27,8.3,49.9,25.7,892.32,20.0,713.86,5.0,50
FUL_005039,BK_005039,DRV_0183,VEH_0183,2026-02-15 13:42:14,2026-02-15 13:45:50,2026-02-15 13:47:38,2026-02-15 13:57:50,3.6,10.2,6.7,160.6,20.0,128.48,5.0,50
FUL_005040,BK_005040,DRV_0089,VEH_0089,2026-02-05 08:06:40,2026-02-05 08:20:16,2026-02-05 08:23:05,2026-02-05 09:07:11,13.6,44.1,27.9,1285.44,20.0,1028.35,5.0,30
FUL_005042,BK_005042,DRV_0219,VEH_0219,2026-03-15 18:56:18,2026-03-15 19:01:12,2026-03-15 19:03:17,2026-03-15 19:12:23,4.9,9.1,5.3,153.0,20.0,122.4,5.0,0
FUL_005043,BK_005043,DRV_0221,VEH_0221,2026-03-03 00:45:16,2026-03-03 00:53:04,2026-03-03 00:56:27,2026-03-03 01:19:45,7.8,23.3,13.3,187.0,20.0,149.6,5.0,0
FUL_005044,BK_005044,DRV_0015,VEH_0015,2026-02-25 19:45:46,2026-02-25 19:56:22,2026-02-25 19:59:10,2026-02-25 20:57:40,10.6,58.5,26.6,889.2,20.0,711.36,4.0,0
FUL_005045,BK_005045,DRV_0310,VEH_0310,2026-02-28 16:58:23,2026-02-28 17:07:17,2026-02-28 17:10:42,2026-02-28 17:56:12,8.9,45.5,18.9,692.64,20.0,554.11,5.0,0
FUL_005047,BK_005047,DRV_0020,VEH_0020,2026-02-22 17:18:20,2026-02-22 17:25:44,2026-02-22 17:26:58,2026-02-22 17:31:28,7.4,4.5,3.2,369.6,20.0,295.68,5.0,20
FUL_005048,BK_005048,DRV_0278,VEH_0278,2026-03-02 22:51:22,2026-03-02 23:01:10,2026-03-02 23:04:57,2026-03-02 23:52:51,9.8,47.9,28.4,767.0,20.0,613.6,5.0,0
FUL_005049,BK_005049,DRV_0117,VEH_0117,2026-03-13 06:53:41,2026-03-13 06:57:47,2026-03-13 07:01:07,2026-03-13 07:14:43,4.1,13.6,9.6,327.6,20.0,262.08,5.0,0
FUL_005050,BK_005050,DRV_0150,VEH_0150,2026-03-03 04:16:24,2026-03-03 04:21:18,2026-03-03 04:22:43,2026-03-03 05:01:19,4.9,38.6,20.7,598.0,20.0,478.4,5.0,10
FUL_005051,BK_005051,DRV_0139,VEH_0139,2026-02-23 20:19:20,2026-02-23 20:22:32,2026-02-23 20:26:02,2026-02-23 20:30:20,3.2,4.3,2.8,356.16,20.0,284.93,5.0,0
FUL_005052,BK_005052,DRV_0300,VEH_0300,2026-03-10 19:01:40,2026-03-10 19:07:10,2026-03-10 19:10:07,2026-03-10 19:36:43,5.5,26.6,16.2,596.88,20.0,477.5,4.0,10
FUL_005055,BK_005055,DRV_0134,VEH_0134,2026-02-15 11:44:02,2026-02-15 11:47:14,2026-02-15 11:51:03,2026-02-15 12:04:57,3.2,13.9,8.9,238.08,20.0,190.46,4.0,50
FUL_005058,BK_005058,DRV_0249,VEH_0249,2026-03-15 08:06:12,2026-03-15 08:09:48,2026-03-15 08:12:21,2026-03-15 09:20:33,3.6,68.2,25.1,1022.84,20.0,818.27,5.0,0
FUL_005059,BK_005059,DRV_0002,VEH_0002,2026-02-04 22:47:48,2026-02-04 23:01:36,2026-02-04 23:04:19,2026-02-04 23:40:31,13.8,36.2,23.0,708.4,20.0,566.72,5.0,20
FUL_005060,BK_005060,DRV_0058,VEH_0058,2026-02-28 20:18:41,2026-02-28 20:31:11,2026-02-28 20:32:17,2026-02-28 21:25:05,12.5,52.8,22.9,1541.28,20.0,1233.02,4.0,10
FUL_005061,BK_005061,DRV_0178,VEH_0178,2026-02-06 03:13:26,2026-02-06 03:24:38,2026-02-06 03:28:16,2026-02-06 04:16:58,11.2,48.7,20.8,626.6,20.0,501.28,5.0,0
FUL_005062,BK_005062,DRV_0114,VEH_0114,2026-02-18 08:00:40,2026-02-18 08:10:52,2026-02-18 08:13:36,2026-02-18 08:18:36,10.2,5.0,3.4,119.28,20.0,95.42,5.0,0
FUL_005063,BK_005063,DRV_0012,VEH_0012,2026-02-08 05:20:00,2026-02-08 05:26:42,2026-02-08 05:28:20,2026-02-08 06:13:32,6.7,45.2,24.6,316.6,20.0,253.28,5.0,0
FUL_005064,BK_005064,DRV_0299,VEH_0299,2026-02-12 06:05:46,2026-02-12 06:07:52,2026-02-12 06:09:33,2026-02-12 06:29:45,2.1,20.2,9.9,413.28,20.0,330.62,3.0,30
FUL_005065,BK_005065,DRV_0304,VEH_0304,2026-03-06 17:35:38,2026-03-06 17:41:32,2026-03-06 17:43:54,2026-03-06 18:11:36,5.9,27.7,12.6,876.12,20.0,700.9,5.0,10
FUL_005067,BK_005067,DRV_0151,VEH_0151,2026-02-04 02:23:28,2026-02-04 02:28:16,2026-02-04 02:30:51,2026-02-04 02:39:03,4.8,8.2,4.4,76.6,20.0,61.28,5.0,20
FUL_005068,BK_005068,DRV_0154,VEH_0154,2026-02-05 22:51:23,2026-02-05 23:03:59,2026-02-05 23:05:01,2026-02-05 23:51:55,12.6,46.9,26.5,600.96,20.0,480.77,4.0,20
FUL_005069,BK_005069,DRV_0205,VEH_0205,2026-02-01 14:50:21,2026-02-01 14:52:57,2026-02-01 14:54:48,2026-02-01 15:10:54,2.6,16.1,6.3,231.4,20.0,185.12,5.0,20
FUL_005070,BK_005070,DRV_0157,VEH_0157,2026-02-27 01:47:19,2026-02-27 01:51:37,2026-02-27 01:55:07,2026-02-27 02:19:31,4.3,24.4,16.9,543.4,20.0,434.72,5.0,20
FUL_005071,BK_005071,DRV_0140,VEH_0140,2026-02-13 23:14:48,2026-02-13 23:16:54,2026-02-13 23:20:06,2026-02-14 00:11:12,2.1,51.1,20.5,582.4,20.0,465.92,5.0,30
FUL_005073,BK_005073,DRV_0265,VEH_0265,2026-02-20 22:40:01,2026-02-20 22:50:01,2026-02-20 22:52:59,2026-02-20 23:20:23,10.0,27.4,11.8,159.4,20.0,127.52,5.0,20
FUL_005074,BK_005074,DRV_0181,VEH_0181,2026-02-22 05:57:38,2026-02-22 06:05:14,2026-02-22 06:08:53,2026-02-22 06:34:23,7.6,25.5,14.2,297.4,20.0,237.92,4.0,10
FUL_005075,BK_005075,DRV_0137,VEH_0137,2026-02-11 10:22:19,2026-02-11 10:27:43,2026-02-11 10:29:35,2026-02-11 10:50:41,5.4,21.1,12.4,435.52,20.0,348.42,4.0,50
FUL_005076,BK_005076,DRV_0241,VEH_0241,2026-03-04 08:42:13,2026-03-04 08:55:13,2026-03-04 08:56:22,2026-03-04 09:01:46,13.0,5.4,3.5,90.44,20.0,72.35,4.0,0
FUL_005077,BK_005077,DRV_0087,VEH_0087,2026-02-24 09:37:00,2026-02-24 09:47:06,2026-02-24 09:49:37,2026-02-24 10:30:31,10.1,40.9,24.0,356.88,20.0,285.5,3.0,0
FUL_005078,BK_005078,DRV_0184,VEH_0184,2026-02-14 04:54:04,2026-02-14 05:04:16,2026-02-14 05:07:45,2026-02-14 05:44:21,10.2,36.6,17.3,406.56,20.0,325.25,5.0,0
FUL_005079,BK_005079,DRV_0053,VEH_0053,2026-02-20 13:39:30,2026-02-20 13:47:12,2026-02-20 13:48:40,2026-02-20 14:03:04,7.7,14.4,9.0,159.6,20.0,127.68,5.0,0
FUL_005081,BK_005081,DRV_0177,VEH_0177,2026-02-19 23:57:43,2026-02-20 00:05:07,2026-02-20 00:07:32,2026-02-20 00:42:32,7.4,35.0,20.8,405.4,20.0,324.32,5.0,50
FUL_005082,BK_005082,DRV_0079,VEH_0079,2026-03-01 11:37:29,2026-03-01 11:45:53,2026-03-01 11:48:12,2026-03-01 12:02:42,8.4,14.5,9.6,575.64,20.0,460.51,5.0,50
FUL_005083,BK_005083,DRV_0273,VEH_0273,2026-03-05 11:56:04,2026-03-05 12:07:04,2026-03-05 12:08:23,2026-03-05 12:50:29,11.0,42.1,21.3,505.08,20.0,404.06,5.0,0
FUL_005085,BK_005085,DRV_0017,VEH_0017,2026-03-16 11:02:30,2026-03-16 11:16:24,2026-03-16 11:18:21,2026-03-16 11:44:33,13.9,26.2,14.7,1176.0,20.0,940.8,4.0,0
FUL_005086,BK_005086,DRV_0067,VEH_0067,2026-02-16 21:15:24,2026-02-16 21:20:48,2026-02-16 21:23:50,2026-02-16 22:10:44,5.4,46.9,20.8,591.78,20.0,473.42,5.0,0
FUL_005087,BK_005087,DRV_0072,VEH_0072,2026-03-06 17:50:24,2026-03-06 18:03:36,2026-03-06 18:05:38,2026-03-06 18:28:56,13.2,23.3,9.6,772.8,20.0,618.24,5.0,0
FUL_005088,BK_005088,DRV_0152,VEH_0152,2026-02-03 23:30:30,2026-02-03 23:36:06,2026-02-03 23:40:05,2026-02-04 00:12:47,5.6,32.7,21.3,409.0,20.0,327.2,5.0,0
FUL_005090,BK_005090,DRV_0275,VEH_0275,2026-02-20 07:59:24,2026-02-20 08:04:42,2026-02-20 08:08:11,2026-02-20 08:38:17,5.3,30.1,14.7,490.0,20.0,392.0,5.0,0
FUL_005091,BK_005091,DRV_0191,VEH_0191,2026-03-08 18:51:23,2026-03-08 19:05:17,2026-03-08 19:09:08,2026-03-08 19:22:38,13.9,13.5,7.5,372.4,20.0,297.92,1.0,0
FUL_005092,BK_005092,DRV_0225,VEH_0225,2026-02-03 22:52:05,2026-02-03 22:54:17,2026-02-03 22:55:21,2026-02-03 23:11:21,2.2,16.0,6.8,160.6,20.0,128.48,5.0,0
FUL_005093,BK_005093,DRV_0094,VEH_0094,2026-03-14 12:33:28,2026-03-14 12:38:46,2026-03-14 12:42:44,2026-03-14 13:11:50,5.3,29.1,13.7,293.8,20.0,235.04,4.0,50
FUL_005094,BK_005094,DRV_0110,VEH_0110,2026-03-10 07:46:06,2026-03-10 07:56:24,2026-03-10 07:57:40,2026-03-10 08:20:34,10.3,22.9,11.6,271.7,20.0,217.36,5.0,30
FUL_005095,BK_005095,DRV_0174,VEH_0174,2026-03-02 16:57:04,2026-03-02 16:59:10,2026-03-02 17:02:24,2026-03-02 17:35:12,2.1,32.8,21.7,291.4,20.0,233.12,5.0,30
FUL_005097,BK_005097,DRV_0114,VEH_0114,2026-02-17 05:06:30,2026-02-17 05:09:36,2026-02-17 05:11:01,2026-02-17 05:52:07,3.1,41.1,29.2,540.4,20.0,432.32,5.0,10
FUL_005098,BK_005098,DRV_0121,VEH_0121,2026-03-13 11:20:27,2026-03-13 11:32:33,2026-03-13 11:34:23,2026-03-13 12:20:29,12.1,46.1,26.6,1664.04,20.0,1331.23,5.0,0
FUL_005102,BK_005102,DRV_0028,VEH_0028,2026-02-19 01:57:08,2026-02-19 02:01:44,2026-02-19 02:05:41,2026-02-19 02:30:41,4.6,25.0,12.2,163.0,20.0,130.4,5.0,20
FUL_005103,BK_005103,DRV_0177,VEH_0177,2026-02-13 08:03:22,2026-02-13 08:16:34,2026-02-13 08:20:04,2026-02-13 09:18:22,13.2,58.3,28.5,856.0,20.0,684.8,5.0,20
FUL_005105,BK_005105,DRV_0173,VEH_0173,2026-02-26 21:54:26,2026-02-26 22:07:26,2026-02-26 22:08:27,2026-02-26 23:04:33,13.0,56.1,23.6,579.36,20.0,463.49,3.0,20
FUL_005106,BK_005106,DRV_0003,VEH_0003,2026-02-06 21:55:19,2026-02-06 22:02:55,2026-02-06 22:06:30,2026-02-06 22:45:24,7.6,38.9,19.2,931.84,20.0,745.47,3.0,0
FUL_005107,BK_005107,DRV_0039,VEH_0039,2026-03-09 15:45:28,2026-03-09 15:48:52,2026-03-09 15:51:40,2026-03-09 16:25:04,3.4,33.4,17.7,535.6,20.0,428.48,5.0,20
FUL_005109,BK_005109,DRV_0261,VEH_0261,2026-02-28 15:31:09,2026-02-28 15:33:33,2026-02-28 15:37:14,2026-02-28 16:12:26,2.4,35.2,18.6,602.0,20.0,481.6,4.0,0
FUL_005110,BK_005110,DRV_0234,VEH_0234,2026-02-09 13:35:18,2026-02-09 13:49:06,2026-02-09 13:51:29,2026-02-09 14:12:35,13.8,21.1,8.3,294.0,20.0,235.2,4.0,20
FUL_005111,BK_005111,DRV_0253,VEH_0253,2026-02-08 03:38:11,2026-02-08 03:46:11,2026-02-08 03:48:38,2026-02-08 04:19:02,8.0,30.4,19.7,546.0,20.0,436.8,5.0,50
FUL_005112,BK_005112,DRV_0313,VEH_0313,2026-02-24 13:39:15,2026-02-24 13:52:15,2026-02-24 13:54:25,2026-02-24 14:10:07,13.0,15.7,7.8,273.0,20.0,218.4,5.0,30
FUL_005116,BK_005116,DRV_0126,VEH_0126,2026-03-04 19:37:24,2026-03-04 19:43:12,2026-03-04 19:46:52,2026-03-04 20:12:58,5.8,26.1,11.9,357.42,20.0,285.94,5.0,0
FUL_005118,BK_005118,DRV_0112,VEH_0112,2026-03-07 03:10:28,2026-03-07 03:18:34,2026-03-07 03:19:55,2026-03-07 03:57:55,8.1,38.0,23.5,450.4,20.0,360.32,5.0,0
FUL_005119,BK_005119,DRV_0114,VEH_0114,2026-03-03 22:26:48,2026-03-03 22:37:54,2026-03-03 22:39:27,2026-03-03 23:19:15,11.1,39.8,22.9,483.56,20.0,386.85,5.0,0
FUL_005120,BK_005120,DRV_0317,VEH_0317,2026-03-06 07:52:52,2026-03-06 07:57:40,2026-03-06 07:59:13,2026-03-06 08:06:25,4.8,7.2,4.6,221.52,20.0,177.22,4.0,50
FUL_005121,BK_005121,DRV_0194,VEH_0194,2026-03-02 19:04:35,2026-03-02 19:17:53,2026-03-02 19:20:33,2026-03-02 19:49:27,13.3,28.9,17.9,507.08,20.0,405.66,5.0,0
FUL_005122,BK_005122,DRV_0269,VEH_0269,2026-03-17 13:55:59,2026-03-17 13:59:35,2026-03-17 14:02:38,2026-03-17 14:19:44,3.6,17.1,6.6,157.0,20.0,125.6,5.0,0
FUL_005124,BK_005124,DRV_0126,VEH_0126,2026-02-08 00:14:58,2026-02-08 00:24:22,2026-02-08 00:26:52,2026-02-08 01:08:52,9.4,42.0,24.7,303.4,20.0,242.72,4.0,50
FUL_005125,BK_005125,DRV_0248,VEH_0248,2026-02-13 10:15:20,2026-02-13 10:18:56,2026-02-13 10:21:55,2026-02-13 10:28:19,3.6,6.4,2.9,124.04,20.0,99.23,4.0,0
FUL_005127,BK_005127,DRV_0294,VEH_0294,2026-03-16 09:42:17,2026-03-16 09:51:41,2026-03-16 09:55:08,2026-03-16 10:02:50,9.4,7.7,4.3,136.56,20.0,109.25,5.0,30
FUL_005129,BK_005129,DRV_0185,VEH_0185,2026-02-06 20:16:29,2026-02-06 20:28:41,2026-02-06 20:30:45,2026-02-06 20:48:09,12.2,17.4,9.9,450.66,20.0,360.53,5.0,0
FUL_005132,BK_005132,DRV_0227,VEH_0227,2026-02-14 23:17:47,2026-02-14 23:29:05,2026-02-14 23:30:05,2026-02-14 23:57:41,11.3,27.6,19.3,254.2,20.0,203.36,2.0,50
FUL_005133,BK_005133,DRV_0020,VEH_0020,2026-03-10 13:44:40,2026-03-10 13:52:40,2026-03-10 13:55:31,2026-03-10 14:33:25,8.0,37.9,19.1,652.96,20.0,522.37,5.0,0
FUL_005134,BK_005134,DRV_0157,VEH_0157,2026-02-19 11:40:41,2026-02-19 11:44:47,2026-02-19 11:48:12,2026-02-19 12:13:18,4.1,25.1,15.9,790.4,20.0,632.32,4.0,0
FUL_005135,BK_005135,DRV_0051,VEH_0051,2026-03-12 09:11:16,2026-03-12 09:20:28,2026-03-12 09:22:59,2026-03-12 09:58:11,9.2,35.2,18.1,438.96,20.0,351.17,4.0,10
FUL_005138,BK_005138,DRV_0189,VEH_0189,2026-02-19 20:30:14,2026-02-19 20:43:56,2026-02-19 20:47:11,2026-02-19 21:38:41,13.7,51.5,19.4,462.72,20.0,370.18,4.0,50
FUL_005139,BK_005139,DRV_0150,VEH_0150,2026-02-22 18:10:35,2026-02-22 18:21:23,2026-02-22 18:23:21,2026-02-22 19:15:09,10.8,51.8,27.1,1099.28,20.0,879.42,3.0,0
FUL_005140,BK_005140,DRV_0068,VEH_0068,2026-03-09 05:33:52,2026-03-09 05:44:04,2026-03-09 05:45:52,2026-03-09 06:20:58,10.2,35.1,14.2,421.2,20.0,336.96,5.0,0
FUL_005141,BK_005141,DRV_0173,VEH_0173,2026-02-13 03:44:43,2026-02-13 03:48:13,2026-02-13 03:51:21,2026-02-13 04:20:03,3.5,28.7,17.8,367.6,20.0,294.08,2.0,50
FUL_005142,BK_005142,DRV_0071,VEH_0071,2026-03-15 22:26:03,2026-03-15 22:32:15,2026-03-15 22:34:11,2026-03-15 23:28:05,6.2,53.9,25.4,917.28,20.0,733.82,5.0,0
FUL_005143,BK_005143,DRV_0205,VEH_0205,2026-03-06 19:30:05,2026-03-06 19:32:47,2026-03-06 19:34:15,2026-03-06 20:14:21,2.7,40.1,16.5,842.4,20.0,673.92,5.0,0
FUL_005144,BK_005144,DRV_0112,VEH_0112,2026-02-03 12:50:42,2026-02-03 13:02:06,2026-02-03 13:06:01,2026-02-03 13:56:19,11.4,50.3,24.5,503.36,20.0,402.69,5.0,0
FUL_005146,BK_005146,DRV_0126,VEH_0126,2026-03-17 16:31:22,2026-03-17 16:38:22,2026-03-17 16:39:23,2026-03-17 17:14:53,7.0,35.5,17.7,226.6,20.0,181.28,5.0,20
FUL_005147,BK_005147,DRV_0244,VEH_0244,2026-02-03 09:14:38,2026-02-03 09:26:02,2026-02-03 09:29:01,2026-02-03 10:16:25,11.4,47.4,24.7,1546.44,20.0,1237.15,5.0,50
FUL_005148,BK_005148,DRV_0206,VEH_0206,2026-02-11 04:56:00,2026-02-11 05:02:00,2026-02-11 05:04:27,2026-02-11 05:31:39,6.0,27.2,13.2,172.6,20.0,138.08,5.0,0
FUL_005149,BK_005149,DRV_0186,VEH_0186,2026-02-17 10:02:16,2026-02-17 10:07:16,2026-02-17 10:09:03,2026-02-17 10:18:57,5.0,9.9,5.6,470.4,20.0,376.32,5.0,50
FUL_005151,BK_005151,DRV_0007,VEH_0007,2026-03-12 23:22:25,2026-03-12 23:31:43,2026-03-12 23:32:45,2026-03-13 00:00:15,9.3,27.5,14.3,426.4,20.0,341.12,5.0,0
FUL_005153,BK_005153,DRV_0155,VEH_0155,2026-03-01 10:34:00,2026-03-01 10:46:48,2026-03-01 10:47:53,2026-03-01 11:30:05,12.8,42.2,21.6,877.24,20.0,701.79,5.0,0
FUL_005154,BK_005154,DRV_0290,VEH_0290,2026-03-01 14:12:30,2026-03-01 14:24:48,2026-03-01 14:26:12,2026-03-01 14:48:48,12.3,22.6,15.6,555.36,20.0,444.29,5.0,10
FUL_005156,BK_005156,DRV_0112,VEH_0112,2026-02-14 23:50:31,2026-02-15 00:01:37,2026-02-15 00:02:56,2026-02-15 01:00:38,11.1,57.7,27.7,520.6,20.0,416.48,5.0,0
FUL_005158,BK_005158,DRV_0016,VEH_0016,2026-02-20 20:48:49,2026-02-20 20:58:01,2026-02-20 21:00:58,2026-02-20 21:20:58,9.2,20.0,8.7,238.08,20.0,190.46,5.0,0
FUL_005159,BK_005159,DRV_0089,VEH_0089,2026-03-05 00:01:12,2026-03-05 00:05:36,2026-03-05 00:06:48,2026-03-05 00:40:06,4.4,33.3,22.6,686.4,20.0,549.12,5.0,30
FUL_005160,BK_005160,DRV_0222,VEH_0222,2026-03-11 19:27:18,2026-03-11 19:38:48,2026-03-11 19:41:55,2026-03-11 20:06:49,11.5,24.9,16.6,879.84,20.0,703.87,5.0,0
FUL_005161,BK_005161,DRV_0127,VEH_0127,2026-02-08 10:12:00,2026-02-08 10:17:30,2026-02-08 10:19:58,2026-02-08 11:00:40,5.5,40.7,20.0,477.0,20.0,381.6,4.0,30
FUL_005162,BK_005162,DRV_0047,VEH_0047,2026-02-09 18:41:23,2026-02-09 18:45:23,2026-02-09 18:49:00,2026-02-09 19:45:24,4.0,56.4,22.4,1272.18,20.0,1017.74,4.0,0
FUL_005163,BK_005163,DRV_0112,VEH_0112,2026-02-04 21:30:29,2026-02-04 21:37:59,2026-02-04 21:39:59,2026-02-04 22:25:41,7.5,45.7,24.3,1002.54,20.0,802.03,5.0,50
FUL_005164,BK_005164,DRV_0278,VEH_0278,2026-02-08 06:50:51,2026-02-08 07:04:45,2026-02-08 07:06:31,2026-02-08 07:44:13,13.9,37.7,16.1,460.2,20.0,368.16,5.0,10
FUL_005165,BK_005165,DRV_0111,VEH_0111,2026-03-17 07:50:42,2026-03-17 07:54:24,2026-03-17 07:57:00,2026-03-17 08:11:48,3.7,14.8,10.3,393.12,20.0,314.5,5.0,0
FUL_005168,BK_005168,DRV_0233,VEH_0233,2026-02-20 21:10:48,2026-02-20 21:17:06,2026-02-20 21:18:51,2026-02-20 21:32:21,6.3,13.5,6.1,542.88,20.0,434.3,5.0,0
FUL_005169,BK_005169,DRV_0062,VEH_0062,2026-02-20 11:16:12,2026-02-20 11:20:24,2026-02-20 11:23:08,2026-02-20 11:36:08,4.2,13.0,6.4,374.4,20.0,299.52,5.0,0
FUL_005170,BK_005170,DRV_0053,VEH_0053,2026-02-04 09:51:33,2026-02-04 09:55:27,2026-02-04 09:58:36,2026-02-04 10:27:36,3.9,29.0,19.6,374.36,20.0,299.49,5.0,0
FUL_005172,BK_005172,DRV_0055,VEH_0055,2026-02-24 08:04:36,2026-02-24 08:14:06,2026-02-24 08:16:09,2026-02-24 09:28:21,9.5,72.2,27.0,490.28,20.0,392.22,4.0,50
FUL_005176,BK_005176,DRV_0303,VEH_0303,2026-02-19 13:59:00,2026-02-19 14:09:12,2026-02-19 14:12:38,2026-02-19 14:53:26,10.2,40.8,21.1,595.4,20.0,476.32,5.0,10
FUL_005177,BK_005177,DRV_0073,VEH_0073,2026-02-11 11:13:20,2026-02-11 11:16:20,2026-02-11 11:20:02,2026-02-11 11:38:38,3.0,18.6,12.9,893.76,20.0,715.01,5.0,10
FUL_005178,BK_005178,DRV_0184,VEH_0184,2026-02-11 17:24:30,2026-02-11 17:35:12,2026-02-11 17:37:35,2026-02-11 18:20:29,10.7,42.9,15.3,583.92,20.0,467.14,3.0,50
FUL_005179,BK_005179,DRV_0075,VEH_0075,2026-03-04 03:34:20,2026-03-04 03:47:38,2026-03-04 03:51:23,2026-03-04 04:12:23,13.3,21.0,13.7,283.0,20.0,226.4,5.0,30
FUL_005180,BK_005180,DRV_0155,VEH_0155,2026-03-12 18:50:21,2026-03-12 18:57:15,2026-03-12 18:59:53,2026-03-12 19:06:17,6.9,6.4,4.5,418.08,20.0,334.46,4.0,10
FUL_005181,BK_005181,DRV_0039,VEH_0039,2026-02-14 07:21:19,2026-02-14 07:29:25,2026-02-14 07:31:17,2026-02-14 08:24:41,8.1,53.4,26.4,738.4,20.0,590.72,5.0,10
FUL_005182,BK_005182,DRV_0107,VEH_0107,2026-02-20 05:21:11,2026-02-20 05:34:29,2026-02-20 05:36:11,2026-02-20 06:14:11,13.3,38.0,15.4,315.4,20.0,252.32,5.0,10
FUL_005183,BK_005183,DRV_0057,VEH_0057,2026-03-14 15:40:23,2026-03-14 15:53:47,2026-03-14 15:56:26,2026-03-14 16:04:44,13.4,8.3,4.3,182.0,20.0,145.6,1.0,0
FUL_005184,BK_005184,DRV_0259,VEH_0259,2026-03-03 23:52:17,2026-03-03 23:55:05,2026-03-03 23:56:57,2026-03-04 00:34:27,2.8,37.5,22.0,634.4,20.0,507.52,1.0,0
FUL_005185,BK_005185,DRV_0110,VEH_0110,2026-02-09 06:53:22,2026-02-09 07:05:52,2026-02-09 07:08:46,2026-02-09 07:30:04,12.5,21.3,7.6,182.2,20.0,145.76,5.0,0
FUL_005187,BK_005187,DRV_0006,VEH_0006,2026-03-01 18:56:19,2026-03-01 19:03:55,2026-03-01 19:05:22,2026-03-01 19:57:04,7.6,51.7,21.6,441.28,20.0,353.02,5.0,0
FUL_005188,BK_005188,DRV_0294,VEH_0294,2026-03-15 23:37:45,2026-03-15 23:50:33,2026-03-15 23:52:06,2026-03-16 00:24:24,12.8,32.3,12.3,259.6,20.0,207.68,5.0,0
FUL_005190,BK_005190,DRV_0140,VEH_0140,2026-03-12 14:40:45,2026-03-12 14:46:33,2026-03-12 14:49:05,2026-03-12 15:31:11,5.8,42.1,19.1,559.0,20.0,447.2,5.0,0
FUL_005191,BK_005191,DRV_0176,VEH_0176,2026-02-04 02:06:21,2026-02-04 02:18:33,2026-02-04 02:20:30,2026-02-04 02:57:48,12.2,37.3,17.2,394.46,20.0,315.57,4.0,30
FUL_005192,BK_005192,DRV_0071,VEH_0071,2026-03-02 15:39:38,2026-03-02 15:44:50,2026-03-02 15:46:14,2026-03-02 16:22:14,5.2,36.0,24.5,761.6,20.0,609.28,5.0,0
FUL_005193,BK_005193,DRV_0276,VEH_0276,2026-02-22 22:52:01,2026-02-22 22:56:19,2026-02-22 22:59:47,2026-02-22 23:40:11,4.3,40.4,27.4,814.8,20.0,651.84,4.0,0
FUL_005194,BK_005194,DRV_0293,VEH_0293,2026-02-22 09:30:20,2026-02-22 09:32:38,2026-02-22 09:36:15,2026-02-22 10:10:57,2.3,34.7,18.8,764.4,20.0,611.52,2.0,10
FUL_005195,BK_005195,DRV_0155,VEH_0155,2026-03-09 09:14:24,2026-03-09 09:17:36,2026-03-09 09:20:01,2026-03-09 09:27:37,3.2,7.6,4.0,299.52,20.0,239.62,2.0,20
FUL_005196,BK_005196,DRV_0097,VEH_0097,2026-02-13 13:34:36,2026-02-13 13:44:24,2026-02-13 13:47:28,2026-02-13 14:25:28,9.8,38.0,25.5,803.6,20.0,642.88,5.0,0
FUL_005197,BK_005197,DRV_0196,VEH_0196,2026-03-01 22:34:25,2026-03-01 22:44:13,2026-03-01 22:45:33,2026-03-01 22:54:57,9.8,9.4,6.0,265.2,20.0,212.16,4.0,30
FUL_005198,BK_005198,DRV_0295,VEH_0295,2026-02-26 19:54:47,2026-02-26 19:58:35,2026-02-26 20:02:30,2026-02-26 20:43:54,3.8,41.4,29.6,1014.72,20.0,811.78,5.0,50
FUL_005199,BK_005199,DRV_0139,VEH_0139,2026-03-04 16:08:30,2026-03-04 16:17:42,2026-03-04 16:19:24,2026-03-04 17:18:24,9.2,59.0,27.5,800.8,20.0,640.64,5.0,30
FUL_005200,BK_005200,DRV_0252,VEH_0252,2026-03-02 09:33:03,2026-03-02 09:43:39,2026-03-02 09:46:21,2026-03-02 10:05:03,10.6,18.7,9.4,282.8,20.0,226.24,5.0,0
FUL_005201,BK_005201,DRV_0112,VEH_0112,2026-02-22 19:57:50,2026-02-22 19:59:56,2026-02-22 20:03:19,2026-02-22 20:58:01,2.1,54.7,26.7,644.16,20.0,515.33,2.0,0
FUL_005202,BK_005202,DRV_0261,VEH_0261,2026-02-16 06:15:29,2026-02-16 06:22:59,2026-02-16 06:24:44,2026-02-16 06:31:08,7.5,6.4,4.0,173.6,20.0,138.88,4.0,30
FUL_005203,BK_005203,DRV_0091,VEH_0091,2026-02-13 12:40:28,2026-02-13 12:45:16,2026-02-13 12:47:01,2026-02-13 13:03:01,4.8,16.0,10.7,152.2,20.0,121.76,5.0,30
FUL_005204,BK_005204,DRV_0008,VEH_0008,2026-02-06 23:00:50,2026-02-06 23:07:32,2026-02-06 23:09:08,2026-02-06 23:42:02,6.7,32.9,20.2,396.4,20.0,317.12,5.0,20
FUL_005206,BK_005206,DRV_0293,VEH_0293,2026-02-14 08:04:38,2026-02-14 08:11:20,2026-02-14 08:14:10,2026-02-14 08:20:16,6.7,6.1,3.1,203.84,20.0,163.07,5.0,0
FUL_005207,BK_005207,DRV_0237,VEH_0237,2026-03-01 12:56:45,2026-03-01 13:00:15,2026-03-01 13:02:25,2026-03-01 13:27:13,3.5,24.8,16.3,540.4,20.0,432.32,2.0,10
FUL_005208,BK_005208,DRV_0090,VEH_0090,2026-02-22 02:50:56,2026-02-22 02:58:44,2026-02-22 03:01:17,2026-02-22 03:18:35,7.8,17.3,11.9,243.4,20.0,194.72,5.0,30
FUL_005209,BK_005209,DRV_0067,VEH_0067,2026-02-28 19:12:57,2026-02-28 19:19:09,2026-02-28 19:20:39,2026-02-28 19:50:45,6.2,30.1,18.1,526.26,20.0,421.01,5.0,0
FUL_005211,BK_005211,DRV_0282,VEH_0282,2026-03-13 12:40:20,2026-03-13 12:43:56,2026-03-13 12:46:18,2026-03-13 13:04:42,3.6,18.4,7.1,186.56,20.0,149.25,5.0,30
FUL_005212,BK_005212,DRV_0069,VEH_0069,2026-03-05 09:38:32,2026-03-05 09:42:32,2026-03-05 09:43:32,2026-03-05 09:48:50,4.0,5.3,2.9,189.84,20.0,151.87,5.0,20
FUL_005213,BK_005213,DRV_0086,VEH_0086,2026-03-15 23:45:47,2026-03-15 23:47:53,2026-03-15 23:48:53,2026-03-16 00:05:05,2.1,16.2,8.9,207.4,20.0,165.92,5.0,50
FUL_005214,BK_005214,DRV_0234,VEH_0234,2026-02-04 10:31:43,2026-02-04 10:38:43,2026-02-04 10:39:52,2026-02-04 11:03:40,7.0,23.8,16.9,628.32,20.0,502.66,1.0,10
FUL_005215,BK_005215,DRV_0023,VEH_0023,2026-03-13 16:38:44,2026-03-13 16:47:32,2026-03-13 16:49:09,2026-03-13 16:56:21,8.8,7.2,3.8,106.6,20.0,85.28,5.0,0
FUL_005216,BK_005216,DRV_0260,VEH_0260,2026-02-23 09:07:29,2026-02-23 09:14:29,2026-02-23 09:18:19,2026-02-23 10:00:31,7.0,42.2,28.9,657.12,20.0,525.7,5.0,20
FUL_005217,BK_005217,DRV_0078,VEH_0078,2026-02-14 07:41:59,2026-02-14 07:53:47,2026-02-14 07:57:30,2026-02-14 08:30:30,11.8,33.0,19.4,569.4,20.0,455.52,5.0,0
FUL_005218,BK_005218,DRV_0299,VEH_0299,2026-02-15 04:56:18,2026-02-15 04:59:18,2026-02-15 05:01:21,2026-02-15 05:46:33,3.0,45.2,27.4,930.16,20.0,744.13,5.0,20
FUL_005219,BK_005219,DRV_0009,VEH_0009,2026-03-12 17:10:52,2026-03-12 17:14:04,2026-03-12 17:16:36,2026-03-12 17:50:12,3.2,33.6,18.1,726.6,20.0,581.28,5.0,0
FUL_005220,BK_005220,DRV_0201,VEH_0201,2026-02-27 05:44:31,2026-02-27 05:47:07,2026-02-27 05:50:47,2026-02-27 06:46:47,2.6,56.0,22.8,464.8,20.0,371.84,5.0,0
FUL_005222,BK_005222,DRV_0176,VEH_0176,2026-02-20 20:13:56,2026-02-20 20:24:14,2026-02-20 20:27:18,2026-02-20 21:09:36,10.3,42.3,17.3,494.48,20.0,395.58,5.0,0
FUL_005223,BK_005223,DRV_0112,VEH_0112,2026-02-22 09:42:57,2026-02-22 09:55:03,2026-02-22 09:58:43,2026-02-22 10:32:25,12.1,33.7,24.9,830.16,20.0,664.13,5.0,0
FUL_005225,BK_005225,DRV_0012,VEH_0012,2026-02-06 12:01:46,2026-02-06 12:13:52,2026-02-06 12:16:22,2026-02-06 12:51:40,12.1,35.3,13.9,191.8,20.0,153.44,5.0,0
FUL_005226,BK_005226,DRV_0089,VEH_0089,2026-02-01 06:05:51,2026-02-01 06:08:39,2026-02-01 06:10:35,2026-02-01 07:13:47,2.8,63.2,24.5,746.46,20.0,597.17,5.0,30
FUL_005227,BK_005227,DRV_0229,VEH_0229,2026-03-10 15:37:57,2026-03-10 15:44:33,2026-03-10 15:48:01,2026-03-10 16:57:01,6.6,69.0,26.7,826.0,20.0,660.8,5.0,20
FUL_005228,BK_005228,DRV_0156,VEH_0156,2026-03-11 15:19:21,2026-03-11 15:29:09,2026-03-11 15:32:29,2026-03-11 16:13:05,9.8,40.6,18.5,525.2,20.0,420.16,4.0,0
FUL_005231,BK_005231,DRV_0153,VEH_0153,2026-03-05 04:13:51,2026-03-05 04:22:09,2026-03-05 04:25:51,2026-03-05 05:34:03,8.3,68.2,26.4,328.6,20.0,262.88,5.0,20
FUL_005232,BK_005232,DRV_0238,VEH_0238,2026-03-05 12:54:01,2026-03-05 13:07:25,2026-03-05 13:09:53,2026-03-05 13:47:35,13.4,37.7,20.3,582.4,20.0,465.92,5.0,0
FUL_005233,BK_005233,DRV_0239,VEH_0239,2026-02-10 11:55:52,2026-02-10 12:00:58,2026-02-10 12:02:44,2026-02-10 12:27:56,5.1,25.2,10.5,566.88,20.0,453.5,4.0,20
FUL_005234,BK_005234,DRV_0144,VEH_0144,2026-02-12 19:25:19,2026-02-12 19:30:01,2026-02-12 19:31:56,2026-02-12 19:39:26,4.7,7.5,4.0,193.44,20.0,154.75,5.0,30
FUL_005236,BK_005236,DRV_0229,VEH_0229,2026-02-15 10:02:17,2026-02-15 10:12:17,2026-02-15 10:13:44,2026-02-15 10:23:14,10.0,9.5,4.1,337.68,20.0,270.14,1.0,0
FUL_005238,BK_005238,DRV_0320,VEH_0320,2026-03-11 12:51:40,2026-03-11 13:02:10,2026-03-11 13:06:04,2026-03-11 13:16:28,10.5,10.4,6.2,226.2,20.0,180.96,1.0,0
FUL_005239,BK_005239,DRV_0301,VEH_0301,2026-02-20 23:24:10,2026-02-20 23:36:10,2026-02-20 23:39:52,2026-02-21 00:05:52,12.0,26.0,14.7,367.68,20.0,294.14,5.0,0
FUL_005240,BK_005240,DRV_0103,VEH_0103,2026-03-11 00:59:17,2026-03-11 01:08:17,2026-03-11 01:10:38,2026-03-11 01:42:56,9.0,32.3,20.4,492.96,20.0,394.37,5.0,20
FUL_005241,BK_005241,DRV_0077,VEH_0077,2026-02-22 19:24:25,2026-02-22 19:30:13,2026-02-22 19:33:32,2026-02-22 20:13:08,5.8,39.6,22.6,645.68,20.0,516.54,5.0,50
FUL_005243,BK_005243,DRV_0287,VEH_0287,2026-02-15 05:04:02,2026-02-15 05:11:56,2026-02-15 05:14:21,2026-02-15 05:35:45,7.9,21.4,12.2,254.2,20.0,203.36,5.0,0
FUL_005244,BK_005244,DRV_0103,VEH_0103,2026-03-10 00:46:21,2026-03-10 00:53:39,2026-03-10 00:56:13,2026-03-10 01:40:25,7.3,44.2,24.9,484.6,20.0,387.68,5.0,0
FUL_005245,BK_005245,DRV_0065,VEH_0065,2026-03-03 12:48:01,2026-03-03 12:55:25,2026-03-03 12:56:53,2026-03-03 13:30:41,7.4,33.8,22.6,301.0,20.0,240.8,5.0,30
FUL_005246,BK_005246,DRV_0175,VEH_0175,2026-03-14 07:02:22,2026-03-14 07:10:34,2026-03-14 07:14:25,2026-03-14 07:29:07,8.2,14.7,6.6,243.6,20.0,194.88,5.0,0
FUL_005247,BK_005247,DRV_0113,VEH_0113,2026-02-10 17:29:19,2026-02-10 17:39:55,2026-02-10 17:41:09,2026-02-10 18:17:21,10.6,36.2,20.5,985.6,20.0,788.48,5.0,50
FUL_005248,BK_005248,DRV_0117,VEH_0117,2026-02-17 04:31:41,2026-02-17 04:41:35,2026-02-17 04:44:21,2026-02-17 04:51:03,9.9,6.7,3.1,172.48,20.0,137.98,5.0,0
FUL_005249,BK_005249,DRV_0031,VEH_0031,2026-02-11 21:17:11,2026-02-11 21:19:41,2026-02-11 21:22:14,2026-02-11 21:51:20,2.5,29.1,19.0,349.16,20.0,279.33,5.0,0
FUL_005250,BK_005250,DRV_0164,VEH_0164,2026-03-02 07:37:22,2026-03-02 07:40:40,2026-03-02 07:43:57,2026-03-02 08:02:03,3.3,18.1,9.1,348.04,20.0,278.43,5.0,20
FUL_005251,BK_005251,DRV_0318,VEH_0318,2026-02-07 17:22:58,2026-02-07 17:32:16,2026-02-07 17:33:40,2026-02-07 17:56:46,9.3,23.1,12.6,480.48,20.0,384.38,5.0,30
FUL_005252,BK_005252,DRV_0016,VEH_0016,2026-02-05 06:32:16,2026-02-05 06:41:52,2026-02-05 06:43:32,2026-02-05 07:26:56,9.6,43.4,16.4,410.88,20.0,328.7,5.0,20
FUL_005254,BK_005254,DRV_0084,VEH_0084,2026-03-05 11:57:33,2026-03-05 12:09:45,2026-03-05 12:12:27,2026-03-05 12:16:33,12.2,4.1,2.7,212.16,20.0,169.73,5.0,0
FUL_005255,BK_005255,DRV_0063,VEH_0063,2026-02-18 23:03:44,2026-02-18 23:13:20,2026-02-18 23:14:20,2026-02-19 00:07:14,9.6,52.9,21.5,680.4,20.0,544.32,5.0,0
FUL_005258,BK_005258,DRV_0238,VEH_0238,2026-02-12 16:02:44,2026-02-12 16:15:38,2026-02-12 16:18:32,2026-02-12 17:22:14,12.9,63.7,27.5,751.4,20.0,601.12,5.0,10
FUL_005260,BK_005260,DRV_0218,VEH_0218,2026-03-16 13:37:23,2026-03-16 13:46:53,2026-03-16 13:48:03,2026-03-16 14:15:33,9.5,27.5,20.0,556.4,20.0,445.12,5.0,20
FUL_005261,BK_005261,DRV_0225,VEH_0225,2026-03-06 12:26:34,2026-03-06 12:29:16,2026-03-06 12:32:07,2026-03-06 13:06:49,2.7,34.7,19.9,385.6,20.0,308.48,5.0,0
FUL_005262,BK_005262,DRV_0196,VEH_0196,2026-03-05 07:25:23,2026-03-05 07:38:53,2026-03-05 07:40:02,2026-03-05 08:22:50,13.5,42.8,27.1,774.8,20.0,619.84,5.0,30
FUL_005263,BK_005263,DRV_0127,VEH_0127,2026-03-03 04:44:49,2026-03-03 04:51:37,2026-03-03 04:54:28,2026-03-03 05:46:28,6.8,52.0,25.8,370.7,20.0,296.56,4.0,30
FUL_005264,BK_005264,DRV_0064,VEH_0064,2026-02-24 09:55:27,2026-02-24 10:06:09,2026-02-24 10:07:43,2026-02-24 10:26:43,10.7,19.0,7.3,135.12,20.0,108.1,5.0,10
FUL_005265,BK_005265,DRV_0108,VEH_0108,2026-02-15 05:16:20,2026-02-15 05:29:02,2026-02-15 05:30:29,2026-02-15 06:20:17,12.7,49.8,25.7,750.4,20.0,600.32,5.0,0
FUL_005267,BK_005267,DRV_0103,VEH_0103,2026-02-20 17:33:44,2026-02-20 17:36:38,2026-02-20 17:38:42,2026-02-20 18:52:24,2.9,73.7,29.5,657.12,20.0,525.7,5.0,0
FUL_005268,BK_005268,DRV_0299,VEH_0299,2026-02-15 10:54:17,2026-02-15 10:57:41,2026-02-15 11:01:26,2026-02-15 11:26:56,3.4,25.5,14.2,534.24,20.0,427.39,5.0,30
FUL_005269,BK_005269,DRV_0167,VEH_0167,2026-02-22 10:40:24,2026-02-22 10:53:42,2026-02-22 10:55:58,2026-02-22 11:43:40,13.3,47.7,23.8,564.24,20.0,451.39,4.0,30
FUL_005270,BK_005270,DRV_0049,VEH_0049,2026-02-12 14:15:53,2026-02-12 14:19:17,2026-02-12 14:21:00,2026-02-12 15:09:54,3.4,48.9,24.5,719.6,20.0,575.68,5.0,50
FUL_005271,BK_005271,DRV_0100,VEH_0100,2026-03-01 12:12:07,2026-03-01 12:24:31,2026-03-01 12:27:41,2026-03-01 13:06:29,12.4,38.8,27.7,957.6,20.0,766.08,5.0,0
FUL_005272,BK_005272,DRV_0009,VEH_0009,2026-03-11 10:49:28,2026-03-11 10:53:52,2026-03-11 10:55:35,2026-03-11 11:34:11,4.4,38.6,25.8,801.28,20.0,641.02,4.0,0
FUL_005273,BK_005273,DRV_0189,VEH_0189,2026-02-23 23:48:27,2026-02-23 23:51:45,2026-02-23 23:53:20,2026-02-24 00:58:38,3.3,65.3,27.4,524.2,20.0,419.36,4.0,0
FUL_005274,BK_005274,DRV_0254,VEH_0254,2026-02-26 20:37:19,2026-02-26 20:44:01,2026-02-26 20:47:50,2026-02-26 21:22:38,6.7,34.8,23.8,365.52,20.0,292.42,4.0,0
FUL_005275,BK_005275,DRV_0069,VEH_0069,2026-02-19 14:46:20,2026-02-19 15:00:02,2026-02-19 15:03:26,2026-02-19 15:46:26,13.7,43.0,16.1,326.2,20.0,260.96,5.0,10
FUL_005276,BK_005276,DRV_0295,VEH_0295,2026-02-02 07:13:25,2026-02-02 07:25:19,2026-02-02 07:27:19,2026-02-02 07:42:07,11.9,14.8,9.0,338.8,20.0,271.04,5.0,0
FUL_005277,BK_005277,DRV_0194,VEH_0194,2026-03-02 05:56:46,2026-03-02 06:10:46,2026-03-02 06:14:13,2026-03-02 06:56:37,14.0,42.4,29.5,551.2,20.0,440.96,5.0,0
FUL_005278,BK_005278,DRV_0177,VEH_0177,2026-02-19 03:31:21,2026-02-19 03:40:45,2026-02-19 03:42:13,2026-02-19 04:19:43,9.4,37.5,25.5,588.0,20.0,470.4,5.0,0
FUL_005279,BK_005279,DRV_0236,VEH_0236,2026-03-10 21:46:01,2026-03-10 21:59:55,2026-03-10 22:03:49,2026-03-10 22:17:55,13.9,14.1,9.5,579.6,20.0,463.68,5.0,30
FUL_005280,BK_005280,DRV_0221,VEH_0221,2026-03-07 07:59:16,2026-03-07 08:10:28,2026-03-07 08:11:37,2026-03-07 09:04:37,11.2,53.0,21.6,333.84,20.0,267.07,5.0,0
FUL_005281,BK_005281,DRV_0197,VEH_0197,2026-02-01 19:06:58,2026-02-01 19:10:10,2026-02-01 19:11:59,2026-02-01 19:40:29,3.2,28.5,11.2,861.12,20.0,688.9,3.0,30
FUL_005282,BK_005282,DRV_0187,VEH_0187,2026-02-02 05:27:26,2026-02-02 05:31:26,2026-02-02 05:34:50,2026-02-02 05:43:56,4.0,9.1,5.5,275.52,20.0,220.42,5.0,0
FUL_005283,BK_005283,DRV_0211,VEH_0211,2026-02-27 12:21:54,2026-02-27 12:32:42,2026-02-27 12:35:42,2026-02-27 12:44:12,10.8,8.5,3.4,153.4,20.0,122.72,5.0,0
FUL_005284,BK_005284,DRV_0137,VEH_0137,2026-03-02 01:19:29,2026-03-02 01:27:23,2026-03-02 01:28:48,2026-03-02 02:29:30,7.9,60.7,27.3,560.78,20.0,448.62,5.0,30
FUL_005286,BK_005286,DRV_0031,VEH_0031,2026-02-07 07:15:25,2026-02-07 07:22:01,2026-02-07 07:23:05,2026-02-07 07:52:23,6.6,29.3,12.4,170.2,20.0,136.16,5.0,30
FUL_005287,BK_005287,DRV_0107,VEH_0107,2026-02-20 22:57:14,2026-02-20 23:04:02,2026-02-20 23:06:21,2026-02-20 23:14:03,6.8,7.7,3.9,106.6,20.0,85.28,5.0,50
FUL_005289,BK_005289,DRV_0222,VEH_0222,2026-02-19 11:12:44,2026-02-19 11:26:26,2026-02-19 11:29:06,2026-02-19 11:47:36,13.7,18.5,8.3,374.92,20.0,299.94,5.0,50
FUL_005290,BK_005290,DRV_0151,VEH_0151,2026-02-16 17:20:31,2026-02-16 17:28:13,2026-02-16 17:32:06,2026-02-16 18:36:06,7.7,64.0,29.6,760.62,20.0,608.5,4.0,30
FUL_005291,BK_005291,DRV_0152,VEH_0152,2026-02-04 13:05:25,2026-02-04 13:11:25,2026-02-04 13:14:19,2026-02-04 13:53:07,6.0,38.8,15.4,308.2,20.0,246.56,3.0,0
FUL_005292,BK_005292,DRV_0132,VEH_0132,2026-02-05 22:46:07,2026-02-05 22:56:25,2026-02-05 22:59:21,2026-02-05 23:45:45,10.3,46.4,24.5,781.2,20.0,624.96,5.0,50
FUL_005293,BK_005293,DRV_0287,VEH_0287,2026-03-16 17:46:02,2026-03-16 17:56:32,2026-03-16 17:58:12,2026-03-16 18:20:30,10.5,22.3,10.2,366.4,20.0,293.12,3.0,30
FUL_005294,BK_005294,DRV_0171,VEH_0171,2026-02-23 12:26:12,2026-02-23 12:36:12,2026-02-23 12:39:56,2026-02-23 13:39:50,10.0,59.9,25.0,320.2,20.0,256.16,4.0,50
FUL_005295,BK_005295,DRV_0222,VEH_0222,2026-02-19 11:23:07,2026-02-19 11:29:19,2026-02-19 11:32:35,2026-02-19 11:56:41,6.2,24.1,14.2,889.98,20.0,711.98,5.0,20
FUL_005298,BK_005298,DRV_0154,VEH_0154,2026-02-26 13:54:23,2026-02-26 13:59:05,2026-02-26 14:01:06,2026-02-26 14:15:12,4.7,14.1,9.6,218.2,20.0,174.56,5.0,50
FUL_005299,BK_005299,DRV_0161,VEH_0161,2026-02-02 08:44:17,2026-02-02 08:46:41,2026-02-02 08:50:06,2026-02-02 09:32:48,2.4,42.7,21.8,899.08,20.0,719.26,5.0,0
FUL_005300,BK_005300,DRV_0085,VEH_0085,2026-03-06 22:43:22,2026-03-06 22:52:40,2026-03-06 22:54:33,2026-03-06 23:20:45,9.3,26.2,16.9,532.0,20.0,425.6,5.0,0
FUL_005301,BK_005301,DRV_0282,VEH_0282,2026-03-08 07:47:37,2026-03-08 07:58:19,2026-03-08 07:59:22,2026-03-08 08:40:28,10.7,41.1,29.9,540.4,20.0,432.32,5.0,50
FUL_005302,BK_005302,DRV_0155,VEH_0155,2026-02-18 19:33:34,2026-02-18 19:45:58,2026-02-18 19:47:50,2026-02-18 19:58:38,12.4,10.8,6.0,262.08,20.0,209.66,4.0,0
FUL_005303,BK_005303,DRV_0265,VEH_0265,2026-02-17 02:52:34,2026-02-17 02:54:52,2026-02-17 02:56:26,2026-02-17 03:17:32,2.3,21.1,12.2,163.0,20.0,130.4,5.0,0
FUL_005307,BK_005307,DRV_0223,VEH_0223,2026-02-21 02:23:02,2026-02-21 02:31:26,2026-02-21 02:34:02,2026-02-21 02:50:38,8.4,16.6,10.4,146.2,20.0,116.96,4.0,10
FUL_005309,BK_005309,DRV_0111,VEH_0111,2026-03-14 20:34:05,2026-03-14 20:45:35,2026-03-14 20:48:01,2026-03-14 20:59:43,11.5,11.7,5.2,486.72,20.0,389.38,5.0,0
FUL_005310,BK_005310,DRV_0073,VEH_0073,2026-02-17 15:17:20,2026-02-17 15:23:14,2026-02-17 15:24:36,2026-02-17 15:48:12,5.9,23.6,10.4,352.8,20.0,282.24,1.0,0
FUL_005311,BK_005311,DRV_0149,VEH_0149,2026-02-09 00:22:20,2026-02-09 00:24:32,2026-02-09 00:28:18,2026-02-09 01:30:54,2.2,62.6,25.9,850.08,20.0,680.06,5.0,0
FUL_005312,BK_005312,DRV_0127,VEH_0127,2026-02-15 03:25:15,2026-02-15 03:32:39,2026-02-15 03:35:04,2026-02-15 04:02:40,7.4,27.6,17.5,242.2,20.0,193.76,5.0,50
FUL_005313,BK_005313,DRV_0193,VEH_0193,2026-02-09 21:00:19,2026-02-09 21:11:13,2026-02-09 21:14:12,2026-02-09 21:23:24,10.9,9.2,3.9,114.88,20.0,91.9,5.0,10
FUL_005314,BK_005314,DRV_0199,VEH_0199,2026-02-09 11:20:20,2026-02-09 11:25:02,2026-02-09 11:26:57,2026-02-09 11:53:09,4.7,26.2,14.8,290.36,20.0,232.29,5.0,0
FUL_005315,BK_005315,DRV_0023,VEH_0023,2026-02-05 08:57:25,2026-02-05 09:08:43,2026-02-05 09:12:23,2026-02-05 09:19:47,11.3,7.4,4.5,164.36,20.0,131.49,5.0,50
FUL_005316,BK_005316,DRV_0042,VEH_0042,2026-02-20 08:49:07,2026-02-20 08:52:19,2026-02-20 08:54:47,2026-02-20 09:32:35,3.2,37.8,17.6,639.6,20.0,511.68,5.0,0
FUL_005318,BK_005318,DRV_0119,VEH_0119,2026-02-14 20:29:51,2026-02-14 20:37:45,2026-02-14 20:41:11,2026-02-14 21:03:11,7.9,22.0,11.6,748.02,20.0,598.42,5.0,50
FUL_005319,BK_005319,DRV_0267,VEH_0267,2026-03-17 00:22:48,2026-03-17 00:25:18,2026-03-17 00:27:23,2026-03-17 01:42:29,2.5,75.1,27.6,957.84,20.0,766.27,5.0,10
FUL_005321,BK_005321,DRV_0054,VEH_0054,2026-02-12 09:35:44,2026-02-12 09:46:14,2026-02-12 09:49:54,2026-02-12 10:01:30,10.5,11.6,7.8,184.0,20.0,147.2,5.0,0
FUL_005322,BK_005322,DRV_0027,VEH_0027,2026-03-05 22:58:02,2026-03-05 23:10:44,2026-03-05 23:13:15,2026-03-05 23:35:39,12.7,22.4,14.0,231.6,20.0,185.28,4.0,0
FUL_005325,BK_005325,DRV_0262,VEH_0262,2026-02-19 21:16:30,2026-02-19 21:22:30,2026-02-19 21:25:26,2026-02-19 22:24:20,6.0,58.9,23.1,1137.92,20.0,910.34,5.0,0
FUL_005326,BK_005326,DRV_0310,VEH_0310,2026-03-16 18:35:27,2026-03-16 18:45:51,2026-03-16 18:49:24,2026-03-16 19:33:18,10.4,43.9,16.7,1179.36,20.0,943.49,5.0,0
FUL_005327,BK_005327,DRV_0079,VEH_0079,2026-02-02 19:15:53,2026-02-02 19:25:59,2026-02-02 19:29:21,2026-02-02 19:55:21,10.1,26.0,12.5,835.38,20.0,668.3,2.0,0
FUL_005329,BK_005329,DRV_0007,VEH_0007,2026-02-27 05:04:47,2026-02-27 05:13:35,2026-02-27 05:14:46,2026-02-27 05:26:04,8.8,11.3,4.5,179.4,20.0,143.52,5.0,20
FUL_005330,BK_005330,DRV_0181,VEH_0181,2026-02-04 18:38:39,2026-02-04 18:44:03,2026-02-04 18:46:39,2026-02-04 19:34:27,5.4,47.8,26.3,778.24,20.0,622.59,5.0,0
FUL_005332,BK_005332,DRV_0170,VEH_0170,2026-02-04 16:37:01,2026-02-04 16:43:49,2026-02-04 16:47:25,2026-02-04 16:56:55,6.8,9.5,3.6,103.0,20.0,82.4,5.0,0
FUL_005333,BK_005333,DRV_0209,VEH_0209,2026-02-09 23:01:29,2026-02-09 23:11:05,2026-02-09 23:13:00,2026-02-09 23:32:30,9.6,19.5,7.8,294.0,20.0,235.2,5.0,0
FUL_005334,BK_005334,DRV_0058,VEH_0058,2026-03-08 13:57:11,2026-03-08 14:07:11,2026-03-08 14:09:45,2026-03-08 14:57:15,10.0,47.5,26.6,917.28,20.0,733.82,4.0,50
FUL_005335,BK_005335,DRV_0238,VEH_0238,2026-02-19 00:09:21,2026-02-19 00:12:15,2026-02-19 00:15:41,2026-02-19 00:50:05,2.9,34.4,21.4,582.4,20.0,465.92,5.0,0
FUL_005336,BK_005336,DRV_0320,VEH_0320,2026-03-04 05:26:23,2026-03-04 05:31:53,2026-03-04 05:33:31,2026-03-04 06:13:37,5.5,40.1,22.9,678.6,20.0,542.88,4.0,0
FUL_005337,BK_005337,DRV_0103,VEH_0103,2026-02-25 17:27:54,2026-02-25 17:40:30,2026-02-25 17:42:54,2026-02-25 18:13:30,12.6,30.6,17.8,756.84,20.0,605.47,2.0,0
FUL_005340,BK_005340,DRV_0165,VEH_0165,2026-02-16 06:49:24,2026-02-16 06:59:42,2026-02-16 07:00:56,2026-02-16 07:38:14,10.3,37.3,21.8,624.0,20.0,499.2,5.0,0
FUL_005341,BK_005341,DRV_0028,VEH_0028,2026-02-05 19:04:23,2026-02-05 19:10:11,2026-02-05 19:14:09,2026-02-05 19:45:39,5.8,31.5,14.4,480.48,20.0,384.38,5.0,10
FUL_005342,BK_005342,DRV_0004,VEH_0004,2026-03-13 21:35:27,2026-03-13 21:42:45,2026-03-13 21:44:51,2026-03-13 22:35:45,7.3,50.9,27.0,1753.44,20.0,1402.75,5.0,0
FUL_005344,BK_005344,DRV_0260,VEH_0260,2026-02-02 20:42:30,2026-02-02 20:55:54,2026-02-02 20:57:23,2026-02-02 21:34:05,13.4,36.7,24.3,964.74,20.0,771.79,4.0,30
FUL_005346,BK_005346,DRV_0281,VEH_0281,2026-02-15 15:31:54,2026-02-15 15:39:24,2026-02-15 15:41:26,2026-02-15 16:42:14,7.5,60.8,27.7,806.4,20.0,645.12,4.0,0
FUL_005349,BK_005349,DRV_0049,VEH_0049,2026-03-07 12:34:15,2026-03-07 12:44:39,2026-03-07 12:47:16,2026-03-07 12:58:04,10.4,10.8,5.0,215.6,20.0,172.48,5.0,20
FUL_005350,BK_005350,DRV_0165,VEH_0165,2026-02-19 06:13:27,2026-02-19 06:19:03,2026-02-19 06:21:06,2026-02-19 06:58:48,5.6,37.7,26.7,715.0,20.0,572.0,4.0,30
FUL_005351,BK_005351,DRV_0301,VEH_0301,2026-03-09 23:40:17,2026-03-09 23:53:23,2026-03-09 23:55:08,2026-03-10 00:31:56,13.1,36.8,21.7,430.6,20.0,344.48,5.0,10
FUL_005352,BK_005352,DRV_0073,VEH_0073,2026-02-19 09:50:05,2026-02-19 09:58:53,2026-02-19 10:00:07,2026-02-19 10:24:25,8.8,24.3,12.8,580.16,20.0,464.13,5.0,0
FUL_005353,BK_005353,DRV_0149,VEH_0149,2026-02-03 15:07:29,2026-02-03 15:17:05,2026-02-03 15:21:03,2026-02-03 15:55:39,9.6,34.6,23.9,760.76,20.0,608.61,5.0,20
FUL_005355,BK_005355,DRV_0184,VEH_0184,2026-02-12 08:16:40,2026-02-12 08:22:28,2026-02-12 08:26:20,2026-02-12 08:59:08,5.8,32.8,23.9,615.44,20.0,492.35,5.0,0
FUL_005356,BK_005356,DRV_0063,VEH_0063,2026-03-14 11:20:22,2026-03-14 11:26:46,2026-03-14 11:30:30,2026-03-14 12:03:48,6.4,33.3,12.6,882.0,20.0,705.6,5.0,20
FUL_005357,BK_005357,DRV_0288,VEH_0288,2026-03-13 05:04:05,2026-03-13 05:08:35,2026-03-13 05:11:28,2026-03-13 06:05:34,4.5,54.1,22.7,445.0,20.0,356.0,5.0,50
FUL_005358,BK_005358,DRV_0255,VEH_0255,2026-03-17 19:10:19,2026-03-17 19:19:07,2026-03-17 19:22:42,2026-03-17 19:59:24,8.8,36.7,22.2,725.28,20.0,580.22,5.0,50
FUL_005359,BK_005359,DRV_0142,VEH_0142,2026-03-16 13:22:17,2026-03-16 13:24:47,2026-03-16 13:27:47,2026-03-16 14:02:29,2.5,34.7,24.1,379.92,20.0,303.94,5.0,20
FUL_005360,BK_005360,DRV_0165,VEH_0165,2026-02-15 16:05:20,2026-02-15 16:18:26,2026-02-15 16:20:33,2026-02-15 17:21:45,13.1,61.2,24.2,858.0,20.0,686.4,5.0,30
FUL_005361,BK_005361,DRV_0140,VEH_0140,2026-03-07 09:57:26,2026-03-07 10:00:32,2026-03-07 10:03:36,2026-03-07 10:29:24,3.1,25.8,16.1,814.32,20.0,651.46,5.0,50
FUL_005365,BK_005365,DRV_0270,VEH_0270,2026-02-08 11:53:54,2026-02-08 11:57:12,2026-02-08 12:01:11,2026-02-08 12:25:11,3.3,24.0,15.7,483.36,20.0,386.69,5.0,30
FUL_005366,BK_005366,DRV_0304,VEH_0304,2026-02-08 22:03:56,2026-02-08 22:15:38,2026-02-08 22:18:12,2026-02-08 22:42:00,11.7,23.8,16.5,614.88,20.0,491.9,5.0,0
FUL_005367,BK_005367,DRV_0225,VEH_0225,2026-03-15 11:54:36,2026-03-15 12:01:30,2026-03-15 12:03:38,2026-03-15 12:26:32,6.9,22.9,15.6,367.68,20.0,294.14,1.0,0
FUL_005369,BK_005369,DRV_0119,VEH_0119,2026-02-04 05:11:59,2026-02-04 05:16:41,2026-02-04 05:17:59,2026-02-04 06:08:29,4.7,50.5,29.9,798.2,20.0,638.56,5.0,20
FUL_005370,BK_005370,DRV_0237,VEH_0237,2026-03-03 11:59:24,2026-03-03 12:03:54,2026-03-03 12:05:35,2026-03-03 12:47:29,4.5,41.9,21.6,1464.12,20.0,1171.3,5.0,0
FUL_005371,BK_005371,DRV_0319,VEH_0319,2026-02-17 19:15:14,2026-02-17 19:26:08,2026-02-17 19:29:07,2026-02-17 20:19:25,10.9,50.3,26.5,851.76,20.0,681.41,5.0,50
FUL_005372,BK_005372,DRV_0284,VEH_0284,2026-03-12 04:30:28,2026-03-12 04:43:58,2026-03-12 04:45:42,2026-03-12 05:15:18,13.5,29.6,22.1,603.2,20.0,482.56,5.0,10
FUL_005375,BK_005375,DRV_0053,VEH_0053,2026-02-25 04:46:24,2026-02-25 04:54:30,2026-02-25 04:56:55,2026-02-25 05:12:37,8.1,15.7,10.7,171.38,20.0,137.1,4.0,10
FUL_005377,BK_005377,DRV_0139,VEH_0139,2026-02-22 16:03:21,2026-02-22 16:14:33,2026-02-22 16:15:48,2026-02-22 17:20:06,11.2,64.3,25.5,770.0,20.0,616.0,3.0,0
FUL_005378,BK_005378,DRV_0052,VEH_0052,2026-02-25 06:02:08,2026-02-25 06:07:26,2026-02-25 06:11:14,2026-02-25 06:40:50,5.3,29.6,14.2,202.6,20.0,162.08,3.0,50
FUL_005382,BK_005382,DRV_0172,VEH_0172,2026-02-11 10:00:19,2026-02-11 10:09:55,2026-02-11 10:11:42,2026-02-11 10:42:24,9.6,30.7,11.8,597.12,20.0,477.7,5.0,0
FUL_005383,BK_005383,DRV_0042,VEH_0042,2026-02-01 22:45:56,2026-02-01 22:57:20,2026-02-01 22:58:24,2026-02-01 23:41:12,11.4,42.8,29.3,777.4,20.0,621.92,2.0,0
FUL_005384,BK_005384,DRV_0074,VEH_0074,2026-02-17 21:01:40,2026-02-17 21:11:58,2026-02-17 21:14:22,2026-02-17 22:19:16,10.3,64.9,26.5,1357.2,20.0,1085.76,4.0,50
FUL_005385,BK_005385,DRV_0262,VEH_0262,2026-03-02 07:52:56,2026-03-02 08:03:38,2026-03-02 08:06:10,2026-03-02 08:17:10,10.7,11.0,6.6,277.2,20.0,221.76,5.0,10
FUL_005388,BK_005388,DRV_0055,VEH_0055,2026-03-03 05:26:13,2026-03-03 05:28:25,2026-03-03 05:30:15,2026-03-03 06:21:21,2.2,51.1,18.5,253.0,20.0,202.4,2.0,0
FUL_005389,BK_005389,DRV_0261,VEH_0261,2026-02-05 22:44:21,2026-02-05 22:52:33,2026-02-05 22:55:22,2026-02-05 23:38:46,8.2,43.4,20.0,649.6,20.0,519.68,5.0,0
FUL_005390,BK_005390,DRV_0183,VEH_0183,2026-03-10 16:27:46,2026-03-10 16:33:40,2026-03-10 16:35:04,2026-03-10 17:30:40,5.9,55.6,27.5,633.36,20.0,506.69,5.0,0
FUL_005391,BK_005391,DRV_0198,VEH_0198,2026-03-01 15:11:50,2026-03-01 15:13:50,2026-03-01 15:17:48,2026-03-01 15:49:36,2.0,31.8,20.0,467.04,20.0,373.63,5.0,0
FUL_005392,BK_005392,DRV_0187,VEH_0187,2026-03-02 14:14:09,2026-03-02 14:18:27,2026-03-02 14:19:29,2026-03-02 15:15:11,4.3,55.7,25.9,764.4,20.0,611.52,5.0,50
FUL_005395,BK_005395,DRV_0302,VEH_0302,2026-02-12 23:51:55,2026-02-12 23:57:25,2026-02-12 23:58:59,2026-02-13 00:04:05,5.5,5.1,2.7,165.36,20.0,132.29,5.0,10
FUL_005396,BK_005396,DRV_0197,VEH_0197,2026-02-02 18:29:54,2026-02-02 18:42:42,2026-02-02 18:46:39,2026-02-02 19:49:21,12.8,62.7,26.5,1556.1,20.0,1244.88,5.0,0
FUL_005397,BK_005397,DRV_0235,VEH_0235,2026-03-15 13:40:28,2026-03-15 13:49:10,2026-03-15 13:50:22,2026-03-15 14:15:16,8.7,24.9,15.7,362.78,20.0,290.22,5.0,10
FUL_005398,BK_005398,DRV_0235,VEH_0235,2026-02-10 12:07:00,2026-02-10 12:15:06,2026-02-10 12:16:36,2026-02-10 13:00:42,8.1,44.1,21.6,518.88,20.0,415.1,5.0,20
FUL_005399,BK_005399,DRV_0233,VEH_0233,2026-02-06 01:32:13,2026-02-06 01:36:55,2026-02-06 01:39:30,2026-02-06 02:09:42,4.7,30.2,15.6,460.2,20.0,368.16,5.0,0
FUL_005400,BK_005400,DRV_0204,VEH_0204,2026-02-05 15:17:24,2026-02-05 15:31:06,2026-02-05 15:34:19,2026-02-05 15:45:49,13.7,11.5,7.5,249.6,20.0,199.68,5.0,0
FUL_005401,BK_005401,DRV_0149,VEH_0149,2026-03-14 04:42:15,2026-03-14 04:48:09,2026-03-14 04:49:26,2026-03-14 05:09:08,5.9,19.7,11.7,389.2,20.0,311.36,5.0,10
FUL_005402,BK_005402,DRV_0145,VEH_0145,2026-03-13 04:56:19,2026-03-13 05:06:55,2026-03-13 05:08:02,2026-03-13 05:40:32,10.6,32.5,13.8,339.6,20.0,271.68,5.0,20
FUL_005403,BK_005403,DRV_0047,VEH_0047,2026-03-09 22:32:27,2026-03-09 22:40:03,2026-03-09 22:43:56,2026-03-09 23:08:02,7.6,24.1,10.8,396.24,20.0,316.99,5.0,0
FUL_005404,BK_005404,DRV_0070,VEH_0070,2026-03-08 18:19:24,2026-03-08 18:24:18,2026-03-08 18:25:18,2026-03-08 18:51:48,4.9,26.5,15.3,689.92,20.0,551.94,5.0,10
FUL_005405,BK_005405,DRV_0147,VEH_0147,2026-02-27 21:54:32,2026-02-27 21:58:08,2026-02-27 22:00:21,2026-02-27 22:11:39,3.6,11.3,5.2,132.16,20.0,105.73,5.0,50
FUL_005406,BK_005406,DRV_0318,VEH_0318,2026-02-11 02:54:42,2026-02-11 03:07:00,2026-02-11 03:10:20,2026-02-11 03:47:56,12.3,37.6,20.5,587.6,20.0,470.08,3.0,10
FUL_005407,BK_005407,DRV_0202,VEH_0202,2026-03-12 20:48:29,2026-03-12 21:00:29,2026-03-12 21:02:32,2026-03-12 21:07:44,12.0,5.2,2.9,168.48,20.0,134.78,4.0,10
FUL_005408,BK_005408,DRV_0142,VEH_0142,2026-03-12 04:32:04,2026-03-12 04:44:58,2026-03-12 04:47:40,2026-03-12 05:13:04,12.9,25.4,13.1,188.54,20.0,150.83,4.0,0
FUL_005409,BK_005409,DRV_0227,VEH_0227,2026-02-18 03:48:24,2026-02-18 03:58:12,2026-02-18 04:01:51,2026-02-18 04:59:39,9.8,57.8,25.6,320.2,20.0,256.16,5.0,0
FUL_005410,BK_005410,DRV_0057,VEH_0057,2026-02-20 18:53:36,2026-02-20 18:58:06,2026-02-20 19:01:53,2026-02-20 19:16:17,4.5,14.4,8.3,661.44,20.0,529.15,5.0,10
FUL_005411,BK_005411,DRV_0087,VEH_0087,2026-03-15 13:37:15,2026-03-15 13:50:51,2026-03-15 13:54:21,2026-03-15 14:17:15,13.6,22.9,14.8,200.2,20.0,160.16,5.0,50
FUL_005414,BK_005414,DRV_0317,VEH_0317,2026-02-06 13:42:15,2026-02-06 13:48:27,2026-02-06 13:49:49,2026-02-06 14:20:55,6.2,31.1,23.1,629.2,20.0,503.36,5.0,30
FUL_005415,BK_005415,DRV_0172,VEH_0172,2026-02-13 13:35:54,2026-02-13 13:42:30,2026-02-13 13:44:28,2026-02-13 14:18:40,6.6,34.2,13.0,324.48,20.0,259.58,5.0,10
FUL_005416,BK_005416,DRV_0311,VEH_0311,2026-02-16 13:15:16,2026-02-16 13:28:40,2026-02-16 13:30:45,2026-02-16 13:40:45,13.4,10.0,6.0,151.6,20.0,121.28,5.0,10
FUL_005418,BK_005418,DRV_0091,VEH_0091,2026-03-03 00:39:44,2026-03-03 00:50:14,2026-03-03 00:52:29,2026-03-03 01:45:11,10.5,52.7,22.7,292.6,20.0,234.08,4.0,10
FUL_005420,BK_005420,DRV_0063,VEH_0063,2026-02-08 16:06:05,2026-02-08 16:18:29,2026-02-08 16:19:44,2026-02-08 16:46:38,12.4,26.9,16.5,518.0,20.0,414.4,4.0,0
FUL_005421,BK_005421,DRV_0263,VEH_0263,2026-03-13 23:48:59,2026-03-13 23:53:53,2026-03-13 23:57:51,2026-03-14 00:40:51,4.9,43.0,24.4,360.14,20.0,288.11,4.0,20
FUL_005422,BK_005422,DRV_0161,VEH_0161,2026-02-08 10:50:36,2026-02-08 11:00:12,2026-02-08 11:02:52,2026-02-08 11:28:16,9.6,25.4,16.0,577.2,20.0,461.76,5.0,0
FUL_005423,BK_005423,DRV_0271,VEH_0271,2026-02-19 15:27:24,2026-02-19 15:40:42,2026-02-19 15:42:28,2026-02-19 15:57:04,13.3,14.6,8.8,214.28,20.0,171.42,5.0,50
FUL_005424,BK_005424,DRV_0027,VEH_0027,2026-02-20 20:18:01,2026-02-20 20:25:13,2026-02-20 20:28:57,2026-02-20 20:38:03,7.2,9.1,4.9,96.24,20.0,76.99,5.0,0
FUL_005425,BK_005425,DRV_0209,VEH_0209,2026-02-26 00:55:39,2026-02-26 01:07:57,2026-02-26 01:11:00,2026-02-26 01:32:48,12.3,21.8,14.2,473.2,20.0,378.56,4.0,0
FUL_005426,BK_005426,DRV_0305,VEH_0305,2026-02-05 23:38:05,2026-02-05 23:43:23,2026-02-05 23:45:10,2026-02-06 00:18:16,5.3,33.1,13.1,436.8,20.0,349.44,5.0,0
FUL_005427,BK_005427,DRV_0273,VEH_0273,2026-03-15 02:09:40,2026-03-15 02:20:34,2026-03-15 02:22:23,2026-03-15 02:55:35,10.9,33.2,19.0,312.24,20.0,249.79,4.0,0
FUL_005428,BK_005428,DRV_0004,VEH_0004,2026-03-13 04:43:15,2026-03-13 04:54:03,2026-03-13 04:57:11,2026-03-13 05:36:23,10.8,39.2,28.2,743.6,20.0,594.88,5.0,20
FUL_005429,BK_005429,DRV_0094,VEH_0094,2026-02-22 23:17:51,2026-02-22 23:20:33,2026-02-22 23:23:55,2026-02-23 00:03:07,2.7,39.2,26.8,537.02,20.0,429.62,5.0,20
FUL_005431,BK_005431,DRV_0214,VEH_0214,2026-02-15 20:24:05,2026-02-15 20:34:47,2026-02-15 20:37:34,2026-02-15 21:21:10,10.7,43.6,27.6,758.1,20.0,606.48,5.0,20
FUL_005432,BK_005432,DRV_0030,VEH_0030,2026-02-26 10:45:18,2026-02-26 10:56:18,2026-02-26 10:58:01,2026-02-26 11:38:01,11.0,40.0,27.5,408.72,20.0,326.98,5.0,50
FUL_005433,BK_005433,DRV_0310,VEH_0310,2026-02-17 15:17:18,2026-02-17 15:29:06,2026-02-17 15:31:01,2026-02-17 15:47:13,11.8,16.2,7.0,247.0,20.0,197.6,5.0,0
FUL_005434,BK_005434,DRV_0006,VEH_0006,2026-02-20 20:51:27,2026-02-20 21:02:03,2026-02-20 21:03:41,2026-02-20 21:31:53,10.6,28.2,15.5,497.76,20.0,398.21,5.0,10
FUL_005435,BK_005435,DRV_0198,VEH_0198,2026-03-14 04:48:53,2026-03-14 04:53:59,2026-03-14 04:55:02,2026-03-14 05:22:32,5.1,27.5,17.0,386.54,20.0,309.23,5.0,0
FUL_005436,BK_005436,DRV_0096,VEH_0096,2026-03-07 23:08:57,2026-03-07 23:17:03,2026-03-07 23:18:21,2026-03-07 23:42:33,8.1,24.2,15.3,207.4,20.0,165.92,5.0,0
FUL_005437,BK_005437,DRV_0013,VEH_0013,2026-03-05 04:50:30,2026-03-05 04:54:54,2026-03-05 04:57:59,2026-03-05 05:19:47,4.4,21.8,9.0,205.6,20.0,164.48,4.0,0
FUL_005438,BK_005438,DRV_0012,VEH_0012,2026-02-01 18:30:22,2026-02-01 18:40:52,2026-02-01 18:44:49,2026-02-01 19:03:19,10.5,18.5,12.7,321.48,20.0,257.18,5.0,0
FUL_005439,BK_005439,DRV_0019,VEH_0019,2026-03-02 01:04:42,2026-03-02 01:09:30,2026-03-02 01:11:27,2026-03-02 01:47:39,4.8,36.2,20.6,585.0,20.0,468.0,5.0,20
FUL_005440,BK_005440,DRV_0308,VEH_0308,2026-03-05 17:00:00,2026-03-05 17:07:54,2026-03-05 17:11:25,2026-03-05 17:21:49,7.9,10.4,6.7,280.28,20.0,224.22,5.0,0
FUL_005441,BK_005441,DRV_0138,VEH_0138,2026-03-09 08:47:03,2026-03-09 08:56:57,2026-03-09 08:58:04,2026-03-09 09:34:52,9.9,36.8,19.4,664.92,20.0,531.94,5.0,10
FUL_005444,BK_005444,DRV_0197,VEH_0197,2026-02-12 16:42:29,2026-02-12 16:55:47,2026-02-12 16:58:14,2026-02-12 17:34:20,13.3,36.1,16.5,504.4,20.0,403.52,4.0,50
FUL_005445,BK_005445,DRV_0115,VEH_0115,2026-03-14 21:51:24,2026-03-14 22:04:00,2026-03-14 22:06:57,2026-03-14 22:55:03,12.6,48.1,27.3,1322.88,20.0,1058.3,4.0,0
FUL_005446,BK_005446,DRV_0004,VEH_0004,2026-03-10 06:21:07,2026-03-10 06:34:07,2026-03-10 06:37:40,2026-03-10 07:10:58,13.0,33.3,16.1,491.4,20.0,393.12,5.0,10
FUL_005449,BK_005449,DRV_0064,VEH_0064,2026-02-23 00:40:07,2026-02-23 00:47:49,2026-02-23 00:50:31,2026-02-23 01:15:49,7.7,25.3,12.7,171.4,20.0,137.12,5.0,0
FUL_005450,BK_005450,DRV_0030,VEH_0030,2026-03-01 05:10:11,2026-03-01 05:20:47,2026-03-01 05:24:27,2026-03-01 06:06:09,10.6,41.7,24.2,362.64,20.0,290.11,5.0,30
FUL_005452,BK_005452,DRV_0211,VEH_0211,2026-03-03 03:19:42,2026-03-03 03:30:42,2026-03-03 03:32:43,2026-03-03 04:06:13,11.0,33.5,19.5,640.64,20.0,512.51,5.0,0
FUL_005453,BK_005453,DRV_0078,VEH_0078,2026-02-02 06:07:12,2026-02-02 06:12:36,2026-02-02 06:15:07,2026-02-02 06:32:13,5.4,17.1,9.2,306.8,20.0,245.44,4.0,0
FUL_005455,BK_005455,DRV_0136,VEH_0136,2026-02-13 13:34:32,2026-02-13 13:42:08,2026-02-13 13:45:56,2026-02-13 14:36:50,7.6,50.9,22.1,312.62,20.0,250.1,4.0,0
FUL_005456,BK_005456,DRV_0289,VEH_0289,2026-03-09 10:17:30,2026-03-09 10:25:36,2026-03-09 10:26:59,2026-03-09 11:32:23,8.1,65.4,24.6,575.04,20.0,460.03,3.0,50
FUL_005457,BK_005457,DRV_0162,VEH_0162,2026-02-12 02:40:46,2026-02-12 02:47:04,2026-02-12 02:49:37,2026-02-12 02:55:43,6.3,6.1,4.5,209.04,20.0,167.23,2.0,0
FUL_005458,BK_005458,DRV_0229,VEH_0229,2026-02-19 04:32:14,2026-02-19 04:37:26,2026-02-19 04:39:45,2026-02-19 05:16:27,5.2,36.7,26.9,865.48,20.0,692.38,5.0,10
FUL_005459,BK_005459,DRV_0173,VEH_0173,2026-03-01 17:25:52,2026-03-01 17:35:28,2026-03-01 17:39:11,2026-03-01 18:01:11,9.6,22.0,13.4,522.36,20.0,417.89,5.0,0
FUL_005460,BK_005460,DRV_0064,VEH_0064,2026-03-08 15:17:06,2026-03-08 15:23:18,2026-03-08 15:26:10,2026-03-08 15:47:52,6.2,21.7,10.7,154.6,20.0,123.68,5.0,20
FUL_005462,BK_005462,DRV_0302,VEH_0302,2026-03-18 05:09:47,2026-03-18 05:14:23,2026-03-18 05:16:07,2026-03-18 06:02:19,4.6,46.2,26.4,738.4,20.0,590.72,5.0,30
FUL_005463,BK_005463,DRV_0136,VEH_0136,2026-02-06 14:31:14,2026-02-06 14:40:56,2026-02-06 14:42:07,2026-02-06 15:48:01,9.7,65.9,27.4,415.92,20.0,332.74,5.0,0
FUL_005464,BK_005464,DRV_0043,VEH_0043,2026-03-09 18:46:29,2026-03-09 19:00:17,2026-03-09 19:04:10,2026-03-09 19:33:10,13.8,29.0,12.8,440.16,20.0,352.13,5.0,20
FUL_005465,BK_005465,DRV_0278,VEH_0278,2026-02-13 06:19:11,2026-02-13 06:31:41,2026-02-13 06:35:27,2026-02-13 07:19:21,12.5,43.9,23.5,678.6,20.0,542.88,5.0,0
FUL_005466,BK_005466,DRV_0248,VEH_0248,2026-02-21 05:40:08,2026-02-21 05:52:02,2026-02-21 05:55:16,2026-02-21 06:53:40,11.9,58.4,25.0,464.8,20.0,371.84,5.0,0
FUL_005467,BK_005467,DRV_0006,VEH_0006,2026-02-15 13:51:16,2026-02-15 14:01:34,2026-02-15 14:05:28,2026-02-15 15:11:28,10.3,66.0,25.0,397.2,20.0,317.76,5.0,0
FUL_005468,BK_005468,DRV_0199,VEH_0199,2026-02-03 07:27:52,2026-02-03 07:30:40,2026-02-03 07:34:16,2026-02-03 08:16:16,2.8,42.0,28.2,339.4,20.0,271.52,5.0,0
FUL_005469,BK_005469,DRV_0015,VEH_0015,2026-02-04 12:00:32,2026-02-04 12:04:20,2026-02-04 12:06:54,2026-02-04 12:34:30,3.8,27.6,20.3,612.04,20.0,489.63,5.0,50
FUL_005470,BK_005470,DRV_0117,VEH_0117,2026-02-12 05:11:21,2026-02-12 05:24:09,2026-02-12 05:25:11,2026-02-12 06:06:29,12.8,41.3,25.8,806.4,20.0,645.12,5.0,0
FUL_005471,BK_005471,DRV_0243,VEH_0243,2026-02-01 15:08:27,2026-02-01 15:16:15,2026-02-01 15:18:09,2026-02-01 16:02:57,7.8,44.8,23.5,316.6,20.0,253.28,5.0,0
FUL_005473,BK_005473,DRV_0030,VEH_0030,2026-03-14 02:19:17,2026-03-14 02:31:17,2026-03-14 02:35:01,2026-03-14 03:07:01,12.0,32.0,21.0,265.0,20.0,212.0,4.0,0
FUL_005474,BK_005474,DRV_0305,VEH_0305,2026-03-10 13:56:57,2026-03-10 14:01:33,2026-03-10 14:04:07,2026-03-10 14:15:19,4.6,11.2,6.8,309.12,20.0,247.3,5.0,50
FUL_005475,BK_005475,DRV_0239,VEH_0239,2026-03-07 05:50:19,2026-03-07 06:03:19,2026-03-07 06:06:53,2026-03-07 06:37:17,13.0,30.4,16.8,338.8,20.0,271.04,5.0,0
FUL_005477,BK_005477,DRV_0186,VEH_0186,2026-03-01 22:35:26,2026-03-01 22:46:20,2026-03-01 22:48:09,2026-03-01 23:13:51,10.9,25.7,12.0,386.4,20.0,309.12,5.0,30
FUL_005479,BK_005479,DRV_0204,VEH_0204,2026-03-01 05:53:00,2026-03-01 06:04:18,2026-03-01 06:06:08,2026-03-01 06:16:56,11.3,10.8,6.1,228.8,20.0,183.04,5.0,50
FUL_005480,BK_005480,DRV_0281,VEH_0281,2026-03-01 01:30:46,2026-03-01 01:34:10,2026-03-01 01:37:14,2026-03-01 02:13:20,3.4,36.1,23.5,700.0,20.0,560.0,5.0,20
FUL_005481,BK_005481,DRV_0082,VEH_0082,2026-03-10 04:30:10,2026-03-10 04:41:22,2026-03-10 04:44:02,2026-03-10 04:48:56,11.2,4.9,2.7,88.6,20.0,70.88,5.0,0
FUL_005482,BK_005482,DRV_0096,VEH_0096,2026-02-23 12:09:44,2026-02-23 12:17:56,2026-02-23 12:19:29,2026-02-23 12:42:05,8.2,22.6,14.6,206.2,20.0,164.96,5.0,0
FUL_005486,BK_005486,DRV_0229,VEH_0229,2026-03-15 05:31:21,2026-03-15 05:40:09,2026-03-15 05:44:00,2026-03-15 06:50:18,8.8,66.3,27.3,806.4,20.0,645.12,5.0,0
FUL_005487,BK_005487,DRV_0138,VEH_0138,2026-03-16 07:03:22,2026-03-16 07:16:22,2026-03-16 07:18:21,2026-03-16 07:50:57,13.0,32.6,15.2,304.6,20.0,243.68,5.0,10
FUL_005488,BK_005488,DRV_0191,VEH_0191,2026-02-19 16:21:20,2026-02-19 16:26:32,2026-02-19 16:28:05,2026-02-19 17:08:23,5.2,40.3,15.6,492.8,20.0,394.24,5.0,10
FUL_005489,BK_005489,DRV_0269,VEH_0269,2026-03-17 02:02:18,2026-03-17 02:13:06,2026-03-17 02:15:28,2026-03-17 03:05:46,10.8,50.3,20.1,385.6,20.0,308.48,5.0,10
FUL_005491,BK_005491,DRV_0073,VEH_0073,2026-02-04 15:42:30,2026-02-04 15:53:30,2026-02-04 15:57:18,2026-02-04 16:58:12,11.0,60.9,26.9,837.2,20.0,669.76,5.0,0
FUL_005493,BK_005493,DRV_0205,VEH_0205,2026-03-05 22:29:16,2026-03-05 22:35:52,2026-03-05 22:37:46,2026-03-05 23:14:52,6.6,37.1,24.4,686.4,20.0,549.12,5.0,0
FUL_005494,BK_005494,DRV_0118,VEH_0118,2026-02-06 11:42:44,2026-02-06 11:52:20,2026-02-06 11:55:19,2026-02-06 12:39:31,9.6,44.2,25.1,1827.84,20.0,1462.27,2.0,0
FUL_005495,BK_005495,DRV_0223,VEH_0223,2026-02-08 03:53:18,2026-02-08 03:59:18,2026-02-08 04:01:15,2026-02-08 04:41:39,6.0,40.4,25.5,394.32,20.0,315.46,5.0,0
FUL_005497,BK_005497,DRV_0184,VEH_0184,2026-02-05 13:29:19,2026-02-05 13:39:01,2026-02-05 13:42:55,2026-02-05 14:00:55,9.7,18.0,10.8,223.6,20.0,178.88,2.0,30
FUL_005499,BK_005499,DRV_0247,VEH_0247,2026-02-03 21:52:00,2026-02-03 22:06:00,2026-02-03 22:07:57,2026-02-03 22:45:03,14.0,37.1,21.8,1030.4,20.0,824.32,5.0,20
FUL_005501,BK_005501,DRV_0049,VEH_0049,2026-03-17 17:09:23,2026-03-17 17:18:41,2026-03-17 17:20:14,2026-03-17 17:41:20,9.3,21.1,14.3,748.16,20.0,598.53,5.0,50
FUL_005502,BK_005502,DRV_0109,VEH_0109,2026-02-17 18:54:38,2026-02-17 19:00:32,2026-02-17 19:03:04,2026-02-17 19:29:52,5.9,26.8,13.7,753.48,20.0,602.78,4.0,10
FUL_005503,BK_005503,DRV_0070,VEH_0070,2026-02-20 12:49:58,2026-02-20 13:02:52,2026-02-20 13:04:55,2026-02-20 13:45:49,12.9,40.9,24.3,733.6,20.0,586.88,3.0,0
FUL_005506,BK_005506,DRV_0150,VEH_0150,2026-03-17 01:42:29,2026-03-17 01:45:35,2026-03-17 01:48:52,2026-03-17 02:28:52,3.1,40.0,18.3,553.8,20.0,443.04,1.0,50
FUL_005508,BK_005508,DRV_0043,VEH_0043,2026-03-01 10:34:58,2026-03-01 10:42:04,2026-03-01 10:45:57,2026-03-01 11:43:33,7.1,57.6,22.9,614.46,20.0,491.57,4.0,20
FUL_005509,BK_005509,DRV_0109,VEH_0109,2026-02-09 08:01:22,2026-02-09 08:10:40,2026-02-09 08:11:58,2026-02-09 08:35:16,9.3,23.3,14.4,719.68,20.0,575.74,5.0,30
FUL_005510,BK_005510,DRV_0238,VEH_0238,2026-03-08 00:12:18,2026-03-08 00:24:24,2026-03-08 00:25:25,2026-03-08 00:39:55,12.1,14.5,6.8,241.8,20.0,193.44,5.0,0
FUL_005512,BK_005512,DRV_0254,VEH_0254,2026-02-10 06:19:48,2026-02-10 06:25:06,2026-02-10 06:28:04,2026-02-10 06:50:52,5.3,22.8,15.0,251.76,20.0,201.41,5.0,0
FUL_005514,BK_005514,DRV_0117,VEH_0117,2026-03-06 15:28:42,2026-03-06 15:38:36,2026-03-06 15:39:39,2026-03-06 15:50:45,9.9,11.1,6.2,249.2,20.0,199.36,5.0,20
FUL_005515,BK_005515,DRV_0064,VEH_0064,2026-02-24 07:39:57,2026-02-24 07:49:03,2026-02-24 07:52:40,2026-02-24 08:00:46,9.1,8.1,5.2,89.8,20.0,71.84,5.0,10
FUL_005516,BK_005516,DRV_0196,VEH_0196,2026-02-01 13:53:37,2026-02-01 14:04:01,2026-02-01 14:06:48,2026-02-01 14:32:30,10.4,25.7,13.0,410.8,20.0,328.64,4.0,0
FUL_005517,BK_005517,DRV_0001,VEH_0001,2026-03-13 12:09:03,2026-03-13 12:19:39,2026-03-13 12:22:34,2026-03-13 12:56:34,10.6,34.0,18.8,548.6,20.0,438.88,5.0,0
FUL_005518,BK_005518,DRV_0233,VEH_0233,2026-03-09 09:22:28,2026-03-09 09:26:52,2026-03-09 09:30:02,2026-03-09 10:10:56,4.4,40.9,25.7,1282.32,20.0,1025.86,5.0,50
FUL_005519,BK_005519,DRV_0239,VEH_0239,2026-03-09 21:41:38,2026-03-09 21:50:20,2026-03-09 21:52:01,2026-03-09 22:29:01,8.7,37.0,27.1,898.2,20.0,718.56,5.0,0
FUL_005521,BK_005521,DRV_0177,VEH_0177,2026-03-09 11:17:09,2026-03-09 11:31:09,2026-03-09 11:34:04,2026-03-09 12:17:46,14.0,43.7,16.9,421.68,20.0,337.34,5.0,20
FUL_005522,BK_005522,DRV_0146,VEH_0146,2026-03-10 20:10:23,2026-03-10 20:17:23,2026-03-10 20:19:29,2026-03-10 20:54:11,7.0,34.7,22.8,976.08,20.0,780.86,5.0,30
FUL_005523,BK_005523,DRV_0006,VEH_0006,2026-02-17 16:52:21,2026-02-17 16:56:51,2026-02-17 16:57:53,2026-02-17 17:36:23,4.5,38.5,25.0,326.2,20.0,260.96,5.0,0
FUL_005525,BK_005525,DRV_0291,VEH_0291,2026-02-04 15:17:15,2026-02-04 15:29:57,2026-02-04 15:31:09,2026-02-04 16:08:09,12.7,37.0,15.9,324.4,20.0,259.52,5.0,20
FUL_005526,BK_005526,DRV_0186,VEH_0186,2026-02-08 23:33:37,2026-02-08 23:46:25,2026-02-08 23:49:52,2026-02-09 00:17:16,12.8,27.4,10.9,433.44,20.0,346.75,4.0,0
FUL_005529,BK_005529,DRV_0073,VEH_0073,2026-03-05 19:32:23,2026-03-05 19:36:35,2026-03-05 19:37:52,2026-03-05 19:53:22,4.2,15.5,10.0,478.24,20.0,382.59,5.0,50
FUL_005530,BK_005530,DRV_0094,VEH_0094,2026-02-26 23:07:53,2026-02-26 23:18:59,2026-02-26 23:22:47,2026-02-26 23:39:47,11.1,17.0,12.0,277.64,20.0,222.11,5.0,50
FUL_005533,BK_005533,DRV_0274,VEH_0274,2026-03-13 05:01:46,2026-03-13 05:06:40,2026-03-13 05:10:30,2026-03-13 06:11:18,4.9,60.8,28.8,759.2,20.0,607.36,4.0,0
FUL_005535,BK_005535,DRV_0245,VEH_0245,2026-03-01 10:02:04,2026-03-01 10:06:52,2026-03-01 10:08:04,2026-03-01 10:30:28,4.8,22.4,11.9,241.64,20.0,193.31,5.0,0
FUL_005536,BK_005536,DRV_0219,VEH_0219,2026-03-08 04:33:23,2026-03-08 04:42:47,2026-03-08 04:45:51,2026-03-08 04:58:15,9.4,12.4,6.0,93.4,20.0,74.72,5.0,50
FUL_005537,BK_005537,DRV_0227,VEH_0227,2026-02-15 11:40:01,2026-02-15 11:53:13,2026-02-15 11:55:24,2026-02-15 12:34:00,13.2,38.6,23.2,473.92,20.0,379.14,5.0,50
FUL_005538,BK_005538,DRV_0224,VEH_0224,2026-02-05 04:38:13,2026-02-05 04:51:25,2026-02-05 04:54:09,2026-02-05 05:20:57,13.2,26.8,17.0,520.0,20.0,416.0,5.0,0
FUL_005539,BK_005539,DRV_0180,VEH_0180,2026-03-06 23:58:28,2026-03-07 00:12:10,2026-03-07 00:13:56,2026-03-07 00:35:14,13.7,21.3,13.0,176.2,20.0,140.96,5.0,0
FUL_005540,BK_005540,DRV_0059,VEH_0059,2026-02-28 08:55:02,2026-02-28 09:08:32,2026-02-28 09:11:18,2026-02-28 09:28:36,13.5,17.3,8.9,201.28,20.0,161.02,5.0,0
FUL_005543,BK_005543,DRV_0058,VEH_0058,2026-02-03 07:10:26,2026-02-03 07:20:08,2026-02-03 07:21:46,2026-02-03 07:49:46,9.7,28.0,13.5,423.8,20.0,339.04,5.0,20
FUL_005544,BK_005544,DRV_0073,VEH_0073,2026-02-07 03:28:56,2026-02-07 03:38:56,2026-02-07 03:40:14,2026-02-07 04:24:56,10.0,44.7,23.9,900.48,20.0,720.38,5.0,0
FUL_005545,BK_005545,DRV_0085,VEH_0085,2026-03-08 03:44:16,2026-03-08 03:51:28,2026-03-08 03:52:50,2026-03-08 04:44:08,7.2,51.3,20.3,723.8,20.0,579.04,5.0,20
FUL_005546,BK_005546,DRV_0040,VEH_0040,2026-03-11 17:44:27,2026-03-11 17:53:57,2026-03-11 17:56:39,2026-03-11 18:38:15,9.5,41.6,24.0,1098.24,20.0,878.59,4.0,0
FUL_005550,BK_005550,DRV_0127,VEH_0127,2026-02-17 00:37:22,2026-02-17 00:45:10,2026-02-17 00:48:49,2026-02-17 01:06:25,7.8,17.6,9.6,139.0,20.0,111.2,5.0,0
FUL_005551,BK_005551,DRV_0222,VEH_0222,2026-03-15 10:06:22,2026-03-15 10:12:04,2026-03-15 10:15:09,2026-03-15 10:31:39,5.7,16.5,7.4,540.54,20.0,432.43,5.0,10
FUL_005552,BK_005552,DRV_0117,VEH_0117,2026-03-07 14:56:53,2026-03-07 15:10:05,2026-03-07 15:11:27,2026-03-07 16:01:03,13.2,49.6,18.4,656.04,20.0,524.83,5.0,0
FUL_005553,BK_005553,DRV_0156,VEH_0156,2026-02-10 09:31:21,2026-02-10 09:44:03,2026-02-10 09:45:49,2026-02-10 10:56:55,12.7,71.1,27.4,1632.54,20.0,1306.03,5.0,0
FUL_005554,BK_005554,DRV_0104,VEH_0104,2026-02-15 13:26:32,2026-02-15 13:37:32,2026-02-15 13:40:25,2026-02-15 14:18:49,11.0,38.4,14.4,470.4,20.0,376.32,5.0,0
FUL_005556,BK_005556,DRV_0077,VEH_0077,2026-03-08 11:56:25,2026-03-08 12:06:37,2026-03-08 12:10:36,2026-03-08 13:18:30,10.2,67.9,30.4,769.16,20.0,615.33,2.0,0
FUL_005558,BK_005558,DRV_0126,VEH_0126,2026-02-02 07:41:15,2026-02-02 07:53:33,2026-02-02 07:57:03,2026-02-02 08:50:45,12.3,53.7,23.7,319.0,20.0,255.2,5.0,20
FUL_005559,BK_005559,DRV_0314,VEH_0314,2026-02-25 08:53:11,2026-02-25 09:03:17,2026-02-25 09:06:27,2026-02-25 10:04:33,10.1,58.1,22.4,1343.16,20.0,1074.53,5.0,0
FUL_005561,BK_005561,DRV_0093,VEH_0093,2026-03-05 19:50:16,2026-03-05 19:53:28,2026-03-05 19:55:10,2026-03-05 20:21:40,3.2,26.5,16.9,611.52,20.0,489.22,5.0,0
FUL_005562,BK_005562,DRV_0117,VEH_0117,2026-03-14 13:30:09,2026-03-14 13:42:15,2026-03-14 13:43:24,2026-03-14 14:24:00,12.1,40.6,27.2,820.4,20.0,656.32,5.0,0
FUL_005563,BK_005563,DRV_0275,VEH_0275,2026-03-06 11:39:29,2026-03-06 11:47:41,2026-03-06 11:50:17,2026-03-06 12:55:23,8.2,65.1,27.4,1547.28,20.0,1237.82,5.0,0
FUL_005565,BK_005565,DRV_0259,VEH_0259,2026-03-07 14:17:22,2026-03-07 14:27:52,2026-03-07 14:30:40,2026-03-07 15:00:58,10.5,30.3,17.7,551.98,20.0,441.58,5.0,50
FUL_005566,BK_005566,DRV_0136,VEH_0136,2026-02-03 03:37:42,2026-02-03 03:45:00,2026-02-03 03:47:10,2026-02-03 04:17:22,7.3,30.2,12.1,161.8,20.0,129.44,4.0,20
FUL_005567,BK_005567,DRV_0052,VEH_0052,2026-03-04 03:06:18,2026-03-04 03:10:36,2026-03-04 03:11:49,2026-03-04 03:17:01,4.3,5.2,2.7,63.14,20.0,50.51,4.0,0
FUL_005569,BK_005569,DRV_0006,VEH_0006,2026-02-06 05:07:24,2026-02-06 05:10:18,2026-02-06 05:11:54,2026-02-06 06:04:36,2.9,52.7,23.8,317.8,20.0,254.24,5.0,20
FUL_005572,BK_005572,DRV_0089,VEH_0089,2026-02-26 19:05:34,2026-02-26 19:09:16,2026-02-26 19:13:01,2026-02-26 19:40:07,3.7,27.1,10.5,520.0,20.0,416.0,5.0,30
FUL_005573,BK_005573,DRV_0053,VEH_0053,2026-02-09 00:35:46,2026-02-09 00:49:46,2026-02-09 00:51:47,2026-02-09 01:27:41,14.0,35.9,13.2,183.4,20.0,146.72,4.0,20
FUL_005575,BK_005575,DRV_0085,VEH_0085,2026-03-12 02:14:25,2026-03-12 02:18:13,2026-03-12 02:21:36,2026-03-12 03:11:06,3.8,49.5,22.9,791.56,20.0,633.25,3.0,0
FUL_005576,BK_005576,DRV_0053,VEH_0053,2026-02-09 07:09:29,2026-02-09 07:18:59,2026-02-09 07:21:50,2026-02-09 07:40:56,9.5,19.1,13.4,197.78,20.0,158.22,3.0,0
FUL_005577,BK_005577,DRV_0264,VEH_0264,2026-02-04 15:20:21,2026-02-04 15:32:39,2026-02-04 15:35:52,2026-02-04 15:44:40,12.3,8.8,3.3,165.2,20.0,132.16,5.0,0
FUL_005578,BK_005578,DRV_0092,VEH_0092,2026-03-09 00:39:54,2026-03-09 00:48:06,2026-03-09 00:51:45,2026-03-09 01:07:51,8.2,16.1,9.2,341.88,20.0,273.5,4.0,30
FUL_005579,BK_005579,DRV_0102,VEH_0102,2026-03-05 05:39:28,2026-03-05 05:44:04,2026-03-05 05:47:02,2026-03-05 06:05:20,4.6,18.3,11.7,383.6,20.0,306.88,5.0,0
FUL_005580,BK_005580,DRV_0186,VEH_0186,2026-02-09 12:24:15,2026-02-09 12:26:33,2026-02-09 12:29:21,2026-02-09 13:25:21,2.3,56.0,22.4,714.0,20.0,571.2,4.0,30
FUL_005581,BK_005581,DRV_0068,VEH_0068,2026-02-19 15:39:52,2026-02-19 15:50:34,2026-02-19 15:53:01,2026-02-19 15:58:19,10.7,5.3,3.2,145.6,20.0,116.48,4.0,0
FUL_005582,BK_005582,DRV_0212,VEH_0212,2026-02-14 16:17:08,2026-02-14 16:30:20,2026-02-14 16:31:38,2026-02-14 16:38:50,13.2,7.2,4.4,113.8,20.0,91.04,4.0,20
FUL_005583,BK_005583,DRV_0103,VEH_0103,2026-03-05 05:55:20,2026-03-05 06:04:32,2026-03-05 06:05:54,2026-03-05 06:18:48,9.2,12.9,8.2,187.6,20.0,150.08,5.0,20
FUL_005584,BK_005584,DRV_0303,VEH_0303,2026-02-05 18:19:54,2026-02-05 18:22:00,2026-02-05 18:25:29,2026-02-05 19:00:05,2.1,34.6,18.8,677.04,20.0,541.63,3.0,0
FUL_005586,BK_005586,DRV_0195,VEH_0195,2026-03-09 09:49:53,2026-03-09 09:58:05,2026-03-09 10:00:12,2026-03-09 10:21:36,8.2,21.4,14.3,752.64,20.0,602.11,5.0,0
FUL_005588,BK_005588,DRV_0082,VEH_0082,2026-02-27 07:37:18,2026-02-27 07:42:30,2026-02-27 07:44:45,2026-02-27 08:50:51,5.2,66.1,26.3,596.64,20.0,477.31,1.0,0
FUL_005591,BK_005591,DRV_0264,VEH_0264,2026-02-28 04:37:40,2026-02-28 04:51:16,2026-02-28 04:53:05,2026-02-28 05:17:47,13.6,24.7,14.2,486.64,20.0,389.31,5.0,0
FUL_005593,BK_005593,DRV_0255,VEH_0255,2026-02-13 10:25:47,2026-02-13 10:30:53,2026-02-13 10:34:08,2026-02-13 11:13:20,5.1,39.2,23.1,421.4,20.0,337.12,5.0,10
FUL_005594,BK_005594,DRV_0273,VEH_0273,2026-02-01 21:16:20,2026-02-01 21:29:44,2026-02-01 21:31:21,2026-02-01 21:35:45,13.4,4.4,2.9,107.64,20.0,86.11,5.0,0
FUL_005596,BK_005596,DRV_0091,VEH_0091,2026-02-25 10:17:23,2026-02-25 10:30:47,2026-02-25 10:33:58,2026-02-25 10:44:04,13.4,10.1,6.4,208.74,20.0,166.99,1.0,0
FUL_005598,BK_005598,DRV_0096,VEH_0096,2026-02-24 12:31:00,2026-02-24 12:33:30,2026-02-24 12:34:30,2026-02-24 13:18:54,2.5,44.4,26.7,404.4,20.0,323.52,1.0,0
FUL_005600,BK_005600,DRV_0038,VEH_0038,2026-03-08 11:54:19,2026-03-08 12:06:55,2026-03-08 12:10:33,2026-03-08 12:27:51,12.6,17.3,7.7,477.36,20.0,381.89,5.0,0
FUL_005601,BK_005601,DRV_0057,VEH_0057,2026-03-11 11:13:51,2026-03-11 11:19:15,2026-03-11 11:21:13,2026-03-11 11:48:49,5.4,27.6,14.8,615.16,20.0,492.13,5.0,0
FUL_005603,BK_005603,DRV_0017,VEH_0017,2026-02-20 02:33:30,2026-02-20 02:40:00,2026-02-20 02:43:56,2026-02-20 03:18:14,6.5,34.3,15.4,529.76,20.0,423.81,5.0,0
FUL_005604,BK_005604,DRV_0094,VEH_0094,2026-02-23 03:50:18,2026-02-23 03:58:42,2026-02-23 04:02:18,2026-02-23 04:35:24,8.4,33.1,12.8,270.4,20.0,216.32,5.0,10
FUL_005606,BK_005606,DRV_0302,VEH_0302,2026-02-22 02:26:15,2026-02-22 02:32:09,2026-02-22 02:35:22,2026-02-22 02:59:52,5.9,24.5,16.1,543.4,20.0,434.72,5.0,30
FUL_005608,BK_005608,DRV_0254,VEH_0254,2026-03-17 00:06:10,2026-03-17 00:14:58,2026-03-17 00:18:39,2026-03-17 00:57:45,8.8,39.1,19.9,313.68,20.0,250.94,4.0,0
FUL_005609,BK_005609,DRV_0248,VEH_0248,2026-02-24 03:37:29,2026-02-24 03:48:41,2026-02-24 03:51:10,2026-02-24 04:27:40,11.2,36.5,24.8,470.2,20.0,376.16,5.0,0
FUL_005610,BK_005610,DRV_0143,VEH_0143,2026-02-10 20:15:23,2026-02-10 20:27:53,2026-02-10 20:29:06,2026-02-10 20:50:30,12.5,21.4,10.9,704.34,20.0,563.47,4.0,0
FUL_005611,BK_005611,DRV_0294,VEH_0294,2026-02-01 19:24:17,2026-02-01 19:32:17,2026-02-01 19:35:32,2026-02-01 19:58:02,8.0,22.5,15.8,774.24,20.0,619.39,5.0,10
FUL_005613,BK_005613,DRV_0150,VEH_0150,2026-02-13 14:21:40,2026-02-13 14:32:52,2026-02-13 14:34:38,2026-02-13 14:52:50,11.2,18.2,12.4,382.2,20.0,305.76,5.0,0
FUL_005614,BK_005614,DRV_0299,VEH_0299,2026-03-14 15:54:25,2026-03-14 16:00:19,2026-03-14 16:04:08,2026-03-14 16:16:26,5.9,12.3,8.5,308.0,20.0,246.4,5.0,30
FUL_005615,BK_005615,DRV_0302,VEH_0302,2026-02-19 21:55:52,2026-02-19 22:06:40,2026-02-19 22:08:52,2026-02-19 22:16:22,10.8,7.5,4.9,303.68,20.0,242.94,5.0,20
FUL_005617,BK_005617,DRV_0294,VEH_0294,2026-02-20 11:14:10,2026-02-20 11:27:40,2026-02-20 11:29:21,2026-02-20 12:00:21,13.5,31.0,18.4,916.8,20.0,733.44,5.0,0
FUL_005618,BK_005618,DRV_0310,VEH_0310,2026-03-01 15:23:44,2026-03-01 15:27:56,2026-03-01 15:29:55,2026-03-01 15:57:43,4.2,27.8,17.0,504.4,20.0,403.52,5.0,10
FUL_005619,BK_005619,DRV_0038,VEH_0038,2026-02-20 16:08:26,2026-02-20 16:14:14,2026-02-20 16:15:30,2026-02-20 17:07:30,5.8,52.0,30.0,793.0,20.0,634.4,5.0,30
FUL_005621,BK_005621,DRV_0085,VEH_0085,2026-03-06 02:58:14,2026-03-06 03:08:26,2026-03-06 03:09:39,2026-03-06 04:09:03,10.2,59.4,26.1,786.8,20.0,629.44,5.0,20
FUL_005623,BK_005623,DRV_0052,VEH_0052,2026-02-28 08:11:18,2026-02-28 08:24:00,2026-02-28 08:26:15,2026-02-28 08:54:21,12.7,28.1,18.8,531.3,20.0,425.04,5.0,0
FUL_005625,BK_005625,DRV_0005,VEH_0005,2026-02-07 22:55:12,2026-02-07 23:01:54,2026-02-07 23:03:12,2026-02-07 23:11:24,6.7,8.2,4.3,171.6,20.0,137.28,5.0,20
FUL_005626,BK_005626,DRV_0165,VEH_0165,2026-02-18 15:08:36,2026-02-18 15:12:12,2026-02-18 15:15:54,2026-02-18 15:28:24,3.6,12.5,7.1,299.52,20.0,239.62,4.0,10
FUL_005628,BK_005628,DRV_0219,VEH_0219,2026-02-16 02:07:48,2026-02-16 02:17:36,2026-02-16 02:18:40,2026-02-16 02:41:46,9.8,23.1,8.7,129.4,20.0,103.52,5.0,0
FUL_005630,BK_005630,DRV_0211,VEH_0211,2026-03-16 15:19:19,2026-03-16 15:32:55,2026-03-16 15:36:51,2026-03-16 16:03:39,13.6,26.8,17.9,512.2,20.0,409.76,5.0,10
FUL_005632,BK_005632,DRV_0142,VEH_0142,2026-03-10 05:37:59,2026-03-10 05:51:35,2026-03-10 05:54:26,2026-03-10 06:07:02,13.6,12.6,8.1,121.0,20.0,96.8,5.0,0
FUL_005633,BK_005633,DRV_0003,VEH_0003,2026-03-05 09:40:31,2026-03-05 09:53:31,2026-03-05 09:55:50,2026-03-05 10:36:08,13.0,40.3,21.4,840.84,20.0,672.67,5.0,0
FUL_005636,BK_005636,DRV_0149,VEH_0149,2026-02-27 06:45:32,2026-02-27 06:55:38,2026-02-27 06:58:33,2026-02-27 07:17:27,10.1,18.9,11.5,443.52,20.0,354.82,4.0,0
FUL_005637,BK_005637,DRV_0082,VEH_0082,2026-03-14 07:15:20,2026-03-14 07:23:56,2026-03-14 07:25:56,2026-03-14 08:34:20,8.6,68.4,26.0,495.4,20.0,396.32,5.0,0
FUL_005638,BK_005638,DRV_0150,VEH_0150,2026-03-08 01:48:34,2026-03-08 01:57:46,2026-03-08 02:01:28,2026-03-08 02:41:10,9.2,39.7,25.5,815.1,20.0,652.08,5.0,0
FUL_005639,BK_005639,DRV_0059,VEH_0059,2026-03-12 12:23:49,2026-03-12 12:32:01,2026-03-12 12:33:48,2026-03-12 12:42:18,8.2,8.5,6.1,95.8,20.0,76.64,5.0,10
FUL_005642,BK_005642,DRV_0135,VEH_0135,2026-03-12 15:55:13,2026-03-12 16:00:31,2026-03-12 16:03:06,2026-03-12 16:54:54,5.3,51.8,26.8,323.8,20.0,259.04,5.0,0
FUL_005643,BK_005643,DRV_0054,VEH_0054,2026-03-15 05:33:30,2026-03-15 05:46:54,2026-03-15 05:48:51,2026-03-15 06:28:57,13.4,40.1,20.3,260.2,20.0,208.16,2.0,0
FUL_005645,BK_005645,DRV_0304,VEH_0304,2026-03-01 22:20:18,2026-03-01 22:26:42,2026-03-01 22:29:07,2026-03-01 22:41:55,6.4,12.8,8.3,310.8,20.0,248.64,5.0,0
FUL_005647,BK_005647,DRV_0286,VEH_0286,2026-03-08 07:24:50,2026-03-08 07:37:50,2026-03-08 07:41:36,2026-03-08 08:15:18,13.0,33.7,23.4,445.0,20.0,356.0,2.0,0
FUL_005649,BK_005649,DRV_0115,VEH_0115,2026-02-08 14:21:24,2026-02-08 14:34:36,2026-02-08 14:35:37,2026-02-08 14:59:31,13.2,23.9,13.9,352.56,20.0,282.05,5.0,0
FUL_005650,BK_005650,DRV_0007,VEH_0007,2026-02-01 16:13:51,2026-02-01 16:19:09,2026-02-01 16:22:35,2026-02-01 16:44:59,5.3,22.4,9.4,314.6,20.0,251.68,2.0,0
FUL_005651,BK_005651,DRV_0107,VEH_0107,2026-02-08 05:41:48,2026-02-08 05:49:24,2026-02-08 05:50:54,2026-02-08 06:16:54,7.6,26.0,10.3,236.06,20.0,188.85,5.0,10
FUL_005652,BK_005652,DRV_0091,VEH_0091,2026-02-18 16:53:54,2026-02-18 17:05:30,2026-02-18 17:07:21,2026-02-18 17:33:57,11.6,26.6,11.8,159.4,20.0,127.52,5.0,30
FUL_005657,BK_005657,DRV_0306,VEH_0306,2026-02-09 15:01:55,2026-02-09 15:04:55,2026-02-09 15:08:37,2026-02-09 15:30:55,3.0,22.3,14.0,284.8,20.0,227.84,5.0,0
FUL_005659,BK_005659,DRV_0101,VEH_0101,2026-03-04 13:52:29,2026-03-04 14:02:05,2026-03-04 14:03:45,2026-03-04 14:24:03,9.6,20.3,13.9,423.8,20.0,339.04,4.0,20
FUL_005660,BK_005660,DRV_0288,VEH_0288,2026-02-16 07:03:58,2026-02-16 07:13:58,2026-02-16 07:15:29,2026-02-16 07:40:35,10.0,25.1,10.8,274.8,20.0,219.84,5.0,20
FUL_005661,BK_005661,DRV_0049,VEH_0049,2026-02-24 16:24:15,2026-02-24 16:36:15,2026-02-24 16:39:20,2026-02-24 17:01:08,12.0,21.8,12.4,417.2,20.0,333.76,5.0,50
FUL_005662,BK_005662,DRV_0019,VEH_0019,2026-02-22 10:05:09,2026-02-22 10:18:21,2026-02-22 10:22:14,2026-02-22 10:33:02,13.2,10.8,4.3,274.56,20.0,219.65,4.0,0
FUL_005663,BK_005663,DRV_0154,VEH_0154,2026-02-07 19:22:45,2026-02-07 19:28:27,2026-02-07 19:31:46,2026-02-07 20:04:22,5.7,32.6,18.6,494.48,20.0,395.58,5.0,10
FUL_005664,BK_005664,DRV_0042,VEH_0042,2026-02-08 17:26:06,2026-02-08 17:30:18,2026-02-08 17:33:12,2026-02-08 17:54:24,4.2,21.2,12.0,797.16,20.0,637.73,5.0,20
FUL_005665,BK_005665,DRV_0060,VEH_0060,2026-02-10 15:40:08,2026-02-10 15:52:26,2026-02-10 15:55:40,2026-02-10 16:20:10,12.3,24.5,13.5,181.0,20.0,144.8,5.0,50
FUL_005668,BK_005668,DRV_0066,VEH_0066,2026-02-25 12:02:50,2026-02-25 12:10:50,2026-02-25 12:14:21,2026-02-25 12:51:27,8.0,37.1,18.8,299.28,20.0,239.42,5.0,0
FUL_005669,BK_005669,DRV_0227,VEH_0227,2026-02-25 00:34:11,2026-02-25 00:40:47,2026-02-25 00:43:25,2026-02-25 01:11:37,6.6,28.2,16.0,225.4,20.0,180.32,5.0,0
FUL_005670,BK_005670,DRV_0170,VEH_0170,2026-03-07 10:18:16,2026-03-07 10:28:52,2026-03-07 10:32:07,2026-03-07 10:43:01,10.6,10.9,6.0,231.04,20.0,184.83,5.0,50
FUL_005671,BK_005671,DRV_0189,VEH_0189,2026-02-26 17:16:17,2026-02-26 17:19:05,2026-02-26 17:22:54,2026-02-26 17:58:24,2.8,35.5,17.5,813.12,20.0,650.5,5.0,20
FUL_005672,BK_005672,DRV_0233,VEH_0233,2026-03-04 22:35:21,2026-03-04 22:47:15,2026-03-04 22:50:13,2026-03-04 23:20:37,11.9,30.4,14.9,468.0,20.0,374.4,4.0,0
FUL_005673,BK_005673,DRV_0035,VEH_0035,2026-03-02 19:43:01,2026-03-02 19:51:07,2026-03-02 19:54:54,2026-03-02 20:08:36,8.1,13.7,9.6,246.72,20.0,197.38,5.0,30
FUL_005674,BK_005674,DRV_0102,VEH_0102,2026-02-15 12:13:28,2026-02-15 12:22:52,2026-02-15 12:25:22,2026-02-15 13:22:10,9.4,56.8,27.4,831.6,20.0,665.28,5.0,0
FUL_005675,BK_005675,DRV_0073,VEH_0073,2026-03-05 20:23:11,2026-03-05 20:32:11,2026-03-05 20:35:50,2026-03-05 20:44:32,9.0,8.7,5.8,423.36,20.0,338.69,5.0,0
FUL_005676,BK_005676,DRV_0006,VEH_0006,2026-03-09 07:46:49,2026-03-09 08:00:37,2026-03-09 08:04:07,2026-03-09 08:13:13,13.8,9.1,4.1,70.6,20.0,56.48,5.0,0
FUL_005678,BK_005678,DRV_0184,VEH_0184,2026-03-16 12:35:13,2026-03-16 12:44:43,2026-03-16 12:46:52,2026-03-16 13:09:34,9.5,22.7,14.7,292.0,20.0,233.6,5.0,0
FUL_005679,BK_005679,DRV_0156,VEH_0156,2026-03-04 20:17:42,2026-03-04 20:21:54,2026-03-04 20:24:11,2026-03-04 20:45:35,4.2,21.4,13.2,942.24,20.0,753.79,5.0,0
FUL_005682,BK_005682,DRV_0318,VEH_0318,2026-02-14 17:43:53,2026-02-14 17:46:17,2026-02-14 17:48:19,2026-02-14 18:37:07,2.4,48.8,21.6,1541.28,20.0,1233.02,1.0,0
FUL_005683,BK_005683,DRV_0189,VEH_0189,2026-02-09 08:11:21,2026-02-09 08:13:45,2026-02-09 08:15:19,2026-02-09 08:43:43,2.4,28.4,15.7,365.52,20.0,292.42,5.0,10
FUL_005685,BK_005685,DRV_0096,VEH_0096,2026-02-25 07:24:16,2026-02-25 07:33:58,2026-02-25 07:36:54,2026-02-25 07:43:36,9.7,6.7,3.5,77.52,20.0,62.02,5.0,0
FUL_005686,BK_005686,DRV_0189,VEH_0189,2026-02-20 04:17:31,2026-02-20 04:30:07,2026-02-20 04:32:05,2026-02-20 04:59:29,12.6,27.4,19.4,378.4,20.0,302.72,5.0,0
FUL_005687,BK_005687,DRV_0138,VEH_0138,2026-02-02 10:03:16,2026-02-02 10:14:04,2026-02-02 10:16:15,2026-02-02 11:01:45,10.8,45.5,22.9,518.88,20.0,415.1,4.0,20
FUL_005688,BK_005688,DRV_0009,VEH_0009,2026-02-22 22:11:22,2026-02-22 22:17:10,2026-02-22 22:19:51,2026-02-22 22:23:57,5.8,4.1,2.9,99.44,20.0,79.55,4.0,0
FUL_005689,BK_005689,DRV_0013,VEH_0013,2026-02-18 09:19:27,2026-02-18 09:23:39,2026-02-18 09:27:27,2026-02-18 09:38:27,4.2,11.0,6.6,292.32,20.0,233.86,5.0,0
FUL_005690,BK_005690,DRV_0287,VEH_0287,2026-02-02 03:28:16,2026-02-02 03:31:52,2026-02-02 03:35:17,2026-02-02 04:10:41,3.6,35.4,21.3,438.02,20.0,350.42,5.0,0
FUL_005693,BK_005693,DRV_0116,VEH_0116,2026-03-16 12:52:59,2026-03-16 13:00:11,2026-03-16 13:01:23,2026-03-16 13:17:59,7.2,16.6,8.4,231.6,20.0,185.28,5.0,20
FUL_005694,BK_005694,DRV_0186,VEH_0186,2026-03-01 18:56:13,2026-03-01 19:04:49,2026-03-01 19:08:39,2026-03-01 19:55:57,8.6,47.3,27.9,1281.28,20.0,1025.02,5.0,0
FUL_005695,BK_005695,DRV_0136,VEH_0136,2026-02-09 14:53:18,2026-02-09 15:03:06,2026-02-09 15:06:11,2026-02-09 15:16:35,9.8,10.4,5.6,89.8,20.0,71.84,2.0,0
FUL_005696,BK_005696,DRV_0061,VEH_0061,2026-03-17 06:56:26,2026-03-17 07:03:32,2026-03-17 07:06:43,2026-03-17 07:39:55,7.1,33.2,20.3,265.0,20.0,212.0,4.0,0
FUL_005697,BK_005697,DRV_0053,VEH_0053,2026-02-15 18:23:31,2026-02-15 18:31:25,2026-02-15 18:35:07,2026-02-15 18:56:37,7.9,21.5,14.5,285.32,20.0,228.26,4.0,50
FUL_005698,BK_005698,DRV_0282,VEH_0282,2026-03-06 07:13:04,2026-03-06 07:19:10,2026-03-06 07:20:18,2026-03-06 07:47:36,6.1,27.3,15.2,322.6,20.0,258.08,5.0,0
FUL_005699,BK_005699,DRV_0269,VEH_0269,2026-03-18 02:52:03,2026-03-18 02:59:57,2026-03-18 03:02:35,2026-03-18 03:33:29,7.9,30.9,13.2,283.0,20.0,226.4,5.0,20
FUL_005700,BK_005700,DRV_0206,VEH_0206,2026-02-04 11:11:42,2026-02-04 11:24:30,2026-02-04 11:27:52,2026-02-04 11:54:16,12.8,26.4,18.4,372.16,20.0,297.73,3.0,20
FUL_005701,BK_005701,DRV_0205,VEH_0205,2026-02-17 12:03:27,2026-02-17 12:11:15,2026-02-17 12:12:37,2026-02-17 12:19:19,7.8,6.7,3.5,158.6,20.0,126.88,4.0,0
FUL_005703,BK_005703,DRV_0140,VEH_0140,2026-02-07 02:24:18,2026-02-07 02:28:36,2026-02-07 02:31:04,2026-02-07 02:54:22,4.3,23.3,13.0,400.4,20.0,320.32,5.0,0
FUL_005704,BK_005704,DRV_0040,VEH_0040,2026-02-07 06:30:51,2026-02-07 06:42:57,2026-02-07 06:46:19,2026-02-07 07:38:31,12.1,52.2,26.7,622.56,20.0,498.05,5.0,0
FUL_005708,BK_005708,DRV_0201,VEH_0201,2026-03-12 04:37:53,2026-03-12 04:50:59,2026-03-12 04:52:49,2026-03-12 05:22:25,13.1,29.6,10.6,236.2,20.0,188.96,5.0,30
FUL_005709,BK_005709,DRV_0082,VEH_0082,2026-03-13 12:18:55,2026-03-13 12:23:49,2026-03-13 12:25:46,2026-03-13 13:07:40,4.9,41.9,21.1,405.4,20.0,324.32,5.0,0
FUL_005710,BK_005710,DRV_0299,VEH_0299,2026-03-03 17:11:27,2026-03-03 17:14:57,2026-03-03 17:17:35,2026-03-03 17:40:47,3.5,23.2,12.2,548.8,20.0,439.04,5.0,0
FUL_005711,BK_005711,DRV_0248,VEH_0248,2026-03-12 05:07:06,2026-03-12 05:13:00,2026-03-12 05:16:22,2026-03-12 05:27:52,5.9,11.5,5.8,166.8,20.0,133.44,1.0,0
FUL_005712,BK_005712,DRV_0293,VEH_0293,2026-02-06 15:52:38,2026-02-06 15:59:08,2026-02-06 16:02:52,2026-02-06 16:44:04,6.5,41.2,25.9,761.8,20.0,609.44,5.0,0
FUL_005713,BK_005713,DRV_0076,VEH_0076,2026-02-25 10:36:30,2026-02-25 10:49:12,2026-02-25 10:50:32,2026-02-25 11:50:20,12.7,59.8,29.5,1123.5,20.0,898.8,2.0,0
FUL_005714,BK_005714,DRV_0039,VEH_0039,2026-03-08 16:19:19,2026-03-08 16:31:25,2026-03-08 16:33:14,2026-03-08 16:50:32,12.1,17.3,11.8,388.96,20.0,311.17,5.0,50
FUL_005716,BK_005716,DRV_0103,VEH_0103,2026-02-07 02:22:57,2026-02-07 02:28:09,2026-02-07 02:29:15,2026-02-07 03:21:39,5.2,52.4,30.0,545.8,20.0,436.64,5.0,50
FUL_005717,BK_005717,DRV_0084,VEH_0084,2026-02-19 01:59:41,2026-02-19 02:13:17,2026-02-19 02:14:53,2026-02-19 02:42:05,13.6,27.2,14.0,408.2,20.0,326.56,5.0,0
FUL_005718,BK_005718,DRV_0007,VEH_0007,2026-03-13 22:37:10,2026-03-13 22:50:10,2026-03-13 22:53:29,2026-03-13 23:27:35,13.0,34.1,21.3,611.0,20.0,488.8,3.0,0
FUL_005719,BK_005719,DRV_0134,VEH_0134,2026-03-03 21:01:08,2026-03-03 21:04:08,2026-03-03 21:07:45,2026-03-03 22:01:15,3.0,53.5,27.4,937.08,20.0,749.66,5.0,0
FUL_005720,BK_005720,DRV_0090,VEH_0090,2026-03-06 08:53:15,2026-03-06 08:55:27,2026-03-06 08:58:48,2026-03-06 09:43:24,2.2,44.6,28.1,1301.28,20.0,1041.02,5.0,0
FUL_005721,BK_005721,DRV_0115,VEH_0115,2026-02-10 19:37:29,2026-02-10 19:45:17,2026-02-10 19:49:16,2026-02-10 20:13:10,7.8,23.9,14.8,376.32,20.0,301.06,5.0,30
FUL_005722,BK_005722,DRV_0074,VEH_0074,2026-02-05 22:52:34,2026-02-05 22:58:46,2026-02-05 23:02:18,2026-02-05 23:44:00,6.2,41.7,23.3,626.6,20.0,501.28,5.0,20
FUL_005724,BK_005724,DRV_0013,VEH_0013,2026-03-06 19:30:28,2026-03-06 19:36:28,2026-03-06 19:39:39,2026-03-06 20:29:21,6.0,49.7,26.2,859.32,20.0,687.46,5.0,30
FUL_005725,BK_005725,DRV_0140,VEH_0140,2026-02-26 16:53:36,2026-02-26 16:56:18,2026-02-26 16:58:36,2026-02-26 17:16:36,2.7,18.0,10.4,314.6,20.0,251.68,1.0,0
FUL_005727,BK_005727,DRV_0200,VEH_0200,2026-02-11 04:41:30,2026-02-11 04:55:18,2026-02-11 04:56:27,2026-02-11 05:27:27,13.8,31.0,18.1,554.4,20.0,443.52,5.0,10
FUL_005728,BK_005728,DRV_0149,VEH_0149,2026-03-01 10:56:20,2026-03-01 10:58:50,2026-03-01 11:02:28,2026-03-01 11:28:28,2.5,26.0,10.3,758.52,20.0,606.82,5.0,10
FUL_005729,BK_005729,DRV_0013,VEH_0013,2026-02-21 21:42:59,2026-02-21 21:54:05,2026-02-21 21:57:32,2026-02-21 22:34:20,11.1,36.8,21.3,866.46,20.0,693.17,4.0,0
FUL_005730,BK_005730,DRV_0266,VEH_0266,2026-02-06 23:54:08,2026-02-07 00:02:50,2026-02-07 00:06:26,2026-02-07 00:51:26,8.7,45.0,19.8,263.8,20.0,211.04,5.0,30
FUL_005732,BK_005732,DRV_0202,VEH_0202,2026-02-25 17:23:50,2026-02-25 17:30:56,2026-02-25 17:32:34,2026-02-25 17:51:04,7.1,18.5,13.3,813.54,20.0,650.83,5.0,50
FUL_005733,BK_005733,DRV_0003,VEH_0003,2026-03-06 16:54:07,2026-03-06 17:01:07,2026-03-06 17:04:16,2026-03-06 17:43:10,7.0,38.9,26.5,792.22,20.0,633.78,5.0,0
FUL_005734,BK_005734,DRV_0184,VEH_0184,2026-03-11 02:11:17,2026-03-11 02:17:17,2026-03-11 02:18:17,2026-03-11 02:51:23,6.0,33.1,14.5,311.8,20.0,249.44,4.0,0
FUL_005736,BK_005736,DRV_0055,VEH_0055,2026-03-12 14:56:18,2026-03-12 15:08:48,2026-03-12 15:10:03,2026-03-12 16:02:15,12.5,52.2,25.2,320.2,20.0,256.16,5.0,0
FUL_005738,BK_005738,DRV_0111,VEH_0111,2026-02-19 19:20:06,2026-02-19 19:22:54,2026-02-19 19:26:19,2026-02-19 20:00:07,2.8,33.8,15.2,633.36,20.0,506.69,4.0,50
FUL_005739,BK_005739,DRV_0294,VEH_0294,2026-02-22 13:29:06,2026-02-22 13:34:18,2026-02-22 13:36:36,2026-02-22 13:56:54,5.2,20.3,11.7,271.7,20.0,217.36,5.0,50
FUL_005740,BK_005740,DRV_0063,VEH_0063,2026-02-15 02:03:30,2026-02-15 02:10:30,2026-02-15 02:12:18,2026-02-15 02:59:48,7.0,47.5,28.2,826.0,20.0,660.8,5.0,0
FUL_005741,BK_005741,DRV_0180,VEH_0180,2026-03-04 18:48:20,2026-03-04 18:54:14,2026-03-04 18:55:52,2026-03-04 19:33:16,5.9,37.4,20.6,543.9,20.0,435.12,5.0,10
FUL_005743,BK_005743,DRV_0289,VEH_0289,2026-02-26 09:21:28,2026-02-26 09:31:40,2026-02-26 09:33:43,2026-02-26 10:15:07,10.2,41.4,23.6,979.86,20.0,783.89,5.0,50
FUL_005744,BK_005744,DRV_0238,VEH_0238,2026-03-10 19:08:20,2026-03-10 19:11:14,2026-03-10 19:13:49,2026-03-10 19:35:43,2.9,21.9,14.2,1004.64,20.0,803.71,5.0,10
FUL_005745,BK_005745,DRV_0201,VEH_0201,2026-03-08 12:24:18,2026-03-08 12:26:48,2026-03-08 12:28:51,2026-03-08 13:20:27,2.5,51.6,24.8,472.0,20.0,377.6,5.0,50
FUL_005746,BK_005746,DRV_0251,VEH_0251,2026-03-16 09:57:08,2026-03-16 10:08:38,2026-03-16 10:12:24,2026-03-16 10:46:12,11.5,33.8,14.7,640.64,20.0,512.51,3.0,20
FUL_005747,BK_005747,DRV_0084,VEH_0084,2026-02-25 10:40:08,2026-02-25 10:43:26,2026-02-25 10:47:04,2026-02-25 11:29:46,3.3,42.7,24.1,1479.66,20.0,1183.73,2.0,0
FUL_005748,BK_005748,DRV_0273,VEH_0273,2026-03-06 13:26:19,2026-03-06 13:32:49,2026-03-06 13:35:18,2026-03-06 14:05:12,6.5,29.9,19.6,254.2,20.0,203.36,5.0,10
FUL_005750,BK_005750,DRV_0114,VEH_0114,2026-02-27 23:21:16,2026-02-27 23:27:34,2026-02-27 23:28:39,2026-02-28 00:35:33,6.3,66.9,26.7,497.2,20.0,397.76,4.0,10
FUL_005751,BK_005751,DRV_0001,VEH_0001,2026-02-28 10:38:50,2026-02-28 10:50:14,2026-02-28 10:53:33,2026-02-28 11:45:39,11.4,52.1,24.7,1226.16,20.0,980.93,5.0,0
FUL_005752,BK_005752,DRV_0152,VEH_0152,2026-03-08 03:21:32,2026-03-08 03:30:32,2026-03-08 03:32:48,2026-03-08 03:45:24,9.0,12.6,7.4,210.0,20.0,168.0,3.0,20
FUL_005754,BK_005754,DRV_0162,VEH_0162,2026-02-07 13:14:16,2026-02-07 13:27:22,2026-02-07 13:30:08,2026-02-07 14:16:14,13.1,46.1,17.9,592.02,20.0,473.62,4.0,50
FUL_005755,BK_005755,DRV_0022,VEH_0022,2026-02-10 12:54:23,2026-02-10 13:04:41,2026-02-10 13:06:32,2026-02-10 14:06:50,10.3,60.3,23.1,642.2,20.0,513.76,3.0,0
FUL_005756,BK_005756,DRV_0270,VEH_0270,2026-02-12 11:40:52,2026-02-12 11:48:46,2026-02-12 11:51:47,2026-02-12 12:43:53,7.9,52.1,26.0,777.12,20.0,621.7,5.0,30
FUL_005757,BK_005757,DRV_0223,VEH_0223,2026-02-21 02:56:30,2026-02-21 03:01:12,2026-02-21 03:04:26,2026-02-21 03:44:14,4.7,39.8,14.7,246.0,20.0,196.8,5.0,50
FUL_005758,BK_005758,DRV_0162,VEH_0162,2026-02-23 16:43:08,2026-02-23 16:51:56,2026-02-23 16:53:30,2026-02-23 17:15:06,8.8,21.6,11.1,340.6,20.0,272.48,5.0,50
FUL_005761,BK_005761,DRV_0003,VEH_0003,2026-02-28 22:02:15,2026-02-28 22:07:15,2026-02-28 22:09:18,2026-02-28 22:45:54,5.0,36.6,15.9,483.6,20.0,386.88,5.0,20
FUL_005762,BK_005762,DRV_0069,VEH_0069,2026-02-19 03:18:37,2026-02-19 03:22:49,2026-02-19 03:25:37,2026-02-19 04:19:55,4.2,54.3,29.6,536.8,20.0,429.44,4.0,10
FUL_005763,BK_005763,DRV_0038,VEH_0038,2026-02-04 21:21:42,2026-02-04 21:30:30,2026-02-04 21:33:07,2026-02-04 21:46:55,8.8,13.8,6.5,555.36,20.0,444.29,4.0,0
FUL_005764,BK_005764,DRV_0210,VEH_0210,2026-03-02 00:17:55,2026-03-02 00:27:43,2026-03-02 00:28:49,2026-03-02 01:06:01,9.8,37.2,26.5,786.8,20.0,629.44,5.0,0
FUL_005765,BK_005765,DRV_0062,VEH_0062,2026-03-09 03:49:50,2026-03-09 04:02:44,2026-03-09 04:04:06,2026-03-09 04:31:00,12.9,26.9,17.5,599.04,20.0,479.23,5.0,0
FUL_005766,BK_005766,DRV_0154,VEH_0154,2026-02-09 08:09:01,2026-02-09 08:22:49,2026-02-09 08:25:42,2026-02-09 08:57:36,13.8,31.9,22.4,497.28,20.0,397.82,5.0,30
FUL_005767,BK_005767,DRV_0303,VEH_0303,2026-02-19 21:18:25,2026-02-19 21:30:07,2026-02-19 21:32:12,2026-02-19 22:28:18,11.7,56.1,28.7,1687.14,20.0,1349.71,5.0,0
FUL_005770,BK_005770,DRV_0107,VEH_0107,2026-03-01 09:45:15,2026-03-01 09:48:57,2026-03-01 09:52:32,2026-03-01 10:07:26,3.7,14.9,7.0,237.44,20.0,189.95,5.0,10
FUL_005771,BK_005771,DRV_0076,VEH_0076,2026-02-27 00:29:12,2026-02-27 00:43:12,2026-02-27 00:45:31,2026-02-27 01:30:19,14.0,44.8,26.0,497.2,20.0,397.76,5.0,10
FUL_005772,BK_005772,DRV_0015,VEH_0015,2026-02-11 11:59:16,2026-02-11 12:12:04,2026-02-11 12:13:25,2026-02-11 12:30:55,12.8,17.5,8.5,385.84,20.0,308.67,5.0,0
FUL_005773,BK_005773,DRV_0171,VEH_0171,2026-03-05 22:59:07,2026-03-05 23:09:07,2026-03-05 23:12:59,2026-03-05 23:36:53,10.0,23.9,12.0,171.4,20.0,137.12,4.0,0
FUL_005776,BK_005776,DRV_0126,VEH_0126,2026-03-03 05:06:10,2026-03-03 05:14:22,2026-03-03 05:17:21,2026-03-03 05:37:09,8.2,19.8,12.1,192.5,20.0,154.0,5.0,50
FUL_005778,BK_005778,DRV_0222,VEH_0222,2026-02-10 06:49:30,2026-02-10 06:56:48,2026-02-10 06:58:11,2026-02-10 07:17:47,7.3,19.6,13.5,410.8,20.0,328.64,5.0,0
FUL_005780,BK_005780,DRV_0025,VEH_0025,2026-02-28 12:13:16,2026-02-28 12:25:52,2026-02-28 12:28:21,2026-02-28 13:12:27,12.6,44.1,18.8,274.34,20.0,219.47,5.0,0
FUL_005782,BK_005782,DRV_0232,VEH_0232,2026-03-14 07:44:22,2026-03-14 07:48:04,2026-03-14 07:50:02,2026-03-14 08:36:56,3.7,46.9,24.2,811.2,20.0,648.96,5.0,0
FUL_005783,BK_005783,DRV_0017,VEH_0017,2026-02-17 00:09:53,2026-02-17 00:12:53,2026-02-17 00:14:23,2026-02-17 00:41:47,3.0,27.4,16.8,529.2,20.0,423.36,5.0,0
FUL_005784,BK_005784,DRV_0172,VEH_0172,2026-02-11 17:35:36,2026-02-11 17:40:06,2026-02-11 17:43:44,2026-02-11 18:02:26,4.5,18.7,11.3,518.7,20.0,414.96,5.0,0
FUL_005785,BK_005785,DRV_0212,VEH_0212,2026-03-17 12:08:27,2026-03-17 12:19:21,2026-03-17 12:21:11,2026-03-17 13:03:41,10.9,42.5,19.3,364.0,20.0,291.2,5.0,10
FUL_005786,BK_005786,DRV_0255,VEH_0255,2026-02-15 04:21:23,2026-02-15 04:30:35,2026-02-15 04:32:13,2026-02-15 05:15:37,9.2,43.4,21.2,271.0,20.0,216.8,5.0,10
FUL_005787,BK_005787,DRV_0250,VEH_0250,2026-02-11 12:51:39,2026-02-11 13:00:33,2026-02-11 13:03:25,2026-02-11 13:22:55,8.9,19.5,12.3,417.2,20.0,333.76,5.0,30
FUL_005788,BK_005788,DRV_0161,VEH_0161,2026-02-23 06:14:21,2026-02-23 06:18:39,2026-02-23 06:20:45,2026-02-23 06:53:27,4.3,32.7,17.7,574.86,20.0,459.89,5.0,0
FUL_005789,BK_005789,DRV_0296,VEH_0296,2026-03-08 06:06:34,2026-03-08 06:20:28,2026-03-08 06:23:34,2026-03-08 06:29:52,13.9,6.3,3.2,76.08,20.0,60.86,3.0,50
FUL_005790,BK_005790,DRV_0294,VEH_0294,2026-02-11 00:45:18,2026-02-11 00:56:42,2026-02-11 01:00:05,2026-02-11 01:31:35,11.4,31.5,18.5,367.6,20.0,294.08,5.0,0
FUL_005791,BK_005791,DRV_0025,VEH_0025,2026-02-20 21:39:39,2026-02-20 21:51:03,2026-02-20 21:52:47,2026-02-20 22:02:47,11.4,10.0,4.8,175.98,20.0,140.78,4.0,0
FUL_005792,BK_005792,DRV_0108,VEH_0108,2026-02-03 10:30:34,2026-02-03 10:40:46,2026-02-03 10:44:14,2026-02-03 10:57:14,10.2,13.0,5.3,255.36,20.0,204.29,1.0,50
FUL_005793,BK_005793,DRV_0146,VEH_0146,2026-02-12 21:34:12,2026-02-12 21:47:54,2026-02-12 21:49:40,2026-02-12 22:00:28,13.7,10.8,5.9,493.92,20.0,395.14,5.0,10
FUL_005794,BK_005794,DRV_0125,VEH_0125,2026-03-10 04:04:02,2026-03-10 04:17:44,2026-03-10 04:20:46,2026-03-10 04:27:58,13.7,7.2,5.1,210.0,20.0,168.0,4.0,0
FUL_005796,BK_005796,DRV_0172,VEH_0172,2026-03-14 11:53:03,2026-03-14 12:05:33,2026-03-14 12:07:56,2026-03-14 12:46:08,12.5,38.2,18.3,596.8,20.0,477.44,4.0,30
FUL_005797,BK_005797,DRV_0209,VEH_0209,2026-02-19 00:55:39,2026-02-19 01:00:03,2026-02-19 01:04:01,2026-02-19 01:50:07,4.4,46.1,28.2,859.6,20.0,687.68,5.0,0
FUL_005798,BK_005798,DRV_0064,VEH_0064,2026-02-25 22:28:32,2026-02-25 22:41:26,2026-02-25 22:43:27,2026-02-25 23:30:57,12.9,47.5,22.4,279.4,20.0,223.52,5.0,20
FUL_005799,BK_005799,DRV_0290,VEH_0290,2026-03-12 10:32:35,2026-03-12 10:44:53,2026-03-12 10:48:15,2026-03-12 10:56:15,12.3,8.0,5.0,341.64,20.0,273.31,4.0,0
FUL_005800,BK_005800,DRV_0293,VEH_0293,2026-02-01 22:13:39,2026-02-01 22:24:33,2026-02-01 22:27:23,2026-02-01 23:07:17,10.9,39.9,25.8,907.92,20.0,726.34,5.0,0
FUL_005801,BK_005801,DRV_0186,VEH_0186,2026-02-28 19:43:19,2026-02-28 19:47:01,2026-02-28 19:48:43,2026-02-28 19:55:19,3.7,6.6,4.2,388.08,20.0,310.46,2.0,30
FUL_005802,BK_005802,DRV_0221,VEH_0221,2026-03-03 20:01:55,2026-03-03 20:13:31,2026-03-03 20:17:14,2026-03-03 21:00:32,11.6,43.3,15.8,261.84,20.0,209.47,5.0,0
FUL_005803,BK_005803,DRV_0198,VEH_0198,2026-02-10 16:40:59,2026-02-10 16:43:53,2026-02-10 16:47:29,2026-02-10 17:11:05,2.9,23.6,14.0,297.4,20.0,237.92,2.0,0
FUL_005804,BK_005804,DRV_0086,VEH_0086,2026-02-15 08:35:48,2026-02-15 08:48:06,2026-02-15 08:51:37,2026-02-15 09:34:31,12.3,42.9,27.3,1055.46,20.0,844.37,5.0,50
FUL_005805,BK_005805,DRV_0212,VEH_0212,2026-03-17 18:16:27,2026-03-17 18:24:45,2026-03-17 18:25:52,2026-03-17 18:47:16,8.3,21.4,13.4,674.88,20.0,539.9,5.0,30
FUL_005807,BK_005807,DRV_0090,VEH_0090,2026-03-13 20:05:20,2026-03-13 20:11:02,2026-03-13 20:14:19,2026-03-13 20:44:37,5.7,30.3,16.2,479.36,20.0,383.49,5.0,10
FUL_005808,BK_005808,DRV_0082,VEH_0082,2026-03-13 04:47:10,2026-03-13 04:54:22,2026-03-13 04:57:30,2026-03-13 05:04:54,7.2,7.4,4.4,133.1,20.0,106.48,5.0,0
FUL_005809,BK_005809,DRV_0267,VEH_0267,2026-02-13 14:07:03,2026-02-13 14:16:15,2026-02-13 14:17:32,2026-02-13 14:33:14,9.2,15.7,8.6,355.68,20.0,284.54,4.0,20
FUL_005810,BK_005810,DRV_0320,VEH_0320,2026-02-11 02:22:23,2026-02-11 02:32:11,2026-02-11 02:33:16,2026-02-11 02:46:46,9.8,13.5,5.7,202.8,20.0,162.24,5.0,0
FUL_005811,BK_005811,DRV_0184,VEH_0184,2026-03-09 04:34:32,2026-03-09 04:39:32,2026-03-09 04:42:31,2026-03-09 05:39:31,5.0,57.0,22.2,439.6,20.0,351.68,5.0,0
FUL_005814,BK_005814,DRV_0047,VEH_0047,2026-03-07 07:24:54,2026-03-07 07:35:06,2026-03-07 07:37:56,2026-03-07 07:47:02,10.2,9.1,6.5,226.2,20.0,180.96,5.0,0
FUL_005815,BK_005815,DRV_0043,VEH_0043,2026-02-10 06:19:23,2026-02-10 06:33:17,2026-02-10 06:35:20,2026-02-10 07:08:20,13.9,33.0,14.3,194.2,20.0,155.36,5.0,50
FUL_005816,BK_005816,DRV_0241,VEH_0241,2026-02-08 21:31:11,2026-02-08 21:34:59,2026-02-08 21:36:55,2026-02-08 22:04:55,3.8,28.0,14.6,235.92,20.0,188.74,5.0,0
FUL_005819,BK_005819,DRV_0302,VEH_0302,2026-02-08 16:44:21,2026-02-08 16:57:15,2026-02-08 17:00:49,2026-02-08 17:15:25,12.9,14.6,6.3,221.0,20.0,176.8,5.0,0
FUL_005821,BK_005821,DRV_0019,VEH_0019,2026-03-16 14:17:16,2026-03-16 14:30:28,2026-03-16 14:33:52,2026-03-16 14:46:28,13.2,12.6,6.5,236.6,20.0,189.28,4.0,10
FUL_005822,BK_005822,DRV_0171,VEH_0171,2026-03-13 10:18:40,2026-03-13 10:28:34,2026-03-13 10:30:54,2026-03-13 10:39:48,9.9,8.9,4.2,118.72,20.0,94.98,5.0,20
FUL_005823,BK_005823,DRV_0222,VEH_0222,2026-02-01 19:06:57,2026-02-01 19:18:09,2026-02-01 19:21:36,2026-02-01 19:46:48,11.2,25.2,14.6,536.64,20.0,429.31,5.0,0
FUL_005826,BK_005826,DRV_0175,VEH_0175,2026-02-09 01:42:30,2026-02-09 01:50:42,2026-02-09 01:53:04,2026-02-09 02:15:40,8.2,22.6,12.0,434.28,20.0,347.42,3.0,0
FUL_005828,BK_005828,DRV_0139,VEH_0139,2026-03-04 08:59:02,2026-03-04 09:11:38,2026-03-04 09:13:18,2026-03-04 09:40:24,12.6,27.1,15.3,614.88,20.0,491.9,2.0,50
FUL_005829,BK_005829,DRV_0208,VEH_0208,2026-03-16 10:17:08,2026-03-16 10:19:08,2026-03-16 10:20:44,2026-03-16 10:53:50,2.0,33.1,14.3,654.64,20.0,523.71,4.0,30
FUL_005830,BK_005830,DRV_0271,VEH_0271,2026-03-08 22:02:43,2026-03-08 22:13:43,2026-03-08 22:17:21,2026-03-08 22:48:03,11.0,30.7,18.4,422.18,20.0,337.74,5.0,0
FUL_005832,BK_005832,DRV_0260,VEH_0260,2026-03-09 08:25:25,2026-03-09 08:29:43,2026-03-09 08:31:24,2026-03-09 08:58:12,4.3,26.8,10.3,276.96,20.0,221.57,5.0,30
FUL_005834,BK_005834,DRV_0165,VEH_0165,2026-02-05 14:40:03,2026-02-05 14:48:03,2026-02-05 14:50:27,2026-02-05 15:31:03,8.0,40.6,15.3,574.08,20.0,459.26,5.0,0
FUL_005835,BK_005835,DRV_0006,VEH_0006,2026-03-02 23:09:05,2026-03-02 23:22:59,2026-03-02 23:25:04,2026-03-03 00:16:28,13.9,51.4,26.3,350.2,20.0,280.16,5.0,30
FUL_005837,BK_005837,DRV_0059,VEH_0059,2026-03-09 03:50:09,2026-03-09 03:57:21,2026-03-09 04:00:44,2026-03-09 04:04:56,7.2,4.2,2.8,59.8,20.0,47.84,5.0,50
FUL_005839,BK_005839,DRV_0294,VEH_0294,2026-02-19 17:21:20,2026-02-19 17:28:14,2026-02-19 17:30:15,2026-02-19 17:45:15,6.9,15.0,10.3,349.12,20.0,279.3,5.0,20
FUL_005840,BK_005840,DRV_0291,VEH_0291,2026-02-11 17:18:39,2026-02-11 17:23:39,2026-02-11 17:24:57,2026-02-11 18:10:39,5.0,45.7,21.2,575.12,20.0,460.1,1.0,0
FUL_005841,BK_005841,DRV_0112,VEH_0112,2026-03-17 06:59:45,2026-03-17 07:07:39,2026-03-17 07:10:27,2026-03-17 08:05:21,7.9,54.9,25.9,544.94,20.0,435.95,4.0,0
FUL_005842,BK_005842,DRV_0119,VEH_0119,2026-03-03 06:30:25,2026-03-03 06:38:37,2026-03-03 06:40:48,2026-03-03 07:09:30,8.2,28.7,17.7,509.6,20.0,407.68,5.0,0
FUL_005843,BK_005843,DRV_0008,VEH_0008,2026-03-14 02:30:27,2026-03-14 02:34:03,2026-03-14 02:35:49,2026-03-14 02:43:19,3.6,7.5,5.1,131.8,20.0,105.44,5.0,0
FUL_005844,BK_005844,DRV_0209,VEH_0209,2026-03-11 00:55:34,2026-03-11 01:07:04,2026-03-11 01:10:18,2026-03-11 01:56:36,11.5,46.3,17.4,678.72,20.0,542.98,4.0,0
FUL_005845,BK_005845,DRV_0027,VEH_0027,2026-02-25 05:57:23,2026-02-25 06:02:29,2026-02-25 06:03:36,2026-02-25 06:37:48,5.1,34.2,13.2,183.4,20.0,146.72,5.0,0
FUL_005846,BK_005846,DRV_0001,VEH_0001,2026-02-06 21:40:27,2026-02-06 21:44:09,2026-02-06 21:45:16,2026-02-06 21:57:40,3.7,12.4,8.5,404.04,20.0,323.23,4.0,0
FUL_005847,BK_005847,DRV_0205,VEH_0205,2026-02-08 23:23:35,2026-02-08 23:35:29,2026-02-08 23:37:09,2026-02-09 00:19:27,11.9,42.3,22.0,723.84,20.0,579.07,5.0,0
FUL_005849,BK_005849,DRV_0248,VEH_0248,2026-03-14 07:18:46,2026-03-14 07:22:16,2026-03-14 07:24:17,2026-03-14 08:16:47,3.5,52.5,24.5,482.8,20.0,386.24,5.0,20
FUL_005851,BK_005851,DRV_0072,VEH_0072,2026-02-03 23:54:13,2026-02-04 00:04:49,2026-02-04 00:06:37,2026-02-04 00:59:37,10.6,53.0,23.9,791.56,20.0,633.25,4.0,0
FUL_005852,BK_005852,DRV_0079,VEH_0079,2026-02-09 20:33:12,2026-02-09 20:38:54,2026-02-09 20:40:01,2026-02-09 20:54:01,5.7,14.0,9.1,538.2,20.0,430.56,5.0,30
FUL_005853,BK_005853,DRV_0069,VEH_0069,2026-03-15 17:45:21,2026-03-15 17:55:15,2026-03-15 17:58:28,2026-03-15 18:35:34,9.9,37.1,21.2,707.04,20.0,565.63,1.0,20
FUL_005854,BK_005854,DRV_0187,VEH_0187,2026-02-23 14:04:30,2026-02-23 14:07:00,2026-02-23 14:09:40,2026-02-23 15:02:52,2.5,53.2,28.2,997.92,20.0,798.34,5.0,50
FUL_005856,BK_005856,DRV_0299,VEH_0299,2026-02-07 23:17:27,2026-02-07 23:26:51,2026-02-07 23:30:01,2026-02-07 23:37:25,9.4,7.4,3.6,187.88,20.0,150.3,5.0,0
FUL_005857,BK_005857,DRV_0090,VEH_0090,2026-03-13 09:53:07,2026-03-13 10:06:25,2026-03-13 10:09:49,2026-03-13 10:28:01,13.3,18.2,10.9,399.24,20.0,319.39,5.0,10
FUL_005862,BK_005862,DRV_0180,VEH_0180,2026-02-13 19:12:53,2026-02-13 19:26:29,2026-02-13 19:29:13,2026-02-13 19:44:49,13.6,15.6,8.8,296.16,20.0,236.93,4.0,50
FUL_005866,BK_005866,DRV_0156,VEH_0156,2026-02-07 16:14:26,2026-02-07 16:27:44,2026-02-07 16:28:53,2026-02-07 16:50:41,13.3,21.8,15.4,491.92,20.0,393.54,4.0,50
FUL_005867,BK_005867,DRV_0106,VEH_0106,2026-02-22 01:21:36,2026-02-22 01:26:18,2026-02-22 01:29:52,2026-02-22 01:39:58,4.7,10.1,4.1,125.18,20.0,100.14,5.0,0
FUL_005868,BK_005868,DRV_0050,VEH_0050,2026-02-15 15:29:51,2026-02-15 15:42:51,2026-02-15 15:46:23,2026-02-15 16:37:17,13.0,50.9,25.8,686.4,20.0,549.12,5.0,0
FUL_005869,BK_005869,DRV_0186,VEH_0186,2026-03-13 04:15:53,2026-03-13 04:20:35,2026-03-13 04:22:38,2026-03-13 04:44:20,4.7,21.7,14.5,473.2,20.0,378.56,5.0,0
FUL_005870,BK_005870,DRV_0120,VEH_0120,2026-02-26 19:18:14,2026-02-26 19:27:02,2026-02-26 19:28:33,2026-02-26 20:18:21,8.8,49.8,26.8,726.32,20.0,581.06,5.0,20
FUL_005872,BK_005872,DRV_0059,VEH_0059,2026-03-17 03:28:20,2026-03-17 03:40:26,2026-03-17 03:44:09,2026-03-17 04:23:33,12.1,39.4,28.1,351.4,20.0,281.12,3.0,0
FUL_005873,BK_005873,DRV_0316,VEH_0316,2026-02-24 22:18:23,2026-02-24 22:31:05,2026-02-24 22:34:23,2026-02-24 22:49:41,12.7,15.3,6.1,146.2,20.0,116.96,5.0,50
FUL_005874,BK_005874,DRV_0048,VEH_0048,2026-03-14 11:08:27,2026-03-14 11:14:33,2026-03-14 11:17:51,2026-03-14 11:37:15,6.1,19.4,10.4,380.64,20.0,304.51,1.0,0
FUL_005875,BK_005875,DRV_0234,VEH_0234,2026-02-05 06:39:31,2026-02-05 06:47:43,2026-02-05 06:49:57,2026-02-05 07:01:39,8.2,11.7,6.3,240.8,20.0,192.64,4.0,0
FUL_005877,BK_005877,DRV_0210,VEH_0210,2026-02-08 09:44:26,2026-02-08 09:55:14,2026-02-08 09:57:37,2026-02-08 10:42:25,10.8,44.8,26.6,957.6,20.0,766.08,5.0,0
FUL_005878,BK_005878,DRV_0152,VEH_0152,2026-02-28 02:40:28,2026-02-28 02:44:28,2026-02-28 02:47:21,2026-02-28 03:28:03,4.0,40.7,24.3,549.12,20.0,439.3,4.0,30
FUL_005879,BK_005879,DRV_0198,VEH_0198,2026-02-19 09:45:28,2026-02-19 09:53:40,2026-02-19 09:55:20,2026-02-19 10:25:26,8.2,30.1,14.9,567.72,20.0,454.18,5.0,30
FUL_005880,BK_005880,DRV_0147,VEH_0147,2026-03-01 07:10:25,2026-03-01 07:21:31,2026-03-01 07:24:32,2026-03-01 08:05:32,11.1,41.0,22.8,324.5,20.0,259.6,5.0,30
FUL_005881,BK_005881,DRV_0054,VEH_0054,2026-03-15 19:17:16,2026-03-15 19:27:52,2026-03-15 19:31:24,2026-03-15 19:41:30,10.6,10.1,7.3,149.24,20.0,119.39,4.0,0
FUL_005882,BK_005882,DRV_0055,VEH_0055,2026-02-22 18:00:23,2026-02-22 18:12:47,2026-02-22 18:15:39,2026-02-22 18:49:09,12.4,33.5,13.8,285.76,20.0,228.61,5.0,20
FUL_005883,BK_005883,DRV_0001,VEH_0001,2026-02-11 08:18:01,2026-02-11 08:21:37,2026-02-11 08:24:10,2026-02-11 09:04:04,3.6,39.9,18.3,658.32,20.0,526.66,5.0,0
FUL_005884,BK_005884,DRV_0190,VEH_0190,2026-03-17 16:29:56,2026-03-17 16:36:50,2026-03-17 16:40:48,2026-03-17 16:56:30,6.9,15.7,10.3,406.56,20.0,325.25,5.0,20
FUL_005886,BK_005886,DRV_0185,VEH_0185,2026-02-26 00:06:39,2026-02-26 00:10:21,2026-02-26 00:12:35,2026-02-26 00:50:17,3.7,37.7,16.5,326.2,20.0,260.96,5.0,0
FUL_005888,BK_005888,DRV_0003,VEH_0003,2026-03-07 19:53:14,2026-03-07 20:03:38,2026-03-07 20:07:07,2026-03-07 20:29:55,10.4,22.8,12.3,948.48,20.0,758.78,2.0,0
FUL_005889,BK_005889,DRV_0087,VEH_0087,2026-03-11 23:48:21,2026-03-11 23:59:09,2026-03-12 00:01:15,2026-03-12 00:49:45,10.8,48.5,23.5,345.62,20.0,276.5,5.0,0
FUL_005891,BK_005891,DRV_0255,VEH_0255,2026-02-01 21:45:27,2026-02-01 21:54:21,2026-02-01 21:57:25,2026-02-01 22:03:43,8.9,6.3,4.2,120.64,20.0,96.51,5.0,0
FUL_005892,BK_005892,DRV_0177,VEH_0177,2026-02-17 19:45:02,2026-02-17 19:48:14,2026-02-17 19:49:37,2026-02-17 20:03:37,3.2,14.0,10.2,446.88,20.0,357.5,5.0,30
FUL_005893,BK_005893,DRV_0008,VEH_0008,2026-02-27 17:44:53,2026-02-27 17:49:23,2026-02-27 17:51:29,2026-02-27 18:13:17,4.5,21.8,14.8,647.22,20.0,517.78,5.0,0
FUL_005895,BK_005895,DRV_0075,VEH_0075,2026-02-20 14:36:22,2026-02-20 14:40:34,2026-02-20 14:41:34,2026-02-20 15:21:58,4.2,40.4,27.9,533.2,20.0,426.56,5.0,10
FUL_005896,BK_005896,DRV_0262,VEH_0262,2026-02-12 00:00:30,2026-02-12 00:13:36,2026-02-12 00:15:43,2026-02-12 00:55:43,13.1,40.0,17.3,540.4,20.0,432.32,5.0,30
FUL_005897,BK_005897,DRV_0300,VEH_0300,2026-02-28 13:28:33,2026-02-28 13:42:27,2026-02-28 13:45:04,2026-02-28 14:31:52,13.9,46.8,25.2,554.84,20.0,443.87,5.0,0
FUL_005898,BK_005898,DRV_0030,VEH_0030,2026-02-05 02:45:20,2026-02-05 02:47:26,2026-02-05 02:51:00,2026-02-05 03:10:00,2.1,19.0,10.6,166.1,20.0,132.88,5.0,0
FUL_005899,BK_005899,DRV_0153,VEH_0153,2026-03-12 08:54:12,2026-03-12 09:07:48,2026-03-12 09:11:19,2026-03-12 09:25:01,13.6,13.7,9.3,191.24,20.0,152.99,5.0,30
FUL_005900,BK_005900,DRV_0154,VEH_0154,2026-03-12 11:06:51,2026-03-12 11:14:03,2026-03-12 11:17:59,2026-03-12 11:44:05,7.2,26.1,15.4,434.0,20.0,347.2,5.0,30
FUL_005901,BK_005901,DRV_0206,VEH_0206,2026-03-12 03:59:03,2026-03-12 04:06:51,2026-03-12 04:09:22,2026-03-12 05:04:10,7.8,54.8,23.4,316.6,20.0,253.28,5.0,20
FUL_005903,BK_005903,DRV_0105,VEH_0105,2026-02-12 20:08:28,2026-02-12 20:19:58,2026-02-12 20:21:12,2026-02-12 20:49:06,11.5,27.9,17.0,707.7,20.0,566.16,5.0,0
FUL_005904,BK_005904,DRV_0212,VEH_0212,2026-02-21 00:54:28,2026-02-21 01:01:52,2026-02-21 01:05:27,2026-02-21 01:49:51,7.4,44.4,26.0,488.2,20.0,390.56,4.0,10
FUL_005905,BK_005905,DRV_0174,VEH_0174,2026-03-07 00:15:44,2026-03-07 00:25:38,2026-03-07 00:29:34,2026-03-07 00:54:40,9.9,25.1,13.9,235.92,20.0,188.74,4.0,30
FUL_005906,BK_005906,DRV_0194,VEH_0194,2026-02-13 08:59:12,2026-02-13 09:02:54,2026-02-13 09:04:28,2026-02-13 09:27:28,3.7,23.0,8.8,240.24,20.0,192.19,5.0,0
FUL_005907,BK_005907,DRV_0177,VEH_0177,2026-03-16 13:34:53,2026-03-16 13:43:17,2026-03-16 13:47:00,2026-03-16 14:23:06,8.4,36.1,19.9,385.6,20.0,308.48,5.0,0
FUL_005908,BK_005908,DRV_0008,VEH_0008,2026-03-16 18:57:23,2026-03-16 19:03:59,2026-03-16 19:05:53,2026-03-16 19:50:05,6.6,44.2,27.0,751.52,20.0,601.22,5.0,50
FUL_005909,BK_005909,DRV_0084,VEH_0084,2026-02-04 17:27:36,2026-02-04 17:34:30,2026-02-04 17:36:35,2026-02-04 18:15:17,6.9,38.7,15.8,723.84,20.0,579.07,5.0,0
FUL_005911,BK_005911,DRV_0263,VEH_0263,2026-02-18 04:05:25,2026-02-18 04:17:25,2026-02-18 04:20:10,2026-02-18 05:14:16,12.0,54.1,21.5,349.68,20.0,279.74,5.0,30
FUL_005915,BK_005915,DRV_0064,VEH_0064,2026-02-12 00:51:39,2026-02-12 00:57:03,2026-02-12 01:00:43,2026-02-12 01:36:49,5.4,36.1,21.1,286.6,20.0,229.28,5.0,0
FUL_005916,BK_005916,DRV_0267,VEH_0267,2026-02-27 16:54:21,2026-02-27 17:04:09,2026-02-27 17:05:36,2026-02-27 18:04:18,9.8,58.7,27.4,741.0,20.0,592.8,5.0,10
FUL_005919,BK_005919,DRV_0016,VEH_0016,2026-02-04 02:50:25,2026-02-04 03:00:55,2026-02-04 03:03:58,2026-02-04 03:21:28,10.5,17.5,8.3,178.6,20.0,142.88,4.0,0
FUL_005920,BK_005920,DRV_0250,VEH_0250,2026-02-22 16:51:47,2026-02-22 16:55:59,2026-02-22 16:58:45,2026-02-22 17:25:03,4.2,26.3,18.3,568.4,20.0,454.72,1.0,0
FUL_005921,BK_005921,DRV_0176,VEH_0176,2026-03-14 05:01:03,2026-03-14 05:08:27,2026-03-14 05:09:47,2026-03-14 05:36:29,7.4,26.7,13.2,283.0,20.0,226.4,5.0,20
FUL_005923,BK_005923,DRV_0109,VEH_0109,2026-02-02 01:50:50,2026-02-02 02:00:08,2026-02-02 02:03:20,2026-02-02 02:20:26,9.3,17.1,11.7,369.2,20.0,295.36,5.0,0
FUL_005927,BK_005927,DRV_0290,VEH_0290,2026-02-03 18:19:21,2026-02-03 18:23:09,2026-02-03 18:26:04,2026-02-03 18:55:04,3.8,29.0,19.1,1366.56,20.0,1093.25,5.0,50
FUL_005928,BK_005928,DRV_0253,VEH_0253,2026-02-15 00:01:52,2026-02-15 00:11:10,2026-02-15 00:12:54,2026-02-15 00:41:42,9.3,28.8,14.1,471.9,20.0,377.52,4.0,50
FUL_005929,BK_005929,DRV_0048,VEH_0048,2026-03-02 18:38:35,2026-03-02 18:50:17,2026-03-02 18:53:53,2026-03-02 19:26:17,11.7,32.4,21.1,723.84,20.0,579.07,4.0,20
FUL_005930,BK_005930,DRV_0269,VEH_0269,2026-02-03 11:50:48,2026-02-03 11:59:00,2026-02-03 12:02:58,2026-02-03 12:21:52,8.2,18.9,12.6,496.44,20.0,397.15,5.0,30
FUL_005931,BK_005931,DRV_0004,VEH_0004,2026-02-12 18:36:03,2026-02-12 18:42:15,2026-02-12 18:45:11,2026-02-12 18:52:41,6.2,7.5,4.0,199.68,20.0,159.74,5.0,0
FUL_005934,BK_005934,DRV_0307,VEH_0307,2026-02-23 02:16:02,2026-02-23 02:25:08,2026-02-23 02:26:56,2026-02-23 02:52:32,9.1,25.6,16.5,488.8,20.0,391.04,5.0,10
FUL_005936,BK_005936,DRV_0304,VEH_0304,2026-02-16 18:39:03,2026-02-16 18:44:57,2026-02-16 18:46:24,2026-02-16 19:01:30,5.9,15.1,8.1,427.28,20.0,341.82,5.0,0
FUL_005937,BK_005937,DRV_0265,VEH_0265,2026-03-16 07:44:30,2026-03-16 07:50:18,2026-03-16 07:53:18,2026-03-16 08:36:54,5.8,43.6,18.2,276.98,20.0,221.58,4.0,20
FUL_005939,BK_005939,DRV_0060,VEH_0060,2026-02-21 15:47:08,2026-02-21 15:58:08,2026-02-21 16:02:05,2026-02-21 16:14:41,11.0,12.6,9.4,129.4,20.0,103.52,5.0,20
FUL_005940,BK_005940,DRV_0150,VEH_0150,2026-03-14 21:17:38,2026-03-14 21:29:32,2026-03-14 21:30:47,2026-03-14 21:47:23,11.9,16.6,10.1,433.16,20.0,346.53,5.0,10
FUL_005941,BK_005941,DRV_0174,VEH_0174,2026-02-22 02:08:14,2026-02-22 02:13:38,2026-02-22 02:16:24,2026-02-22 02:32:00,5.4,15.6,9.9,162.48,20.0,129.98,4.0,20
FUL_005942,BK_005942,DRV_0301,VEH_0301,2026-02-26 17:36:37,2026-02-26 17:39:55,2026-02-26 17:43:08,2026-02-26 18:25:02,3.3,41.9,26.2,686.0,20.0,548.8,5.0,50
FUL_005943,BK_005943,DRV_0170,VEH_0170,2026-02-19 07:09:25,2026-02-19 07:19:55,2026-02-19 07:21:04,2026-02-19 07:46:34,10.5,25.5,14.5,323.18,20.0,258.54,4.0,0
FUL_005944,BK_005944,DRV_0294,VEH_0294,2026-03-03 20:16:28,2026-03-03 20:18:28,2026-03-03 20:20:03,2026-03-03 20:58:15,2.0,38.2,22.0,612.92,20.0,490.34,5.0,50
FUL_005945,BK_005945,DRV_0059,VEH_0059,2026-03-06 20:32:19,2026-03-06 20:35:31,2026-03-06 20:38:33,2026-03-06 20:57:51,3.2,19.3,12.3,317.16,20.0,253.73,5.0,50
FUL_005946,BK_005946,DRV_0306,VEH_0306,2026-03-12 12:36:30,2026-03-12 12:40:12,2026-03-12 12:43:23,2026-03-12 13:24:23,3.7,41.0,16.0,326.2,20.0,260.96,5.0,0
FUL_005947,BK_005947,DRV_0275,VEH_0275,2026-02-15 06:56:49,2026-02-15 07:00:07,2026-02-15 07:04:06,2026-02-15 07:59:48,3.3,55.7,28.5,1011.36,20.0,809.09,5.0,0
FUL_005949,BK_005949,DRV_0048,VEH_0048,2026-02-15 04:13:27,2026-02-15 04:25:57,2026-02-15 04:28:22,2026-02-15 05:21:34,12.5,53.2,21.4,657.8,20.0,526.24,5.0,0
FUL_005950,BK_005950,DRV_0075,VEH_0075,2026-02-13 00:14:12,2026-02-13 00:19:24,2026-02-13 00:20:38,2026-02-13 00:50:32,5.2,29.9,16.3,338.8,20.0,271.04,5.0,10
FUL_005951,BK_005951,DRV_0097,VEH_0097,2026-03-07 14:08:11,2026-03-07 14:11:17,2026-03-07 14:13:30,2026-03-07 14:33:06,3.1,19.6,9.5,336.0,20.0,268.8,4.0,0
FUL_005953,BK_005953,DRV_0251,VEH_0251,2026-02-13 22:25:32,2026-02-13 22:34:38,2026-02-13 22:38:32,2026-02-13 23:10:08,9.1,31.6,19.9,561.6,20.0,449.28,5.0,0
FUL_005954,BK_005954,DRV_0208,VEH_0208,2026-02-05 03:41:24,2026-02-05 03:45:42,2026-02-05 03:46:42,2026-02-05 04:16:54,4.3,30.2,22.0,646.8,20.0,517.44,5.0,0
FUL_005956,BK_005956,DRV_0043,VEH_0043,2026-02-22 15:40:31,2026-02-22 15:45:19,2026-02-22 15:47:53,2026-02-22 16:10:17,4.8,22.4,13.8,178.6,20.0,142.88,5.0,50
FUL_005958,BK_005958,DRV_0206,VEH_0206,2026-02-21 00:15:01,2026-02-21 00:26:37,2026-02-21 00:28:51,2026-02-21 00:37:09,11.6,8.3,5.6,104.06,20.0,83.25,5.0,50
FUL_005959,BK_005959,DRV_0049,VEH_0049,2026-03-06 20:40:16,2026-03-06 20:48:40,2026-03-06 20:50:05,2026-03-06 21:32:53,8.4,42.8,23.5,1275.12,20.0,1020.1,4.0,20
FUL_005960,BK_005960,DRV_0073,VEH_0073,2026-02-21 17:14:40,2026-02-21 17:20:10,2026-02-21 17:23:46,2026-02-21 17:48:22,5.5,24.6,16.8,721.28,20.0,577.02,4.0,10
FUL_005961,BK_005961,DRV_0130,VEH_0130,2026-02-14 10:45:31,2026-02-14 10:49:49,2026-02-14 10:53:32,2026-02-14 11:17:26,4.3,23.9,12.4,452.4,20.0,361.92,3.0,50
FUL_005965,BK_005965,DRV_0110,VEH_0110,2026-03-15 07:50:20,2026-03-15 07:54:26,2026-03-15 07:56:53,2026-03-15 08:35:47,4.1,38.9,19.8,430.1,20.0,344.08,5.0,0
FUL_005966,BK_005966,DRV_0261,VEH_0261,2026-03-10 11:30:41,2026-03-10 11:40:59,2026-03-10 11:43:34,2026-03-10 12:10:58,10.3,27.4,14.9,887.04,20.0,709.63,2.0,0
FUL_005969,BK_005969,DRV_0296,VEH_0296,2026-02-26 21:14:20,2026-02-26 21:25:14,2026-02-26 21:28:34,2026-02-26 22:05:16,10.9,36.7,25.8,662.34,20.0,529.87,4.0,30
FUL_005970,BK_005970,DRV_0214,VEH_0214,2026-02-15 10:01:15,2026-02-15 10:05:03,2026-02-15 10:08:43,2026-02-15 10:36:25,3.8,27.7,18.8,578.4,20.0,462.72,5.0,0
FUL_005971,BK_005971,DRV_0311,VEH_0311,2026-03-12 16:33:20,2026-03-12 16:36:56,2026-03-12 16:38:07,2026-03-12 17:16:31,3.6,38.4,15.8,391.44,20.0,313.15,5.0,0
FUL_005972,BK_005972,DRV_0031,VEH_0031,2026-02-02 06:10:26,2026-02-02 06:15:08,2026-02-02 06:16:27,2026-02-02 06:45:09,4.7,28.7,18.7,241.0,20.0,192.8,5.0,30
FUL_005973,BK_005973,DRV_0313,VEH_0313,2026-02-12 04:35:58,2026-02-12 04:44:52,2026-02-12 04:46:44,2026-02-12 05:18:20,8.9,31.6,18.9,538.2,20.0,430.56,4.0,0
FUL_005975,BK_005975,DRV_0162,VEH_0162,2026-03-11 14:10:23,2026-03-11 14:17:11,2026-03-11 14:20:09,2026-03-11 14:33:57,6.8,13.8,6.0,231.66,20.0,185.33,5.0,0
FUL_005976,BK_005976,DRV_0017,VEH_0017,2026-02-09 16:06:46,2026-02-09 16:19:52,2026-02-09 16:22:02,2026-02-09 17:00:26,13.1,38.4,13.8,464.8,20.0,371.84,5.0,0
FUL_005977,BK_005977,DRV_0100,VEH_0100,2026-03-06 15:33:32,2026-03-06 15:42:14,2026-03-06 15:44:18,2026-03-06 15:52:48,8.7,8.5,5.0,258.72,20.0,206.98,4.0,0
FUL_005978,BK_005978,DRV_0151,VEH_0151,2026-02-26 09:50:24,2026-02-26 10:01:12,2026-02-26 10:03:09,2026-02-26 10:17:57,10.8,14.8,9.6,316.32,20.0,253.06,1.0,30
FUL_005980,BK_005980,DRV_0038,VEH_0038,2026-02-01 07:43:05,2026-02-01 07:56:17,2026-02-01 07:57:53,2026-02-01 08:01:41,13.2,3.8,2.7,132.6,20.0,106.08,4.0,0
FUL_005981,BK_005981,DRV_0096,VEH_0096,2026-02-20 07:38:42,2026-02-20 07:49:36,2026-02-20 07:51:32,2026-02-20 08:45:26,10.9,53.9,20.1,272.2,20.0,217.76,5.0,20
FUL_005982,BK_005982,DRV_0250,VEH_0250,2026-03-13 06:30:27,2026-03-13 06:36:39,2026-03-13 06:38:59,2026-03-13 07:14:47,6.2,35.8,23.5,747.6,20.0,598.08,5.0,50
FUL_005983,BK_005983,DRV_0263,VEH_0263,2026-02-07 20:16:08,2026-02-07 20:21:20,2026-02-07 20:23:07,2026-02-07 20:54:43,5.2,31.6,19.1,533.82,20.0,427.06,3.0,30
FUL_005985,BK_005985,DRV_0015,VEH_0015,2026-02-17 00:14:31,2026-02-17 00:23:31,2026-02-17 00:24:54,2026-02-17 01:11:30,9.0,46.6,24.8,842.4,20.0,673.92,5.0,0
FUL_005986,BK_005986,DRV_0070,VEH_0070,2026-02-07 22:18:14,2026-02-07 22:31:32,2026-02-07 22:35:26,2026-02-07 23:30:44,13.3,55.3,24.5,716.8,20.0,573.44,5.0,0
FUL_005987,BK_005987,DRV_0319,VEH_0319,2026-02-10 05:02:49,2026-02-10 05:06:19,2026-02-10 05:07:41,2026-02-10 05:39:11,3.5,31.5,14.5,444.6,20.0,355.68,5.0,0
FUL_005988,BK_005988,DRV_0050,VEH_0050,2026-02-12 03:48:36,2026-02-12 03:56:18,2026-02-12 03:57:19,2026-02-12 04:07:31,7.7,10.2,4.9,184.6,20.0,147.68,4.0,20
FUL_005989,BK_005989,DRV_0134,VEH_0134,2026-02-26 21:30:44,2026-02-26 21:41:14,2026-02-26 21:42:52,2026-02-26 22:08:04,10.5,25.2,9.7,308.0,20.0,246.4,4.0,50
FUL_005990,BK_005990,DRV_0144,VEH_0144,2026-02-23 18:31:25,2026-02-23 18:42:01,2026-02-23 18:44:47,2026-02-23 19:54:05,10.6,69.3,26.9,1030.12,20.0,824.1,5.0,0
FUL_005991,BK_005991,DRV_0314,VEH_0314,2026-02-11 22:11:29,2026-02-11 22:15:35,2026-02-11 22:18:32,2026-02-11 22:39:38,4.1,21.1,11.8,420.42,20.0,336.34,5.0,10
FUL_005995,BK_005995,DRV_0206,VEH_0206,2026-02-12 13:06:43,2026-02-12 13:18:01,2026-02-12 13:21:38,2026-02-12 13:54:32,11.3,32.9,17.6,238.6,20.0,190.88,5.0,50
FUL_005996,BK_005996,DRV_0144,VEH_0144,2026-03-07 01:21:48,2026-03-07 01:28:30,2026-03-07 01:29:45,2026-03-07 01:43:33,6.7,13.8,8.0,273.0,20.0,218.4,5.0,20
FUL_005997,BK_005997,DRV_0031,VEH_0031,2026-03-02 19:41:03,2026-03-02 19:47:33,2026-03-02 19:48:42,2026-03-02 20:07:48,6.5,19.1,12.9,364.98,20.0,291.98,5.0,20
FUL_005998,BK_005998,DRV_0126,VEH_0126,2026-02-18 22:42:43,2026-02-18 22:47:01,2026-02-18 22:49:40,2026-02-18 23:31:28,4.3,41.8,17.4,243.98,20.0,195.18,5.0,0
FUL_005999,BK_005999,DRV_0232,VEH_0232,2026-03-15 22:06:42,2026-03-15 22:12:30,2026-03-15 22:15:36,2026-03-15 22:35:42,5.8,20.1,13.9,410.8,20.0,328.64,5.0,20
FUL_006000,BK_006000,DRV_0055,VEH_0055,2026-03-16 15:37:06,2026-03-16 15:41:24,2026-03-16 15:44:23,2026-03-16 16:15:29,4.3,31.1,16.1,246.0,20.0,196.8,5.0,50
FUL_006003,BK_006003,DRV_0167,VEH_0167,2026-03-12 22:11:00,2026-03-12 22:22:24,2026-03-12 22:25:02,2026-03-12 22:56:32,11.4,31.5,16.9,390.5,20.0,312.4,5.0,0
FUL_006004,BK_006004,DRV_0066,VEH_0066,2026-03-14 12:11:21,2026-03-14 12:24:09,2026-03-14 12:25:14,2026-03-14 12:58:08,12.8,32.9,17.7,225.4,20.0,180.32,5.0,30
FUL_006006,BK_006006,DRV_0307,VEH_0307,2026-02-08 17:30:17,2026-02-08 17:39:47,2026-02-08 17:43:32,2026-02-08 18:12:38,9.5,29.1,16.9,1026.48,20.0,821.18,5.0,0
FUL_006007,BK_006007,DRV_0218,VEH_0218,2026-03-07 04:25:43,2026-03-07 04:29:37,2026-03-07 04:32:06,2026-03-07 05:16:06,3.9,44.0,22.2,795.6,20.0,636.48,5.0,0
FUL_006008,BK_006008,DRV_0049,VEH_0049,2026-03-14 14:35:03,2026-03-14 14:38:45,2026-03-14 14:42:26,2026-03-14 15:25:32,3.7,43.1,22.8,843.36,20.0,674.69,5.0,0
FUL_006009,BK_006009,DRV_0300,VEH_0300,2026-03-07 19:38:52,2026-03-07 19:44:46,2026-03-07 19:45:55,2026-03-07 20:06:13,5.9,20.3,11.7,526.26,20.0,421.01,5.0,20
FUL_006011,BK_006011,DRV_0155,VEH_0155,2026-03-02 16:50:15,2026-03-02 16:53:09,2026-03-02 16:54:22,2026-03-02 17:14:16,2.9,19.9,7.2,283.14,20.0,226.51,2.0,0
FUL_006012,BK_006012,DRV_0155,VEH_0155,2026-03-11 12:33:51,2026-03-11 12:41:03,2026-03-11 12:44:17,2026-03-11 13:12:05,7.2,27.8,11.5,371.8,20.0,297.44,5.0,10
FUL_006013,BK_006013,DRV_0281,VEH_0281,2026-02-05 19:03:42,2026-02-05 19:06:18,2026-02-05 19:09:08,2026-02-05 19:39:44,2.6,30.6,11.6,967.68,20.0,774.14,5.0,10
FUL_006014,BK_006014,DRV_0059,VEH_0059,2026-03-15 08:43:32,2026-03-15 08:48:32,2026-03-15 08:49:56,2026-03-15 09:22:50,5.0,32.9,14.9,320.32,20.0,256.26,5.0,0
FUL_006017,BK_006017,DRV_0232,VEH_0232,2026-03-14 14:03:23,2026-03-14 14:06:11,2026-03-14 14:10:09,2026-03-14 14:42:27,2.8,32.3,16.6,514.8,20.0,411.84,5.0,10
FUL_006018,BK_006018,DRV_0097,VEH_0097,2026-02-20 15:18:31,2026-02-20 15:23:37,2026-02-20 15:26:14,2026-02-20 16:01:20,5.1,35.1,15.7,542.08,20.0,433.66,5.0,0
FUL_006019,BK_006019,DRV_0223,VEH_0223,2026-02-11 11:19:39,2026-02-11 11:26:33,2026-02-11 11:27:47,2026-02-11 12:13:23,6.9,45.6,21.0,472.68,20.0,378.14,2.0,20
FUL_006020,BK_006020,DRV_0092,VEH_0092,2026-02-24 13:20:26,2026-02-24 13:29:38,2026-02-24 13:33:31,2026-02-24 13:51:01,9.2,17.5,9.8,423.36,20.0,338.69,5.0,0
FUL_006021,BK_006021,DRV_0012,VEH_0012,2026-03-17 21:05:39,2026-03-17 21:19:39,2026-03-17 21:23:14,2026-03-17 21:38:50,14.0,15.6,8.6,235.08,20.0,188.06,5.0,0
FUL_006022,BK_006022,DRV_0282,VEH_0282,2026-03-13 06:44:48,2026-03-13 06:51:06,2026-03-13 06:54:01,2026-03-13 07:07:07,6.3,13.1,9.1,202.0,20.0,161.6,5.0,0
FUL_006023,BK_006023,DRV_0244,VEH_0244,2026-02-06 05:47:18,2026-02-06 05:50:00,2026-02-06 05:51:02,2026-02-06 05:58:26,2.7,7.4,4.3,225.12,20.0,180.1,5.0,0
FUL_006024,BK_006024,DRV_0211,VEH_0211,2026-02-18 14:05:18,2026-02-18 14:19:12,2026-02-18 14:22:28,2026-02-18 14:29:16,13.9,6.8,3.3,160.16,20.0,128.13,5.0,0
FUL_006025,BK_006025,DRV_0050,VEH_0050,2026-02-14 00:07:09,2026-02-14 00:17:45,2026-02-14 00:19:46,2026-02-14 00:45:40,10.6,25.9,13.7,400.4,20.0,320.32,5.0,10
FUL_006026,BK_006026,DRV_0237,VEH_0237,2026-02-21 22:32:29,2026-02-21 22:36:59,2026-02-21 22:38:13,2026-02-21 23:48:19,4.5,70.1,27.1,890.12,20.0,712.1,5.0,0
FUL_006027,BK_006027,DRV_0092,VEH_0092,2026-02-27 01:47:16,2026-02-27 01:52:52,2026-02-27 01:54:26,2026-02-27 02:18:14,5.6,23.8,15.2,473.2,20.0,378.56,5.0,10
FUL_006029,BK_006029,DRV_0126,VEH_0126,2026-02-06 19:59:29,2026-02-06 20:02:53,2026-02-06 20:06:36,2026-02-06 20:26:36,3.4,20.0,14.4,445.92,20.0,356.74,5.0,0
FUL_006031,BK_006031,DRV_0205,VEH_0205,2026-03-13 12:23:36,2026-03-13 12:29:30,2026-03-13 12:31:15,2026-03-13 12:49:09,5.9,17.9,11.0,345.8,20.0,276.64,5.0,50
FUL_006032,BK_006032,DRV_0189,VEH_0189,2026-03-17 00:19:21,2026-03-17 00:28:51,2026-03-17 00:31:24,2026-03-17 00:52:00,9.5,20.6,14.0,297.4,20.0,237.92,5.0,0
FUL_006033,BK_006033,DRV_0319,VEH_0319,2026-03-12 21:18:30,2026-03-12 21:25:48,2026-03-12 21:28:31,2026-03-12 21:52:01,7.3,23.5,10.8,780.0,20.0,624.0,5.0,0
FUL_006036,BK_006036,DRV_0212,VEH_0212,2026-02-20 12:42:25,2026-02-20 12:54:31,2026-02-20 12:56:36,2026-02-20 13:38:36,12.1,42.0,21.4,437.8,20.0,350.24,5.0,0
FUL_006037,BK_006037,DRV_0242,VEH_0242,2026-02-05 10:28:23,2026-02-05 10:30:41,2026-02-05 10:34:22,2026-02-05 10:51:58,2.3,17.6,7.3,199.2,20.0,159.36,5.0,0
FUL_006039,BK_006039,DRV_0156,VEH_0156,2026-02-16 16:58:22,2026-02-16 17:09:34,2026-02-16 17:13:04,2026-02-16 17:57:40,11.2,44.6,20.1,608.4,20.0,486.72,5.0,30
FUL_006040,BK_006040,DRV_0068,VEH_0068,2026-02-17 22:52:31,2026-02-17 23:05:49,2026-02-17 23:07:26,2026-02-17 23:55:02,13.3,47.6,25.5,858.0,20.0,686.4,5.0,10
FUL_006041,BK_006041,DRV_0218,VEH_0218,2026-03-09 23:39:47,2026-03-09 23:49:23,2026-03-09 23:52:36,2026-03-10 00:04:48,9.6,12.2,7.2,241.8,20.0,193.44,5.0,50
FUL_006042,BK_006042,DRV_0314,VEH_0314,2026-02-01 18:29:36,2026-02-01 18:41:00,2026-02-01 18:43:24,2026-02-01 19:01:36,11.4,18.2,12.3,582.4,20.0,465.92,4.0,0
FUL_006043,BK_006043,DRV_0091,VEH_0091,2026-03-16 18:53:36,2026-03-16 19:02:24,2026-03-16 19:03:39,2026-03-16 19:45:45,8.8,42.1,27.3,508.76,20.0,407.01,5.0,0
FUL_006044,BK_006044,DRV_0176,VEH_0176,2026-02-25 19:19:46,2026-02-25 19:33:16,2026-02-25 19:35:13,2026-02-25 20:12:43,13.5,37.5,24.9,553.44,20.0,442.75,5.0,30
FUL_006046,BK_006046,DRV_0101,VEH_0101,2026-02-06 17:37:36,2026-02-06 17:50:06,2026-02-06 17:52:03,2026-02-06 18:41:03,12.5,49.0,25.1,997.36,20.0,797.89,5.0,50
FUL_006047,BK_006047,DRV_0237,VEH_0237,2026-03-06 20:07:05,2026-03-06 20:12:59,2026-03-06 20:14:27,2026-03-06 20:40:27,5.9,26.0,15.9,628.32,20.0,502.66,5.0,20
FUL_006048,BK_006048,DRV_0172,VEH_0172,2026-02-06 01:30:17,2026-02-06 01:33:35,2026-02-06 01:36:01,2026-02-06 01:41:31,3.3,5.5,3.7,125.76,20.0,100.61,5.0,0
FUL_006049,BK_006049,DRV_0243,VEH_0243,2026-02-12 18:49:23,2026-02-12 18:53:05,2026-02-12 18:56:33,2026-02-12 19:02:39,3.7,6.1,3.7,163.68,20.0,130.94,5.0,30
FUL_006050,BK_006050,DRV_0105,VEH_0105,2026-03-09 02:22:37,2026-03-09 02:30:31,2026-03-09 02:32:59,2026-03-09 03:15:17,7.9,42.3,19.1,371.2,20.0,296.96,5.0,0
FUL_006051,BK_006051,DRV_0208,VEH_0208,2026-02-26 07:58:26,2026-02-26 08:01:26,2026-02-26 08:02:31,2026-02-26 08:43:31,3.0,41.0,22.6,688.8,20.0,551.04,5.0,0
FUL_006053,BK_006053,DRV_0106,VEH_0106,2026-02-09 18:38:59,2026-02-09 18:52:53,2026-02-09 18:56:47,2026-02-09 19:16:41,13.9,19.9,10.4,369.28,20.0,295.42,5.0,0
FUL_006054,BK_006054,DRV_0055,VEH_0055,2026-02-23 11:06:16,2026-02-23 11:09:10,2026-02-23 11:10:56,2026-02-23 11:38:02,2.9,27.1,18.7,566.88,20.0,453.5,5.0,0
FUL_006055,BK_006055,DRV_0236,VEH_0236,2026-03-14 17:55:17,2026-03-14 18:05:41,2026-03-14 18:07:15,2026-03-14 18:16:09,10.4,8.9,4.2,262.64,20.0,210.11,5.0,0
FUL_006057,BK_006057,DRV_0129,VEH_0129,2026-02-25 01:39:22,2026-02-25 01:45:46,2026-02-25 01:46:54,2026-02-25 02:28:06,6.4,41.2,23.4,292.6,20.0,234.08,5.0,10
FUL_006059,BK_006059,DRV_0028,VEH_0028,2026-02-01 17:40:13,2026-02-01 17:44:55,2026-02-01 17:47:49,2026-02-01 18:31:43,4.7,43.9,18.0,521.22,20.0,416.98,5.0,0
FUL_006060,BK_006060,DRV_0202,VEH_0202,2026-02-20 08:32:15,2026-02-20 08:34:27,2026-02-20 08:37:41,2026-02-20 08:49:29,2.2,11.8,5.7,388.44,20.0,310.75,5.0,0
FUL_006061,BK_006061,DRV_0263,VEH_0263,2026-02-03 23:39:50,2026-02-03 23:50:32,2026-02-03 23:52:32,2026-02-04 00:16:32,10.7,24.0,16.2,206.2,20.0,164.96,5.0,10
FUL_006063,BK_006063,DRV_0024,VEH_0024,2026-03-18 01:30:21,2026-03-18 01:37:15,2026-03-18 01:39:32,2026-03-18 02:00:56,6.9,21.4,10.0,248.88,20.0,199.1,4.0,10
FUL_006064,BK_006064,DRV_0072,VEH_0072,2026-03-06 08:40:45,2026-03-06 08:50:03,2026-03-06 08:53:54,2026-03-06 09:35:06,9.3,41.2,21.3,749.28,20.0,599.42,5.0,0
FUL_006065,BK_006065,DRV_0017,VEH_0017,2026-03-10 20:09:31,2026-03-10 20:23:01,2026-03-10 20:26:52,2026-03-10 21:05:16,13.5,38.4,22.5,1295.28,20.0,1036.22,4.0,0
FUL_006066,BK_006066,DRV_0079,VEH_0079,2026-03-16 11:44:24,2026-03-16 11:50:24,2026-03-16 11:54:03,2026-03-16 12:23:15,6.0,29.2,15.7,752.96,20.0,602.37,5.0,0
FUL_006068,BK_006068,DRV_0189,VEH_0189,2026-02-22 11:17:41,2026-02-22 11:21:35,2026-02-22 11:25:27,2026-02-22 11:55:33,3.9,30.1,20.0,614.08,20.0,491.26,5.0,10
FUL_006069,BK_006069,DRV_0310,VEH_0310,2026-02-24 13:43:43,2026-02-24 13:54:13,2026-02-24 13:55:35,2026-02-24 14:33:29,10.5,37.9,19.2,556.4,20.0,445.12,2.0,10
FUL_006070,BK_006070,DRV_0307,VEH_0307,2026-02-10 17:20:54,2026-02-10 17:24:42,2026-02-10 17:26:38,2026-02-10 18:20:38,3.8,54.0,28.7,1272.96,20.0,1018.37,4.0,0
FUL_006071,BK_006071,DRV_0062,VEH_0062,2026-02-04 09:21:47,2026-02-04 09:25:59,2026-02-04 09:27:09,2026-02-04 09:59:33,4.2,32.4,19.4,1053.0,20.0,842.4,5.0,50
FUL_006072,BK_006072,DRV_0186,VEH_0186,2026-03-07 04:05:30,2026-03-07 04:12:54,2026-03-07 04:15:44,2026-03-07 04:45:56,7.4,30.2,13.0,431.2,20.0,344.96,5.0,30
FUL_006073,BK_006073,DRV_0272,VEH_0272,2026-02-28 22:09:17,2026-02-28 22:12:29,2026-02-28 22:14:51,2026-02-28 22:51:45,3.2,36.9,16.5,342.4,20.0,273.92,5.0,0
FUL_006074,BK_006074,DRV_0190,VEH_0190,2026-03-01 12:46:33,2026-03-01 12:51:27,2026-03-01 12:53:39,2026-03-01 12:59:09,4.9,5.5,2.4,154.0,20.0,123.2,5.0,0
FUL_006075,BK_006075,DRV_0009,VEH_0009,2026-02-24 14:34:21,2026-02-24 14:40:33,2026-02-24 14:44:32,2026-02-24 14:58:26,6.2,13.9,6.5,158.8,20.0,127.04,5.0,0
FUL_006076,BK_006076,DRV_0271,VEH_0271,2026-03-01 17:23:57,2026-03-01 17:33:21,2026-03-01 17:36:25,2026-03-01 18:15:49,9.4,39.4,23.8,976.08,20.0,780.86,5.0,20
FUL_006078,BK_006078,DRV_0301,VEH_0301,2026-02-11 23:46:30,2026-02-11 23:52:30,2026-02-11 23:55:54,2026-02-12 00:04:06,6.0,8.2,3.9,113.8,20.0,91.04,5.0,0
FUL_006080,BK_006080,DRV_0093,VEH_0093,2026-02-09 03:40:50,2026-02-09 03:43:44,2026-02-09 03:46:18,2026-02-09 04:44:06,2.9,57.8,28.1,806.4,20.0,645.12,5.0,20
FUL_006081,BK_006081,DRV_0216,VEH_0216,2026-02-06 07:13:20,2026-02-06 07:17:44,2026-02-06 07:20:22,2026-02-06 07:35:28,4.4,15.1,9.2,286.0,20.0,228.8,5.0,0
FUL_006083,BK_006083,DRV_0224,VEH_0224,2026-02-26 07:45:30,2026-02-26 07:57:48,2026-02-26 08:00:25,2026-02-26 08:38:55,12.3,38.5,19.8,561.6,20.0,449.28,5.0,20
FUL_006084,BK_006084,DRV_0235,VEH_0235,2026-02-21 05:24:17,2026-02-21 05:31:17,2026-02-21 05:32:40,2026-02-21 05:43:22,7.0,10.7,7.3,169.6,20.0,135.68,5.0,10
FUL_006086,BK_006086,DRV_0024,VEH_0024,2026-03-08 10:16:07,2026-03-08 10:25:43,2026-03-08 10:28:41,2026-03-08 11:24:59,9.6,56.3,27.8,738.92,20.0,591.14,5.0,0
FUL_006087,BK_006087,DRV_0059,VEH_0059,2026-02-24 22:43:36,2026-02-24 22:47:24,2026-02-24 22:49:46,2026-02-24 23:08:46,3.8,19.0,11.4,194.16,20.0,155.33,5.0,20
FUL_006088,BK_006088,DRV_0115,VEH_0115,2026-02-16 08:03:07,2026-02-16 08:10:37,2026-02-16 08:11:47,2026-02-16 08:26:17,7.5,14.5,9.5,331.84,20.0,265.47,5.0,0
FUL_006089,BK_006089,DRV_0318,VEH_0318,2026-03-08 00:02:26,2026-03-08 00:13:56,2026-03-08 00:17:22,2026-03-08 00:28:22,11.5,11.0,5.2,192.4,20.0,153.92,5.0,0
FUL_006090,BK_006090,DRV_0209,VEH_0209,2026-02-20 03:59:49,2026-02-20 04:04:49,2026-02-20 04:06:37,2026-02-20 04:40:43,5.0,34.1,16.1,501.2,20.0,400.96,5.0,0
FUL_006091,BK_006091,DRV_0107,VEH_0107,2026-03-11 05:13:53,2026-03-11 05:21:41,2026-03-11 05:25:15,2026-03-11 05:31:57,7.8,6.7,4.0,125.18,20.0,100.14,5.0,10
FUL_006093,BK_006093,DRV_0318,VEH_0318,2026-03-10 21:18:47,2026-03-10 21:27:05,2026-03-10 21:29:52,2026-03-10 22:09:04,8.3,39.2,22.8,1547.52,20.0,1238.02,5.0,50
FUL_006094,BK_006094,DRV_0301,VEH_0301,2026-02-28 22:32:06,2026-02-28 22:40:24,2026-02-28 22:42:44,2026-02-28 23:23:44,8.3,41.0,21.8,475.64,20.0,380.51,2.0,0
FUL_006095,BK_006095,DRV_0246,VEH_0246,2026-03-07 06:51:48,2026-03-07 07:00:42,2026-03-07 07:02:27,2026-03-07 07:15:39,8.9,13.2,7.0,117.26,20.0,93.81,5.0,0
FUL_006097,BK_006097,DRV_0303,VEH_0303,2026-03-07 22:57:00,2026-03-07 23:00:48,2026-03-07 23:04:31,2026-03-07 23:19:25,3.8,14.9,8.3,283.4,20.0,226.72,5.0,50
FUL_006101,BK_006101,DRV_0058,VEH_0058,2026-02-28 01:00:54,2026-02-28 01:05:24,2026-02-28 01:08:29,2026-02-28 01:30:47,4.5,22.3,12.8,397.8,20.0,318.24,5.0,0
FUL_006103,BK_006103,DRV_0272,VEH_0272,2026-02-09 14:53:23,2026-02-09 15:03:29,2026-02-09 15:06:56,2026-02-09 16:02:08,10.1,55.2,27.8,553.0,20.0,442.4,4.0,0
FUL_006104,BK_006104,DRV_0308,VEH_0308,2026-03-10 15:20:17,2026-03-10 15:29:29,2026-03-10 15:33:17,2026-03-10 16:11:47,9.2,38.5,24.3,843.36,20.0,674.69,5.0,0
FUL_006105,BK_006105,DRV_0097,VEH_0097,2026-02-24 08:35:15,2026-02-24 08:45:39,2026-02-24 08:48:30,2026-02-24 09:43:24,10.4,54.9,25.1,1848.0,20.0,1478.4,5.0,0
FUL_006107,BK_006107,DRV_0254,VEH_0254,2026-02-11 08:22:11,2026-02-11 08:27:59,2026-02-11 08:29:52,2026-02-11 08:41:34,5.8,11.7,5.6,212.64,20.0,170.11,4.0,0
FUL_006109,BK_006109,DRV_0132,VEH_0132,2026-03-10 08:13:22,2026-03-10 08:24:34,2026-03-10 08:27:27,2026-03-10 09:00:21,11.2,32.9,16.9,896.0,20.0,716.8,4.0,20
FUL_006110,BK_006110,DRV_0061,VEH_0061,2026-02-12 11:47:54,2026-02-12 11:58:54,2026-02-12 12:01:48,2026-02-12 12:29:06,11.0,27.3,12.3,276.16,20.0,220.93,5.0,0
FUL_006111,BK_006111,DRV_0199,VEH_0199,2026-02-04 01:26:23,2026-02-04 01:29:47,2026-02-04 01:30:59,2026-02-04 02:00:53,3.4,29.9,20.6,302.06,20.0,241.65,5.0,30
FUL_006113,BK_006113,DRV_0250,VEH_0250,2026-03-17 06:48:40,2026-03-17 06:51:22,2026-03-17 06:55:12,2026-03-17 07:00:18,2.7,5.1,2.6,140.0,20.0,112.0,3.0,30
FUL_006114,BK_006114,DRV_0126,VEH_0126,2026-02-03 19:38:51,2026-02-03 19:49:33,2026-02-03 19:53:26,2026-02-03 20:49:14,10.7,55.8,22.1,513.72,20.0,410.98,3.0,20
FUL_006115,BK_006115,DRV_0278,VEH_0278,2026-02-19 15:07:41,2026-02-19 15:12:29,2026-02-19 15:15:35,2026-02-19 15:55:41,4.8,40.1,19.3,612.04,20.0,489.63,5.0,0
FUL_006116,BK_006116,DRV_0136,VEH_0136,2026-02-21 21:12:38,2026-02-21 21:18:02,2026-02-21 21:19:57,2026-02-21 21:55:03,5.4,35.1,20.9,561.54,20.0,449.23,5.0,0
FUL_006117,BK_006117,DRV_0197,VEH_0197,2026-02-23 16:51:45,2026-02-23 16:57:39,2026-02-23 17:01:31,2026-02-23 17:12:37,5.9,11.1,7.8,308.88,20.0,247.1,5.0,0
FUL_006118,BK_006118,DRV_0065,VEH_0065,2026-03-15 00:28:17,2026-03-15 00:34:47,2026-03-15 00:36:01,2026-03-15 00:52:25,6.5,16.4,9.0,147.62,20.0,118.1,5.0,50
FUL_006119,BK_006119,DRV_0316,VEH_0316,2026-03-05 09:26:49,2026-03-05 09:33:19,2026-03-05 09:37:17,2026-03-05 09:45:11,6.5,7.9,4.2,161.84,20.0,129.47,5.0,0
FUL_006120,BK_006120,DRV_0253,VEH_0253,2026-03-14 00:17:01,2026-03-14 00:26:13,2026-03-14 00:28:21,2026-03-14 00:59:57,9.2,31.6,17.4,512.2,20.0,409.76,5.0,0
FUL_006121,BK_006121,DRV_0039,VEH_0039,2026-02-26 04:14:29,2026-02-26 04:24:59,2026-02-26 04:26:03,2026-02-26 05:27:45,10.5,61.7,27.1,901.68,20.0,721.34,5.0,0
FUL_006122,BK_006122,DRV_0271,VEH_0271,2026-03-09 15:07:09,2026-03-09 15:19:39,2026-03-09 15:22:43,2026-03-09 15:58:49,12.5,36.1,20.1,455.84,20.0,364.67,5.0,0
FUL_006123,BK_006123,DRV_0054,VEH_0054,2026-03-08 04:16:30,2026-03-08 04:21:54,2026-03-08 04:24:23,2026-03-08 05:06:47,5.4,42.4,20.0,323.76,20.0,259.01,5.0,10
FUL_006125,BK_006125,DRV_0287,VEH_0287,2026-03-16 09:38:16,2026-03-16 09:50:10,2026-03-16 09:53:05,2026-03-16 10:31:11,11.9,38.1,20.8,683.2,20.0,546.56,4.0,10
FUL_006126,BK_006126,DRV_0281,VEH_0281,2026-02-21 05:19:45,2026-02-21 05:23:27,2026-02-21 05:26:46,2026-02-21 05:32:52,3.7,6.1,3.8,211.68,20.0,169.34,5.0,0
FUL_006127,BK_006127,DRV_0241,VEH_0241,2026-03-15 10:58:49,2026-03-15 11:06:25,2026-03-15 11:08:33,2026-03-15 11:58:15,7.6,49.7,20.1,650.4,20.0,520.32,5.0,50
FUL_006128,BK_006128,DRV_0247,VEH_0247,2026-02-07 03:08:05,2026-02-07 03:19:53,2026-02-07 03:23:28,2026-02-07 03:41:52,11.8,18.4,11.9,431.2,20.0,344.96,4.0,10
FUL_006130,BK_006130,DRV_0205,VEH_0205,2026-03-13 07:36:23,2026-03-13 07:46:29,2026-03-13 07:50:28,2026-03-13 08:41:28,10.1,51.0,18.8,683.28,20.0,546.62,5.0,10
FUL_006131,BK_006131,DRV_0023,VEH_0023,2026-03-15 23:32:09,2026-03-15 23:35:33,2026-03-15 23:37:35,2026-03-15 23:55:35,3.4,18.0,8.0,227.28,20.0,181.82,5.0,0
FUL_006134,BK_006134,DRV_0318,VEH_0318,2026-03-17 14:38:30,2026-03-17 14:42:06,2026-03-17 14:44:39,2026-03-17 14:52:15,3.6,7.6,4.7,200.2,20.0,160.16,5.0,50
FUL_006135,BK_006135,DRV_0152,VEH_0152,2026-03-04 17:07:19,2026-03-04 17:18:49,2026-03-04 17:20:42,2026-03-04 18:02:42,11.5,42.0,18.6,529.76,20.0,423.81,4.0,0
FUL_006136,BK_006136,DRV_0031,VEH_0031,2026-02-12 14:24:24,2026-02-12 14:34:06,2026-02-12 14:35:20,2026-02-12 15:07:02,9.7,31.7,23.6,346.8,20.0,277.44,2.0,0
FUL_006137,BK_006137,DRV_0078,VEH_0078,2026-02-12 20:06:55,2026-02-12 20:11:55,2026-02-12 20:14:31,2026-02-12 21:03:31,5.0,49.0,19.1,811.72,20.0,649.38,5.0,0
FUL_006138,BK_006138,DRV_0164,VEH_0164,2026-03-03 16:04:23,2026-03-03 16:09:35,2026-03-03 16:11:07,2026-03-03 16:57:19,5.2,46.2,29.3,834.4,20.0,667.52,5.0,50
FUL_006139,BK_006139,DRV_0197,VEH_0197,2026-02-24 14:20:56,2026-02-24 14:30:56,2026-02-24 14:34:36,2026-02-24 14:52:42,10.0,18.1,12.3,414.7,20.0,331.76,5.0,30
FUL_006140,BK_006140,DRV_0264,VEH_0264,2026-02-24 23:48:13,2026-02-24 23:58:13,2026-02-24 23:59:59,2026-02-25 00:59:17,10.0,59.3,24.3,840.84,20.0,672.67,5.0,50
FUL_006141,BK_006141,DRV_0290,VEH_0290,2026-03-12 02:15:32,2026-03-12 02:27:50,2026-03-12 02:31:05,2026-03-12 02:59:53,12.3,28.8,12.7,411.84,20.0,329.47,5.0,20
FUL_006142,BK_006142,DRV_0040,VEH_0040,2026-02-21 07:31:02,2026-02-21 07:37:56,2026-02-21 07:41:28,2026-02-21 07:52:34,6.9,11.1,6.1,186.24,20.0,148.99,5.0,50
FUL_006144,BK_006144,DRV_0275,VEH_0275,2026-02-10 14:10:30,2026-02-10 14:18:54,2026-02-10 14:22:48,2026-02-10 15:00:54,8.4,38.1,22.7,697.2,20.0,557.76,5.0,0
FUL_006145,BK_006145,DRV_0117,VEH_0117,2026-02-23 18:59:09,2026-02-23 19:11:45,2026-02-23 19:14:47,2026-02-23 20:05:23,12.6,50.6,28.8,1805.16,20.0,1444.13,2.0,50
FUL_006146,BK_006146,DRV_0035,VEH_0035,2026-02-18 15:10:43,2026-02-18 15:20:31,2026-02-18 15:23:53,2026-02-18 16:07:11,9.8,43.3,16.4,335.2,20.0,268.16,5.0,30
FUL_006147,BK_006147,DRV_0086,VEH_0086,2026-02-03 12:43:21,2026-02-03 12:55:39,2026-02-03 12:58:37,2026-02-03 13:09:01,12.3,10.4,6.9,162.4,20.0,129.92,3.0,30
FUL_006148,BK_006148,DRV_0161,VEH_0161,2026-02-03 07:04:25,2026-02-03 07:16:31,2026-02-03 07:19:38,2026-02-03 07:44:32,12.1,24.9,12.8,429.0,20.0,343.2,5.0,0
FUL_006149,BK_006149,DRV_0286,VEH_0286,2026-02-17 23:08:04,2026-02-17 23:15:22,2026-02-17 23:18:21,2026-02-17 23:46:51,7.3,28.5,16.8,384.96,20.0,307.97,5.0,0
FUL_006152,BK_006152,DRV_0175,VEH_0175,2026-02-13 14:50:25,2026-02-13 14:57:13,2026-02-13 15:01:11,2026-02-13 15:10:29,6.8,9.3,4.3,182.0,20.0,145.6,1.0,0
FUL_006153,BK_006153,DRV_0249,VEH_0249,2026-03-11 15:20:34,2026-03-11 15:31:40,2026-03-11 15:34:16,2026-03-11 16:00:40,11.1,26.4,18.9,639.6,20.0,511.68,5.0,20
FUL_006154,BK_006154,DRV_0219,VEH_0219,2026-03-03 22:59:45,2026-03-03 23:13:09,2026-03-03 23:15:59,2026-03-04 00:04:59,13.4,49.0,27.3,361.0,20.0,288.8,5.0,0
FUL_006155,BK_006155,DRV_0027,VEH_0027,2026-02-05 03:19:23,2026-02-05 03:30:05,2026-02-05 03:32:17,2026-02-05 04:24:59,10.7,52.7,22.1,358.32,20.0,286.66,5.0,20
FUL_006157,BK_006157,DRV_0119,VEH_0119,2026-02-24 00:58:53,2026-02-24 01:08:47,2026-02-24 01:12:23,2026-02-24 01:16:17,9.9,3.9,2.8,148.72,20.0,118.98,5.0,10
FUL_006158,BK_006158,DRV_0288,VEH_0288,2026-02-09 02:49:56,2026-02-09 03:00:20,2026-02-09 03:02:17,2026-02-09 03:12:05,10.4,9.8,4.9,124.6,20.0,99.68,2.0,20
FUL_006159,BK_006159,DRV_0272,VEH_0272,2026-03-01 08:04:07,2026-03-01 08:13:43,2026-03-01 08:16:32,2026-03-01 08:50:20,9.6,33.8,20.9,892.92,20.0,714.34,1.0,30
FUL_006160,BK_006160,DRV_0142,VEH_0142,2026-03-02 02:47:18,2026-03-02 02:58:42,2026-03-02 03:00:08,2026-03-02 03:32:32,11.4,32.4,17.9,231.4,20.0,185.12,5.0,0
FUL_006161,BK_006161,DRV_0106,VEH_0106,2026-02-02 00:26:22,2026-02-02 00:29:52,2026-02-02 00:33:19,2026-02-02 01:06:25,3.5,33.1,15.2,380.64,20.0,304.51,5.0,0
FUL_006162,BK_006162,DRV_0248,VEH_0248,2026-02-28 03:11:25,2026-02-28 03:23:43,2026-02-28 03:25:23,2026-02-28 03:43:41,12.3,18.3,6.8,166.0,20.0,132.8,5.0,10
FUL_006163,BK_006163,DRV_0172,VEH_0172,2026-02-11 02:50:40,2026-02-11 02:52:52,2026-02-11 02:56:01,2026-02-11 03:32:25,2.2,36.4,14.5,302.8,20.0,242.24,5.0,0
FUL_006165,BK_006165,DRV_0119,VEH_0119,2026-02-16 21:03:28,2026-02-16 21:12:46,2026-02-16 21:14:20,2026-02-16 21:56:50,9.3,42.5,22.4,869.96,20.0,695.97,3.0,10
FUL_006166,BK_006166,DRV_0078,VEH_0078,2026-02-12 18:52:08,2026-02-12 18:56:20,2026-02-12 18:58:46,2026-02-12 19:18:46,4.2,20.0,14.5,508.56,20.0,406.85,1.0,10
FUL_006170,BK_006170,DRV_0206,VEH_0206,2026-02-13 09:13:10,2026-02-13 09:18:46,2026-02-13 09:22:35,2026-02-13 09:57:47,5.6,35.2,21.5,456.64,20.0,365.31,5.0,10
FUL_006171,BK_006171,DRV_0004,VEH_0004,2026-02-20 07:52:55,2026-02-20 08:02:25,2026-02-20 08:05:55,2026-02-20 08:44:43,9.5,38.8,26.9,715.0,20.0,572.0,3.0,0
FUL_006172,BK_006172,DRV_0127,VEH_0127,2026-03-02 23:05:34,2026-03-02 23:18:28,2026-03-02 23:20:59,2026-03-02 23:29:53,12.9,8.9,4.6,82.6,20.0,66.08,4.0,0
FUL_006173,BK_006173,DRV_0178,VEH_0178,2026-03-14 23:36:31,2026-03-14 23:44:49,2026-03-14 23:47:22,2026-03-15 00:09:16,8.3,21.9,12.7,431.86,20.0,345.49,5.0,30
FUL_006174,BK_006174,DRV_0005,VEH_0005,2026-03-10 12:13:23,2026-03-10 12:26:23,2026-03-10 12:29:25,2026-03-10 12:52:43,13.0,23.3,9.9,365.04,20.0,292.03,5.0,30
FUL_006175,BK_006175,DRV_0261,VEH_0261,2026-02-14 19:24:41,2026-02-14 19:35:11,2026-02-14 19:37:39,2026-02-14 20:43:51,10.5,66.2,27.3,1379.84,20.0,1103.87,5.0,0
FUL_006176,BK_006176,DRV_0137,VEH_0137,2026-03-04 22:42:23,2026-03-04 22:56:23,2026-03-04 22:59:36,2026-03-04 23:27:18,14.0,27.7,18.5,384.56,20.0,307.65,5.0,50
FUL_006179,BK_006179,DRV_0047,VEH_0047,2026-02-07 14:30:21,2026-02-07 14:39:39,2026-02-07 14:43:04,2026-02-07 15:16:46,9.3,33.7,15.7,488.8,20.0,391.04,5.0,10
FUL_006180,BK_006180,DRV_0063,VEH_0063,2026-03-18 01:29:22,2026-03-18 01:42:04,2026-03-18 01:43:42,2026-03-18 02:07:30,12.7,23.8,17.4,635.04,20.0,508.03,5.0,20
FUL_006181,BK_006181,DRV_0197,VEH_0197,2026-02-27 07:02:15,2026-02-27 07:13:09,2026-02-27 07:16:53,2026-02-27 08:11:11,10.9,54.3,28.4,793.0,20.0,634.4,2.0,0
FUL_006183,BK_006183,DRV_0243,VEH_0243,2026-02-05 16:56:41,2026-02-05 17:05:35,2026-02-05 17:07:10,2026-02-05 17:49:46,8.9,42.6,28.6,402.38,20.0,321.9,5.0,0
FUL_006184,BK_006184,DRV_0096,VEH_0096,2026-02-28 19:01:54,2026-02-28 19:15:36,2026-02-28 19:17:52,2026-02-28 19:57:52,13.7,40.0,18.9,406.72,20.0,325.38,5.0,20
FUL_006185,BK_006185,DRV_0160,VEH_0160,2026-03-06 05:17:57,2026-03-06 05:31:09,2026-03-06 05:32:28,2026-03-06 05:42:10,13.2,9.7,5.7,262.08,20.0,209.66,5.0,20
FUL_006186,BK_006186,DRV_0214,VEH_0214,2026-02-10 10:45:57,2026-02-10 10:51:09,2026-02-10 10:54:34,2026-02-10 11:02:52,5.2,8.3,5.8,112.08,20.0,89.66,5.0,50
FUL_006187,BK_006187,DRV_0303,VEH_0303,2026-02-15 10:14:16,2026-02-15 10:24:22,2026-02-15 10:25:41,2026-02-15 11:27:59,10.1,62.3,28.3,1446.12,20.0,1156.9,4.0,0
FUL_006189,BK_006189,DRV_0062,VEH_0062,2026-03-02 15:40:00,2026-03-02 15:46:00,2026-03-02 15:49:28,2026-03-02 16:05:52,6.0,16.4,10.8,330.2,20.0,264.16,5.0,10
FUL_006190,BK_006190,DRV_0175,VEH_0175,2026-03-10 06:44:26,2026-03-10 06:57:20,2026-03-10 06:59:55,2026-03-10 07:25:43,12.9,25.8,15.3,539.0,20.0,431.2,5.0,0
FUL_006191,BK_006191,DRV_0310,VEH_0310,2026-03-13 12:28:45,2026-03-13 12:33:09,2026-03-13 12:36:27,2026-03-13 13:12:57,4.4,36.5,14.6,439.4,20.0,351.52,5.0,50
FUL_006192,BK_006192,DRV_0180,VEH_0180,2026-03-16 08:06:21,2026-03-16 08:18:21,2026-03-16 08:20:09,2026-03-16 08:57:03,12.0,36.9,25.6,754.08,20.0,603.26,5.0,0
FUL_006195,BK_006195,DRV_0204,VEH_0204,2026-02-13 03:28:27,2026-02-13 03:38:09,2026-02-13 03:40:03,2026-02-13 04:03:03,9.7,23.0,14.2,489.06,20.0,391.25,4.0,50
FUL_006197,BK_006197,DRV_0048,VEH_0048,2026-03-14 08:00:26,2026-03-14 08:07:14,2026-03-14 08:08:59,2026-03-14 08:36:29,6.8,27.5,18.4,1279.2,20.0,1023.36,4.0,10
FUL_006198,BK_006198,DRV_0094,VEH_0094,2026-03-07 16:36:17,2026-03-07 16:44:29,2026-03-07 16:48:00,2026-03-07 17:27:36,8.2,39.6,26.1,537.02,20.0,429.62,4.0,20
FUL_006200,BK_006200,DRV_0074,VEH_0074,2026-02-23 13:54:44,2026-02-23 13:56:50,2026-02-23 13:58:54,2026-02-23 14:21:42,2.1,22.8,15.9,523.38,20.0,418.7,5.0,0
FUL_006201,BK_006201,DRV_0057,VEH_0057,2026-03-16 04:21:20,2026-03-16 04:24:20,2026-03-16 04:26:09,2026-03-16 04:41:03,3.0,14.9,8.9,293.8,20.0,235.04,5.0,30
FUL_006202,BK_006202,DRV_0164,VEH_0164,2026-02-15 20:33:58,2026-02-15 20:36:10,2026-02-15 20:39:47,2026-02-15 20:49:11,2.2,9.4,5.6,544.32,20.0,435.46,5.0,50
FUL_006205,BK_006205,DRV_0272,VEH_0272,2026-02-11 11:39:23,2026-02-11 11:45:41,2026-02-11 11:48:02,2026-02-11 12:37:56,6.3,49.9,27.6,1271.04,20.0,1016.83,5.0,0
FUL_006206,BK_006206,DRV_0052,VEH_0052,2026-03-10 11:20:39,2026-03-10 11:28:45,2026-03-10 11:31:29,2026-03-10 12:13:53,8.1,42.4,18.6,518.7,20.0,414.96,4.0,0
FUL_006207,BK_006207,DRV_0308,VEH_0308,2026-02-23 07:09:32,2026-02-23 07:12:20,2026-02-23 07:16:00,2026-02-23 07:20:18,2.8,4.3,3.1,181.44,20.0,145.15,4.0,10
FUL_006208,BK_006208,DRV_0238,VEH_0238,2026-03-03 04:43:58,2026-03-03 04:52:46,2026-03-03 04:55:17,2026-03-03 05:25:17,8.8,30.0,17.9,603.46,20.0,482.77,5.0,0
FUL_006209,BK_006209,DRV_0156,VEH_0156,2026-03-04 12:34:20,2026-03-04 12:43:20,2026-03-04 12:45:07,2026-03-04 13:18:43,9.0,33.6,21.0,600.6,20.0,480.48,3.0,30
FUL_006210,BK_006210,DRV_0244,VEH_0244,2026-02-06 16:12:21,2026-02-06 16:21:27,2026-02-06 16:22:39,2026-02-06 16:29:45,9.1,7.1,3.5,170.8,20.0,136.64,4.0,0
FUL_006211,BK_006211,DRV_0296,VEH_0296,2026-02-18 03:24:09,2026-02-18 03:32:45,2026-02-18 03:33:47,2026-02-18 03:48:35,8.6,14.8,7.3,127.82,20.0,102.26,5.0,0
FUL_006214,BK_006214,DRV_0313,VEH_0313,2026-03-09 02:13:20,2026-03-09 02:26:14,2026-03-09 02:28:55,2026-03-09 02:54:31,12.9,25.6,10.8,335.4,20.0,268.32,5.0,0
FUL_006215,BK_006215,DRV_0103,VEH_0103,2026-03-03 15:40:39,2026-03-03 15:53:45,2026-03-03 15:55:14,2026-03-03 16:13:02,13.1,17.8,9.7,218.2,20.0,174.56,5.0,30
FUL_006217,BK_006217,DRV_0178,VEH_0178,2026-03-08 21:07:07,2026-03-08 21:20:31,2026-03-08 21:22:34,2026-03-08 21:31:28,13.4,8.9,4.1,240.24,20.0,192.19,3.0,0
FUL_006218,BK_006218,DRV_0103,VEH_0103,2026-02-09 08:11:25,2026-02-09 08:17:55,2026-02-09 08:19:31,2026-02-09 08:53:01,6.5,33.5,12.9,388.64,20.0,310.91,5.0,50
FUL_006220,BK_006220,DRV_0161,VEH_0161,2026-02-04 01:22:17,2026-02-04 01:30:47,2026-02-04 01:32:53,2026-02-04 01:52:47,8.5,19.9,9.3,377.52,20.0,302.02,3.0,50
FUL_006223,BK_006223,DRV_0247,VEH_0247,2026-02-23 11:01:29,2026-02-23 11:14:59,2026-02-23 11:17:10,2026-02-23 11:47:28,13.5,30.3,20.0,1485.12,20.0,1188.1,5.0,0
FUL_006225,BK_006225,DRV_0306,VEH_0306,2026-02-12 06:41:04,2026-02-12 06:43:10,2026-02-12 06:46:55,2026-02-12 07:18:43,2.1,31.8,14.9,293.8,20.0,235.04,2.0,10
FUL_006226,BK_006226,DRV_0300,VEH_0300,2026-03-06 06:56:16,2026-03-06 07:08:40,2026-03-06 07:12:16,2026-03-06 07:20:40,12.4,8.4,4.4,136.56,20.0,109.25,5.0,20
FUL_006227,BK_006227,DRV_0237,VEH_0237,2026-02-15 17:17:47,2026-02-15 17:28:11,2026-02-15 17:30:10,2026-02-15 18:00:28,10.4,30.3,20.7,905.52,20.0,724.42,5.0,0
FUL_006228,BK_006228,DRV_0288,VEH_0288,2026-02-17 00:44:41,2026-02-17 00:57:47,2026-02-17 01:00:26,2026-02-17 01:24:26,13.1,24.0,9.6,209.2,20.0,167.36,5.0,0
FUL_006229,BK_006229,DRV_0183,VEH_0183,2026-03-08 18:43:43,2026-03-08 18:47:31,2026-03-08 18:48:59,2026-03-08 19:48:23,3.8,59.4,24.0,648.2,20.0,518.56,5.0,10
FUL_006230,BK_006230,DRV_0254,VEH_0254,2026-03-02 21:21:17,2026-03-02 21:33:17,2026-03-02 21:35:22,2026-03-02 22:24:46,12.0,49.4,24.8,589.32,20.0,471.46,4.0,0
FUL_006233,BK_006233,DRV_0043,VEH_0043,2026-03-04 22:40:27,2026-03-04 22:52:39,2026-03-04 22:54:38,2026-03-04 23:13:56,12.2,19.3,9.6,143.8,20.0,115.04,2.0,30
FUL_006234,BK_006234,DRV_0245,VEH_0245,2026-02-03 00:56:10,2026-02-03 01:05:04,2026-02-03 01:06:52,2026-02-03 01:17:22,8.9,10.5,7.2,132.24,20.0,105.79,5.0,0
FUL_006237,BK_006237,DRV_0253,VEH_0253,2026-02-01 13:20:25,2026-02-01 13:30:25,2026-02-01 13:32:42,2026-02-01 13:41:18,10.0,8.6,6.1,258.96,20.0,207.17,5.0,50
FUL_006238,BK_006238,DRV_0234,VEH_0234,2026-02-20 23:29:08,2026-02-20 23:33:14,2026-02-20 23:35:09,2026-02-20 23:42:21,4.1,7.2,5.1,210.0,20.0,168.0,5.0,0
FUL_006239,BK_006239,DRV_0010,VEH_0010,2026-02-14 16:31:04,2026-02-14 16:42:04,2026-02-14 16:43:29,2026-02-14 17:07:17,11.0,23.8,16.7,337.0,20.0,269.6,5.0,30
FUL_006240,BK_006240,DRV_0118,VEH_0118,2026-02-26 06:49:22,2026-02-26 06:59:34,2026-02-26 07:02:28,2026-02-26 07:31:04,10.2,28.6,17.7,554.4,20.0,443.52,5.0,0
FUL_006242,BK_006242,DRV_0108,VEH_0108,2026-02-04 03:21:38,2026-02-04 03:28:02,2026-02-04 03:31:39,2026-02-04 03:38:57,6.4,7.3,3.0,148.4,20.0,118.72,2.0,0
FUL_006244,BK_006244,DRV_0168,VEH_0168,2026-03-09 01:35:21,2026-03-09 01:38:15,2026-03-09 01:40:46,2026-03-09 01:47:52,2.9,7.1,4.3,194.48,20.0,155.58,5.0,0
FUL_006245,BK_006245,DRV_0013,VEH_0013,2026-03-11 23:35:17,2026-03-11 23:48:41,2026-03-11 23:51:16,2026-03-12 00:15:16,13.4,24.0,15.7,322.6,20.0,258.08,5.0,50
FUL_006246,BK_006246,DRV_0246,VEH_0246,2026-03-17 02:09:52,2026-03-17 02:15:34,2026-03-17 02:17:25,2026-03-17 03:30:19,5.7,72.9,28.0,363.4,20.0,290.72,4.0,50
FUL_006248,BK_006248,DRV_0062,VEH_0062,2026-02-02 02:45:27,2026-02-02 02:56:15,2026-02-02 02:58:24,2026-02-02 03:33:48,10.8,35.4,23.4,650.0,20.0,520.0,5.0,0
FUL_006249,BK_006249,DRV_0200,VEH_0200,2026-02-20 15:43:08,2026-02-20 15:47:14,2026-02-20 15:50:22,2026-02-20 16:06:04,4.1,15.7,10.8,369.6,20.0,295.68,5.0,0
FUL_006250,BK_006250,DRV_0030,VEH_0030,2026-02-23 20:26:32,2026-02-23 20:38:56,2026-02-23 20:40:20,2026-02-23 20:58:56,12.4,18.6,7.8,278.88,20.0,223.1,3.0,0
FUL_006251,BK_006251,DRV_0191,VEH_0191,2026-02-26 17:11:45,2026-02-26 17:23:51,2026-02-26 17:25:50,2026-02-26 17:53:56,12.1,28.1,14.8,866.88,20.0,693.5,5.0,10
FUL_006252,BK_006252,DRV_0076,VEH_0076,2026-02-17 06:02:19,2026-02-17 06:11:07,2026-02-17 06:13:46,2026-02-17 06:37:04,8.8,23.3,15.9,331.6,20.0,265.28,5.0,20
FUL_006253,BK_006253,DRV_0174,VEH_0174,2026-03-15 12:54:27,2026-03-15 12:58:15,2026-03-15 13:00:09,2026-03-15 13:20:27,3.8,20.3,14.3,231.6,20.0,185.28,5.0,0
FUL_006255,BK_006255,DRV_0184,VEH_0184,2026-02-12 00:54:53,2026-02-12 00:58:41,2026-02-12 01:00:56,2026-02-12 01:42:44,3.8,41.8,25.3,504.4,20.0,403.52,5.0,10
FUL_006257,BK_006257,DRV_0104,VEH_0104,2026-03-11 05:43:53,2026-03-11 05:55:17,2026-03-11 05:57:52,2026-03-11 06:14:46,11.4,16.9,10.6,409.64,20.0,327.71,4.0,20
FUL_006258,BK_006258,DRV_0284,VEH_0284,2026-02-28 17:31:57,2026-02-28 17:39:39,2026-02-28 17:41:49,2026-02-28 18:23:01,7.7,41.2,22.1,960.96,20.0,768.77,4.0,10
FUL_006259,BK_006259,DRV_0116,VEH_0116,2026-02-06 03:04:49,2026-02-06 03:13:07,2026-02-06 03:14:07,2026-02-06 03:30:25,8.3,16.3,7.3,169.6,20.0,135.68,2.0,0
FUL_006261,BK_006261,DRV_0035,VEH_0035,2026-02-26 14:08:23,2026-02-26 14:14:23,2026-02-26 14:15:56,2026-02-26 15:08:38,6.0,52.7,28.7,604.34,20.0,483.47,5.0,10
FUL_006262,BK_006262,DRV_0104,VEH_0104,2026-03-11 22:25:17,2026-03-11 22:35:35,2026-03-11 22:36:51,2026-03-11 23:01:51,10.3,25.0,11.1,436.8,20.0,349.44,5.0,0
FUL_006263,BK_006263,DRV_0105,VEH_0105,2026-02-28 03:28:44,2026-02-28 03:42:08,2026-02-28 03:44:00,2026-02-28 04:01:06,13.4,17.1,11.1,245.2,20.0,196.16,5.0,0
FUL_006264,BK_006264,DRV_0067,VEH_0067,2026-03-12 03:30:48,2026-03-12 03:43:42,2026-03-12 03:47:09,2026-03-12 04:11:21,12.9,24.2,13.7,179.8,20.0,143.84,5.0,0
FUL_006265,BK_006265,DRV_0187,VEH_0187,2026-02-16 08:41:44,2026-02-16 08:55:38,2026-02-16 08:57:26,2026-02-16 09:07:20,13.9,9.9,5.9,376.32,20.0,301.06,5.0,0
FUL_006266,BK_006266,DRV_0009,VEH_0009,2026-02-06 23:00:17,2026-02-06 23:09:29,2026-02-06 23:10:54,2026-02-06 23:35:00,9.2,24.1,12.1,289.52,20.0,231.62,5.0,20
FUL_006268,BK_006268,DRV_0270,VEH_0270,2026-02-14 21:23:29,2026-02-14 21:35:17,2026-02-14 21:38:59,2026-02-14 21:54:47,11.8,15.8,8.3,215.64,20.0,172.51,5.0,20
FUL_006269,BK_006269,DRV_0074,VEH_0074,2026-02-28 08:52:24,2026-02-28 09:01:30,2026-02-28 09:04:58,2026-02-28 09:16:34,9.1,11.6,5.2,243.36,20.0,194.69,5.0,0
FUL_006270,BK_006270,DRV_0125,VEH_0125,2026-03-04 12:53:05,2026-03-04 12:55:17,2026-03-04 12:57:50,2026-03-04 13:40:14,2.2,42.4,23.0,730.8,20.0,584.64,4.0,50
FUL_006272,BK_006272,DRV_0028,VEH_0028,2026-02-06 02:07:21,2026-02-06 02:17:27,2026-02-06 02:20:47,2026-02-06 02:41:05,10.1,20.3,8.7,148.08,20.0,118.46,5.0,20
FUL_006273,BK_006273,DRV_0294,VEH_0294,2026-03-15 20:55:22,2026-03-15 20:58:10,2026-03-15 21:01:53,2026-03-15 21:10:59,2.8,9.1,5.4,333.6,20.0,266.88,5.0,0
FUL_006274,BK_006274,DRV_0320,VEH_0320,2026-03-13 02:02:18,2026-03-13 02:09:30,2026-03-13 02:13:08,2026-03-13 02:31:14,7.2,18.1,8.0,262.6,20.0,210.08,5.0,0
FUL_006275,BK_006275,DRV_0235,VEH_0235,2026-02-12 17:03:17,2026-02-12 17:11:47,2026-02-12 17:15:18,2026-02-12 17:31:36,8.5,16.3,8.5,412.86,20.0,330.29,5.0,0
FUL_006276,BK_006276,DRV_0041,VEH_0041,2026-02-01 15:58:04,2026-02-01 16:11:04,2026-02-01 16:13:22,2026-02-01 16:39:52,13.0,26.5,18.3,627.12,20.0,501.7,4.0,20
FUL_006278,BK_006278,DRV_0224,VEH_0224,2026-02-27 02:57:27,2026-02-27 03:10:09,2026-02-27 03:13:48,2026-02-27 03:32:18,12.7,18.5,13.6,477.36,20.0,381.89,5.0,0
FUL_006279,BK_006279,DRV_0052,VEH_0052,2026-03-09 18:37:33,2026-03-09 18:41:51,2026-03-09 18:45:48,2026-03-09 19:01:48,4.3,16.0,9.7,228.16,20.0,182.53,5.0,0
FUL_006280,BK_006280,DRV_0104,VEH_0104,2026-03-03 12:34:15,2026-03-03 12:42:39,2026-03-03 12:46:37,2026-03-03 13:28:25,8.4,41.8,20.2,689.92,20.0,551.94,5.0,20
FUL_006281,BK_006281,DRV_0129,VEH_0129,2026-02-21 20:46:04,2026-02-21 20:51:22,2026-02-21 20:55:07,2026-02-21 21:56:19,5.3,61.2,25.5,585.0,20.0,468.0,1.0,20
FUL_006283,BK_006283,DRV_0114,VEH_0114,2026-02-24 12:39:10,2026-02-24 12:52:46,2026-02-24 12:53:49,2026-02-24 13:39:49,13.6,46.0,26.1,500.8,20.0,400.64,3.0,20
FUL_006284,BK_006284,DRV_0184,VEH_0184,2026-02-24 04:56:28,2026-02-24 05:00:22,2026-02-24 05:02:28,2026-02-24 05:43:40,3.9,41.2,19.7,394.6,20.0,315.68,5.0,0
FUL_006285,BK_006285,DRV_0041,VEH_0041,2026-02-13 12:26:27,2026-02-13 12:37:27,2026-02-13 12:39:13,2026-02-13 13:16:19,11.0,37.1,22.0,783.12,20.0,626.5,4.0,0
FUL_006286,BK_006286,DRV_0245,VEH_0245,2026-02-27 23:47:53,2026-02-28 00:00:35,2026-02-28 00:04:28,2026-02-28 00:48:46,12.7,44.3,25.8,346.6,20.0,277.28,4.0,0
FUL_006288,BK_006288,DRV_0120,VEH_0120,2026-03-15 18:03:57,2026-03-15 18:10:45,2026-03-15 18:12:51,2026-03-15 18:40:33,6.8,27.7,16.6,469.28,20.0,375.42,5.0,0
FUL_006289,BK_006289,DRV_0206,VEH_0206,2026-03-07 11:58:47,2026-03-07 12:07:23,2026-03-07 12:10:10,2026-03-07 12:50:28,8.6,40.3,16.4,455.7,20.0,364.56,5.0,10
FUL_006292,BK_006292,DRV_0035,VEH_0035,2026-02-21 08:50:30,2026-02-21 08:59:18,2026-02-21 09:01:19,2026-02-21 09:19:37,8.8,18.3,10.2,540.96,20.0,432.77,5.0,20
FUL_006294,BK_006294,DRV_0225,VEH_0225,2026-02-11 04:32:20,2026-02-11 04:38:32,2026-02-11 04:40:23,2026-02-11 04:52:17,6.2,11.9,5.3,148.94,20.0,119.15,5.0,0
FUL_006295,BK_006295,DRV_0091,VEH_0091,2026-03-13 03:51:42,2026-03-13 03:56:06,2026-03-13 03:59:45,2026-03-13 04:08:51,4.4,9.1,3.8,86.16,20.0,68.93,5.0,50
FUL_006296,BK_006296,DRV_0155,VEH_0155,2026-03-03 02:42:11,2026-03-03 02:54:11,2026-03-03 02:56:34,2026-03-03 03:08:46,12.0,12.2,5.8,255.84,20.0,204.67,4.0,30
FUL_006298,BK_006298,DRV_0039,VEH_0039,2026-03-16 12:33:17,2026-03-16 12:45:17,2026-03-16 12:47:45,2026-03-16 13:06:21,12.0,18.6,12.0,356.2,20.0,284.96,5.0,0
FUL_006299,BK_006299,DRV_0144,VEH_0144,2026-02-03 11:00:27,2026-02-03 11:13:51,2026-02-03 11:16:34,2026-02-03 11:55:28,13.4,38.9,22.8,994.24,20.0,795.39,5.0,50
FUL_006300,BK_006300,DRV_0044,VEH_0044,2026-02-07 01:20:42,2026-02-07 01:31:54,2026-02-07 01:34:02,2026-02-07 01:54:50,11.2,20.8,11.6,189.84,20.0,151.87,5.0,0
FUL_006303,BK_006303,DRV_0252,VEH_0252,2026-03-17 10:29:53,2026-03-17 10:36:11,2026-03-17 10:37:54,2026-03-17 10:46:48,6.3,8.9,3.8,123.6,20.0,98.88,5.0,30
FUL_006304,BK_006304,DRV_0175,VEH_0175,2026-03-16 01:35:32,2026-03-16 01:46:44,2026-03-16 01:49:46,2026-03-16 02:32:52,11.2,43.1,22.3,833.28,20.0,666.62,5.0,20
FUL_006305,BK_006305,DRV_0132,VEH_0132,2026-03-02 12:52:18,2026-03-02 12:58:30,2026-03-02 13:02:23,2026-03-02 13:15:17,6.2,12.9,8.0,282.8,20.0,226.24,4.0,50
FUL_006306,BK_006306,DRV_0108,VEH_0108,2026-02-15 04:10:50,2026-02-15 04:22:14,2026-02-15 04:25:13,2026-02-15 05:06:25,11.4,41.2,23.0,728.0,20.0,582.4,5.0,50
FUL_006308,BK_006308,DRV_0091,VEH_0091,2026-02-24 05:39:04,2026-02-24 05:47:46,2026-02-24 05:50:04,2026-02-24 06:31:46,8.7,41.7,25.3,337.0,20.0,269.6,3.0,0
FUL_006310,BK_006310,DRV_0263,VEH_0263,2026-03-01 21:06:24,2026-03-01 21:14:12,2026-03-01 21:16:11,2026-03-01 21:33:41,7.8,17.5,9.4,197.96,20.0,158.37,5.0,50
FUL_006311,BK_006311,DRV_0173,VEH_0173,2026-03-15 01:22:21,2026-03-15 01:31:39,2026-03-15 01:35:09,2026-03-15 02:13:09,9.3,38.0,27.5,511.6,20.0,409.28,5.0,50
FUL_006312,BK_006312,DRV_0024,VEH_0024,2026-02-15 09:33:41,2026-02-15 09:47:11,2026-02-15 09:50:17,2026-02-15 09:59:35,13.5,9.3,4.1,264.48,20.0,211.58,4.0,20
FUL_006313,BK_006313,DRV_0302,VEH_0302,2026-02-24 15:41:15,2026-02-24 15:49:39,2026-02-24 15:51:45,2026-02-24 16:00:45,8.4,9.0,5.3,200.2,20.0,160.16,5.0,10
FUL_006314,BK_006314,DRV_0177,VEH_0177,2026-02-02 08:18:29,2026-02-02 08:31:23,2026-02-02 08:32:35,2026-02-02 08:43:53,12.9,11.3,5.9,307.02,20.0,245.62,4.0,50
FUL_006315,BK_006315,DRV_0144,VEH_0144,2026-02-16 05:17:03,2026-02-16 05:20:27,2026-02-16 05:22:49,2026-02-16 05:29:01,3.4,6.2,3.5,184.08,20.0,147.26,5.0,10
FUL_006316,BK_006316,DRV_0134,VEH_0134,2026-03-08 10:53:20,2026-03-08 11:01:08,2026-03-08 11:05:04,2026-03-08 11:14:10,7.8,9.1,4.2,136.56,20.0,109.25,5.0,10
FUL_006317,BK_006317,DRV_0147,VEH_0147,2026-02-11 18:05:51,2026-02-11 18:10:03,2026-02-11 18:11:26,2026-02-11 18:29:56,4.2,18.5,10.3,171.12,20.0,136.9,3.0,0
FUL_006318,BK_006318,DRV_0177,VEH_0177,2026-03-05 06:17:49,2026-03-05 06:20:01,2026-03-05 06:21:05,2026-03-05 06:33:29,2.2,12.4,8.6,191.2,20.0,152.96,5.0,10
FUL_006319,BK_006319,DRV_0108,VEH_0108,2026-02-03 18:13:12,2026-02-03 18:26:48,2026-02-03 18:29:41,2026-02-03 19:22:23,13.6,52.7,28.0,964.32,20.0,771.46,4.0,0
FUL_006320,BK_006320,DRV_0046,VEH_0046,2026-02-07 11:40:29,2026-02-07 11:53:05,2026-02-07 11:56:38,2026-02-07 12:15:20,12.6,18.7,10.8,363.52,20.0,290.82,5.0,0
FUL_006321,BK_006321,DRV_0164,VEH_0164,2026-03-08 16:58:21,2026-03-08 17:08:57,2026-03-08 17:11:11,2026-03-08 17:43:05,10.6,31.9,20.1,616.0,20.0,492.8,5.0,10
FUL_006326,BK_006326,DRV_0126,VEH_0126,2026-02-28 00:16:11,2026-02-28 00:18:47,2026-02-28 00:21:40,2026-02-28 01:02:10,2.6,40.5,19.1,275.66,20.0,220.53,5.0,50
FUL_006328,BK_006328,DRV_0117,VEH_0117,2026-02-11 20:54:12,2026-02-11 21:05:06,2026-02-11 21:08:09,2026-02-11 21:52:15,10.9,44.1,28.3,1989.12,20.0,1591.3,5.0,10
FUL_006329,BK_006329,DRV_0241,VEH_0241,2026-02-26 02:46:03,2026-02-26 02:49:45,2026-02-26 02:52:04,2026-02-26 03:21:16,3.7,29.2,12.4,177.4,20.0,141.92,5.0,0
FUL_006332,BK_006332,DRV_0289,VEH_0289,2026-02-24 14:33:45,2026-02-24 14:38:03,2026-02-24 14:41:21,2026-02-24 15:26:03,4.3,44.7,20.6,457.82,20.0,366.26,5.0,0
FUL_006333,BK_006333,DRV_0121,VEH_0121,2026-02-23 20:52:21,2026-02-23 20:58:33,2026-02-23 20:59:46,2026-02-23 21:32:10,6.2,32.4,20.2,1078.56,20.0,862.85,5.0,0
FUL_006334,BK_006334,DRV_0114,VEH_0114,2026-02-18 02:10:43,2026-02-18 02:23:13,2026-02-18 02:27:06,2026-02-18 02:34:36,12.5,7.5,5.6,133.6,20.0,106.88,2.0,30
FUL_006335,BK_006335,DRV_0317,VEH_0317,2026-02-10 02:20:24,2026-02-10 02:29:00,2026-02-10 02:31:04,2026-02-10 03:08:22,8.6,37.3,26.1,717.6,20.0,574.08,5.0,0
FUL_006336,BK_006336,DRV_0004,VEH_0004,2026-03-03 16:05:29,2026-03-03 16:08:23,2026-03-03 16:09:41,2026-03-03 16:57:11,2.9,47.5,21.9,786.24,20.0,628.99,5.0,20
FUL_006337,BK_006337,DRV_0063,VEH_0063,2026-02-25 14:10:20,2026-02-25 14:18:26,2026-02-25 14:20:52,2026-02-25 14:25:04,8.1,4.2,2.9,148.4,20.0,118.72,5.0,0
FUL_006338,BK_006338,DRV_0147,VEH_0147,2026-02-16 13:34:45,2026-02-16 13:42:03,2026-02-16 13:45:15,2026-02-16 14:02:39,7.3,17.4,9.3,154.22,20.0,123.38,5.0,0
FUL_006339,BK_006339,DRV_0065,VEH_0065,2026-02-26 15:18:33,2026-02-26 15:25:57,2026-02-26 15:27:45,2026-02-26 16:00:33,7.4,32.8,14.5,208.34,20.0,166.67,5.0,0
FUL_006341,BK_006341,DRV_0194,VEH_0194,2026-02-17 08:49:24,2026-02-17 08:54:00,2026-02-17 08:55:08,2026-02-17 09:06:02,4.6,10.9,5.1,307.68,20.0,246.14,5.0,10
FUL_006345,BK_006345,DRV_0212,VEH_0212,2026-03-04 06:58:32,2026-03-04 07:10:44,2026-03-04 07:12:39,2026-03-04 07:52:45,12.2,40.1,22.3,549.12,20.0,439.3,5.0,50
FUL_006346,BK_006346,DRV_0274,VEH_0274,2026-02-02 22:24:23,2026-02-02 22:37:29,2026-02-02 22:41:15,2026-02-02 23:02:51,13.1,21.6,11.6,361.4,20.0,289.12,5.0,0
FUL_006348,BK_006348,DRV_0248,VEH_0248,2026-03-14 06:57:24,2026-03-14 07:04:48,2026-03-14 07:07:11,2026-03-14 07:20:05,7.4,12.9,8.6,204.38,20.0,163.5,5.0,0
FUL_006349,BK_006349,DRV_0049,VEH_0049,2026-03-12 09:50:03,2026-03-12 10:01:09,2026-03-12 10:03:29,2026-03-12 10:58:23,11.1,54.9,24.5,999.6,20.0,799.68,5.0,30
FUL_006351,BK_006351,DRV_0064,VEH_0064,2026-02-19 23:08:27,2026-02-19 23:15:09,2026-02-19 23:19:03,2026-02-20 00:08:15,6.7,49.2,19.1,290.64,20.0,232.51,1.0,20
FUL_006352,BK_006352,DRV_0286,VEH_0286,2026-02-28 01:35:54,2026-02-28 01:43:18,2026-02-28 01:46:58,2026-02-28 02:18:22,7.4,31.4,20.8,447.92,20.0,358.34,4.0,10
FUL_006353,BK_006353,DRV_0151,VEH_0151,2026-02-15 04:25:19,2026-02-15 04:33:19,2026-02-15 04:36:34,2026-02-15 05:18:34,8.0,42.0,23.1,362.64,20.0,290.11,5.0,30
FUL_006354,BK_006354,DRV_0239,VEH_0239,2026-02-11 01:06:51,2026-02-11 01:16:57,2026-02-11 01:18:05,2026-02-11 01:59:47,10.1,41.7,21.6,403.6,20.0,322.88,5.0,20
FUL_006355,BK_006355,DRV_0096,VEH_0096,2026-02-21 22:56:19,2026-02-21 23:07:07,2026-02-21 23:09:05,2026-02-21 23:35:29,10.8,26.4,16.5,230.2,20.0,184.16,5.0,50
FUL_006356,BK_006356,DRV_0047,VEH_0047,2026-02-22 02:27:43,2026-02-22 02:31:13,2026-02-22 02:33:51,2026-02-22 03:16:51,3.5,43.0,19.0,639.6,20.0,511.68,3.0,20
FUL_006357,BK_006357,DRV_0093,VEH_0093,2026-03-03 18:47:58,2026-03-03 18:50:46,2026-03-03 18:53:07,2026-03-03 19:52:13,2.8,59.1,23.5,903.84,20.0,723.07,5.0,0
FUL_006359,BK_006359,DRV_0127,VEH_0127,2026-02-17 17:55:05,2026-02-17 18:01:29,2026-02-17 18:04:02,2026-02-17 18:34:38,6.4,30.6,13.0,414.24,20.0,331.39,4.0,0
FUL_006361,BK_006361,DRV_0291,VEH_0291,2026-02-02 17:36:01,2026-02-02 17:38:13,2026-02-02 17:41:35,2026-02-02 18:11:53,2.2,30.3,12.2,454.32,20.0,363.46,5.0,0
FUL_006362,BK_006362,DRV_0081,VEH_0081,2026-02-06 03:03:20,2026-02-06 03:11:02,2026-02-06 03:12:47,2026-02-06 03:59:17,7.7,46.5,19.8,613.2,20.0,490.56,5.0,0
FUL_006363,BK_006363,DRV_0086,VEH_0086,2026-02-15 00:49:41,2026-02-15 00:52:11,2026-02-15 00:53:17,2026-02-15 01:35:29,2.5,42.2,19.0,387.4,20.0,309.92,5.0,0
FUL_006364,BK_006364,DRV_0301,VEH_0301,2026-03-06 03:22:21,2026-03-06 03:27:45,2026-03-06 03:31:01,2026-03-06 04:02:49,5.4,31.8,17.9,340.6,20.0,272.48,5.0,10
FUL_006365,BK_006365,DRV_0261,VEH_0261,2026-02-17 12:34:33,2026-02-17 12:43:21,2026-02-17 12:46:36,2026-02-17 13:17:12,8.8,30.6,13.9,534.24,20.0,427.39,2.0,0
FUL_006366,BK_006366,DRV_0126,VEH_0126,2026-03-18 03:15:08,2026-03-18 03:22:56,2026-03-18 03:25:32,2026-03-18 03:39:38,7.8,14.1,10.2,156.86,20.0,125.49,5.0,0
FUL_006367,BK_006367,DRV_0134,VEH_0134,2026-02-28 03:33:27,2026-02-28 03:37:21,2026-02-28 03:40:59,2026-02-28 04:04:11,3.9,23.2,14.1,350.4,20.0,280.32,5.0,0
FUL_006369,BK_006369,DRV_0288,VEH_0288,2026-03-17 20:08:22,2026-03-17 20:12:34,2026-03-17 20:14:24,2026-03-17 20:21:18,4.2,6.9,5.1,227.52,20.0,182.02,5.0,0
FUL_006371,BK_006371,DRV_0193,VEH_0193,2026-02-19 19:56:30,2026-02-19 20:02:18,2026-02-19 20:05:39,2026-02-19 20:30:51,5.8,25.2,10.5,214.76,20.0,171.81,5.0,0
FUL_006372,BK_006372,DRV_0061,VEH_0061,2026-02-25 15:10:22,2026-02-25 15:21:10,2026-02-25 15:23:48,2026-02-25 16:18:06,10.8,54.3,25.6,321.4,20.0,257.12,5.0,10
FUL_006374,BK_006374,DRV_0064,VEH_0064,2026-02-22 06:19:30,2026-02-22 06:23:24,2026-02-22 06:24:26,2026-02-22 06:46:56,3.9,22.5,10.5,151.0,20.0,120.8,5.0,20
FUL_006377,BK_006377,DRV_0260,VEH_0260,2026-03-09 16:33:34,2026-03-09 16:42:40,2026-03-09 16:44:50,2026-03-09 17:14:20,9.1,29.5,11.7,256.0,20.0,204.8,1.0,10
FUL_006378,BK_006378,DRV_0140,VEH_0140,2026-03-05 03:41:18,2026-03-05 03:52:06,2026-03-05 03:55:58,2026-03-05 04:10:52,10.8,14.9,8.8,340.08,20.0,272.06,5.0,0
FUL_006379,BK_006379,DRV_0113,VEH_0113,2026-02-12 05:35:03,2026-02-12 05:44:21,2026-02-12 05:47:23,2026-02-12 06:29:47,9.3,42.4,16.8,529.2,20.0,423.36,5.0,30
FUL_006380,BK_006380,DRV_0200,VEH_0200,2026-03-01 20:59:59,2026-03-01 21:12:59,2026-03-01 21:14:24,2026-03-01 21:32:54,13.0,18.5,11.0,501.76,20.0,401.41,3.0,0
FUL_006382,BK_006382,DRV_0271,VEH_0271,2026-03-01 12:14:28,2026-03-01 12:23:46,2026-03-01 12:26:05,2026-03-01 13:17:47,9.3,51.7,20.7,490.8,20.0,392.64,4.0,30
FUL_006384,BK_006384,DRV_0170,VEH_0170,2026-03-07 13:05:31,2026-03-07 13:14:07,2026-03-07 13:16:58,2026-03-07 13:22:28,8.6,5.5,2.6,86.8,20.0,69.44,5.0,0
FUL_006386,BK_006386,DRV_0204,VEH_0204,2026-02-26 17:48:35,2026-02-26 18:00:41,2026-02-26 18:02:47,2026-02-26 18:16:35,12.1,13.8,8.8,584.22,20.0,467.38,5.0,20
FUL_006387,BK_006387,DRV_0127,VEH_0127,2026-02-15 18:41:21,2026-02-15 18:54:15,2026-02-15 18:55:21,2026-02-15 19:02:15,12.9,6.9,4.4,133.56,20.0,106.85,5.0,50
FUL_006388,BK_006388,DRV_0005,VEH_0005,2026-02-20 23:31:43,2026-02-20 23:34:37,2026-02-20 23:37:11,2026-02-21 00:23:23,2.9,46.2,24.6,683.8,20.0,547.04,5.0,10
FUL_006390,BK_006390,DRV_0243,VEH_0243,2026-02-12 06:45:06,2026-02-12 06:57:30,2026-02-12 06:59:15,2026-02-12 07:12:57,12.4,13.7,8.3,149.52,20.0,119.62,5.0,50
FUL_006391,BK_006391,DRV_0311,VEH_0311,2026-03-02 00:15:11,2026-03-02 00:18:35,2026-03-02 00:20:05,2026-03-02 00:25:53,3.4,5.8,4.0,121.22,20.0,96.98,4.0,50
FUL_006393,BK_006393,DRV_0140,VEH_0140,2026-03-03 20:29:32,2026-03-03 20:34:02,2026-03-03 20:36:07,2026-03-03 21:12:49,4.5,36.7,21.8,758.16,20.0,606.53,4.0,0
FUL_006394,BK_006394,DRV_0191,VEH_0191,2026-02-09 16:16:25,2026-02-09 16:27:55,2026-02-09 16:29:04,2026-02-09 17:18:40,11.5,49.6,19.6,640.64,20.0,512.51,4.0,0
FUL_006395,BK_006395,DRV_0062,VEH_0062,2026-03-07 12:02:43,2026-03-07 12:07:49,2026-03-07 12:10:55,2026-03-07 12:58:31,5.1,47.6,24.2,681.2,20.0,544.96,5.0,20
FUL_006396,BK_006396,DRV_0250,VEH_0250,2026-02-25 11:05:55,2026-02-25 11:11:07,2026-02-25 11:12:49,2026-02-25 12:09:07,5.2,56.3,23.3,1038.8,20.0,831.04,5.0,0
FUL_006398,BK_006398,DRV_0165,VEH_0165,2026-02-14 19:47:48,2026-02-14 20:01:30,2026-02-14 20:04:23,2026-02-14 20:19:53,13.7,15.5,8.8,673.92,20.0,539.14,5.0,50
FUL_006399,BK_006399,DRV_0227,VEH_0227,2026-02-14 03:49:54,2026-02-14 03:59:36,2026-02-14 04:02:39,2026-02-14 04:07:33,9.7,4.9,2.7,58.6,20.0,46.88,5.0,30
FUL_006400,BK_006400,DRV_0232,VEH_0232,2026-03-07 05:44:28,2026-03-07 05:48:40,2026-03-07 05:51:58,2026-03-07 06:00:58,4.2,9.0,6.5,226.2,20.0,180.96,4.0,0
FUL_006401,BK_006401,DRV_0178,VEH_0178,2026-02-25 11:11:28,2026-02-25 11:14:34,2026-02-25 11:17:43,2026-02-25 11:30:07,3.1,12.4,9.1,692.64,20.0,554.11,5.0,50
FUL_006403,BK_006403,DRV_0134,VEH_0134,2026-02-15 20:24:30,2026-02-15 20:33:12,2026-02-15 20:35:19,2026-02-15 20:40:37,8.7,5.3,3.1,204.96,20.0,163.97,5.0,0
FUL_006407,BK_006407,DRV_0303,VEH_0303,2026-03-18 05:26:20,2026-03-18 05:38:20,2026-03-18 05:39:34,2026-03-18 06:44:28,12.0,64.9,28.7,846.56,20.0,677.25,4.0,50
FUL_006408,BK_006408,DRV_0034,VEH_0034,2026-02-19 04:03:10,2026-02-19 04:08:04,2026-02-19 04:09:33,2026-02-19 05:01:09,4.9,51.6,26.9,398.64,20.0,318.91,5.0,50
FUL_006409,BK_006409,DRV_0041,VEH_0041,2026-02-02 22:14:30,2026-02-02 22:24:36,2026-02-02 22:27:55,2026-02-02 22:39:13,10.1,11.3,5.8,231.66,20.0,185.33,2.0,50
FUL_006410,BK_006410,DRV_0140,VEH_0140,2026-02-12 13:36:58,2026-02-12 13:45:22,2026-02-12 13:47:07,2026-02-12 13:55:13,8.4,8.1,4.9,197.6,20.0,158.08,2.0,50
FUL_006411,BK_006411,DRV_0301,VEH_0301,2026-02-11 00:58:08,2026-02-11 01:00:38,2026-02-11 01:01:44,2026-02-11 01:42:08,2.5,40.4,23.6,455.8,20.0,364.64,5.0,10
FUL_006412,BK_006412,DRV_0301,VEH_0301,2026-03-07 23:28:42,2026-03-07 23:40:30,2026-03-07 23:41:43,2026-03-08 00:36:25,11.8,54.7,22.5,421.6,20.0,337.28,4.0,30
FUL_006414,BK_006414,DRV_0065,VEH_0065,2026-03-11 11:24:23,2026-03-11 11:28:05,2026-03-11 11:29:31,2026-03-11 11:45:49,3.7,16.3,10.5,201.32,20.0,161.06,5.0,20
FUL_006416,BK_006416,DRV_0016,VEH_0016,2026-02-09 14:34:02,2026-02-09 14:44:20,2026-02-09 14:47:32,2026-02-09 15:34:02,10.3,46.5,21.7,447.92,20.0,358.34,5.0,0
FUL_006417,BK_006417,DRV_0041,VEH_0041,2026-02-23 01:49:25,2026-02-23 01:58:43,2026-02-23 02:00:30,2026-02-23 02:33:24,9.3,32.9,23.0,650.0,20.0,520.0,5.0,0
FUL_006418,BK_006418,DRV_0003,VEH_0003,2026-03-05 11:11:22,2026-03-05 11:24:40,2026-03-05 11:25:45,2026-03-05 11:53:21,13.3,27.6,12.8,471.12,20.0,376.9,5.0,50
FUL_006420,BK_006420,DRV_0147,VEH_0147,2026-02-23 03:08:26,2026-02-23 03:17:56,2026-02-23 03:19:18,2026-02-23 04:10:30,9.5,51.2,26.0,340.6,20.0,272.48,4.0,30
FUL_006421,BK_006421,DRV_0121,VEH_0121,2026-02-18 01:02:51,2026-02-18 01:08:39,2026-02-18 01:12:05,2026-02-18 02:02:11,5.8,50.1,22.2,850.08,20.0,680.06,4.0,0
FUL_006422,BK_006422,DRV_0028,VEH_0028,2026-02-25 05:33:28,2026-02-25 05:38:28,2026-02-25 05:41:22,2026-02-25 06:22:46,5.0,41.4,22.2,329.78,20.0,263.82,4.0,10
FUL_006423,BK_006423,DRV_0181,VEH_0181,2026-02-10 02:28:23,2026-02-10 02:39:17,2026-02-10 02:40:59,2026-02-10 02:59:41,10.9,18.7,10.5,255.86,20.0,204.69,5.0,30
FUL_006424,BK_006424,DRV_0125,VEH_0125,2026-03-04 23:45:28,2026-03-04 23:58:34,2026-03-05 00:01:24,2026-03-05 00:48:42,13.1,47.3,26.4,789.6,20.0,631.68,5.0,20
FUL_006425,BK_006425,DRV_0138,VEH_0138,2026-03-01 08:31:17,2026-03-01 08:39:41,2026-03-01 08:42:41,2026-03-01 09:14:11,8.4,31.5,23.0,781.56,20.0,625.25,3.0,30
FUL_006426,BK_006426,DRV_0078,VEH_0078,2026-02-05 13:53:37,2026-02-05 14:06:31,2026-02-05 14:08:14,2026-02-05 15:09:20,12.9,61.1,26.8,790.4,20.0,632.32,4.0,10
FUL_006428,BK_006428,DRV_0218,VEH_0218,2026-03-15 02:16:39,2026-03-15 02:27:15,2026-03-15 02:28:58,2026-03-15 03:02:46,10.6,33.8,13.0,449.02,20.0,359.22,5.0,0
FUL_006429,BK_006429,DRV_0296,VEH_0296,2026-03-15 23:30:16,2026-03-15 23:41:40,2026-03-15 23:44:08,2026-03-16 00:06:38,11.4,22.5,14.4,202.6,20.0,162.08,5.0,30
FUL_006431,BK_006431,DRV_0054,VEH_0054,2026-02-02 03:19:45,2026-02-02 03:26:45,2026-02-02 03:30:21,2026-02-02 04:12:09,7.0,41.8,15.9,214.6,20.0,171.68,5.0,0
FUL_006432,BK_006432,DRV_0278,VEH_0278,2026-02-05 10:25:19,2026-02-05 10:35:01,2026-02-05 10:38:59,2026-02-05 10:54:35,9.7,15.6,9.5,755.04,20.0,604.03,5.0,0
FUL_006433,BK_006433,DRV_0019,VEH_0019,2026-02-04 20:20:15,2026-02-04 20:31:15,2026-02-04 20:33:50,2026-02-04 20:57:08,11.0,23.3,12.9,973.44,20.0,778.75,5.0,0
FUL_006435,BK_006435,DRV_0027,VEH_0027,2026-03-11 16:30:30,2026-03-11 16:38:12,2026-03-11 16:41:41,2026-03-11 17:11:41,7.7,30.0,19.3,243.4,20.0,194.72,5.0,30
FUL_006437,BK_006437,DRV_0106,VEH_0106,2026-02-17 08:11:59,2026-02-17 08:22:29,2026-02-17 08:23:51,2026-02-17 08:29:03,10.5,5.2,2.9,108.48,20.0,86.78,5.0,30
FUL_006440,BK_006440,DRV_0101,VEH_0101,2026-02-16 08:46:49,2026-02-16 08:54:55,2026-02-16 08:58:14,2026-02-16 09:04:38,8.1,6.4,3.2,174.72,20.0,139.78,5.0,0
FUL_006442,BK_006442,DRV_0174,VEH_0174,2026-03-13 06:08:43,2026-03-13 06:18:07,2026-03-13 06:20:13,2026-03-13 06:33:37,9.4,13.4,8.2,142.32,20.0,113.86,4.0,10
FUL_006443,BK_006443,DRV_0183,VEH_0183,2026-02-01 08:33:49,2026-02-01 08:43:37,2026-02-01 08:45:15,2026-02-01 09:19:45,9.8,34.5,16.4,510.4,20.0,408.32,4.0,50
FUL_006444,BK_006444,DRV_0307,VEH_0307,2026-02-20 16:30:49,2026-02-20 16:41:31,2026-02-20 16:45:18,2026-02-20 17:34:06,10.7,48.8,29.9,798.2,20.0,638.56,5.0,0
FUL_006446,BK_006446,DRV_0267,VEH_0267,2026-02-26 11:15:54,2026-02-26 11:20:06,2026-02-26 11:23:08,2026-02-26 11:37:08,4.2,14.0,5.5,287.56,20.0,230.05,5.0,0
FUL_006447,BK_006447,DRV_0301,VEH_0301,2026-02-19 20:06:29,2026-02-19 20:12:35,2026-02-19 20:13:58,2026-02-19 20:43:04,6.1,29.1,18.7,529.76,20.0,423.81,5.0,0
FUL_006448,BK_006448,DRV_0092,VEH_0092,2026-03-05 07:11:32,2026-03-05 07:18:38,2026-03-05 07:22:03,2026-03-05 08:08:39,7.1,46.6,25.4,758.8,20.0,607.04,4.0,0
FUL_006449,BK_006449,DRV_0270,VEH_0270,2026-03-08 03:15:31,2026-03-08 03:21:01,2026-03-08 03:24:54,2026-03-08 03:33:30,5.5,8.6,3.1,63.4,20.0,50.72,5.0,30
FUL_006450,BK_006450,DRV_0068,VEH_0068,2026-02-22 15:43:00,2026-02-22 15:53:24,2026-02-22 15:55:13,2026-02-22 16:16:07,10.4,20.9,11.6,439.92,20.0,351.94,5.0,0
FUL_006451,BK_006451,DRV_0126,VEH_0126,2026-03-03 04:00:43,2026-03-03 04:08:49,2026-03-03 04:11:01,2026-03-03 04:21:55,8.1,10.9,5.2,106.32,20.0,85.06,5.0,0
FUL_006452,BK_006452,DRV_0316,VEH_0316,2026-02-09 06:16:23,2026-02-09 06:22:17,2026-02-09 06:25:34,2026-02-09 07:01:34,5.9,36.0,25.8,517.22,20.0,413.78,4.0,30
FUL_006453,BK_006453,DRV_0123,VEH_0123,2026-02-04 19:39:21,2026-02-04 19:45:03,2026-02-04 19:48:20,2026-02-04 20:04:02,5.7,15.7,6.5,276.12,20.0,220.9,5.0,0
FUL_006454,BK_006454,DRV_0114,VEH_0114,2026-02-23 13:34:05,2026-02-23 13:36:59,2026-02-23 13:38:46,2026-02-23 13:51:40,2.9,12.9,5.4,137.2,20.0,109.76,5.0,0
FUL_006455,BK_006455,DRV_0151,VEH_0151,2026-03-10 14:16:31,2026-03-10 14:19:49,2026-03-10 14:22:18,2026-03-10 15:00:06,3.3,37.8,25.6,384.24,20.0,307.39,5.0,0
FUL_006458,BK_006458,DRV_0274,VEH_0274,2026-02-15 16:37:04,2026-02-15 16:41:10,2026-02-15 16:44:38,2026-02-15 17:12:20,4.1,27.7,12.4,371.8,20.0,297.44,5.0,30
FUL_006459,BK_006459,DRV_0109,VEH_0109,2026-02-16 04:10:35,2026-02-16 04:23:29,2026-02-16 04:24:52,2026-02-16 04:58:34,12.9,33.7,15.9,478.4,20.0,382.72,5.0,10
FUL_006460,BK_006460,DRV_0079,VEH_0079,2026-03-13 00:10:25,2026-03-13 00:18:37,2026-03-13 00:21:10,2026-03-13 00:27:40,8.2,6.5,4.2,183.04,20.0,146.43,5.0,0
FUL_006466,BK_006466,DRV_0306,VEH_0306,2026-02-27 03:53:23,2026-02-27 03:56:53,2026-02-27 03:59:57,2026-02-27 04:53:51,3.5,53.9,22.0,428.8,20.0,343.04,4.0,0
FUL_006468,BK_006468,DRV_0175,VEH_0175,2026-03-14 12:27:10,2026-03-14 12:34:46,2026-03-14 12:37:52,2026-03-14 12:45:46,7.6,7.9,3.7,204.96,20.0,163.97,5.0,10
FUL_006469,BK_006469,DRV_0039,VEH_0039,2026-02-03 06:21:23,2026-02-03 06:29:41,2026-02-03 06:31:18,2026-02-03 07:11:36,8.3,40.3,28.4,761.8,20.0,609.44,4.0,20
FUL_006470,BK_006470,DRV_0319,VEH_0319,2026-02-17 04:28:49,2026-02-17 04:35:49,2026-02-17 04:36:54,2026-02-17 04:41:36,7.0,4.7,2.9,140.4,20.0,112.32,5.0,0
FUL_006471,BK_006471,DRV_0137,VEH_0137,2026-02-01 17:09:58,2026-02-01 17:19:40,2026-02-01 17:22:54,2026-02-01 17:31:18,9.7,8.4,3.9,251.52,20.0,201.22,3.0,10
FUL_006472,BK_006472,DRV_0255,VEH_0255,2026-03-07 19:06:30,2026-03-07 19:12:24,2026-03-07 19:14:39,2026-03-07 19:56:03,5.9,41.4,23.4,526.68,20.0,421.34,1.0,0
FUL_006474,BK_006474,DRV_0037,VEH_0037,2026-03-13 02:34:46,2026-03-13 02:41:04,2026-03-13 02:43:33,2026-03-13 03:44:33,6.3,61.0,24.7,756.0,20.0,604.8,3.0,0
FUL_006475,BK_006475,DRV_0223,VEH_0223,2026-02-01 19:44:51,2026-02-01 19:47:21,2026-02-01 19:50:17,2026-02-01 20:43:47,2.5,53.5,26.3,667.38,20.0,533.9,5.0,0
FUL_006480,BK_006480,DRV_0041,VEH_0041,2026-03-15 21:11:50,2026-03-15 21:16:14,2026-03-15 21:18:30,2026-03-15 21:47:54,4.4,29.4,12.9,829.92,20.0,663.94,5.0,50
FUL_006481,BK_006481,DRV_0100,VEH_0100,2026-03-12 12:47:52,2026-03-12 12:55:58,2026-03-12 12:58:18,2026-03-12 13:31:42,8.1,33.4,22.1,763.84,20.0,611.07,5.0,10
FUL_006482,BK_006482,DRV_0065,VEH_0065,2026-02-20 08:04:18,2026-02-20 08:09:48,2026-02-20 08:11:21,2026-02-20 08:49:57,5.5,38.6,15.6,371.16,20.0,296.93,5.0,0
FUL_006483,BK_006483,DRV_0067,VEH_0067,2026-02-03 08:18:20,2026-02-03 08:29:32,2026-02-03 08:32:27,2026-02-03 09:15:45,11.2,43.3,19.6,455.4,20.0,364.32,5.0,30
FUL_006487,BK_006487,DRV_0107,VEH_0107,2026-03-02 06:52:27,2026-03-02 06:59:27,2026-03-02 07:01:05,2026-03-02 07:10:47,7.0,9.7,5.7,144.4,20.0,115.52,5.0,10
FUL_006488,BK_006488,DRV_0067,VEH_0067,2026-02-18 06:27:30,2026-02-18 06:30:00,2026-02-18 06:33:48,2026-02-18 06:40:00,2.5,6.2,4.2,76.6,20.0,61.28,5.0,0
FUL_006489,BK_006489,DRV_0046,VEH_0046,2026-02-12 17:43:22,2026-02-12 17:53:52,2026-02-12 17:55:29,2026-02-12 18:22:47,10.5,27.3,16.7,536.32,20.0,429.06,2.0,20
FUL_006490,BK_006490,DRV_0224,VEH_0224,2026-02-16 09:16:03,2026-02-16 09:28:03,2026-02-16 09:29:50,2026-02-16 10:17:50,12.0,48.0,19.8,1397.76,20.0,1118.21,5.0,50
FUL_006491,BK_006491,DRV_0167,VEH_0167,2026-03-10 05:02:10,2026-03-10 05:05:58,2026-03-10 05:08:39,2026-03-10 05:20:03,3.8,11.4,5.4,135.4,20.0,108.32,5.0,50
FUL_006492,BK_006492,DRV_0003,VEH_0003,2026-02-14 20:53:35,2026-02-14 21:05:05,2026-02-14 21:06:28,2026-02-14 21:30:16,11.5,23.8,16.0,1021.02,20.0,816.82,5.0,30
FUL_006493,BK_006493,DRV_0027,VEH_0027,2026-02-01 15:47:52,2026-02-01 15:55:10,2026-02-01 15:58:42,2026-02-01 16:21:48,7.3,23.1,14.7,194.2,20.0,155.36,5.0,0
FUL_006495,BK_006495,DRV_0270,VEH_0270,2026-02-19 14:07:30,2026-02-19 14:19:30,2026-02-19 14:21:53,2026-02-19 14:34:05,12.0,12.2,6.6,114.62,20.0,91.7,5.0,10
FUL_006496,BK_006496,DRV_0267,VEH_0267,2026-03-17 06:40:10,2026-03-17 06:42:22,2026-03-17 06:45:09,2026-03-17 07:24:27,2.2,39.3,21.5,709.28,20.0,567.42,5.0,0
FUL_006498,BK_006498,DRV_0079,VEH_0079,2026-02-15 02:02:50,2026-02-15 02:07:26,2026-02-15 02:09:21,2026-02-15 02:36:51,4.6,27.5,13.4,502.32,20.0,401.86,5.0,0
FUL_006499,BK_006499,DRV_0008,VEH_0008,2026-02-28 05:12:28,2026-02-28 05:18:52,2026-02-28 05:20:44,2026-02-28 05:34:02,6.4,13.3,7.9,176.8,20.0,141.44,5.0,0
FUL_006500,BK_006500,DRV_0012,VEH_0012,2026-02-06 11:23:36,2026-02-06 11:26:48,2026-02-06 11:28:00,2026-02-06 11:52:06,3.2,24.1,16.0,305.48,20.0,244.38,5.0,0
FUL_006503,BK_006503,DRV_0187,VEH_0187,2026-02-01 17:35:20,2026-02-01 17:47:08,2026-02-01 17:51:01,2026-02-01 18:23:31,11.8,32.5,19.8,729.12,20.0,583.3,5.0,0
FUL_006504,BK_006504,DRV_0205,VEH_0205,2026-02-28 16:40:22,2026-02-28 16:48:22,2026-02-28 16:50:32,2026-02-28 17:19:08,8.0,28.6,16.4,564.72,20.0,451.78,5.0,0
FUL_006505,BK_006505,DRV_0132,VEH_0132,2026-03-05 19:59:10,2026-03-05 20:05:58,2026-03-05 20:07:36,2026-03-05 20:31:42,6.8,24.1,9.9,474.32,20.0,379.46,5.0,50
FUL_006506,BK_006506,DRV_0178,VEH_0178,2026-02-23 19:02:19,2026-02-23 19:14:01,2026-02-23 19:16:07,2026-02-23 19:30:01,11.7,13.9,9.3,644.28,20.0,515.42,5.0,20
FUL_006507,BK_006507,DRV_0308,VEH_0308,2026-02-13 10:46:28,2026-02-13 10:58:04,2026-02-13 11:01:06,2026-02-13 11:54:48,11.6,53.7,26.2,920.64,20.0,736.51,4.0,50
FUL_006508,BK_006508,DRV_0010,VEH_0010,2026-03-05 01:43:50,2026-03-05 01:56:38,2026-03-05 01:59:24,2026-03-05 03:02:42,12.8,63.3,27.9,533.2,20.0,426.56,5.0,10
FUL_006509,BK_006509,DRV_0242,VEH_0242,2026-02-07 14:15:14,2026-02-07 14:22:44,2026-02-07 14:24:59,2026-02-07 15:14:35,7.5,49.6,23.9,472.0,20.0,377.6,4.0,0
FUL_006510,BK_006510,DRV_0238,VEH_0238,2026-03-17 06:05:17,2026-03-17 06:18:41,2026-03-17 06:22:35,2026-03-17 06:41:11,13.4,18.6,9.5,304.2,20.0,243.36,5.0,20
FUL_006511,BK_006511,DRV_0190,VEH_0190,2026-03-02 17:25:17,2026-03-02 17:37:41,2026-03-02 17:38:46,2026-03-02 18:19:10,12.4,40.4,18.6,842.8,20.0,674.24,5.0,0
FUL_006513,BK_006513,DRV_0269,VEH_0269,2026-02-19 23:42:49,2026-02-19 23:53:37,2026-02-19 23:57:26,2026-02-20 00:13:20,10.8,15.9,10.2,218.2,20.0,174.56,3.0,50
FUL_006517,BK_006517,DRV_0175,VEH_0175,2026-02-19 10:53:30,2026-02-19 11:03:12,2026-02-19 11:04:45,2026-02-19 11:36:27,9.7,31.7,14.1,743.68,20.0,594.94,5.0,20
FUL_006520,BK_006520,DRV_0093,VEH_0093,2026-02-03 03:39:39,2026-02-03 03:46:03,2026-02-03 03:48:39,2026-02-03 04:00:45,6.4,12.1,6.9,312.48,20.0,249.98,3.0,50
FUL_006521,BK_006521,DRV_0300,VEH_0300,2026-02-27 18:39:03,2026-02-27 18:43:57,2026-02-27 18:47:29,2026-02-27 19:04:47,4.9,17.3,10.3,318.08,20.0,254.46,5.0,20
FUL_006522,BK_006522,DRV_0130,VEH_0130,2026-02-24 04:14:42,2026-02-24 04:20:24,2026-02-24 04:21:24,2026-02-24 04:50:18,5.7,28.9,18.5,514.8,20.0,411.84,5.0,0
FUL_006523,BK_006523,DRV_0243,VEH_0243,2026-02-16 19:37:21,2026-02-16 19:48:39,2026-02-16 19:52:25,2026-02-16 20:02:01,11.3,9.6,4.2,93.36,20.0,74.69,4.0,0
FUL_006526,BK_006526,DRV_0118,VEH_0118,2026-02-25 19:25:56,2026-02-25 19:33:50,2026-02-25 19:37:03,2026-02-25 20:10:21,7.9,33.3,23.8,1458.24,20.0,1166.59,5.0,0
FUL_006527,BK_006527,DRV_0307,VEH_0307,2026-02-09 01:19:48,2026-02-09 01:33:00,2026-02-09 01:35:42,2026-02-09 02:25:54,13.2,50.2,23.1,665.6,20.0,532.48,5.0,20
FUL_006528,BK_006528,DRV_0295,VEH_0295,2026-03-15 08:38:29,2026-03-15 08:52:23,2026-03-15 08:55:13,2026-03-15 09:18:55,13.9,23.7,15.9,1093.68,20.0,874.94,4.0,20
FUL_006529,BK_006529,DRV_0219,VEH_0219,2026-02-20 13:01:24,2026-02-20 13:10:42,2026-02-20 13:12:26,2026-02-20 13:55:32,9.3,43.1,25.4,377.3,20.0,301.84,5.0,50
FUL_006533,BK_006533,DRV_0138,VEH_0138,2026-02-15 20:22:00,2026-02-15 20:25:00,2026-02-15 20:27:17,2026-02-15 21:01:41,3.0,34.4,18.1,565.12,20.0,452.1,5.0,50
FUL_006537,BK_006537,DRV_0178,VEH_0178,2026-02-16 17:00:21,2026-02-16 17:03:09,2026-02-16 17:06:36,2026-02-16 17:50:06,2.8,43.5,25.8,812.24,20.0,649.79,4.0,30
FUL_006538,BK_006538,DRV_0180,VEH_0180,2026-03-05 04:57:16,2026-03-05 05:02:10,2026-03-05 05:03:23,2026-03-05 05:41:29,4.9,38.1,25.7,329.8,20.0,263.84,5.0,20
FUL_006539,BK_006539,DRV_0016,VEH_0016,2026-03-09 02:29:40,2026-03-09 02:31:46,2026-03-09 02:34:47,2026-03-09 03:17:05,2.1,42.3,19.9,480.0,20.0,384.0,5.0,0
FUL_006540,BK_006540,DRV_0009,VEH_0009,2026-02-21 21:47:53,2026-02-21 21:53:41,2026-02-21 21:57:38,2026-02-21 22:39:32,5.8,41.9,26.3,832.96,20.0,666.37,5.0,0
FUL_006543,BK_006543,DRV_0224,VEH_0224,2026-03-06 23:23:55,2026-03-06 23:31:19,2026-03-06 23:32:49,2026-03-06 23:51:25,7.4,18.6,10.9,356.2,20.0,284.96,5.0,50
FUL_006544,BK_006544,DRV_0316,VEH_0316,2026-02-27 03:55:25,2026-02-27 04:04:13,2026-02-27 04:05:36,2026-02-27 04:19:54,8.8,14.3,9.5,228.14,20.0,182.51,5.0,30
FUL_006547,BK_006547,DRV_0232,VEH_0232,2026-02-11 02:41:49,2026-02-11 02:45:19,2026-02-11 02:46:36,2026-02-11 03:27:54,3.5,41.3,19.2,556.4,20.0,445.12,4.0,20
FUL_006549,BK_006549,DRV_0245,VEH_0245,2026-02-24 08:31:15,2026-02-24 08:44:33,2026-02-24 08:47:07,2026-02-24 09:21:37,13.3,34.5,17.0,307.16,20.0,245.73,5.0,0
FUL_006550,BK_006550,DRV_0102,VEH_0102,2026-03-01 22:01:15,2026-03-01 22:03:33,2026-03-01 22:05:41,2026-03-01 22:51:35,2.3,45.9,24.8,937.44,20.0,749.95,5.0,0
FUL_006551,BK_006551,DRV_0238,VEH_0238,2026-02-02 15:12:49,2026-02-02 15:18:01,2026-02-02 15:21:18,2026-02-02 15:34:06,5.2,12.8,7.4,277.42,20.0,221.94,4.0,20
FUL_006552,BK_006552,DRV_0175,VEH_0175,2026-02-13 12:29:18,2026-02-13 12:40:54,2026-02-13 12:44:32,2026-02-13 12:54:44,11.6,10.2,4.1,176.4,20.0,141.12,4.0,0
FUL_006555,BK_006555,DRV_0044,VEH_0044,2026-03-09 00:41:57,2026-03-09 00:53:33,2026-03-09 00:56:06,2026-03-09 01:14:24,11.6,18.3,8.9,144.98,20.0,115.98,5.0,0
FUL_006557,BK_006557,DRV_0044,VEH_0044,2026-02-26 23:01:55,2026-02-26 23:13:55,2026-02-26 23:15:15,2026-02-26 23:52:15,12.0,37.0,23.6,374.16,20.0,299.33,5.0,30
FUL_006558,BK_006558,DRV_0016,VEH_0016,2026-02-28 12:41:15,2026-02-28 12:51:09,2026-02-28 12:53:43,2026-02-28 13:00:37,9.9,6.9,3.3,107.36,20.0,85.89,5.0,0
FUL_006561,BK_006561,DRV_0199,VEH_0199,2026-03-12 04:41:30,2026-03-12 04:53:54,2026-03-12 04:57:13,2026-03-12 05:18:55,12.4,21.7,9.0,135.4,20.0,108.32,5.0,0
FUL_006562,BK_006562,DRV_0291,VEH_0291,2026-02-24 16:53:14,2026-02-24 17:04:44,2026-02-24 17:06:16,2026-02-24 17:11:52,11.5,5.6,3.8,130.08,20.0,104.06,4.0,0
FUL_006564,BK_006564,DRV_0206,VEH_0206,2026-03-14 07:36:02,2026-03-14 07:38:14,2026-03-14 07:39:38,2026-03-14 07:47:08,2.2,7.5,4.8,100.56,20.0,80.45,1.0,0
FUL_006565,BK_006565,DRV_0037,VEH_0037,2026-02-21 13:56:38,2026-02-21 14:02:56,2026-02-21 14:04:43,2026-02-21 14:28:37,6.3,23.9,16.8,523.6,20.0,418.88,5.0,10
FUL_006566,BK_006566,DRV_0181,VEH_0181,2026-02-10 06:25:35,2026-02-10 06:30:29,2026-02-10 06:31:33,2026-02-10 07:29:51,4.9,58.3,22.0,432.4,20.0,345.92,2.0,50
FUL_006567,BK_006567,DRV_0005,VEH_0005,2026-02-06 04:15:29,2026-02-06 04:20:59,2026-02-06 04:23:50,2026-02-06 05:00:32,5.5,36.7,25.8,829.92,20.0,663.94,5.0,0
FUL_006568,BK_006568,DRV_0178,VEH_0178,2026-02-14 17:16:05,2026-02-14 17:27:05,2026-02-14 17:28:52,2026-02-14 17:44:34,11.0,15.7,9.7,671.58,20.0,537.26,4.0,10
FUL_006569,BK_006569,DRV_0186,VEH_0186,2026-02-28 12:56:02,2026-02-28 13:05:26,2026-02-28 13:06:35,2026-02-28 13:53:23,9.4,46.8,18.2,616.0,20.0,492.8,5.0,50
FUL_006570,BK_006570,DRV_0202,VEH_0202,2026-03-13 12:53:22,2026-03-13 12:58:46,2026-03-13 13:01:30,2026-03-13 13:34:18,5.4,32.8,20.3,572.0,20.0,457.6,5.0,10
FUL_006571,BK_006571,DRV_0016,VEH_0016,2026-02-11 12:56:14,2026-02-11 12:59:38,2026-02-11 13:00:44,2026-02-11 13:33:20,3.4,32.6,18.2,447.6,20.0,358.08,4.0,0
FUL_006572,BK_006572,DRV_0298,VEH_0298,2026-03-11 16:44:26,2026-03-11 16:57:08,2026-03-11 17:00:32,2026-03-11 17:25:08,12.7,24.6,16.3,217.0,20.0,173.6,5.0,50
FUL_006573,BK_006573,DRV_0047,VEH_0047,2026-03-14 22:05:58,2026-03-14 22:19:10,2026-03-14 22:21:23,2026-03-14 23:05:05,13.2,43.7,19.6,606.32,20.0,485.06,5.0,0
FUL_006576,BK_006576,DRV_0121,VEH_0121,2026-03-09 18:06:27,2026-03-09 18:12:27,2026-03-09 18:14:18,2026-03-09 18:36:54,6.0,22.6,14.2,646.8,20.0,517.44,5.0,50
FUL_006577,BK_006577,DRV_0234,VEH_0234,2026-02-26 17:00:20,2026-02-26 17:02:32,2026-02-26 17:03:54,2026-02-26 17:23:12,2.2,19.3,12.0,490.56,20.0,392.45,5.0,10
FUL_006578,BK_006578,DRV_0004,VEH_0004,2026-03-10 22:01:48,2026-03-10 22:13:48,2026-03-10 22:15:52,2026-03-10 22:38:22,12.0,22.5,8.7,301.6,20.0,241.28,5.0,30
FUL_006579,BK_006579,DRV_0156,VEH_0156,2026-02-23 00:17:01,2026-02-23 00:23:43,2026-02-23 00:27:04,2026-02-23 00:34:16,6.7,7.2,4.6,218.4,20.0,174.72,4.0,0
FUL_006580,BK_006580,DRV_0081,VEH_0081,2026-02-10 22:57:17,2026-02-10 23:08:35,2026-02-10 23:11:52,2026-02-10 23:32:04,11.3,20.2,14.4,534.24,20.0,427.39,5.0,0
FUL_006581,BK_006581,DRV_0157,VEH_0157,2026-02-21 12:09:57,2026-02-21 12:21:45,2026-02-21 12:25:21,2026-02-21 12:35:45,11.8,10.4,7.5,252.2,20.0,201.76,5.0,50
FUL_006582,BK_006582,DRV_0211,VEH_0211,2026-03-02 19:42:17,2026-03-02 19:51:41,2026-03-02 19:53:40,2026-03-02 20:28:22,9.4,34.7,24.0,826.8,20.0,661.44,5.0,30
FUL_006583,BK_006583,DRV_0293,VEH_0293,2026-03-09 09:34:52,2026-03-09 09:39:58,2026-03-09 09:41:44,2026-03-09 10:17:56,5.1,36.2,20.9,1288.56,20.0,1030.85,5.0,30
FUL_006584,BK_006584,DRV_0239,VEH_0239,2026-02-24 18:45:40,2026-02-24 18:54:04,2026-02-24 18:56:00,2026-02-24 19:06:36,8.4,10.6,4.5,184.96,20.0,147.97,4.0,0
FUL_006586,BK_006586,DRV_0308,VEH_0308,2026-03-12 05:12:29,2026-03-12 05:17:35,2026-03-12 05:20:01,2026-03-12 06:19:01,5.1,59.0,26.1,817.6,20.0,654.08,1.0,0
FUL_006588,BK_006588,DRV_0178,VEH_0178,2026-03-05 04:52:34,2026-03-05 05:03:28,2026-03-05 05:06:51,2026-03-05 05:17:09,10.9,10.3,6.0,265.2,20.0,212.16,5.0,20
FUL_006589,BK_006589,DRV_0175,VEH_0175,2026-02-06 21:13:25,2026-02-06 21:23:13,2026-02-06 21:25:39,2026-02-06 22:03:27,9.8,37.8,16.7,987.84,20.0,790.27,5.0,30
FUL_006590,BK_006590,DRV_0003,VEH_0003,2026-02-02 03:18:25,2026-02-02 03:23:37,2026-02-02 03:27:13,2026-02-02 03:42:07,5.2,14.9,8.9,288.6,20.0,230.88,3.0,0
FUL_006592,BK_006592,DRV_0164,VEH_0164,2026-03-02 08:27:16,2026-03-02 08:38:46,2026-03-02 08:39:54,2026-03-02 09:13:00,11.5,33.1,20.6,925.12,20.0,740.1,4.0,0
FUL_006593,BK_006593,DRV_0316,VEH_0316,2026-02-12 06:56:16,2026-02-12 06:59:04,2026-02-12 07:02:01,2026-02-12 07:48:55,2.8,46.9,21.4,437.8,20.0,350.24,4.0,10
FUL_006594,BK_006594,DRV_0248,VEH_0248,2026-02-07 16:28:58,2026-02-07 16:41:58,2026-02-07 16:44:31,2026-02-07 17:16:55,13.0,32.4,21.3,398.2,20.0,318.56,5.0,50
FUL_006596,BK_006596,DRV_0074,VEH_0074,2026-03-06 15:29:57,2026-03-06 15:41:21,2026-03-06 15:43:11,2026-03-06 16:10:05,11.4,26.9,17.4,512.2,20.0,409.76,5.0,20
FUL_006598,BK_006598,DRV_0314,VEH_0314,2026-02-06 08:19:19,2026-02-06 08:22:43,2026-02-06 08:24:42,2026-02-06 09:18:24,3.4,53.7,25.5,1333.8,20.0,1067.04,5.0,0
FUL_006599,BK_006599,DRV_0013,VEH_0013,2026-02-20 13:37:51,2026-02-20 13:50:09,2026-02-20 13:52:50,2026-02-20 14:18:14,12.3,25.4,9.3,212.8,20.0,170.24,4.0,10
FUL_006600,BK_006600,DRV_0144,VEH_0144,2026-02-14 18:35:06,2026-02-14 18:37:36,2026-02-14 18:39:37,2026-02-14 18:45:31,2.5,5.9,4.1,232.96,20.0,186.37,5.0,0
FUL_006601,BK_006601,DRV_0023,VEH_0023,2026-03-08 01:43:38,2026-03-08 01:49:50,2026-03-08 01:53:12,2026-03-08 02:57:18,6.2,64.1,26.7,486.4,20.0,389.12,4.0,10
FUL_006604,BK_006604,DRV_0267,VEH_0267,2026-03-08 19:39:40,2026-03-08 19:46:04,2026-03-08 19:49:51,2026-03-08 20:15:21,6.4,25.5,14.0,678.08,20.0,542.46,5.0,0
FUL_006605,BK_006605,DRV_0003,VEH_0003,2026-03-03 14:24:32,2026-03-03 14:34:20,2026-03-03 14:36:00,2026-03-03 14:47:42,9.8,11.7,5.5,231.66,20.0,185.33,5.0,0
FUL_006606,BK_006606,DRV_0048,VEH_0048,2026-02-18 03:18:35,2026-02-18 03:26:17,2026-02-18 03:30:07,2026-02-18 04:05:49,7.7,35.7,24.4,691.6,20.0,553.28,4.0,0
FUL_006607,BK_006607,DRV_0307,VEH_0307,2026-02-16 02:46:30,2026-02-16 02:54:48,2026-02-16 02:55:51,2026-02-16 03:07:45,8.3,11.9,6.0,210.6,20.0,168.48,5.0,0
FUL_006609,BK_006609,DRV_0085,VEH_0085,2026-03-07 08:16:47,2026-03-07 08:27:35,2026-03-07 08:31:06,2026-03-07 08:38:36,10.8,7.5,4.8,477.12,20.0,381.7,5.0,0
FUL_006610,BK_006610,DRV_0138,VEH_0138,2026-02-23 22:42:15,2026-02-23 22:48:33,2026-02-23 22:51:57,2026-02-23 22:57:57,6.3,6.0,3.4,117.12,20.0,93.7,5.0,30
FUL_006611,BK_006611,DRV_0050,VEH_0050,2026-03-10 12:39:44,2026-03-10 12:41:50,2026-03-10 12:45:35,2026-03-10 12:49:53,2.1,4.3,2.8,148.72,20.0,118.98,5.0,0
FUL_006612,BK_006612,DRV_0138,VEH_0138,2026-03-06 03:51:21,2026-03-06 03:54:39,2026-03-06 03:57:16,2026-03-06 04:20:58,3.3,23.7,16.7,338.8,20.0,271.04,4.0,0
FUL_006613,BK_006613,DRV_0290,VEH_0290,2026-02-04 20:23:56,2026-02-04 20:29:02,2026-02-04 20:30:57,2026-02-04 20:58:21,5.1,27.4,10.3,524.16,20.0,419.33,5.0,50
FUL_006614,BK_006614,DRV_0246,VEH_0246,2026-02-23 03:47:22,2026-02-23 03:56:40,2026-02-23 03:59:31,2026-02-23 04:53:31,9.3,54.0,23.3,368.4,20.0,294.72,5.0,30
FUL_006615,BK_006615,DRV_0293,VEH_0293,2026-02-22 09:18:31,2026-02-22 09:30:01,2026-02-22 09:31:44,2026-02-22 09:40:44,11.5,9.0,3.7,368.16,20.0,294.53,4.0,30
FUL_006616,BK_006616,DRV_0023,VEH_0023,2026-02-20 14:26:29,2026-02-20 14:29:59,2026-02-20 14:33:31,2026-02-20 14:54:19,3.5,20.8,9.0,202.0,20.0,161.6,4.0,0
FUL_006617,BK_006617,DRV_0224,VEH_0224,2026-02-18 19:49:46,2026-02-18 19:55:46,2026-02-18 19:59:03,2026-02-18 20:04:03,6.0,5.0,3.2,177.84,20.0,142.27,5.0,30
FUL_006618,BK_006618,DRV_0067,VEH_0067,2026-02-02 02:37:36,2026-02-02 02:47:30,2026-02-02 02:50:08,2026-02-02 03:28:50,9.9,38.7,18.3,279.12,20.0,223.3,5.0,0
FUL_006619,BK_006619,DRV_0184,VEH_0184,2026-02-17 05:07:22,2026-02-17 05:10:10,2026-02-17 05:12:31,2026-02-17 05:22:55,2.8,10.4,7.0,178.64,20.0,142.91,5.0,0
FUL_006620,BK_006620,DRV_0270,VEH_0270,2026-03-02 15:15:46,2026-03-02 15:22:34,2026-03-02 15:24:47,2026-03-02 15:35:11,6.8,10.4,5.2,86.2,20.0,68.96,4.0,10
FUL_006623,BK_006623,DRV_0076,VEH_0076,2026-03-02 23:22:56,2026-03-02 23:33:14,2026-03-02 23:37:04,2026-03-03 00:03:16,10.3,26.2,17.6,340.6,20.0,272.48,2.0,50
FUL_006624,BK_006624,DRV_0144,VEH_0144,2026-02-09 22:10:33,2026-02-09 22:20:33,2026-02-09 22:22:16,2026-02-09 22:33:58,10.0,11.7,7.7,262.6,20.0,210.08,5.0,0
FUL_006625,BK_006625,DRV_0063,VEH_0063,2026-02-27 10:20:32,2026-02-27 10:24:26,2026-02-27 10:27:19,2026-02-27 11:20:19,3.9,53.0,28.1,1975.68,20.0,1580.54,2.0,0
FUL_006627,BK_006627,DRV_0250,VEH_0250,2026-02-24 09:25:27,2026-02-24 09:35:21,2026-02-24 09:37:34,2026-02-24 10:24:46,9.9,47.2,27.5,1207.36,20.0,965.89,4.0,0
FUL_006628,BK_006628,DRV_0048,VEH_0048,2026-02-17 06:00:15,2026-02-17 06:05:33,2026-02-17 06:07:07,2026-02-17 06:17:49,5.3,10.7,6.1,271.44,20.0,217.15,2.0,0
FUL_006631,BK_006631,DRV_0041,VEH_0041,2026-03-08 09:53:54,2026-03-08 10:06:06,2026-03-08 10:09:57,2026-03-08 10:34:09,12.2,24.2,13.4,657.28,20.0,525.82,5.0,0
FUL_006635,BK_006635,DRV_0037,VEH_0037,2026-02-04 12:46:48,2026-02-04 12:54:18,2026-02-04 12:56:10,2026-02-04 13:22:10,7.5,26.0,15.2,490.0,20.0,392.0,4.0,10
FUL_006636,BK_006636,DRV_0195,VEH_0195,2026-02-13 19:31:19,2026-02-13 19:43:13,2026-02-13 19:45:45,2026-02-13 20:25:09,11.9,39.4,29.1,1995.84,20.0,1596.67,5.0,30
FUL_006638,BK_006638,DRV_0164,VEH_0164,2026-03-11 04:52:29,2026-03-11 05:02:17,2026-03-11 05:06:01,2026-03-11 05:42:55,9.8,36.9,19.4,705.6,20.0,564.48,4.0,0
FUL_006640,BK_006640,DRV_0001,VEH_0001,2026-02-15 10:19:34,2026-02-15 10:28:16,2026-02-15 10:29:55,2026-02-15 11:19:19,8.7,49.4,21.9,960.96,20.0,768.77,5.0,0
FUL_006641,BK_006641,DRV_0234,VEH_0234,2026-03-16 00:46:54,2026-03-16 00:54:18,2026-03-16 00:57:12,2026-03-16 01:13:48,7.4,16.6,6.9,271.6,20.0,217.28,4.0,30
FUL_006642,BK_006642,DRV_0094,VEH_0094,2026-03-17 17:15:51,2026-03-17 17:27:15,2026-03-17 17:30:55,2026-03-17 18:36:37,11.4,65.7,30.0,1309.92,20.0,1047.94,5.0,0
FUL_006643,BK_006643,DRV_0126,VEH_0126,2026-02-21 20:36:11,2026-02-21 20:43:23,2026-02-21 20:47:09,2026-02-21 21:05:51,7.2,18.7,10.0,254.52,20.0,203.62,5.0,10
FUL_006644,BK_006644,DRV_0299,VEH_0299,2026-02-02 14:35:23,2026-02-02 14:48:53,2026-02-02 14:51:53,2026-02-02 15:26:35,13.5,34.7,22.4,700.0,20.0,560.0,5.0,50
FUL_006645,BK_006645,DRV_0254,VEH_0254,2026-02-24 19:04:16,2026-02-24 19:12:22,2026-02-24 19:13:35,2026-02-24 20:01:11,8.1,47.6,25.4,400.08,20.0,320.06,4.0,0
FUL_006647,BK_006647,DRV_0209,VEH_0209,2026-03-16 15:45:12,2026-03-16 15:54:00,2026-03-16 15:56:28,2026-03-16 16:40:34,8.8,44.1,18.7,579.6,20.0,463.68,5.0,30
FUL_006648,BK_006648,DRV_0132,VEH_0132,2026-03-05 05:24:26,2026-03-05 05:30:26,2026-03-05 05:32:29,2026-03-05 05:45:47,6.0,13.3,6.4,295.68,20.0,236.54,5.0,0
FUL_006650,BK_006650,DRV_0204,VEH_0204,2026-02-27 23:40:26,2026-02-27 23:43:20,2026-02-27 23:46:16,2026-02-28 00:44:28,2.9,58.2,23.9,743.6,20.0,594.88,5.0,0
FUL_006651,BK_006651,DRV_0202,VEH_0202,2026-02-13 07:11:21,2026-02-13 07:14:33,2026-02-13 07:16:57,2026-02-13 07:37:45,3.2,20.8,9.5,296.4,20.0,237.12,3.0,0
FUL_006653,BK_006653,DRV_0255,VEH_0255,2026-02-06 01:10:58,2026-02-06 01:21:10,2026-02-06 01:22:18,2026-02-06 02:10:30,10.2,48.2,24.5,328.6,20.0,262.88,5.0,20
FUL_006654,BK_006654,DRV_0284,VEH_0284,2026-02-20 06:26:12,2026-02-20 06:37:54,2026-02-20 06:39:20,2026-02-20 06:49:08,11.7,9.8,6.0,218.4,20.0,174.72,5.0,20
FUL_006655,BK_006655,DRV_0211,VEH_0211,2026-02-18 07:28:19,2026-02-18 07:35:25,2026-02-18 07:37:53,2026-02-18 07:47:53,7.1,10.0,5.4,223.08,20.0,178.46,5.0,0
FUL_006656,BK_006656,DRV_0205,VEH_0205,2026-02-18 06:31:01,2026-02-18 06:41:25,2026-02-18 06:43:56,2026-02-18 07:36:56,10.4,53.0,24.9,882.96,20.0,706.37,5.0,30
FUL_006657,BK_006657,DRV_0242,VEH_0242,2026-02-27 22:23:30,2026-02-27 22:35:18,2026-02-27 22:39:15,2026-02-27 23:04:21,11.8,25.1,17.0,382.58,20.0,306.06,5.0,20
FUL_006658,BK_006658,DRV_0199,VEH_0199,2026-02-12 15:12:41,2026-02-12 15:23:41,2026-02-12 15:25:06,2026-02-12 16:04:30,11.0,39.4,17.4,242.66,20.0,194.13,5.0,0
FUL_006659,BK_006659,DRV_0294,VEH_0294,2026-02-13 09:16:44,2026-02-13 09:19:50,2026-02-13 09:23:14,2026-02-13 09:35:26,3.1,12.2,5.2,192.08,20.0,153.66,5.0,10
FUL_006660,BK_006660,DRV_0276,VEH_0276,2026-02-19 16:01:19,2026-02-19 16:08:19,2026-02-19 16:11:40,2026-02-19 16:30:46,7.0,19.1,13.7,425.6,20.0,340.48,4.0,0
FUL_006661,BK_006661,DRV_0149,VEH_0149,2026-02-06 15:49:46,2026-02-06 15:55:10,2026-02-06 15:58:08,2026-02-06 17:01:02,5.4,62.9,25.6,736.4,20.0,589.12,4.0,50
FUL_006662,BK_006662,DRV_0308,VEH_0308,2026-03-13 06:24:11,2026-03-13 06:33:23,2026-03-13 06:34:34,2026-03-13 07:08:52,9.2,34.3,22.8,736.12,20.0,588.9,5.0,0
FUL_006664,BK_006664,DRV_0172,VEH_0172,2026-03-03 05:27:16,2026-03-03 05:36:52,2026-03-03 05:38:55,2026-03-03 06:33:37,9.6,54.7,29.0,576.62,20.0,461.3,4.0,20
FUL_006665,BK_006665,DRV_0270,VEH_0270,2026-02-04 12:13:43,2026-02-04 12:17:13,2026-02-04 12:18:18,2026-02-04 12:24:54,3.5,6.6,4.0,70.6,20.0,56.48,5.0,0
FUL_006666,BK_006666,DRV_0071,VEH_0071,2026-03-13 10:16:53,2026-03-13 10:23:41,2026-03-13 10:27:32,2026-03-13 11:03:32,6.8,36.0,23.8,1290.24,20.0,1032.19,5.0,10
FUL_006668,BK_006668,DRV_0157,VEH_0157,2026-02-01 10:19:11,2026-02-01 10:31:35,2026-02-01 10:33:38,2026-02-01 10:56:50,12.4,23.2,14.7,508.56,20.0,406.85,4.0,30
FUL_006669,BK_006669,DRV_0025,VEH_0025,2026-02-04 03:29:14,2026-02-04 03:40:32,2026-02-04 03:42:34,2026-02-04 03:55:28,11.3,12.9,7.7,122.54,20.0,98.03,5.0,0
FUL_006670,BK_006670,DRV_0258,VEH_0258,2026-02-15 14:41:18,2026-02-15 14:46:12,2026-02-15 14:48:40,2026-02-15 15:19:52,4.9,31.2,15.1,452.4,20.0,361.92,5.0,30
FUL_006671,BK_006671,DRV_0209,VEH_0209,2026-02-23 01:55:29,2026-02-23 02:02:53,2026-02-23 02:05:05,2026-02-23 02:20:59,7.4,15.9,7.3,274.4,20.0,219.52,5.0,0
FUL_006672,BK_006672,DRV_0205,VEH_0205,2026-02-19 19:58:34,2026-02-19 20:03:52,2026-02-19 20:05:19,2026-02-19 20:31:07,5.3,25.8,15.1,707.2,20.0,565.76,5.0,30
FUL_006673,BK_006673,DRV_0186,VEH_0186,2026-02-04 12:59:30,2026-02-04 13:10:24,2026-02-04 13:14:14,2026-02-04 13:42:14,10.9,28.0,14.7,473.2,20.0,378.56,5.0,0
FUL_006674,BK_006674,DRV_0173,VEH_0173,2026-02-11 11:19:15,2026-02-11 11:21:39,2026-02-11 11:23:20,2026-02-11 12:02:14,2.4,38.9,21.6,488.64,20.0,390.91,5.0,30
FUL_006675,BK_006675,DRV_0142,VEH_0142,2026-02-21 11:34:58,2026-02-21 11:44:16,2026-02-21 11:48:02,2026-02-21 12:46:02,9.3,58.0,25.0,385.68,20.0,308.54,4.0,50
FUL_006676,BK_006676,DRV_0183,VEH_0183,2026-02-04 22:18:36,2026-02-04 22:29:36,2026-02-04 22:31:37,2026-02-04 22:54:31,11.0,22.9,13.6,274.0,20.0,219.2,1.0,0
FUL_006677,BK_006677,DRV_0069,VEH_0069,2026-03-09 18:39:49,2026-03-09 18:51:31,2026-03-09 18:55:04,2026-03-09 19:46:40,11.7,51.6,25.1,698.6,20.0,558.88,5.0,0
FUL_006678,BK_006678,DRV_0311,VEH_0311,2026-03-01 10:48:22,2026-03-01 10:55:22,2026-03-01 10:59:02,2026-03-01 12:09:56,7.0,70.9,27.6,644.16,20.0,515.33,5.0,20
FUL_006679,BK_006679,DRV_0025,VEH_0025,2026-02-15 11:00:35,2026-02-15 11:11:29,2026-02-15 11:12:39,2026-02-15 11:55:57,10.9,43.3,28.6,500.36,20.0,400.29,5.0,30
FUL_006682,BK_006682,DRV_0227,VEH_0227,2026-02-23 23:38:06,2026-02-23 23:49:00,2026-02-23 23:51:22,2026-02-24 00:13:04,10.9,21.7,15.6,199.0,20.0,159.2,5.0,30
FUL_006684,BK_006684,DRV_0242,VEH_0242,2026-02-28 00:48:36,2026-02-28 00:53:48,2026-02-28 00:56:09,2026-02-28 01:03:27,5.2,7.3,4.6,143.04,20.0,114.43,4.0,0
FUL_006685,BK_006685,DRV_0237,VEH_0237,2026-02-12 03:54:37,2026-02-12 03:59:37,2026-02-12 04:00:43,2026-02-12 04:13:13,5.0,12.5,4.8,198.8,20.0,159.04,5.0,20
FUL_006686,BK_006686,DRV_0287,VEH_0287,2026-03-12 11:27:44,2026-03-12 11:30:32,2026-03-12 11:31:57,2026-03-12 11:44:39,2.8,12.7,7.1,201.36,20.0,161.09,5.0,0
FUL_006687,BK_006687,DRV_0263,VEH_0263,2026-02-12 17:49:08,2026-02-12 18:00:38,2026-02-12 18:04:10,2026-02-12 18:53:58,11.5,49.8,23.6,489.28,20.0,391.42,5.0,30
FUL_006688,BK_006688,DRV_0237,VEH_0237,2026-03-03 22:58:12,2026-03-03 23:01:24,2026-03-03 23:04:56,2026-03-03 23:25:08,3.2,20.2,9.4,389.76,20.0,311.81,5.0,0
FUL_006689,BK_006689,DRV_0001,VEH_0001,2026-02-21 18:33:23,2026-02-21 18:44:47,2026-02-21 18:46:30,2026-02-21 19:39:12,11.4,52.7,19.9,1228.5,20.0,982.8,5.0,0
FUL_006690,BK_006690,DRV_0040,VEH_0040,2026-03-16 21:43:25,2026-03-16 21:52:25,2026-03-16 21:55:22,2026-03-16 22:25:40,9.0,30.3,21.7,501.6,20.0,401.28,3.0,0
FUL_006692,BK_006692,DRV_0304,VEH_0304,2026-02-05 20:49:24,2026-02-05 21:02:54,2026-02-05 21:04:56,2026-02-05 21:28:38,13.5,23.7,11.2,793.8,20.0,635.04,5.0,0
FUL_006693,BK_006693,DRV_0239,VEH_0239,2026-02-16 14:08:02,2026-02-16 14:20:02,2026-02-16 14:21:10,2026-02-16 15:20:04,12.0,58.9,29.8,659.28,20.0,527.42,5.0,30
FUL_006695,BK_006695,DRV_0305,VEH_0305,2026-02-23 03:10:30,2026-02-23 03:21:24,2026-02-23 03:22:30,2026-02-23 03:43:12,10.9,20.7,12.9,445.2,20.0,356.16,5.0,50
FUL_006696,BK_006696,DRV_0101,VEH_0101,2026-02-18 16:08:13,2026-02-18 16:15:19,2026-02-18 16:17:02,2026-02-18 16:35:26,7.1,18.4,12.0,384.8,20.0,307.84,4.0,0
FUL_006698,BK_006698,DRV_0108,VEH_0108,2026-02-23 22:55:04,2026-02-23 22:58:04,2026-02-23 23:01:42,2026-02-23 23:21:00,3.0,19.3,7.8,342.72,20.0,274.18,4.0,0
FUL_006699,BK_006699,DRV_0269,VEH_0269,2026-03-11 06:55:40,2026-03-11 07:05:04,2026-03-11 07:07:20,2026-03-11 07:28:32,9.4,21.2,9.7,214.6,20.0,171.68,5.0,0
FUL_006701,BK_006701,DRV_0161,VEH_0161,2026-03-14 16:17:17,2026-03-14 16:28:05,2026-03-14 16:29:25,2026-03-14 16:49:43,10.8,20.3,12.8,387.4,20.0,309.92,5.0,0
FUL_006703,BK_006703,DRV_0030,VEH_0030,2026-03-06 06:12:39,2026-03-06 06:19:27,2026-03-06 06:22:26,2026-03-06 06:30:20,6.8,7.9,5.2,85.0,20.0,68.0,5.0,0
FUL_006704,BK_006704,DRV_0171,VEH_0171,2026-02-19 11:10:28,2026-02-19 11:19:16,2026-02-19 11:20:29,2026-02-19 11:55:35,8.8,35.1,18.6,451.08,20.0,360.86,5.0,10
FUL_006705,BK_006705,DRV_0101,VEH_0101,2026-03-10 08:54:22,2026-03-10 09:04:58,2026-03-10 09:07:24,2026-03-10 10:13:24,10.6,66.0,27.4,1198.08,20.0,958.46,4.0,0
FUL_006706,BK_006706,DRV_0205,VEH_0205,2026-02-27 02:20:34,2026-02-27 02:23:52,2026-02-27 02:27:22,2026-02-27 02:33:46,3.3,6.4,4.4,179.4,20.0,143.52,5.0,0
FUL_006707,BK_006707,DRV_0113,VEH_0113,2026-02-08 03:12:56,2026-02-08 03:22:02,2026-02-08 03:25:29,2026-02-08 03:55:29,9.1,30.0,20.9,638.4,20.0,510.72,5.0,10
FUL_006708,BK_006708,DRV_0319,VEH_0319,2026-02-27 23:48:06,2026-02-27 23:50:18,2026-02-27 23:51:37,2026-02-28 00:33:37,2.2,42.0,23.4,773.76,20.0,619.01,4.0,50
FUL_006709,BK_006709,DRV_0077,VEH_0077,2026-02-04 04:53:27,2026-02-04 05:07:15,2026-02-04 05:10:27,2026-02-04 05:53:45,13.8,43.3,27.3,544.0,20.0,435.2,5.0,0
FUL_006711,BK_006711,DRV_0181,VEH_0181,2026-03-16 22:16:37,2026-03-16 22:27:25,2026-03-16 22:31:10,2026-03-16 23:06:04,10.8,34.9,17.7,441.12,20.0,352.9,5.0,0
FUL_006712,BK_006712,DRV_0050,VEH_0050,2026-02-07 19:06:58,2026-02-07 19:13:52,2026-02-07 19:17:27,2026-02-07 19:38:09,6.9,20.7,13.2,716.04,20.0,572.83,5.0,30
FUL_006713,BK_006713,DRV_0318,VEH_0318,2026-02-18 22:59:46,2026-02-18 23:04:58,2026-02-18 23:07:01,2026-02-18 23:45:49,5.2,38.8,22.2,674.96,20.0,539.97,5.0,0
FUL_006714,BK_006714,DRV_0262,VEH_0262,2026-03-06 21:20:34,2026-03-06 21:28:10,2026-03-06 21:31:12,2026-03-06 22:18:54,7.6,47.7,24.4,1151.36,20.0,921.09,5.0,10
FUL_006715,BK_006715,DRV_0020,VEH_0020,2026-03-02 05:01:26,2026-03-02 05:11:38,2026-03-02 05:14:46,2026-03-02 05:23:58,10.2,9.2,5.7,221.2,20.0,176.96,5.0,0
FUL_006716,BK_006716,DRV_0167,VEH_0167,2026-02-02 02:31:11,2026-02-02 02:37:23,2026-02-02 02:41:05,2026-02-02 03:45:17,6.2,64.2,23.6,519.2,20.0,415.36,5.0,0
FUL_006717,BK_006717,DRV_0022,VEH_0022,2026-03-14 01:04:04,2026-03-14 01:15:58,2026-03-14 01:18:30,2026-03-14 01:43:36,11.9,25.1,10.4,322.4,20.0,257.92,5.0,50
FUL_006718,BK_006718,DRV_0288,VEH_0288,2026-02-25 01:19:19,2026-02-25 01:27:49,2026-02-25 01:30:02,2026-02-25 02:19:08,8.5,49.1,25.2,590.16,20.0,472.13,5.0,0
FUL_006720,BK_006720,DRV_0044,VEH_0044,2026-03-04 23:09:23,2026-03-04 23:14:23,2026-03-04 23:15:32,2026-03-05 00:20:38,5.0,65.1,26.0,350.9,20.0,280.72,5.0,50
FUL_006721,BK_006721,DRV_0249,VEH_0249,2026-02-08 15:57:46,2026-02-08 16:04:58,2026-02-08 16:07:08,2026-02-08 16:35:26,7.2,28.3,17.9,586.3,20.0,469.04,5.0,0
FUL_006723,BK_006723,DRV_0123,VEH_0123,2026-03-06 15:55:09,2026-03-06 15:57:39,2026-03-06 15:58:57,2026-03-06 16:05:09,2.5,6.2,3.1,103.4,20.0,82.72,5.0,20
FUL_006724,BK_006724,DRV_0080,VEH_0080,2026-02-11 05:59:55,2026-02-11 06:12:01,2026-02-11 06:13:13,2026-02-11 06:49:31,12.1,36.3,19.9,462.72,20.0,370.18,5.0,50
FUL_006726,BK_006726,DRV_0061,VEH_0061,2026-03-17 12:51:30,2026-03-17 13:02:12,2026-03-17 13:06:06,2026-03-17 13:55:18,10.7,49.2,25.6,310.6,20.0,248.48,5.0,0
FUL_006727,BK_006727,DRV_0211,VEH_0211,2026-02-01 23:50:26,2026-02-02 00:04:02,2026-02-02 00:07:38,2026-02-02 00:57:44,13.6,50.1,21.8,634.4,20.0,507.52,3.0,30
FUL_006728,BK_006728,DRV_0079,VEH_0079,2026-03-09 15:14:18,2026-03-09 15:25:24,2026-03-09 15:27:23,2026-03-09 15:41:11,11.1,13.8,8.1,270.4,20.0,216.32,3.0,50
FUL_006731,BK_006731,DRV_0041,VEH_0041,2026-03-18 03:20:21,2026-03-18 03:29:57,2026-03-18 03:31:04,2026-03-18 03:43:40,9.6,12.6,8.2,291.72,20.0,233.38,5.0,0
FUL_006732,BK_006732,DRV_0135,VEH_0135,2026-02-19 01:50:55,2026-02-19 02:01:25,2026-02-19 02:04:24,2026-02-19 02:22:24,10.5,18.0,11.0,153.4,20.0,122.72,5.0,20
FUL_006735,BK_006735,DRV_0019,VEH_0019,2026-03-13 10:03:10,2026-03-13 10:12:52,2026-03-13 10:14:32,2026-03-13 11:00:20,9.7,45.8,19.5,667.68,20.0,534.14,4.0,10
FUL_006737,BK_006737,DRV_0199,VEH_0199,2026-02-09 00:54:01,2026-02-09 01:01:07,2026-02-09 01:03:18,2026-02-09 01:13:24,7.1,10.1,4.9,99.12,20.0,79.3,5.0,0
FUL_006738,BK_006738,DRV_0269,VEH_0269,2026-02-16 05:34:22,2026-02-16 05:40:40,2026-02-16 05:42:26,2026-02-16 05:59:02,6.3,16.6,8.9,194.8,20.0,155.84,5.0,50
FUL_006739,BK_006739,DRV_0091,VEH_0091,2026-02-27 12:04:25,2026-02-27 12:11:01,2026-02-27 12:13:04,2026-02-27 13:07:16,6.6,54.2,24.2,293.8,20.0,235.04,5.0,30
FUL_006740,BK_006740,DRV_0047,VEH_0047,2026-02-20 14:59:14,2026-02-20 15:06:26,2026-02-20 15:07:42,2026-02-20 15:46:42,7.2,39.0,28.7,761.8,20.0,609.44,4.0,30
FUL_006741,BK_006741,DRV_0298,VEH_0298,2026-02-01 07:40:28,2026-02-01 07:51:28,2026-02-01 07:54:47,2026-02-01 07:59:41,11.0,4.9,2.6,56.2,20.0,44.96,5.0,0
FUL_006742,BK_006742,DRV_0125,VEH_0125,2026-02-10 11:17:20,2026-02-10 11:22:14,2026-02-10 11:24:32,2026-02-10 12:05:20,4.9,40.8,22.6,944.72,20.0,755.78,5.0,0
FUL_006743,BK_006743,DRV_0003,VEH_0003,2026-03-04 04:51:52,2026-03-04 04:58:04,2026-03-04 05:01:30,2026-03-04 05:50:18,6.2,48.8,29.2,785.2,20.0,628.16,4.0,0
FUL_006745,BK_006745,DRV_0115,VEH_0115,2026-02-25 15:34:24,2026-02-25 15:44:06,2026-02-25 15:47:49,2026-02-25 16:35:31,9.7,47.7,25.0,540.98,20.0,432.78,5.0,0
FUL_006747,BK_006747,DRV_0202,VEH_0202,2026-02-28 08:51:34,2026-02-28 08:59:22,2026-02-28 09:01:00,2026-02-28 09:06:30,7.8,5.5,3.2,271.44,20.0,217.15,5.0,30
FUL_006748,BK_006748,DRV_0150,VEH_0150,2026-02-05 12:31:25,2026-02-05 12:40:43,2026-02-05 12:42:32,2026-02-05 12:56:02,9.3,13.5,8.2,340.08,20.0,272.06,5.0,0
FUL_006749,BK_006749,DRV_0221,VEH_0221,2026-03-12 11:46:29,2026-03-12 11:51:35,2026-03-12 11:54:15,2026-03-12 12:08:09,5.1,13.9,8.2,201.28,20.0,161.02,5.0,10
FUL_006750,BK_006750,DRV_0255,VEH_0255,2026-02-04 20:50:31,2026-02-04 20:54:31,2026-02-04 20:56:51,2026-02-04 21:51:03,4.0,54.2,24.4,394.32,20.0,315.46,5.0,50
FUL_006751,BK_006751,DRV_0183,VEH_0183,2026-02-16 11:27:11,2026-02-16 11:40:17,2026-02-16 11:41:49,2026-02-16 11:52:49,13.1,11.0,6.3,368.16,20.0,294.53,5.0,20
FUL_006753,BK_006753,DRV_0111,VEH_0111,2026-02-26 22:31:20,2026-02-26 22:45:02,2026-02-26 22:46:17,2026-02-26 23:21:11,13.7,34.9,21.1,595.4,20.0,476.32,5.0,0
FUL_006755,BK_006755,DRV_0140,VEH_0140,2026-03-13 06:59:46,2026-03-13 07:04:40,2026-03-13 07:07:24,2026-03-13 07:31:18,4.9,23.9,12.3,364.0,20.0,291.2,1.0,0
FUL_006757,BK_006757,DRV_0246,VEH_0246,2026-02-24 00:50:22,2026-02-24 00:54:52,2026-02-24 00:57:17,2026-02-24 01:23:05,4.5,25.8,12.8,217.2,20.0,173.76,5.0,0
FUL_006759,BK_006759,DRV_0160,VEH_0160,2026-02-22 14:19:41,2026-02-22 14:25:11,2026-02-22 14:28:19,2026-02-22 14:55:37,5.5,27.3,16.3,546.0,20.0,436.8,5.0,0
FUL_006761,BK_006761,DRV_0010,VEH_0010,2026-02-08 23:34:42,2026-02-08 23:37:30,2026-02-08 23:38:45,2026-02-08 23:50:45,2.8,12.0,7.9,184.0,20.0,147.2,4.0,0
FUL_006762,BK_006762,DRV_0253,VEH_0253,2026-02-28 16:01:30,2026-02-28 16:10:24,2026-02-28 16:13:19,2026-02-28 16:29:43,8.9,16.4,7.1,271.7,20.0,217.36,5.0,20
FUL_006763,BK_006763,DRV_0125,VEH_0125,2026-02-22 17:51:19,2026-02-22 17:59:13,2026-02-22 18:02:50,2026-02-22 18:38:44,7.9,35.9,21.7,1632.96,20.0,1306.37,4.0,0
FUL_006767,BK_006767,DRV_0210,VEH_0210,2026-03-09 23:08:03,2026-03-09 23:11:27,2026-03-09 23:13:54,2026-03-09 23:46:42,3.4,32.8,21.2,686.0,20.0,548.8,1.0,0
FUL_006769,BK_006769,DRV_0121,VEH_0121,2026-02-27 02:06:19,2026-02-27 02:18:55,2026-02-27 02:21:23,2026-02-27 02:32:35,12.6,11.2,4.4,187.6,20.0,150.08,5.0,50
FUL_006770,BK_006770,DRV_0313,VEH_0313,2026-02-12 14:29:20,2026-02-12 14:38:26,2026-02-12 14:40:37,2026-02-12 15:23:13,9.1,42.6,23.9,689.0,20.0,551.2,4.0,0
FUL_006771,BK_006771,DRV_0183,VEH_0183,2026-02-08 13:16:30,2026-02-08 13:21:30,2026-02-08 13:24:55,2026-02-08 13:41:19,5.0,16.4,10.3,218.2,20.0,174.56,5.0,0
FUL_006772,BK_006772,DRV_0252,VEH_0252,2026-02-04 02:27:45,2026-02-04 02:30:03,2026-02-04 02:32:28,2026-02-04 03:10:16,2.3,37.8,24.8,463.0,20.0,370.4,5.0,10
FUL_006773,BK_006773,DRV_0175,VEH_0175,2026-02-11 12:37:36,2026-02-11 12:43:18,2026-02-11 12:45:28,2026-02-11 13:06:28,5.7,21.0,13.7,462.0,20.0,369.6,5.0,50
FUL_006774,BK_006774,DRV_0302,VEH_0302,2026-02-03 15:03:16,2026-02-03 15:12:16,2026-02-03 15:15:55,2026-02-03 15:45:37,9.0,29.7,20.6,574.6,20.0,459.68,5.0,0
FUL_006775,BK_006775,DRV_0170,VEH_0170,2026-02-24 21:55:25,2026-02-24 22:08:07,2026-02-24 22:09:55,2026-02-24 23:12:01,12.7,62.1,27.1,1188.96,20.0,951.17,5.0,30
FUL_006776,BK_006776,DRV_0089,VEH_0089,2026-02-26 18:01:16,2026-02-26 18:05:52,2026-02-26 18:07:05,2026-02-26 18:50:23,4.6,43.3,15.6,574.08,20.0,459.26,4.0,0
FUL_006777,BK_006777,DRV_0125,VEH_0125,2026-02-23 22:09:50,2026-02-23 22:13:38,2026-02-23 22:16:40,2026-02-23 22:24:04,3.8,7.4,4.2,228.48,20.0,182.78,5.0,50
FUL_006779,BK_006779,DRV_0234,VEH_0234,2026-02-02 15:13:18,2026-02-02 15:20:42,2026-02-02 15:22:02,2026-02-02 15:48:02,7.4,26.0,12.2,467.04,20.0,373.63,4.0,30
FUL_006780,BK_006780,DRV_0054,VEH_0054,2026-02-04 07:15:03,2026-02-04 07:20:45,2026-02-04 07:22:37,2026-02-04 08:19:13,5.7,56.6,23.0,303.4,20.0,242.72,5.0,50
FUL_006781,BK_006781,DRV_0140,VEH_0140,2026-03-01 04:37:53,2026-03-01 04:47:05,2026-03-01 04:50:28,2026-03-01 05:07:58,9.2,17.5,10.4,402.48,20.0,321.98,5.0,0
FUL_006782,BK_006782,DRV_0044,VEH_0044,2026-02-10 08:19:26,2026-02-10 08:22:32,2026-02-10 08:23:59,2026-02-10 08:38:53,3.1,14.9,8.8,155.28,20.0,124.22,5.0,0
FUL_006783,BK_006783,DRV_0017,VEH_0017,2026-02-20 16:05:53,2026-02-20 16:07:53,2026-02-20 16:10:05,2026-02-20 16:24:29,2.0,14.4,7.9,296.8,20.0,237.44,5.0,50
FUL_006784,BK_006784,DRV_0023,VEH_0023,2026-02-06 23:42:54,2026-02-06 23:46:42,2026-02-06 23:50:35,2026-02-07 00:23:41,3.8,33.1,13.7,295.6,20.0,236.48,5.0,30
FUL_006785,BK_006785,DRV_0250,VEH_0250,2026-03-16 09:08:50,2026-03-16 09:13:44,2026-03-16 09:15:29,2026-03-16 10:02:35,4.9,47.1,28.6,977.76,20.0,782.21,5.0,0
FUL_006786,BK_006786,DRV_0055,VEH_0055,2026-03-13 12:11:25,2026-03-13 12:23:25,2026-03-13 12:25:47,2026-03-13 13:36:05,12.0,70.3,27.1,413.04,20.0,330.43,5.0,0
FUL_006787,BK_006787,DRV_0214,VEH_0214,2026-02-07 07:33:34,2026-02-07 07:44:28,2026-02-07 07:47:42,2026-02-07 07:56:48,10.9,9.1,5.8,91.0,20.0,72.8,3.0,10
FUL_006788,BK_006788,DRV_0247,VEH_0247,2026-02-01 18:03:27,2026-02-01 18:10:39,2026-02-01 18:13:54,2026-02-01 18:26:42,7.2,12.8,8.9,664.44,20.0,531.55,5.0,0
FUL_006791,BK_006791,DRV_0072,VEH_0072,2026-02-13 01:00:25,2026-02-13 01:05:13,2026-02-13 01:07:07,2026-02-13 01:26:07,4.8,19.0,12.3,417.2,20.0,333.76,2.0,0
FUL_006793,BK_006793,DRV_0100,VEH_0100,2026-03-16 05:42:48,2026-03-16 05:49:54,2026-03-16 05:51:03,2026-03-16 06:34:39,7.1,43.6,17.0,518.0,20.0,414.4,5.0,10
FUL_006796,BK_006796,DRV_0027,VEH_0027,2026-02-18 08:43:21,2026-02-18 08:47:21,2026-02-18 08:49:18,2026-02-18 09:00:42,4.0,11.4,8.0,241.5,20.0,193.2,5.0,0
FUL_006797,BK_006797,DRV_0110,VEH_0110,2026-02-10 19:52:17,2026-02-10 19:54:17,2026-02-10 19:57:21,2026-02-10 20:42:45,2.0,45.4,25.3,758.08,20.0,606.46,2.0,10
FUL_006800,BK_006800,DRV_0110,VEH_0110,2026-02-17 17:52:56,2026-02-17 17:56:08,2026-02-17 17:58:52,2026-02-17 18:40:52,3.2,42.0,20.9,582.68,20.0,466.14,5.0,0
